id,sector,region,nivel_educacion,tipo_negocio,estado_civil_inicio,edad_inicio,anos_primer_millon,anos_trayectoria_total,capital_inicial_usd,patrimonio_m_usd,roi_anualizado_pct,horas_sem_pico,sacrificio_familia,sacrificio_salud,sacrificio_amor_pareja,sacrificio_amigos,sacrificio_ocio_hobbies,sacrificio_sueno,sacrificio_total,score_disciplina,score_conocimiento,score_red_contactos,score_vision,score_resiliencia,divorcios_num,hijos_num,sueno_horas_noche,ejercicio_dias_sem,empleos_generados,score_exito,bienestar_psicologico,satisfaccion_vida,attr_disciplina_pct,attr_oportunidad_pct,attr_conocimiento_pct,attr_red_pct,attr_trabajo_duro_pct,attr_vision_pct,attr_suerte_pct,attr_capital_inicial_pct
SUJ-0001,Finanzas,Cali,Universitario,Franquicia,Soltero,21,5,12,10750,1.7,47.1,85,7.3,5.8,9.2,6.6,9.7,9.2,7.97,8.1,38,7.6,6.0,8.1,1,1,4.5,5.8,20,27.8,32,58,30.6,21.5,12.7,15.6,13.0,3.7,2.0,0.9
SUJ-0002,Agroindustria,Lima,Bachillerato,Holding,Soltero,28,9,11,5548,1.0,14.0,76,7.2,8.3,10.0,6.3,9.8,5.4,7.83,7.2,30,7.3,5.5,7.6,0,2,6.7,3.7,15,17.3,21,64,14.7,26.6,10.5,17.3,12.7,12.4,4.5,1.3
SUJ-0003,Inmuebles,CDMX,Maestría,Empresa propia,Soltero,28,3,9,8318,1.82,37.5,54,5.7,4.1,6.5,4.8,6.2,6.2,5.58,6.7,27,7.1,7.6,5.5,0,3,4.9,2.5,44,27.4,62,57,32.7,23.1,13.6,8.9,9.9,7.6,3.1,1.1
SUJ-0004,Manufactura,Cali,Técnico,E-commerce,Casado,23,1,7,1516,1.05,10.8,64,6.0,5.8,7.0,3.5,8.6,6.7,6.27,9.8,37,6.0,9.9,6.7,1,0,3.7,3.2,4,19.4,72,75,36.4,15.2,15.2,10.1,11.1,7.2,2.8,2.0
SUJ-0005,Tecnología,Monterrey,Maestría,Empresa propia,Soltero,33,5,10,3669,4.55,54.1,41,4.9,2.8,3.5,3.9,6.6,6.3,4.67,7.7,46,4.0,7.2,6.1,3,2,3.8,3.6,3,29.3,57,66,38.8,16.3,13.8,10.7,6.8,6.9,3.0,3.7
SUJ-0006,Tecnología,Barranquilla,Maestría,Empresa propia,Soltero,34,11,12,1412,1.6,58.6,67,5.9,5.6,7.0,6.7,8.4,5.3,6.48,5.5,30,8.0,8.8,8.4,1,2,5.4,2.4,387,32.8,37,58,25.4,22.6,13.3,11.6,12.9,7.4,4.3,2.5
SUJ-0007,Tecnología,São Paulo,Universitario,Empresa familiar,Casado,17,3,9,3918,12.85,40.5,60,6.6,6.1,5.9,4.4,5.3,7.5,5.97,8.0,21,7.4,7.0,8.1,0,0,4.4,5.1,25,35.3,63,71,26.9,21.2,12.6,14.9,11.8,9.0,1.8,1.8
SUJ-0008,Servicios,Bucaramanga,Maestría,Empresa propia,Casado,17,5,9,6618,6.05,44.5,71,8.8,6.6,5.8,4.7,8.8,9.0,7.28,7.5,18,7.0,6.8,8.3,1,2,7.7,2.9,25,25.8,46,53,20.5,16.8,25.6,12.8,8.3,8.5,5.4,2.1
SUJ-0009,Manufactura,São Paulo,Posgrado,Empresa propia,Soltero,32,8,18,4674,11.4,46.7,86,6.8,6.5,6.1,6.0,9.6,10.0,7.5,6.1,34,6.6,7.1,8.5,0,3,5.1,0.3,20,33.1,32,61,34.2,15.0,15.4,17.7,15.0,0.9,0.8,1.0
SUJ-0010,Inmuebles,Bucaramanga,Maestría,E-commerce,Soltero,31,4,11,7195,1.77,63.2,66,6.8,4.9,6.7,4.9,10.0,6.7,6.67,8.7,10,4.6,6.4,8.5,1,0,6.2,2.0,51,27.8,57,63,31.9,10.8,16.3,13.0,15.2,7.0,3.7,2.1
SUJ-0011,Tecnología,CDMX,Universitario,Startup escalada,Soltero,29,5,8,5573,1.0,60.4,78,7.3,7.0,6.1,7.6,9.3,8.9,7.7,8.2,14,8.7,8.7,9.6,3,0,5.9,0.8,15,31.3,52,61,23.3,17.7,21.6,16.4,11.2,3.8,3.9,2.1
SUJ-0012,Salud/Farma,São Paulo,Maestría,Franquicia,Soltero,26,4,9,3059,1.0,32.5,71,6.6,7.6,6.9,4.0,7.3,7.7,6.68,5.0,31,2.2,5.9,7.5,3,1,5.3,1.2,132,24.1,55,41,12.9,25.1,17.0,11.2,20.8,12.2,0.0,0.8
SUJ-0013,Servicios,Bucaramanga,Universitario,Holding,Unión libre,25,5,11,1238,3.35,21.0,60,8.9,7.3,7.4,3.6,7.9,8.6,7.28,7.9,10,5.6,7.8,8.1,2,1,5.2,2.3,5,23.8,44,60,33.4,22.4,14.0,12.0,6.3,7.8,1.9,2.2
SUJ-0014,Tecnología,São Paulo,Doctorado,Startup escalada,Casado,29,2,7,2330,1.0,53.4,91,10.0,10.0,7.4,4.2,9.2,9.9,8.45,6.3,11,8.6,7.3,8.2,3,4,4.6,0.8,2,23.7,45,61,20.5,17.5,19.1,14.3,13.9,7.5,5.1,2.1
SUJ-0015,Tecnología,Cali,Universitario,Empresa propia,Soltero,27,6,7,1792,4.99,65.4,83,7.8,6.1,6.3,7.9,9.1,8.5,7.62,7.6,27,5.8,5.5,8.7,0,0,5.4,6.8,32,34.0,31,58,12.3,17.0,21.4,13.9,19.0,6.6,6.8,3.0
SUJ-0016,Tecnología,Buenos Aires,Universitario,Franquicia,Soltero,33,11,18,9832,22.17,52.6,57,4.9,4.2,4.2,5.1,5.2,6.4,5.0,6.2,28,5.9,6.4,8.5,2,3,5.3,2.1,10,39.2,62,66,40.7,16.9,5.5,10.0,12.2,5.0,6.0,3.7
SUJ-0017,Finanzas,Bucaramanga,Maestría,Empresa propia,Casado,21,13,21,13716,41.29,46.0,78,10.0,6.5,6.7,4.5,9.5,6.6,7.3,8.1,22,4.5,8.1,7.7,2,4,4.0,0.0,2,38.4,42,65,30.4,23.7,13.6,12.6,2.0,9.3,6.6,1.8
SUJ-0018,Retail/Comercio,CDMX,Maestría,Startup escalada,Casado,26,11,20,10194,7.23,36.2,69,7.8,5.8,6.1,5.2,6.4,6.4,6.28,8.4,15,10.0,7.3,6.0,0,3,3.2,5.3,5,29.5,51,65,32.5,21.7,14.1,12.7,14.9,3.1,0.0,1.0
SUJ-0019,Retail/Comercio,Bucaramanga,Posgrado,Empresa propia,Soltero,31,7,16,8256,2.44,19.6,79,6.6,4.9,5.9,6.7,9.1,7.8,6.83,6.7,28,8.5,8.6,6.6,0,3,4.6,3.9,31,29.6,48,62,22.5,10.6,13.2,22.7,12.8,13.2,4.4,0.6
SUJ-0020,Finanzas,Bucaramanga,Técnico,Empresa propia,Casado,26,13,16,2943,15.25,70.2,54,5.1,6.1,7.2,5.3,6.2,6.7,6.1,6.5,23,10.0,7.6,7.5,3,1,5.4,1.5,15,46.1,59,63,21.6,14.3,20.2,13.7,14.5,9.7,6.1,-0.1
SUJ-0021,Manufactura,Santiago,Universitario,Holding,Casado,30,15,24,9930,3.06,24.9,68,7.3,5.0,7.7,6.7,7.6,5.3,6.6,7.1,19,5.6,7.9,7.6,4,1,4.6,0.0,91,23.9,53,53,15.4,18.5,20.9,20.0,10.0,5.9,6.0,3.3
SUJ-0022,Tecnología,Cali,Doctorado,E-commerce,Soltero,29,7,9,7432,2.61,63.1,77,10.0,5.7,5.4,3.9,9.1,8.2,7.05,7.9,14,3.5,8.6,8.0,1,5,6.1,5.3,8,30.3,46,57,25.6,23.6,16.1,21.2,9.1,2.9,0.0,1.5
SUJ-0023,Finanzas,Monterrey,Maestría,Franquicia,Casado,23,3,10,500,3.41,36.9,58,5.9,5.8,4.7,6.1,5.6,5.3,5.57,6.7,26,0.5,6.2,7.2,5,1,4.6,4.1,6,19.1,73,54,27.5,21.6,12.5,12.5,9.4,8.9,6.9,0.7
SUJ-0024,Finanzas,Bogotá,Maestría,E-commerce,Casado,19,12,16,19054,10.52,47.5,76,8.5,5.0,8.7,3.7,9.7,6.0,6.93,7.2,21,8.8,5.5,9.5,0,1,6.6,1.0,159,42.2,57,70,17.7,5.7,21.9,24.4,14.0,14.7,1.8,-0.2
SUJ-0025,Retail/Comercio,Buenos Aires,Bachillerato,Empresa propia,Casado,21,2,9,666,4.93,22.9,68,6.5,5.6,5.1,6.7,7.4,5.9,6.2,5.1,27,6.7,9.2,7.9,1,4,6.3,1.7,7,22.5,57,62,31.4,16.8,18.6,17.6,3.3,5.0,3.3,4.0
SUJ-0026,Inmuebles,Bucaramanga,Universitario,Franquicia,Unión libre,19,3,4,5588,5.01,26.8,73,8.2,7.3,5.9,6.9,9.6,7.5,7.57,7.6,34,6.1,6.2,4.4,2,1,4.7,6.2,9,20.2,59,63,36.3,17.4,14.5,20.8,5.4,2.3,3.1,0.2
SUJ-0027,Tecnología,Lima,Posgrado,E-commerce,Soltero,17,1,9,5757,1.05,36.5,86,6.5,7.3,8.0,9.7,8.1,9.0,8.1,6.4,36,4.1,4.4,7.1,2,2,4.9,3.8,10,29.7,37,60,27.8,24.0,14.8,11.7,10.0,7.0,2.7,2.0
SUJ-0028,Retail/Comercio,Bucaramanga,Maestría,Startup escalada,Soltero,32,9,12,14512,3.54,43.2,109,10.0,9.8,8.9,7.6,10.0,10.0,9.38,7.8,34,7.8,9.3,7.0,1,2,4.6,2.4,2,26.6,38,58,34.1,5.2,24.7,18.5,12.2,1.3,3.1,0.9
SUJ-0029,Manufactura,Santiago,Bachillerato,Empresa propia,Unión libre,17,1,9,19540,1.52,31.6,73,7.8,7.6,10.0,4.8,8.1,7.1,7.57,8.1,17,6.1,6.3,8.1,1,5,5.2,1.3,32,25.6,61,60,29.2,11.4,17.3,15.3,11.5,9.7,5.4,0.2
SUJ-0030,Tecnología,São Paulo,Maestría,Startup escalada,Casado,37,10,17,22464,3.32,32.5,70,6.3,6.0,7.7,5.9,9.3,6.8,7.0,8.6,12,6.3,7.9,7.6,2,1,3.7,3.8,12,34.8,54,63,26.7,10.0,16.7,21.7,18.5,2.5,3.5,0.4
SUJ-0031,Manufactura,Monterrey,Posgrado,Holding,Unión libre,22,14,21,6745,5.34,21.8,98,5.6,3.7,9.5,7.6,10.0,9.6,7.67,7.2,19,2.1,8.1,7.9,1,2,5.2,3.9,14,32.4,35,68,24.9,20.4,18.1,11.5,14.5,8.0,2.6,-0.0
SUJ-0032,Tecnología,Lima,Universitario,Empresa propia,Soltero,24,13,19,9091,32.97,49.4,88,10.0,9.0,8.3,9.6,10.0,6.6,8.92,6.5,23,8.9,10.0,9.6,3,2,4.1,2.2,10,45.8,35,51,13.9,20.5,17.8,18.4,13.6,7.5,5.5,2.8
SUJ-0033,Tecnología,Buenos Aires,Universitario,Holding,Casado,17,2,4,741,2.51,58.0,96,7.3,7.9,10.0,5.4,10.0,9.5,8.35,9.6,35,5.6,5.7,8.1,3,1,5.1,1.4,3,27.0,45,67,21.2,21.1,14.2,18.9,9.2,8.5,4.3,2.6
SUJ-0034,Agroindustria,Lima,Universitario,Empresa propia,Soltero,28,1,12,5354,7.39,17.3,76,9.4,7.5,7.9,5.0,7.7,8.1,7.6,9.0,22,5.6,8.9,10.0,2,3,7.1,1.4,14,28.2,55,48,29.3,13.3,12.3,15.3,12.4,9.9,5.3,2.2
SUJ-0035,Salud/Farma,Cali,Posgrado,Empresa familiar,Soltero,24,4,10,18251,3.69,41.9,83,7.4,8.8,7.3,5.0,9.1,6.8,7.4,7.2,33,6.3,7.6,9.1,1,0,4.6,2.6,38,28.9,45,73,28.1,19.9,17.1,18.4,4.7,7.6,1.5,2.7
SUJ-0036,Inmuebles,CDMX,Bachillerato,Startup escalada,Soltero,26,10,16,4865,4.4,45.2,73,8.1,3.9,5.0,6.3,9.6,8.6,6.92,9.0,23,7.6,10.0,7.6,2,0,4.4,1.7,68,30.9,71,75,34.7,17.4,11.1,16.7,7.7,7.7,4.2,0.5
SUJ-0037,Finanzas,CDMX,Técnico,Empresa propia,Soltero,21,11,22,577,212.8,79.0,73,8.9,6.3,6.4,5.1,7.6,5.9,6.7,8.4,25,5.9,8.2,8.3,0,1,4.1,5.7,61,62.1,42,58,18.3,23.8,19.8,12.5,15.1,7.2,3.4,-0.1
SUJ-0038,Tecnología,Buenos Aires,Maestría,Empresa propia,Soltero,28,9,12,1791,1.0,21.2,74,9.5,8.4,6.9,6.4,8.2,8.1,7.92,9.9,38,6.9,6.8,10.0,1,0,5.5,1.5,44,24.2,42,52,21.3,26.0,17.7,15.7,9.5,6.2,2.3,1.3
SUJ-0039,Manufactura,Caracas,Técnico,Franquicia,Casado,21,9,15,4490,1.32,43.9,78,6.6,6.4,8.3,6.9,6.0,6.6,6.8,8.4,37,2.8,7.5,5.1,2,3,5.6,0.7,4,25.3,54,62,36.1,18.4,15.2,11.0,2.6,11.8,5.0,-0.1
SUJ-0040,Retail/Comercio,Monterrey,Universitario,Empresa propia,Soltero,26,16,23,2169,6.34,39.5,73,7.6,7.6,8.6,6.5,7.0,8.3,7.6,7.9,10,5.8,10.0,9.1,3,2,6.3,0.3,21,34.7,19,65,28.0,25.4,8.0,15.8,6.9,10.4,2.3,3.2
SUJ-0041,Tecnología,Caracas,Universitario,Empresa propia,Soltero,28,5,10,3984,2.7,49.9,91,7.8,6.1,8.6,6.8,9.4,8.9,7.93,6.8,24,6.5,7.8,9.6,1,2,7.3,5.4,88,30.7,48,53,21.4,14.3,22.3,15.8,10.2,9.6,4.9,1.5
SUJ-0042,Retail/Comercio,CDMX,Posgrado,Empresa propia,Soltero,34,4,11,3239,2.17,24.8,80,6.8,7.4,7.9,7.1,8.9,7.6,7.62,7.8,22,5.5,7.2,6.3,1,1,4.1,0.4,3,21.3,40,66,17.6,14.3,19.6,16.8,20.3,8.1,0.9,2.4
SUJ-0043,Tecnología,Medellín,Maestría,E-commerce,Soltero,30,2,6,3072,3.6,51.2,75,7.8,4.8,5.7,6.1,8.9,8.7,7.0,6.2,8,9.0,9.2,6.7,0,0,3.9,2.7,17,33.2,53,64,16.2,21.7,19.5,18.5,11.2,7.2,4.2,1.5
SUJ-0044,Servicios,Santiago,Universitario,Empresa propia,Unión libre,26,8,14,764,1.0,25.6,74,8.5,7.6,6.1,5.2,5.9,5.7,6.5,8.9,28,5.0,7.1,6.8,2,3,4.6,2.4,9,16.3,54,64,17.7,8.7,25.8,12.3,16.3,11.2,7.1,0.9
SUJ-0045,Finanzas,Buenos Aires,Maestría,Startup escalada,Soltero,25,6,12,17145,2.33,40.5,67,10.0,5.3,4.3,4.7,10.0,7.8,7.02,6.3,22,7.8,7.1,10.0,0,0,5.0,4.6,79,32.8,46,48,24.8,14.6,18.9,20.2,13.3,3.9,3.5,0.8
SUJ-0046,Manufactura,Buenos Aires,Posgrado,Startup escalada,Soltero,27,10,21,9439,1.63,4.0,58,6.0,7.1,5.3,4.4,6.7,6.9,6.07,8.3,32,5.9,7.4,7.8,0,2,4.8,2.9,2,16.1,65,79,25.7,18.5,21.9,15.9,7.2,7.0,3.0,0.8
SUJ-0047,Finanzas,Bogotá,Técnico,Franquicia,Casado,30,5,17,7812,3.24,40.8,86,8.5,9.1,8.7,8.5,9.0,8.5,8.72,7.2,13,7.4,9.3,6.4,2,1,4.8,4.2,2,27.0,39,65,25.8,18.6,17.2,13.2,11.8,10.1,2.1,1.2
SUJ-0048,Retail/Comercio,Bogotá,Técnico,Startup escalada,Casado,21,9,16,7460,7.36,24.7,86,8.7,6.4,9.2,6.6,8.2,8.9,8.0,8.5,28,8.6,7.6,4.9,0,4,5.2,1.5,131,37.5,48,75,25.4,18.1,19.9,12.8,13.6,5.5,2.4,2.3
SUJ-0049,Retail/Comercio,Cali,Universitario,Empresa propia,Casado,31,5,15,4040,3.86,36.4,57,6.5,7.4,5.1,4.8,5.3,4.1,5.53,8.6,8,7.6,9.1,9.2,1,1,5.2,2.2,2,25.4,62,70,17.4,13.4,20.8,15.0,20.3,9.1,3.3,0.7
SUJ-0050,Tecnología,Cali,Universitario,Empresa propia,Casado,20,6,9,13867,1.0,35.8,58,6.5,4.5,7.6,4.7,8.0,6.0,6.22,8.2,25,3.9,7.1,7.8,1,1,6.3,0.0,1,16.4,63,58,34.2,21.5,16.6,4.6,15.2,4.9,2.2,0.8
SUJ-0051,Salud/Farma,Bogotá,Maestría,E-commerce,Unión libre,28,6,20,21278,13.28,35.7,82,7.1,7.8,10.0,5.0,9.5,8.0,7.9,7.3,16,7.2,7.5,9.2,1,3,3.8,2.7,9,44.0,49,52,24.0,14.8,11.9,14.5,15.2,8.0,11.6,0.0
SUJ-0052,Inmuebles,Caracas,Posgrado,Franquicia,Soltero,29,1,6,500,2.38,14.8,68,3.8,5.9,8.1,3.3,7.9,9.0,6.33,8.3,17,7.6,6.5,8.2,2,2,5.6,4.6,24,26.8,44,61,26.6,28.8,18.2,11.1,3.5,7.8,3.3,0.7
SUJ-0053,Agroindustria,CDMX,Universitario,E-commerce,Unión libre,21,6,12,660,2.24,24.9,59,6.1,4.8,7.9,5.3,7.2,5.4,6.12,5.7,30,6.2,4.3,9.8,3,0,5.2,0.7,13,19.3,65,62,29.8,17.4,13.3,15.2,10.9,6.6,4.2,2.6
SUJ-0054,Servicios,Barranquilla,Técnico,Startup escalada,Casado,17,9,17,8990,14.51,29.8,51,8.3,5.8,4.3,3.1,6.7,3.4,5.27,9.5,0,5.8,7.4,4.8,0,0,5.4,3.6,1,29.1,68,65,25.4,11.3,27.1,15.0,5.6,12.4,2.9,0.3
SUJ-0055,Manufactura,Buenos Aires,Universitario,Empresa familiar,Casado,24,3,12,2154,2.91,23.0,66,7.1,5.2,4.7,5.9,8.2,7.0,6.35,8.9,29,8.2,7.3,8.7,1,1,6.2,2.7,16,25.6,48,60,38.2,10.8,17.9,5.9,12.8,9.1,3.1,2.2
SUJ-0056,Agroindustria,Medellín,Posgrado,Holding,Casado,17,14,19,19416,7.42,19.9,74,7.6,5.6,8.6,5.8,7.6,7.4,7.1,5.7,8,4.5,8.8,8.0,2,2,4.4,3.2,69,31.6,36,54,37.2,20.5,4.5,15.0,13.7,4.6,3.1,1.4
SUJ-0057,Tecnología,Buenos Aires,Universitario,Startup escalada,Casado,24,7,6,8806,7.5,62.2,68,7.2,6.0,8.8,6.8,8.5,6.4,7.28,9.6,24,5.0,8.0,7.0,4,2,6.1,4.5,4,29.5,57,74,28.4,21.7,23.1,7.3,11.5,5.4,2.0,0.6
SUJ-0058,Tecnología,Bucaramanga,Posgrado,Empresa propia,Soltero,18,4,12,3674,1.0,44.3,54,5.1,6.2,8.2,5.5,6.5,4.1,5.93,4.5,4,6.8,8.0,8.1,0,1,3.8,2.2,31,25.5,63,47,29.0,12.5,17.0,17.2,5.8,14.1,2.8,1.6
SUJ-0059,Tecnología,Monterrey,Técnico,Empresa propia,Soltero,44,4,7,4293,1.0,56.7,64,6.6,6.0,4.3,6.0,6.0,5.6,5.75,8.4,18,7.6,6.8,7.0,0,3,6.3,3.9,59,32.3,52,60,28.1,15.2,17.4,17.1,9.5,7.4,3.3,2.0
SUJ-0060,Finanzas,Santiago,Posgrado,Holding,Unión libre,32,12,21,9392,19.4,43.2,80,8.4,6.3,7.9,5.0,9.4,7.3,7.38,6.1,24,5.5,8.9,7.8,3,1,5.4,1.5,10,38.2,45,51,23.2,15.9,18.7,15.8,5.9,12.3,5.0,3.2
SUJ-0061,Finanzas,Barranquilla,Maestría,Franquicia,Casado,26,4,13,1215,5.58,69.8,94,9.4,7.1,7.3,4.4,8.8,9.0,7.67,7.5,18,9.1,9.1,5.9,2,6,6.0,5.1,3,32.2,45,63,35.4,19.8,4.1,11.9,8.9,12.2,6.0,1.7
SUJ-0062,Finanzas,Medellín,Universitario,Franquicia,Soltero,33,8,15,17192,18.39,55.7,73,7.9,6.0,7.0,7.4,6.9,5.1,6.72,8.1,31,0.0,5.0,8.5,3,4,5.4,0.3,1,31.5,46,71,26.2,14.7,18.7,15.5,12.1,4.5,6.9,1.4
SUJ-0063,Servicios,Bucaramanga,Universitario,Empresa propia,Casado,30,10,19,500,4.65,7.5,86,8.8,7.9,9.4,6.7,10.0,10.0,8.8,9.2,0,4.9,7.5,8.7,3,4,5.0,3.3,26,23.3,30,58,27.9,13.3,19.9,15.8,12.3,1.0,5.6,4.2
SUJ-0064,Finanzas,Cali,Doctorado,E-commerce,Casado,19,9,13,30885,41.65,73.5,82,8.5,5.5,8.5,6.2,8.1,10.0,7.8,7.5,31,5.0,6.2,9.2,1,1,6.3,3.5,23,45.7,40,53,19.2,14.4,26.2,9.8,14.0,10.3,5.4,0.7
SUJ-0065,Finanzas,Medellín,Universitario,Empresa propia,Soltero,22,5,16,1467,7.49,62.1,64,8.3,4.8,4.5,4.9,6.3,5.4,5.7,6.9,33,6.1,8.7,5.5,0,5,6.3,3.7,30,35.9,70,60,25.7,18.7,19.0,13.8,9.3,9.0,2.4,2.1
SUJ-0066,Retail/Comercio,Caracas,Posgrado,E-commerce,Casado,32,10,17,10841,3.87,11.5,85,10.0,8.2,7.9,7.2,8.6,6.7,8.1,5.8,26,6.3,7.5,5.4,2,3,5.4,6.4,10,22.6,47,60,28.6,22.8,11.3,13.7,9.8,10.7,2.3,0.8
SUJ-0067,Tecnología,Bogotá,Técnico,Empresa propia,Casado,20,7,12,500,1.14,31.0,87,6.5,6.2,7.6,8.2,8.4,7.3,7.37,7.7,3,9.6,7.1,5.9,1,3,5.4,3.0,7,20.6,43,63,23.6,20.7,18.7,14.0,12.3,6.8,3.9,-0.0
SUJ-0068,Inmuebles,Buenos Aires,Posgrado,Empresa propia,Soltero,28,1,11,4517,1.0,14.5,66,6.2,5.1,8.0,4.6,10.0,7.6,6.92,5.5,14,2.3,8.3,9.9,1,1,6.4,2.0,1,16.0,58,50,33.5,10.3,18.5,12.9,9.6,10.3,2.8,2.1
SUJ-0069,Tecnología,Medellín,Técnico,Empresa propia,Unión libre,30,11,15,7960,3.99,38.7,73,4.9,6.3,6.3,3.6,8.2,7.2,6.08,8.5,25,7.0,9.3,7.4,2,1,3.8,0.0,48,27.8,53,65,29.6,18.8,15.9,10.1,11.2,8.1,6.1,0.2
SUJ-0070,Salud/Farma,Monterrey,Doctorado,Empresa propia,Soltero,24,4,3,582,3.39,28.8,65,7.5,4.7,6.9,7.5,8.2,6.6,6.9,7.7,16,8.1,6.5,8.2,1,4,6.5,1.8,2,23.0,57,54,29.5,25.3,15.8,12.5,5.4,6.9,2.9,1.7
SUJ-0071,Inmuebles,Lima,Maestría,Startup escalada,Soltero,26,6,8,4685,2.56,32.9,55,7.6,4.5,5.5,5.1,8.0,8.0,6.45,8.1,15,7.6,9.8,9.0,2,2,6.5,0.5,9,25.8,61,67,29.3,20.9,7.6,6.8,9.3,14.0,8.2,3.9
SUJ-0072,Tecnología,Cali,Maestría,Empresa propia,Soltero,30,8,19,2889,30.72,62.7,86,9.0,7.4,10.0,7.2,9.5,8.8,8.65,9.0,32,4.3,8.1,6.3,2,4,3.7,2.5,48,45.2,35,53,7.1,11.8,20.8,27.7,16.7,8.8,4.7,2.4
SUJ-0073,Tecnología,São Paulo,Maestría,Empresa propia,Casado,30,5,12,5517,1.58,48.0,94,9.3,8.7,9.8,3.7,10.0,10.0,8.58,8.3,19,6.5,7.2,7.8,2,5,4.3,3.8,6,27.0,21,57,23.4,17.2,14.0,17.4,9.9,15.4,2.4,0.3
SUJ-0074,Inmuebles,Santiago,Posgrado,E-commerce,Soltero,28,10,17,5618,4.08,28.1,71,6.7,5.2,7.0,6.0,8.9,8.3,7.02,9.3,24,6.3,6.3,6.1,1,1,5.4,4.0,4,19.2,52,61,26.3,18.8,17.4,14.0,10.7,6.2,5.2,1.4
SUJ-0075,Inmuebles,Caracas,Universitario,E-commerce,Soltero,25,3,12,12305,10.25,33.3,65,7.3,4.7,6.2,2.7,8.2,7.1,6.03,6.5,5,5.6,7.1,5.2,2,1,5.2,3.8,51,35.3,60,63,16.7,13.9,11.6,23.7,14.5,10.1,8.2,1.3
SUJ-0076,Inmuebles,Santiago,Maestría,Empresa propia,Casado,29,5,12,1054,8.8,47.5,87,8.7,8.8,8.3,6.3,9.6,7.1,8.13,7.5,17,8.3,9.9,9.1,0,1,5.5,5.0,18,40.1,35,74,27.5,19.2,17.3,6.8,14.4,11.3,1.9,1.6
SUJ-0077,Inmuebles,Medellín,Doctorado,Empresa propia,Soltero,17,11,16,690,2.2,5.2,88,10.0,6.5,10.0,7.6,10.0,8.7,8.8,6.0,25,10.0,6.3,7.4,1,1,5.7,2.4,8,20.1,40,52,28.3,25.5,11.8,11.3,11.6,4.0,5.5,2.0
SUJ-0078,Tecnología,Lima,Universitario,Empresa familiar,Casado,34,7,11,4111,6.85,48.8,61,9.1,4.5,7.2,5.4,4.9,5.7,6.13,5.4,20,5.0,8.6,8.5,1,1,5.1,4.1,22,35.3,58,58,34.9,21.4,18.9,13.7,1.7,6.4,2.2,0.8
SUJ-0079,Finanzas,Buenos Aires,Doctorado,Holding,Casado,25,3,5,17479,1.0,66.6,74,9.4,3.8,7.8,6.7,8.2,7.9,7.3,6.5,29,6.4,6.3,9.1,2,2,3.2,5.8,14,28.2,45,59,25.8,16.3,20.4,10.0,6.9,10.8,6.5,3.3
SUJ-0080,Tecnología,São Paulo,Posgrado,Empresa propia,Unión libre,21,7,9,15463,6.65,53.3,99,10.0,9.6,10.0,6.7,10.0,10.0,9.38,7.3,29,3.3,8.5,5.8,1,2,3.1,3.1,1,29.7,34,54,33.1,14.0,19.8,16.5,8.7,4.0,2.5,1.4
SUJ-0081,Servicios,Caracas,Posgrado,Franquicia,Casado,29,8,15,6567,2.02,18.0,97,10.0,9.8,9.9,6.1,10.0,8.1,8.98,8.3,46,5.8,8.2,6.7,1,1,4.9,0.0,4,17.6,25,67,41.9,15.7,13.9,10.0,7.6,7.4,3.5,0.0
SUJ-0082,Manufactura,Bucaramanga,Universitario,Empresa propia,Soltero,29,1,6,17569,4.6,13.4,60,7.0,5.4,7.2,4.5,8.3,6.3,6.45,7.3,21,4.8,10.0,10.0,4,1,4.4,0.7,73,33.6,45,62,28.0,18.0,11.8,13.8,12.3,6.3,7.6,2.2
SUJ-0083,Finanzas,Barranquilla,Universitario,Empresa propia,Soltero,20,13,21,13092,277.57,60.7,54,6.6,5.2,6.8,4.5,6.5,7.1,6.12,8.4,15,9.2,6.8,8.3,1,2,6.4,3.6,6,57.3,53,61,15.8,20.4,11.9,19.1,15.2,10.7,3.9,3.0
SUJ-0084,Tecnología,Buenos Aires,Bachillerato,Holding,Unión libre,26,13,19,2605,9.41,45.7,77,8.5,6.6,6.2,5.3,7.6,9.7,7.32,10.0,31,9.2,7.6,5.8,1,2,6.0,0.0,7,25.7,31,73,20.0,30.9,13.8,11.3,11.6,5.9,4.0,2.5
SUJ-0085,Finanzas,Bucaramanga,Universitario,Startup escalada,Casado,26,7,9,1491,2.74,41.3,82,8.7,5.5,6.1,6.2,6.4,6.3,6.53,5.9,28,4.5,6.3,6.3,0,1,4.3,3.8,27,26.1,53,68,30.3,10.1,20.8,7.7,19.2,6.0,2.0,3.9
SUJ-0086,Finanzas,Barranquilla,Posgrado,Empresa propia,Soltero,25,6,13,2866,3.11,67.2,82,9.9,7.7,8.9,6.3,8.8,7.8,8.23,8.2,18,5.6,8.6,6.4,3,2,5.7,1.9,31,34.0,36,55,22.3,28.1,20.9,10.0,11.2,2.4,5.2,-0.1
SUJ-0087,Inmuebles,Lima,Universitario,Startup escalada,Casado,35,7,14,2061,1.3,17.0,80,7.8,8.6,8.3,6.5,9.9,8.3,8.23,6.1,29,4.6,8.6,8.0,2,1,6.4,5.2,61,21.4,41,47,23.8,15.1,25.3,6.6,11.6,12.7,2.7,2.2
SUJ-0088,Manufactura,Barranquilla,Universitario,Empresa propia,Soltero,25,10,16,7798,4.63,47.6,76,6.6,6.5,6.7,8.7,8.3,7.6,7.4,8.8,11,6.6,6.4,7.7,0,2,4.4,0.0,15,28.1,42,62,27.3,21.6,21.7,11.4,10.4,1.4,1.9,4.3
SUJ-0089,Servicios,Buenos Aires,Doctorado,Empresa propia,Unión libre,25,8,15,7033,1.85,24.5,67,7.0,6.8,5.9,4.1,7.9,6.1,6.3,8.5,24,7.6,3.6,9.1,6,2,6.6,3.2,48,28.6,43,55,28.1,18.8,23.8,9.7,8.6,8.6,0.0,2.4
SUJ-0090,Retail/Comercio,Caracas,Universitario,Empresa propia,Unión libre,21,8,21,7299,2.66,28.7,64,5.7,4.5,7.3,6.1,7.3,4.6,5.92,5.0,21,4.8,6.1,8.5,0,4,5.1,0.8,10,18.6,66,44,34.8,18.7,13.3,11.0,8.1,9.5,1.2,3.4
SUJ-0091,Tecnología,Monterrey,Universitario,Empresa propia,Unión libre,21,12,14,1678,3.17,56.4,83,8.1,5.8,8.7,6.4,9.8,8.0,7.8,6.6,18,5.0,4.5,6.2,2,3,4.8,1.1,64,29.6,40,46,16.4,16.6,15.9,21.5,13.2,13.1,2.2,1.1
SUJ-0092,Inmuebles,Medellín,Técnico,Startup escalada,Unión libre,28,11,14,12556,5.67,32.0,63,4.8,6.2,4.4,7.5,7.7,5.0,5.93,10.0,16,9.2,6.4,9.9,1,2,7.1,0.9,145,34.3,51,62,24.6,27.9,17.8,8.3,10.1,7.7,0.0,3.6
SUJ-0093,Inmuebles,Bucaramanga,Bachillerato,Franquicia,Unión libre,23,3,3,4548,12.11,24.3,50,5.9,6.7,5.6,3.1,6.2,5.3,5.47,5.3,36,5.7,6.1,8.3,0,0,4.3,1.8,2,24.9,61,44,26.4,18.3,11.3,15.5,14.5,6.7,5.8,1.5
SUJ-0094,Manufactura,Monterrey,Maestría,Empresa propia,Soltero,24,10,16,5116,1.19,29.6,74,6.5,5.6,7.2,5.5,6.7,8.6,6.68,5.4,17,4.0,7.9,10.0,1,0,4.8,4.2,351,32.1,61,58,34.4,13.6,19.7,10.4,7.9,6.4,7.5,0.1
SUJ-0095,Inmuebles,Bucaramanga,Posgrado,Empresa familiar,Casado,27,11,10,46372,1.0,24.8,76,8.6,6.3,7.1,5.5,7.6,8.9,7.33,8.3,21,7.0,7.0,6.4,0,1,6.9,5.4,184,26.5,52,70,34.5,18.7,11.9,9.7,11.2,7.6,5.5,0.9
SUJ-0096,Retail/Comercio,Caracas,Maestría,Startup escalada,Casado,26,8,15,2653,1.73,34.4,98,9.0,8.7,7.6,4.7,10.0,10.0,8.33,7.4,20,4.4,7.4,4.3,0,1,4.6,3.5,63,28.1,33,71,34.2,23.6,7.0,14.9,9.9,5.3,3.0,2.1
SUJ-0097,Retail/Comercio,Medellín,Técnico,Startup escalada,Unión libre,26,9,15,4008,5.44,60.8,73,5.3,5.7,6.3,5.7,9.5,9.9,7.07,5.4,14,5.2,7.6,8.4,1,1,5.0,3.4,16,35.0,51,44,24.8,24.4,20.1,2.6,8.7,12.4,3.9,3.1
SUJ-0098,Retail/Comercio,CDMX,Posgrado,Empresa familiar,Casado,26,6,10,9027,5.61,37.6,54,5.6,5.6,5.4,4.7,6.6,7.9,5.97,8.5,22,5.9,7.9,7.2,3,0,4.8,3.0,1,28.4,63,73,24.7,25.0,15.6,11.7,13.7,4.7,4.4,0.2
SUJ-0099,Tecnología,Barranquilla,Universitario,Empresa propia,Soltero,29,2,10,16989,3.05,49.8,89,8.7,6.2,5.9,6.0,9.7,7.4,7.32,8.7,34,5.1,7.5,8.3,3,0,4.8,2.5,29,29.7,38,71,24.4,22.3,8.2,16.6,16.2,7.7,2.7,1.9
SUJ-0100,Tecnología,Lima,Universitario,Startup escalada,Casado,41,14,21,1084,15.22,56.0,72,8.1,6.8,8.7,3.0,7.6,7.4,6.93,4.9,6,8.4,7.8,7.3,1,0,4.5,2.5,9,35.6,58,50,37.0,15.2,13.3,16.1,10.9,6.6,0.0,0.9
SUJ-0101,Tecnología,CDMX,Bachillerato,Holding,Casado,33,2,14,10625,3.04,47.9,70,7.9,5.8,7.0,6.7,8.0,8.8,7.37,10.0,22,8.0,7.2,9.5,1,2,4.8,5.2,176,37.4,42,56,36.6,16.9,16.5,12.9,7.5,5.6,3.4,0.6
SUJ-0102,Manufactura,CDMX,Técnico,Startup escalada,Soltero,23,13,21,20035,5.5,22.2,57,5.4,3.1,5.3,6.9,7.2,7.1,5.83,8.9,38,7.0,7.5,7.3,1,2,6.3,2.9,220,28.3,62,63,21.8,16.9,19.5,12.7,18.1,5.8,3.9,1.3
SUJ-0103,Finanzas,Santiago,Universitario,Startup escalada,Soltero,33,6,12,4398,11.33,46.5,79,7.3,5.4,6.3,7.8,9.5,9.3,7.6,7.9,2,5.2,5.5,8.1,4,3,5.5,2.5,14,38.9,39,68,24.4,19.3,20.9,5.7,12.3,9.9,7.5,-0.0
SUJ-0104,Retail/Comercio,Bogotá,Técnico,Empresa propia,Casado,19,11,9,2703,2.02,35.1,74,7.6,6.8,7.7,5.9,6.4,7.6,7.0,6.1,16,4.9,5.1,8.6,5,2,5.8,4.8,53,26.1,43,55,22.4,23.4,15.0,8.9,18.7,8.9,1.4,1.3
SUJ-0105,Servicios,Buenos Aires,Doctorado,Startup escalada,Soltero,22,7,16,9059,10.92,34.8,73,8.1,8.1,4.9,5.6,7.2,4.4,6.38,6.4,29,7.3,8.4,7.9,1,4,4.3,3.1,1,27.0,52,53,22.6,15.5,19.6,15.8,12.8,7.5,4.0,2.2
SUJ-0106,Finanzas,Monterrey,Universitario,Empresa propia,Soltero,30,10,19,2259,124.08,77.6,85,9.6,5.4,9.2,8.1,9.3,9.9,8.58,5.8,0,6.2,7.2,8.7,2,2,4.8,0.0,3,45.0,32,57,25.2,22.9,10.5,18.6,12.1,6.8,1.5,2.4
SUJ-0107,Retail/Comercio,Monterrey,Técnico,Empresa propia,Soltero,30,8,19,3879,1.76,37.5,87,9.8,8.6,9.5,8.2,10.0,9.0,9.18,5.2,6,8.6,8.7,8.3,4,1,3.0,3.7,6,25.9,34,44,18.4,19.8,24.7,12.5,11.8,7.6,2.7,2.5
SUJ-0108,Inmuebles,Monterrey,Universitario,Empresa propia,Unión libre,29,4,2,18177,9.68,16.3,77,6.0,7.1,6.7,6.3,7.3,6.7,6.68,7.7,13,6.4,8.5,7.6,4,2,5.4,2.7,6,22.2,40,58,29.2,14.0,16.9,8.8,16.2,7.9,4.5,2.5
SUJ-0109,Finanzas,Caracas,Posgrado,Empresa familiar,Casado,22,7,14,7139,3.9,30.2,80,9.3,8.0,4.6,6.3,6.9,7.6,7.12,7.1,15,6.5,7.5,8.2,1,1,6.4,3.0,11,24.6,57,53,33.9,15.4,12.6,14.6,13.3,7.0,0.9,2.3
SUJ-0110,Tecnología,Monterrey,Bachillerato,Empresa propia,Soltero,22,6,14,798,1.0,51.5,77,8.7,6.4,6.7,6.9,9.7,8.2,7.77,8.8,18,5.8,7.8,7.5,1,1,4.5,5.3,21,26.4,40,61,37.8,10.4,14.7,11.8,9.7,6.8,5.6,3.2
SUJ-0111,Finanzas,Caracas,Maestría,E-commerce,Casado,26,9,19,3200,32.33,62.1,95,10.0,8.7,8.5,7.4,10.0,7.5,8.68,8.3,25,6.3,9.1,7.1,1,4,4.8,4.2,12,41.8,32,59,27.3,25.8,13.2,15.2,8.2,5.9,2.9,1.5
SUJ-0112,Tecnología,Buenos Aires,Doctorado,Franquicia,Casado,24,7,15,7895,5.41,49.5,60,6.3,7.8,6.1,6.6,7.1,8.3,7.03,8.1,11,6.2,7.9,8.4,2,4,5.2,1.0,125,32.2,50,57,35.8,13.3,15.0,11.1,13.1,6.3,3.6,1.8
SUJ-0113,Agroindustria,CDMX,Universitario,Empresa familiar,Soltero,31,8,14,5254,3.68,16.6,58,6.7,5.5,8.6,5.5,6.7,5.8,6.47,7.5,13,6.6,8.0,10.0,1,1,4.1,4.0,24,28.4,51,62,34.0,18.9,12.9,12.2,7.9,7.4,4.0,2.7
SUJ-0114,Inmuebles,Buenos Aires,Universitario,Empresa propia,Soltero,24,3,5,8638,5.59,44.3,56,6.9,3.8,6.5,5.6,5.0,4.8,5.43,6.2,23,4.9,5.4,8.1,0,1,4.8,6.0,26,26.6,54,59,35.7,13.4,12.8,14.5,5.4,10.4,3.9,3.9
SUJ-0115,Manufactura,Monterrey,Bachillerato,Startup escalada,Casado,24,2,8,11465,1.0,24.4,79,7.7,8.6,10.0,7.0,9.8,10.0,8.85,8.4,33,3.7,7.8,7.9,1,0,5.1,7.0,25,20.8,44,75,20.8,17.2,21.9,10.6,16.6,6.9,4.1,1.9
SUJ-0116,Servicios,Bogotá,Posgrado,Startup escalada,Soltero,17,7,14,5240,3.62,36.6,71,8.6,6.9,8.2,5.5,9.4,5.8,7.4,7.8,19,4.2,10.0,6.6,1,3,3.9,0.1,11,35.8,56,63,29.7,9.1,20.9,16.0,6.5,12.1,3.7,2.0
SUJ-0117,Inmuebles,Cali,Universitario,Franquicia,Casado,31,7,16,34712,2.12,10.6,57,4.8,5.5,6.6,7.1,7.7,5.3,6.17,7.2,37,8.5,8.0,7.4,6,2,3.1,1.1,27,23.8,47,59,29.1,23.2,21.9,6.0,5.2,3.8,6.7,4.1
SUJ-0118,Tecnología,Medellín,Universitario,Empresa propia,Soltero,27,3,3,19690,2.81,59.1,70,8.2,8.4,7.2,5.4,6.6,7.3,7.18,6.8,21,5.8,9.4,7.1,3,2,6.1,1.1,51,29.1,39,58,15.1,28.3,14.9,13.9,13.1,7.8,6.9,0.0
SUJ-0119,Servicios,Monterrey,Universitario,Holding,Soltero,17,9,16,500,2.13,4.0,101,10.0,10.0,6.6,7.3,10.0,9.7,8.93,7.1,22,5.1,8.3,8.7,3,0,5.1,6.5,4,17.1,49,55,23.2,12.3,15.0,16.8,15.4,9.5,7.1,0.7
SUJ-0120,Retail/Comercio,Lima,Posgrado,Startup escalada,Unión libre,28,9,10,2478,1.84,32.1,78,9.7,7.3,4.8,5.7,6.4,7.7,6.93,5.9,16,7.7,7.3,7.8,1,2,4.2,4.4,2,25.4,40,58,24.4,24.5,12.6,15.0,10.1,7.8,5.6,-0.0
SUJ-0121,Inmuebles,Cali,Universitario,Startup escalada,Soltero,23,7,14,2859,1.18,44.3,92,10.0,6.5,9.8,9.3,10.0,9.2,9.13,9.3,26,5.2,8.0,10.0,2,4,5.8,2.3,71,30.7,36,59,26.1,24.3,8.7,15.1,12.9,12.8,0.0,0.1
SUJ-0122,Servicios,Buenos Aires,Técnico,Empresa propia,Casado,30,7,9,1629,1.92,4.0,55,5.8,4.6,5.8,2.4,8.6,5.6,5.47,4.8,34,5.8,10.0,6.1,0,0,6.1,2.7,23,20.9,61,49,30.1,8.6,25.0,18.7,10.3,1.3,4.1,1.9
SUJ-0123,Finanzas,Lima,Posgrado,Startup escalada,Soltero,25,2,3,2991,1.0,16.0,76,9.5,6.8,8.9,5.1,7.6,6.6,7.42,7.6,28,4.4,10.0,7.2,1,3,4.2,2.3,26,30.2,43,69,21.4,19.5,25.8,16.2,7.2,7.8,2.3,-0.2
SUJ-0124,Tecnología,Lima,Posgrado,Franquicia,Soltero,21,2,14,4424,4.76,64.3,79,8.4,6.7,5.5,7.1,10.0,10.0,7.95,7.5,13,7.3,7.8,6.8,3,1,5.3,1.5,3,30.9,33,67,31.1,18.5,11.8,12.2,12.3,7.5,3.9,2.7
SUJ-0125,Finanzas,Bucaramanga,Maestría,E-commerce,Soltero,36,8,9,500,1.43,54.4,82,8.6,6.3,8.4,6.8,9.2,10.0,8.22,8.0,23,4.4,6.1,3.7,1,4,5.3,1.9,10,24.1,43,71,35.1,16.2,15.4,3.1,9.2,15.9,4.2,0.9
SUJ-0126,Retail/Comercio,Lima,Técnico,Startup escalada,Soltero,35,4,8,1089,1.0,13.0,69,7.6,5.8,7.6,5.8,7.2,6.5,6.75,6.7,14,2.6,9.0,5.6,1,2,7.4,4.1,15,18.4,53,62,20.8,15.1,27.0,8.9,9.1,14.9,2.4,1.8
SUJ-0127,Inmuebles,Monterrey,Maestría,Empresa propia,Soltero,24,4,10,809,2.5,35.1,86,7.0,8.6,7.4,7.2,7.8,7.5,7.58,7.7,21,9.0,8.7,7.2,1,1,4.9,2.0,3,23.0,32,63,26.5,17.1,13.4,17.7,12.4,6.1,4.9,1.9
SUJ-0128,Servicios,Bucaramanga,Posgrado,Startup escalada,Soltero,28,8,7,500,1.0,14.5,79,9.3,7.0,6.2,7.6,7.4,8.6,7.68,9.1,31,5.2,8.4,7.9,0,1,5.5,3.8,19,19.9,35,65,27.5,24.2,18.0,4.9,10.7,10.0,3.9,0.8
SUJ-0129,Tecnología,Santiago,Técnico,E-commerce,Casado,23,14,23,5254,59.79,49.9,73,6.3,5.7,5.8,6.1,7.9,7.6,6.57,6.5,18,4.6,7.4,8.0,0,1,4.4,3.8,34,50.9,53,46,23.5,24.8,19.2,10.2,9.2,6.6,4.5,2.0
SUJ-0130,Retail/Comercio,CDMX,Posgrado,Startup escalada,Casado,17,5,9,3249,11.78,24.6,67,7.8,6.7,5.8,5.6,7.4,3.8,6.18,9.1,28,6.1,5.6,8.4,1,2,5.0,1.0,19,34.4,50,54,37.8,20.4,14.5,11.4,9.4,2.7,3.7,0.1
SUJ-0131,Retail/Comercio,Lima,Universitario,Empresa propia,Soltero,33,14,16,21922,1.0,9.8,52,2.8,5.6,5.0,6.1,5.0,4.9,4.9,7.2,35,2.5,6.5,5.8,1,1,6.0,1.1,35,20.9,75,72,22.1,28.0,14.0,8.4,13.4,5.3,5.3,3.5
SUJ-0132,Finanzas,Bogotá,Doctorado,Franquicia,Unión libre,21,6,15,867,2.44,60.7,46,5.1,4.4,4.4,4.3,7.2,2.5,4.65,8.2,23,8.0,7.0,6.6,3,4,5.2,3.0,132,34.4,68,63,30.0,22.9,10.1,10.2,15.8,5.1,2.7,3.2
SUJ-0133,Tecnología,São Paulo,Técnico,Startup escalada,Soltero,33,9,10,20833,3.86,37.6,63,6.8,4.2,7.0,6.1,8.7,5.8,6.43,5.5,17,3.6,8.6,9.1,0,1,3.9,3.0,110,32.1,52,51,37.2,21.2,11.2,14.3,4.8,4.4,1.9,5.0
SUJ-0134,Finanzas,Medellín,Posgrado,Empresa propia,Soltero,30,10,18,724,1.51,49.4,70,8.0,5.9,6.8,2.2,6.5,8.0,6.23,8.9,41,4.8,6.0,9.3,0,4,4.2,0.9,4,19.5,58,63,15.5,22.6,19.9,17.3,14.3,2.8,4.8,2.8
SUJ-0135,Agroindustria,Lima,Universitario,Empresa propia,Casado,27,11,17,7724,3.01,28.4,63,8.5,5.6,4.8,4.5,8.0,6.9,6.38,10.0,4,5.4,8.1,9.2,2,0,6.5,5.8,3,19.2,64,66,23.8,5.4,17.5,21.0,16.9,9.4,4.2,1.8
SUJ-0136,Finanzas,Caracas,Doctorado,Empresa familiar,Soltero,25,8,14,2277,1.07,36.5,77,7.7,7.7,8.3,5.1,9.2,5.3,7.22,6.0,25,5.0,3.8,8.0,0,3,6.0,3.3,6,23.4,39,58,20.2,17.4,15.5,13.2,13.6,13.6,5.4,1.1
SUJ-0137,Retail/Comercio,Santiago,Universitario,Empresa propia,Soltero,30,6,12,14026,1.0,24.6,83,6.7,6.1,6.4,5.5,10.0,7.8,7.08,7.1,11,5.5,10.0,5.1,0,0,4.8,1.7,17,24.6,52,55,31.0,8.6,18.1,10.1,19.7,7.3,2.5,2.7
SUJ-0138,Inmuebles,Barranquilla,Doctorado,Empresa familiar,Soltero,20,10,16,507,6.78,24.6,55,5.7,4.7,5.4,4.1,4.8,6.4,5.18,9.1,24,7.8,8.7,9.7,2,0,4.8,0.0,6,24.1,49,75,28.5,24.6,22.0,12.1,6.8,2.1,1.3,2.6
SUJ-0139,Finanzas,Caracas,Maestría,Empresa propia,Casado,34,8,6,24377,1.32,72.2,80,8.3,8.8,6.4,5.7,8.1,9.2,7.75,5.8,31,8.8,7.1,6.2,3,2,6.8,5.3,128,30.1,44,46,33.6,25.3,11.7,12.5,6.6,4.8,2.1,3.4
SUJ-0140,Salud/Farma,Buenos Aires,Universitario,Empresa propia,Casado,26,5,8,500,1.42,39.5,72,7.6,5.9,6.2,6.8,6.7,7.4,6.77,8.6,24,9.5,8.5,8.9,1,2,5.8,4.0,8,22.0,38,82,21.4,14.3,18.9,9.6,15.0,11.4,4.1,5.3
SUJ-0141,Salud/Farma,São Paulo,Maestría,Startup escalada,Soltero,34,12,15,2207,1.0,37.3,49,3.4,4.6,4.8,3.2,6.1,5.8,4.65,5.7,41,5.3,6.8,6.9,0,3,5.2,3.1,8,24.3,69,63,27.0,17.7,23.3,13.1,4.6,6.8,2.5,5.0
SUJ-0142,Finanzas,Buenos Aires,Doctorado,Holding,Soltero,25,8,18,4991,178.64,79.0,85,8.5,9.5,7.5,7.8,8.9,7.7,8.32,6.4,37,5.2,7.3,7.8,4,1,5.1,4.5,60,58.3,20,50,23.6,9.7,17.2,19.6,14.9,10.6,3.7,0.7
SUJ-0143,Retail/Comercio,Santiago,Universitario,E-commerce,Casado,26,4,11,11286,1.31,33.3,60,5.8,4.2,6.0,5.9,6.2,5.6,5.62,8.3,24,4.6,6.3,6.3,2,2,7.2,3.0,16,23.7,58,61,20.6,20.0,17.1,15.4,17.9,6.8,0.0,2.2
SUJ-0144,Finanzas,Barranquilla,Universitario,E-commerce,Casado,27,3,9,24145,1.81,43.4,107,10.0,10.0,9.8,6.6,10.0,9.6,9.33,9.3,45,4.2,9.4,7.4,0,2,4.4,0.5,7,26.1,37,63,27.8,20.0,18.6,5.9,16.1,8.1,0.8,2.7
SUJ-0145,Finanzas,Buenos Aires,Posgrado,Startup escalada,Soltero,29,14,26,4469,5.76,27.9,88,9.5,6.9,9.9,4.8,8.3,8.6,8.0,8.7,26,4.5,8.7,5.9,4,1,5.7,1.3,8,34.5,47,61,29.4,17.9,15.4,9.7,9.4,12.3,2.7,3.2
SUJ-0146,Tecnología,Buenos Aires,Universitario,Empresa propia,Soltero,36,5,4,11327,4.12,42.6,70,6.4,6.4,5.6,5.2,7.3,5.2,6.02,7.9,18,1.4,9.0,6.2,0,4,5.5,0.0,2,27.9,48,75,26.5,24.6,17.6,7.9,12.5,8.1,2.0,0.8
SUJ-0147,Manufactura,Buenos Aires,Bachillerato,Franquicia,Soltero,23,10,21,10391,3.72,27.0,72,8.8,6.6,3.2,7.2,9.3,5.8,6.82,6.2,14,8.6,10.0,6.7,0,3,4.9,4.9,9,34.1,48,60,34.1,17.6,14.9,15.4,3.8,10.7,3.1,0.4
SUJ-0148,Retail/Comercio,Santiago,Universitario,Empresa propia,Soltero,25,8,14,6773,3.69,41.4,54,6.9,4.7,4.3,4.9,6.4,6.3,5.58,7.5,27,2.2,8.9,4.6,2,0,4.2,3.1,3,26.7,61,58,23.9,23.7,17.3,8.7,14.7,6.8,4.8,0.1
SUJ-0149,Tecnología,São Paulo,Universitario,E-commerce,Casado,25,9,12,9393,5.73,43.2,96,7.0,6.7,10.0,9.6,10.0,9.1,8.73,7.1,25,9.0,6.1,6.4,3,3,5.0,1.1,3,29.8,47,61,26.4,8.9,18.9,19.0,7.9,11.8,5.4,1.7
SUJ-0150,Finanzas,CDMX,Universitario,Empresa propia,Soltero,17,14,18,500,30.45,70.3,61,6.4,4.6,7.3,3.1,7.6,5.2,5.7,8.2,25,5.7,7.1,5.3,2,2,7.5,3.8,35,43.1,62,59,27.2,18.1,14.6,2.2,20.9,8.7,6.0,2.3
SUJ-0151,Servicios,Medellín,Técnico,Empresa propia,Soltero,22,10,14,4661,1.84,4.0,73,7.8,6.0,6.1,4.1,9.6,7.5,6.85,7.5,19,4.0,7.1,6.0,0,0,5.9,1.9,43,22.2,43,65,20.4,14.3,18.7,23.8,15.3,3.1,3.9,0.5
SUJ-0152,Finanzas,Santiago,Maestría,Franquicia,Unión libre,23,10,21,12329,30.16,42.8,64,8.9,4.7,6.1,3.7,7.9,5.8,6.18,6.7,26,2.0,6.9,5.9,3,3,6.9,2.6,447,44.9,56,46,26.2,21.0,12.2,8.9,13.8,13.2,2.3,2.4
SUJ-0153,Tecnología,Barranquilla,Maestría,Empresa propia,Casado,41,6,13,5142,4.0,58.1,79,6.6,6.7,4.9,7.1,7.4,8.3,6.83,8.5,45,7.2,7.1,9.9,0,3,5.7,0.4,99,38.9,46,48,38.5,12.0,18.9,8.8,9.0,5.1,6.1,1.6
SUJ-0154,Retail/Comercio,Lima,Técnico,Empresa propia,Casado,27,4,12,16540,4.96,30.2,72,5.5,5.3,6.0,6.6,7.5,7.5,6.4,7.0,25,2.4,6.5,5.3,1,0,5.0,2.8,64,33.2,38,52,29.9,14.7,9.5,20.3,14.9,5.8,2.7,2.2
SUJ-0155,Salud/Farma,CDMX,Posgrado,Holding,Soltero,28,16,19,14348,5.98,33.4,64,7.2,4.5,5.5,5.8,8.3,6.4,6.28,6.4,34,4.7,10.0,7.7,3,2,5.7,3.4,9,33.4,43,63,30.2,11.9,14.9,16.8,9.5,9.6,5.4,1.7
SUJ-0156,Finanzas,CDMX,Posgrado,Franquicia,Casado,17,7,13,15928,9.54,49.9,79,7.0,4.7,8.8,6.5,8.2,6.5,6.95,7.4,33,8.0,7.6,8.3,2,2,5.9,4.4,20,36.1,46,55,23.3,18.2,13.2,17.4,11.9,8.1,4.5,3.4
SUJ-0157,Manufactura,Lima,Doctorado,Startup escalada,Casado,25,6,15,1114,1.88,33.9,93,9.0,9.9,8.5,9.0,10.0,8.0,9.07,6.3,9,5.6,8.4,7.3,0,1,4.7,2.0,108,31.0,42,48,40.3,11.9,12.8,14.3,10.1,6.2,0.8,3.6
SUJ-0158,Inmuebles,Bogotá,Bachillerato,Holding,Soltero,31,8,18,2239,3.77,28.3,73,6.7,6.2,5.7,5.7,8.8,6.5,6.6,6.3,25,4.9,8.7,8.8,0,1,5.1,0.9,14,24.5,50,61,32.2,14.7,17.1,16.3,5.8,10.5,2.0,1.4
SUJ-0159,Finanzas,Bucaramanga,Universitario,Empresa propia,Unión libre,41,7,8,500,1.89,43.9,43,6.2,3.3,3.0,5.3,4.5,3.5,4.3,9.2,18,5.9,9.4,6.8,0,4,4.9,2.0,57,29.7,62,58,21.6,13.4,12.3,14.7,20.4,9.7,6.0,1.9
SUJ-0160,Inmuebles,Medellín,Doctorado,E-commerce,Unión libre,21,13,22,32503,7.7,20.2,77,8.9,5.3,8.7,9.0,8.9,7.8,8.1,5.6,11,8.4,8.7,7.8,0,1,3.6,1.4,38,30.9,48,54,37.8,16.1,12.7,11.5,6.4,7.6,7.3,0.6
SUJ-0161,Finanzas,Medellín,Doctorado,Empresa propia,Casado,17,9,14,2154,22.72,78.5,52,5.4,4.1,5.5,3.5,6.0,6.0,5.08,9.8,2,5.0,7.5,7.5,4,1,5.9,0.0,95,45.0,50,65,34.7,13.8,10.9,9.3,16.9,7.7,4.1,2.6
SUJ-0162,Manufactura,Bogotá,Maestría,Startup escalada,Casado,21,2,9,3659,1.0,23.7,54,7.7,2.6,4.5,3.9,5.0,7.1,5.13,9.2,37,6.3,8.2,6.8,0,3,4.4,2.4,60,23.1,79,79,23.3,16.3,16.2,23.0,8.4,5.4,3.3,4.1
SUJ-0163,Manufactura,Bucaramanga,Maestría,Empresa familiar,Soltero,21,4,8,2571,1.95,30.9,52,5.9,4.1,7.1,1.9,5.4,5.5,4.98,5.5,33,7.8,7.2,8.5,1,1,5.5,2.0,4,20.3,61,58,32.4,5.2,16.3,17.9,13.5,7.3,4.3,3.1
SUJ-0164,Retail/Comercio,Medellín,Técnico,E-commerce,Soltero,21,7,18,500,1.0,25.4,82,8.6,7.9,9.0,7.2,9.0,8.2,8.32,7.7,13,4.6,8.0,7.5,0,1,7.2,5.5,58,26.6,34,51,36.8,17.7,13.2,7.6,13.4,7.7,3.6,-0.0
SUJ-0165,Tecnología,Barranquilla,Posgrado,Holding,Soltero,31,11,18,2422,56.1,74.7,53,5.6,4.1,5.1,4.0,5.9,4.8,4.92,7.9,19,4.8,9.7,7.3,2,0,3.9,3.2,9,45.5,57,48,20.5,17.5,17.0,18.7,13.4,8.3,3.0,1.6
SUJ-0166,Servicios,Cali,Universitario,Empresa propia,Casado,28,1,5,826,7.94,21.9,86,7.8,8.0,6.5,6.5,9.7,8.2,7.78,7.6,25,6.8,5.6,5.6,1,2,4.3,1.0,19,26.9,37,56,22.6,12.2,27.1,9.1,10.5,8.9,8.8,0.8
SUJ-0167,Finanzas,Cali,Universitario,Franquicia,Soltero,19,9,13,4010,3.34,52.7,83,10.0,8.2,10.0,9.0,8.4,8.7,9.05,7.2,26,6.4,9.5,7.0,1,2,4.8,0.0,8,30.0,29,49,28.1,15.6,17.7,20.5,7.5,8.8,0.3,1.5
SUJ-0168,Tecnología,Medellín,Maestría,Startup escalada,Unión libre,34,9,18,27247,13.44,40.2,61,6.9,6.3,7.2,5.8,9.4,6.3,6.98,6.8,21,9.0,8.0,7.3,0,2,6.3,2.5,124,37.9,53,47,25.2,8.0,28.2,13.6,6.3,14.1,3.0,1.6
SUJ-0169,Tecnología,Monterrey,Técnico,Empresa propia,Soltero,37,10,19,9585,496.61,77.0,79,9.0,6.8,7.5,5.0,8.1,10.0,7.73,6.2,16,4.7,6.3,9.8,0,1,4.0,0.0,17,60.0,35,46,11.4,26.9,22.7,20.0,8.6,5.4,3.6,1.4
SUJ-0170,Manufactura,Medellín,Universitario,Empresa propia,Soltero,17,6,12,9817,2.65,27.8,88,8.1,8.9,6.6,6.2,10.0,7.6,7.9,6.7,34,5.1,7.7,6.7,0,2,5.1,4.1,38,29.8,42,67,20.0,15.0,13.8,15.7,17.1,13.6,3.3,1.5
SUJ-0171,Manufactura,Lima,Doctorado,Franquicia,Casado,33,11,16,4829,4.19,50.0,64,7.2,7.1,7.2,4.2,6.9,4.6,6.2,9.3,9,5.4,6.4,9.0,0,3,4.8,0.5,7,30.9,44,66,28.0,18.2,13.4,18.4,12.8,5.7,2.6,0.9
SUJ-0172,Tecnología,Lima,Universitario,Holding,Soltero,24,4,13,13340,2.3,44.0,89,8.8,6.5,7.0,7.3,10.0,7.7,7.88,9.8,11,3.4,7.7,7.4,3,4,5.7,4.1,12,27.0,32,75,24.5,20.2,24.6,5.8,8.6,10.5,3.7,2.1
SUJ-0173,Retail/Comercio,Caracas,Doctorado,Empresa propia,Unión libre,20,10,14,19112,2.99,22.2,75,7.7,5.3,8.3,6.1,7.8,9.4,7.43,4.4,24,5.4,7.2,6.0,1,1,5.6,6.3,2,19.3,45,51,24.4,15.9,23.1,12.0,15.1,0.9,5.7,2.9
SUJ-0174,Finanzas,Bucaramanga,Doctorado,Startup escalada,Unión libre,17,6,10,26067,1.42,40.7,63,8.7,5.0,7.2,6.8,10.0,8.3,7.67,7.5,21,8.1,8.4,9.7,1,4,4.2,5.9,14,26.0,42,56,33.4,15.6,15.3,14.8,9.6,5.4,3.9,2.0
SUJ-0175,Manufactura,Buenos Aires,Posgrado,Empresa propia,Soltero,23,7,22,833,1.0,20.8,83,8.4,6.6,7.0,6.9,8.0,7.8,7.45,7.5,15,4.1,6.7,7.8,1,2,4.7,3.6,25,21.9,48,63,30.2,10.7,16.2,23.8,6.7,8.5,4.0,-0.1
SUJ-0176,Tecnología,CDMX,Técnico,Empresa propia,Soltero,22,7,14,16938,15.42,61.8,62,5.5,7.1,7.1,4.7,7.0,6.6,6.33,7.8,2,7.0,7.4,6.3,0,2,5.3,2.6,14,35.8,73,55,36.5,19.8,10.9,10.3,10.3,7.8,3.3,1.1
SUJ-0177,Manufactura,Barranquilla,Universitario,Holding,Soltero,26,9,15,2039,5.93,4.0,91,9.7,8.6,7.9,7.3,10.0,10.0,8.92,6.9,28,5.8,8.4,8.7,2,2,3.3,1.6,5,26.0,40,54,32.2,13.1,12.9,15.3,7.7,10.5,5.1,3.2
SUJ-0178,Finanzas,Bogotá,Universitario,Empresa propia,Casado,38,3,7,4050,1.0,47.4,57,5.7,5.4,7.5,3.3,5.7,7.5,5.85,8.4,10,4.6,7.7,10.0,0,4,5.8,3.6,4,20.3,47,62,29.3,19.7,25.9,5.2,13.8,5.2,0.9,0.0
SUJ-0179,Agroindustria,São Paulo,Universitario,Holding,Soltero,22,10,15,3390,5.39,8.4,90,7.8,7.7,7.8,6.3,10.0,6.1,7.62,9.1,17,5.2,8.0,5.6,3,2,4.3,6.1,157,27.6,41,78,29.0,13.6,17.2,14.4,11.4,7.8,6.6,0.0
SUJ-0180,Tecnología,Medellín,Universitario,Empresa propia,Casado,17,10,20,8994,10.44,40.0,75,7.0,5.0,8.4,6.0,10.0,7.9,7.38,8.6,30,5.1,8.8,8.9,2,2,6.5,0.0,14,28.0,53,56,40.6,8.9,16.0,6.7,17.7,1.8,6.5,1.8
SUJ-0181,Finanzas,Buenos Aires,Doctorado,Empresa propia,Soltero,24,6,15,7288,5.19,54.7,82,9.6,8.4,10.0,8.4,7.9,9.9,9.03,3.9,20,5.7,5.9,5.3,2,3,5.6,0.7,4,28.0,42,47,31.6,21.3,8.3,12.3,8.0,13.7,3.1,1.7
SUJ-0182,Tecnología,Buenos Aires,Técnico,Empresa propia,Casado,32,7,11,924,2.89,56.6,67,5.8,6.1,5.7,6.5,7.9,7.4,6.57,7.4,8,5.9,9.6,4.8,2,1,4.6,2.2,8,30.5,52,56,31.9,29.3,16.2,6.1,10.1,1.1,1.6,3.7
SUJ-0183,Agroindustria,Barranquilla,Maestría,Startup escalada,Casado,24,3,8,12216,1.77,31.4,78,6.7,5.3,5.7,6.4,8.8,5.6,6.42,6.8,14,6.5,6.8,5.4,1,1,5.2,2.5,10,17.0,63,60,22.2,25.4,20.5,8.2,10.1,11.7,0.1,1.8
SUJ-0184,Servicios,Bogotá,Bachillerato,E-commerce,Casado,29,2,3,4633,5.53,27.5,40,5.1,1.8,4.9,4.3,4.0,7.3,4.57,6.9,39,9.2,6.6,7.3,0,1,5.2,6.7,20,28.9,63,48,17.4,14.9,22.4,22.9,8.6,7.5,5.3,1.0
SUJ-0185,Finanzas,Lima,Posgrado,Startup escalada,Casado,27,7,14,500,7.29,50.6,75,7.4,4.8,8.1,7.4,7.4,8.4,7.25,7.7,19,2.3,7.7,8.2,2,3,4.9,3.0,81,36.0,38,63,20.9,9.5,25.2,16.7,16.8,6.3,3.4,1.2
SUJ-0186,Manufactura,Santiago,Maestría,Empresa propia,Soltero,26,7,2,4282,1.02,17.0,55,4.8,5.1,4.7,4.5,4.1,4.2,4.57,5.2,19,4.0,6.7,6.8,1,1,5.0,3.3,35,22.9,57,80,23.2,19.5,8.1,15.0,16.2,9.7,4.7,3.6
SUJ-0187,Inmuebles,Barranquilla,Universitario,E-commerce,Soltero,35,5,6,5810,4.62,18.7,82,9.4,3.6,7.8,7.6,8.8,7.5,7.45,10.0,30,7.8,7.5,5.9,3,1,4.4,2.1,6,23.7,32,74,25.0,31.6,10.2,8.2,10.4,7.3,5.9,1.4
SUJ-0188,Retail/Comercio,Buenos Aires,Universitario,E-commerce,Casado,20,2,8,570,1.12,36.8,65,6.3,4.2,5.5,4.7,7.7,7.6,6.0,10.0,17,8.1,6.8,8.1,0,0,5.4,1.6,233,24.7,56,71,23.3,29.2,19.0,6.6,6.8,9.3,5.8,-0.0
SUJ-0189,Retail/Comercio,Cali,Posgrado,Empresa familiar,Soltero,19,8,5,1310,1.06,24.8,65,5.3,6.4,4.5,5.7,7.8,6.3,6.0,8.2,48,6.2,7.3,7.9,3,0,4.7,6.7,73,27.9,61,61,47.4,12.6,12.8,15.9,3.2,8.0,0.0,0.1
SUJ-0190,Finanzas,Medellín,Maestría,Holding,Unión libre,20,5,19,40376,142.85,53.7,57,7.2,4.6,6.4,6.1,7.7,7.7,6.62,6.9,25,4.5,9.3,7.6,1,4,6.3,0.0,428,57.0,43,63,40.3,13.7,10.8,7.2,17.5,5.1,4.3,1.1
SUJ-0191,Tecnología,Bucaramanga,Posgrado,Holding,Unión libre,28,4,7,16395,3.72,52.3,75,8.7,4.1,7.4,7.2,9.6,8.6,7.6,8.9,28,1.6,9.3,9.0,2,2,3.2,0.0,8,33.0,39,71,48.5,7.2,9.1,8.7,13.3,8.5,4.5,0.2
SUJ-0192,Servicios,Cali,Universitario,Empresa propia,Casado,26,12,20,1144,1.0,4.0,61,7.0,4.6,4.8,2.7,7.1,7.0,5.53,6.6,11,6.7,4.2,7.7,2,1,5.4,6.8,1,8.2,59,67,23.4,16.1,22.1,12.2,11.8,10.9,3.5,-0.0
SUJ-0193,Servicios,Buenos Aires,Universitario,E-commerce,Soltero,30,3,13,6945,2.06,28.9,72,8.2,6.1,5.9,6.0,7.8,6.3,6.72,9.5,18,8.5,7.0,9.7,3,1,5.5,2.3,55,27.1,40,64,25.5,15.6,24.0,2.8,19.5,11.1,0.0,1.5
SUJ-0194,Manufactura,CDMX,Doctorado,Franquicia,Casado,25,9,16,3814,5.06,16.0,68,8.0,7.2,6.3,6.4,8.5,7.4,7.3,10.0,27,9.1,7.5,4.3,2,1,4.7,4.5,51,31.2,44,53,24.9,13.1,21.8,22.6,6.9,7.6,1.3,1.8
SUJ-0195,Finanzas,São Paulo,Doctorado,Startup escalada,Soltero,24,1,7,6277,4.88,60.2,58,6.1,5.9,5.9,4.2,9.2,8.7,6.67,7.4,24,4.9,6.7,5.5,1,3,4.7,1.6,63,37.2,66,48,27.6,16.6,13.0,18.8,14.1,4.7,5.3,-0.1
SUJ-0196,Finanzas,Monterrey,Universitario,Empresa propia,Soltero,27,1,5,5087,5.82,22.1,67,6.6,6.4,4.8,6.6,5.9,7.7,6.33,8.6,17,6.6,8.9,9.1,3,2,6.1,5.0,3,27.1,44,58,52.2,14.2,7.8,4.0,8.6,8.6,2.6,2.0
SUJ-0197,Inmuebles,Bogotá,Maestría,Empresa propia,Soltero,36,9,10,500,1.0,58.3,64,5.9,6.6,5.6,3.8,6.0,7.5,5.9,9.2,28,6.2,5.4,4.5,4,0,4.7,1.1,2,23.5,52,58,40.4,9.7,21.1,11.1,2.1,10.5,2.6,2.5
SUJ-0198,Servicios,Caracas,Universitario,Franquicia,Soltero,19,5,9,3031,2.66,13.8,85,8.5,5.0,9.7,5.4,8.0,6.7,7.22,6.8,32,3.0,9.3,9.0,1,3,3.7,0.5,27,25.6,35,61,16.1,25.1,22.4,13.3,10.6,6.5,5.8,0.2
SUJ-0199,Servicios,Lima,Universitario,Empresa propia,Soltero,20,2,8,1073,7.4,28.7,88,6.9,9.0,9.2,3.1,8.2,8.2,7.43,7.0,41,6.6,9.1,9.3,0,4,5.3,1.0,6,33.8,40,56,28.8,24.0,15.1,13.2,5.9,9.9,2.2,0.9
SUJ-0200,Inmuebles,Medellín,Técnico,Empresa propia,Soltero,26,10,16,5370,1.0,21.7,54,4.5,6.6,5.3,4.0,4.5,5.9,5.13,6.9,13,1.8,7.8,7.0,1,2,5.1,5.6,115,22.8,51,82,27.5,17.8,15.6,13.9,13.3,8.2,2.5,1.2
SUJ-0201,Manufactura,Bucaramanga,Universitario,Startup escalada,Unión libre,38,8,11,19028,4.85,16.7,75,9.4,5.7,8.9,3.1,8.2,7.7,7.17,8.4,47,5.5,7.4,8.3,0,1,5.6,3.3,134,33.7,47,57,40.3,18.6,14.5,7.9,9.1,4.4,3.0,2.2
SUJ-0202,Tecnología,Santiago,Posgrado,E-commerce,Soltero,19,1,11,43287,9.58,62.0,69,8.5,2.1,6.7,7.0,6.0,8.3,6.43,7.1,40,7.9,8.4,7.5,0,1,5.9,0.4,3,31.9,43,57,35.5,22.6,8.0,6.5,16.7,4.9,3.0,2.8
SUJ-0203,Tecnología,Lima,Bachillerato,Startup escalada,Unión libre,25,10,11,23095,5.26,49.6,60,6.8,7.1,5.7,7.4,7.7,5.0,6.62,6.9,41,8.5,7.4,8.1,3,2,4.7,3.3,48,34.4,55,64,14.6,33.0,18.6,11.5,8.1,4.2,8.6,1.4
SUJ-0204,Servicios,Medellín,Universitario,Startup escalada,Soltero,20,3,11,33978,4.05,20.2,74,9.5,2.8,7.7,4.6,9.7,7.8,7.02,10.0,19,5.8,6.5,5.0,4,3,5.8,0.8,6,24.7,44,77,29.5,20.6,17.7,17.8,6.3,5.6,1.6,0.9
SUJ-0205,Manufactura,Santiago,Maestría,Empresa propia,Soltero,28,1,10,500,7.81,36.7,79,8.6,7.2,8.0,5.9,7.5,8.1,7.55,7.4,27,10.0,7.9,8.8,2,4,3.2,3.5,27,31.2,40,61,30.8,21.1,18.6,6.7,7.0,10.6,3.4,1.8
SUJ-0206,Tecnología,Bucaramanga,Posgrado,E-commerce,Soltero,17,4,11,10458,3.43,55.0,40,5.0,3.4,6.7,3.7,5.0,6.4,5.03,6.8,30,5.1,8.6,6.7,0,0,4.9,2.9,24,39.7,76,66,23.2,23.2,16.3,10.0,12.2,10.1,5.1,-0.1
SUJ-0207,Tecnología,Buenos Aires,Posgrado,Empresa propia,Casado,19,7,19,2550,22.16,58.7,86,7.2,6.4,6.7,5.5,9.4,8.8,7.33,9.4,16,3.1,6.4,5.7,0,0,4.9,3.1,54,38.9,46,67,32.3,22.6,12.9,15.1,7.9,5.0,1.7,2.5
SUJ-0208,Manufactura,Monterrey,Maestría,Startup escalada,Soltero,33,7,14,16056,1.0,16.1,82,7.8,6.4,8.9,6.9,10.0,7.5,7.92,6.8,9,8.0,9.1,4.9,1,1,5.5,2.5,24,27.4,41,58,23.2,15.2,18.4,13.6,12.7,9.7,4.2,3.0
SUJ-0209,Tecnología,Cali,Bachillerato,Franquicia,Soltero,26,1,12,13444,5.93,61.7,72,8.7,6.4,6.8,5.5,7.9,4.8,6.68,8.0,15,6.4,9.1,7.2,0,1,5.6,2.0,27,38.4,48,67,19.8,21.9,20.3,7.0,15.0,10.1,5.9,0.0
SUJ-0210,Tecnología,Cali,Posgrado,Franquicia,Soltero,21,1,2,4408,1.75,54.0,60,7.1,2.6,4.4,3.1,6.3,6.2,4.95,7.5,28,3.5,7.9,6.9,5,0,4.1,3.8,5,22.3,63,54,23.3,21.8,12.9,12.5,16.9,5.3,4.1,3.2
SUJ-0211,Retail/Comercio,Buenos Aires,Maestría,Empresa propia,Soltero,25,4,13,5128,2.56,34.4,79,10.0,6.5,8.2,6.7,9.5,7.9,8.13,7.6,19,5.9,7.4,7.1,1,1,4.3,1.1,54,23.9,35,59,17.8,18.8,20.5,16.2,10.8,11.9,1.3,2.7
SUJ-0212,Manufactura,Lima,Posgrado,Franquicia,Casado,25,4,12,2464,2.03,29.9,63,6.7,3.8,5.9,5.8,6.4,6.4,5.83,3.8,44,5.3,7.1,6.9,2,2,4.9,0.0,30,23.8,45,58,22.5,14.9,17.2,16.1,12.6,11.9,3.3,1.5
SUJ-0213,Manufactura,São Paulo,Universitario,Empresa propia,Soltero,29,10,18,2726,11.58,40.6,89,5.9,6.8,10.0,4.1,8.8,10.0,7.6,8.1,27,9.3,7.1,5.8,1,0,5.1,5.0,12,35.8,50,48,33.9,24.1,11.1,7.9,11.1,9.9,1.5,0.5
SUJ-0214,Finanzas,Buenos Aires,Técnico,Empresa propia,Soltero,17,5,13,31780,9.88,55.2,84,9.0,7.3,6.9,6.4,9.6,9.1,8.05,8.7,28,7.8,7.6,10.0,2,4,4.3,5.8,13,35.6,40,54,24.9,29.8,10.0,7.0,9.9,12.6,4.3,1.5
SUJ-0215,Inmuebles,Buenos Aires,Maestría,Startup escalada,Unión libre,19,10,14,17575,1.06,15.5,73,4.5,7.4,6.4,5.2,8.6,6.8,6.48,8.7,16,4.5,5.9,7.1,1,3,5.8,4.3,33,18.4,45,68,17.9,18.3,18.3,17.1,10.5,13.0,3.0,1.9
SUJ-0216,Finanzas,Caracas,Universitario,Startup escalada,Soltero,20,11,20,1704,11.77,39.8,61,6.2,4.5,6.5,5.3,6.1,5.7,5.72,10.0,26,6.2,5.5,9.1,1,1,6.5,4.7,3,28.5,47,56,29.3,25.6,13.1,15.9,8.9,4.9,1.3,1.0
SUJ-0217,Finanzas,Medellín,Maestría,Empresa propia,Casado,29,9,21,2578,17.18,51.3,79,9.3,9.1,5.3,7.9,9.2,8.1,8.15,6.1,20,4.8,8.1,6.1,0,3,5.1,4.0,14,36.4,36,46,27.3,17.4,16.9,14.2,11.0,7.3,3.5,2.4
SUJ-0218,Inmuebles,São Paulo,Posgrado,Franquicia,Casado,25,1,2,920,2.54,37.3,83,10.0,5.8,9.4,7.9,7.9,6.9,7.98,6.0,13,9.1,4.7,10.0,1,1,5.2,2.9,28,23.3,46,60,27.3,26.0,9.3,10.5,12.5,10.5,1.0,2.9
SUJ-0219,Manufactura,Caracas,Posgrado,Startup escalada,Unión libre,34,6,16,35985,1.0,6.3,68,5.8,4.8,8.5,6.8,6.7,6.7,6.55,8.6,23,4.8,7.7,8.8,1,1,5.1,1.1,76,18.9,49,72,32.2,17.7,7.8,19.7,10.3,10.4,1.8,0.1
SUJ-0220,Servicios,Caracas,Maestría,Empresa propia,Soltero,30,6,12,19019,1.05,8.2,78,8.3,8.0,8.6,6.3,7.7,7.8,7.78,6.4,40,4.4,9.0,10.0,2,0,5.5,0.5,1,17.4,32,66,33.2,10.2,16.8,14.3,14.7,6.8,3.3,0.7
SUJ-0221,Manufactura,Medellín,Posgrado,Startup escalada,Casado,23,6,10,6425,1.0,40.1,66,8.8,5.5,6.9,4.9,7.4,5.9,6.57,9.6,13,3.8,8.2,9.5,2,2,5.2,5.4,4,21.2,55,68,31.7,22.5,16.2,4.5,11.5,6.7,5.6,1.3
SUJ-0222,Manufactura,Bucaramanga,Universitario,Empresa propia,Soltero,25,1,3,9444,1.0,52.3,49,5.6,4.9,6.3,1.5,6.4,5.1,4.97,8.5,11,7.4,6.9,8.4,2,1,5.9,0.4,16,26.3,75,72,18.2,20.3,16.5,20.2,13.0,9.8,0.2,1.8
SUJ-0223,Tecnología,Monterrey,Posgrado,Holding,Casado,33,4,11,11024,3.19,29.2,50,5.0,4.1,5.9,5.3,5.8,4.5,5.1,8.4,3,6.6,6.9,8.1,0,2,3.5,0.5,43,32.6,54,66,24.7,19.1,18.1,15.7,8.4,9.9,2.7,1.4
SUJ-0224,Finanzas,Caracas,Maestría,E-commerce,Soltero,34,2,14,1823,4.95,51.7,74,9.9,5.9,8.5,7.1,9.1,10.0,8.42,7.7,0,4.5,6.7,7.1,2,1,5.9,0.9,14,30.7,43,54,17.6,26.4,17.4,12.6,12.4,5.7,4.9,3.0
SUJ-0225,Finanzas,Medellín,Universitario,E-commerce,Soltero,25,3,8,21825,6.65,48.8,93,10.0,8.2,10.0,4.9,10.0,10.0,8.85,7.2,35,4.4,9.6,8.1,1,2,6.7,1.9,42,34.5,26,72,24.9,20.8,13.5,18.0,13.8,6.5,1.7,0.8
SUJ-0226,Finanzas,Bucaramanga,Universitario,Startup escalada,Casado,20,6,14,5984,6.13,62.3,59,6.6,7.0,6.1,5.4,7.2,5.9,6.37,8.5,32,10.0,7.0,6.4,1,0,4.3,0.9,8,30.8,64,71,38.4,7.3,9.9,16.6,14.4,7.9,3.2,2.3
SUJ-0227,Salud/Farma,CDMX,Técnico,Empresa propia,Soltero,17,4,10,776,1.23,33.6,61,4.7,5.7,6.0,6.3,7.7,5.2,5.93,8.6,41,8.9,6.6,8.5,2,0,3.1,1.0,72,26.3,47,52,30.9,28.7,16.1,3.9,6.7,6.7,6.7,0.3
SUJ-0228,Finanzas,Buenos Aires,Maestría,Empresa propia,Unión libre,17,3,3,4047,2.54,59.7,76,7.3,7.1,7.2,4.8,9.7,4.1,6.7,8.2,23,6.1,8.2,5.7,1,3,4.5,4.9,8,28.9,51,67,17.9,34.2,8.2,17.6,9.6,5.7,3.4,3.4
SUJ-0229,Servicios,Buenos Aires,Técnico,E-commerce,Casado,28,6,11,7363,1.0,4.0,73,6.6,7.6,5.6,6.8,8.7,5.7,6.83,7.3,16,8.0,10.0,8.2,1,1,5.1,1.8,71,25.7,46,63,36.4,25.8,14.1,10.6,1.7,3.3,5.3,2.8
SUJ-0230,Manufactura,Lima,Posgrado,Startup escalada,Soltero,28,5,9,3481,4.96,24.7,76,5.8,5.9,7.6,4.4,9.7,8.8,7.03,4.9,18,5.2,8.3,6.6,0,2,4.9,5.7,87,30.8,42,62,21.0,26.4,11.0,14.8,13.3,11.1,2.3,0.1
SUJ-0231,Inmuebles,Caracas,Universitario,Empresa propia,Soltero,21,7,9,9610,2.03,19.0,79,9.6,5.5,5.5,5.5,9.6,7.7,7.23,6.8,20,6.2,7.7,9.4,2,3,5.2,3.9,29,25.4,50,40,35.1,6.8,20.5,15.7,7.9,6.0,6.8,1.2
SUJ-0232,Retail/Comercio,CDMX,Universitario,Startup escalada,Soltero,33,5,9,17099,10.17,16.1,72,8.3,4.9,8.9,4.2,8.0,7.6,6.98,7.1,28,8.5,7.0,5.6,2,2,5.2,3.4,20,31.2,52,63,23.2,18.3,13.1,14.4,13.1,10.6,3.4,3.9
SUJ-0233,Manufactura,Lima,Posgrado,Franquicia,Unión libre,24,1,6,11823,1.0,7.6,74,6.7,5.2,9.1,6.9,7.9,8.1,7.32,8.4,36,6.3,6.3,5.2,1,3,4.7,2.6,374,27.1,44,55,35.8,17.3,15.5,9.9,11.9,6.2,3.0,0.4
SUJ-0234,Retail/Comercio,Caracas,Bachillerato,Empresa propia,Soltero,22,3,13,8232,1.0,31.6,57,5.5,3.8,4.9,5.8,8.2,5.5,5.62,10.0,39,3.6,9.4,8.0,1,2,4.6,2.2,68,28.3,59,65,22.4,25.4,10.2,16.6,13.2,8.9,3.4,-0.1
SUJ-0235,Tecnología,Santiago,Posgrado,Startup escalada,Casado,33,5,11,5742,2.11,57.1,67,6.5,7.3,5.3,4.7,8.4,8.3,6.75,5.4,26,4.7,8.7,5.6,2,0,5.8,4.8,45,29.5,47,68,26.4,23.9,21.7,7.5,8.3,5.8,4.4,2.0
SUJ-0236,Inmuebles,Bucaramanga,Maestría,Empresa propia,Casado,32,5,6,2349,1.0,40.5,89,7.5,5.0,9.7,5.2,8.9,9.3,7.6,6.7,17,6.7,5.5,7.8,1,2,4.2,0.0,5,18.5,60,61,34.5,20.4,15.8,10.6,6.9,6.3,3.8,1.7
SUJ-0237,Finanzas,Bucaramanga,Maestría,E-commerce,Unión libre,25,1,11,4854,3.82,42.5,79,10.0,7.5,5.6,9.6,7.9,7.7,8.05,6.5,27,7.5,7.9,8.9,3,2,4.0,6.4,73,37.4,37,68,32.6,18.0,19.2,7.8,8.9,7.9,3.1,2.5
SUJ-0238,Tecnología,São Paulo,Técnico,Empresa propia,Casado,29,9,16,2773,24.77,71.8,76,7.2,4.9,6.2,6.0,8.4,7.5,6.7,6.1,14,9.2,5.6,7.6,2,2,6.2,2.9,14,38.5,59,61,24.9,23.1,14.3,10.0,10.8,9.8,3.9,3.2
SUJ-0239,Manufactura,Buenos Aires,Maestría,Empresa propia,Casado,29,8,15,21747,1.0,11.8,61,6.1,7.8,4.9,4.9,8.2,7.7,6.6,8.2,15,4.1,8.8,6.0,0,3,5.9,6.0,254,28.8,53,70,28.0,25.5,11.6,18.7,5.2,4.1,4.9,2.0
SUJ-0240,Tecnología,Barranquilla,Posgrado,E-commerce,Soltero,39,4,13,19028,1.56,32.3,61,5.7,6.0,6.9,3.9,6.0,7.4,5.98,8.4,30,7.1,8.0,6.4,1,2,5.0,4.3,11,22.3,66,69,10.0,25.5,16.0,23.7,15.8,3.9,3.5,1.6
SUJ-0241,Agroindustria,Santiago,Maestría,E-commerce,Soltero,25,6,12,1355,1.0,22.4,58,4.1,4.1,6.7,3.5,6.1,4.4,4.82,7.3,13,4.1,6.8,8.8,3,1,5.8,0.6,23,20.8,61,59,33.4,18.9,7.1,17.3,7.8,10.5,3.2,1.8
SUJ-0242,Agroindustria,Bucaramanga,Universitario,Franquicia,Soltero,18,3,7,13835,2.16,9.7,48,4.0,3.9,5.7,4.8,5.8,6.8,5.17,8.5,17,3.7,5.3,8.0,1,2,5.2,1.6,13,12.9,66,57,20.4,20.8,21.3,10.5,16.0,8.1,1.5,1.4
SUJ-0243,Agroindustria,Medellín,Posgrado,Franquicia,Unión libre,29,10,17,9709,2.35,26.7,69,8.5,5.9,6.7,5.9,8.2,7.4,7.1,10.0,7,6.6,9.7,6.9,1,2,7.5,4.1,18,24.0,42,64,19.9,25.7,9.1,16.3,13.4,10.6,3.2,1.8
SUJ-0244,Finanzas,Buenos Aires,Maestría,Empresa propia,Casado,26,15,23,29579,60.53,38.9,67,7.1,6.7,7.6,4.7,4.9,6.4,6.23,8.3,19,3.6,6.7,8.8,1,1,5.0,3.4,16,41.1,40,70,28.8,17.4,17.1,13.0,9.7,8.5,4.1,1.4
SUJ-0245,Tecnología,Lima,Maestría,Franquicia,Casado,26,4,11,4978,4.24,44.3,75,8.2,6.9,7.4,7.0,7.6,6.5,7.27,4.5,38,5.8,6.6,5.5,2,3,7.1,2.8,2,29.8,50,57,23.1,21.8,19.1,9.5,13.3,9.6,2.1,1.5
SUJ-0246,Agroindustria,CDMX,Universitario,Empresa familiar,Casado,25,11,20,10246,2.62,10.1,86,9.1,7.2,10.0,6.3,8.7,8.2,8.25,8.1,29,5.5,5.1,9.0,0,3,5.5,0.3,7,16.9,29,59,29.4,12.7,13.6,23.2,8.7,5.3,5.5,1.6
SUJ-0247,Retail/Comercio,Lima,Universitario,Startup escalada,Soltero,17,3,9,5836,2.71,18.2,64,7.4,4.8,7.9,6.0,6.5,6.6,6.53,8.2,27,4.4,7.4,8.8,0,1,4.4,4.4,6,13.9,45,50,24.4,13.2,19.0,20.2,9.3,6.8,5.3,1.8
SUJ-0248,Salud/Farma,Caracas,Universitario,Empresa propia,Soltero,27,5,8,575,5.55,26.7,89,8.1,7.1,7.3,7.3,10.0,7.6,7.9,6.2,15,7.8,7.7,6.0,0,0,4.9,0.2,28,34.6,33,76,27.5,15.9,13.1,15.8,12.8,8.6,4.5,1.8
SUJ-0249,Salud/Farma,Cali,Universitario,Empresa propia,Soltero,23,12,16,500,1.55,30.0,79,10.0,8.5,7.1,5.9,7.2,8.3,7.83,7.8,18,5.3,4.6,7.9,0,4,4.9,3.9,28,24.6,34,57,17.5,34.2,19.5,9.5,9.6,1.1,4.3,4.3
SUJ-0250,Servicios,Barranquilla,Universitario,Empresa familiar,Soltero,24,6,17,1041,1.0,11.8,91,10.0,10.0,8.2,7.9,10.0,7.4,8.92,8.4,1,5.4,9.1,6.9,0,1,5.0,3.7,5,17.7,28,50,28.2,16.4,14.6,11.7,13.2,8.3,4.4,3.2
SUJ-0251,Finanzas,Bucaramanga,Universitario,E-commerce,Casado,23,9,15,2809,1.0,31.7,57,6.7,6.6,4.6,6.1,5.0,3.2,5.37,7.5,29,4.2,8.2,9.4,1,1,5.0,0.0,45,26.6,50,62,31.3,23.0,13.3,13.0,8.4,3.2,5.0,2.8
SUJ-0252,Finanzas,Monterrey,Maestría,E-commerce,Soltero,25,6,8,2399,1.0,55.1,88,8.9,6.1,9.8,8.0,8.9,8.7,8.4,9.3,29,10.0,6.4,10.0,0,1,4.6,4.7,19,22.6,35,63,20.7,22.8,12.9,17.3,17.3,4.2,2.3,2.5
SUJ-0253,Servicios,Bogotá,Bachillerato,Startup escalada,Casado,27,1,3,10425,1.52,27.5,63,5.0,7.5,7.5,3.2,6.2,7.2,6.1,7.9,29,4.7,8.0,5.0,3,2,5.2,3.7,33,23.7,56,67,34.5,19.1,12.4,4.3,15.4,6.0,5.1,3.2
SUJ-0254,Finanzas,Barranquilla,Posgrado,Empresa propia,Casado,25,16,17,10068,25.58,58.1,62,7.9,5.1,5.9,6.5,6.7,7.5,6.6,7.4,36,4.7,10.0,7.9,1,1,6.1,3.6,29,46.1,40,58,27.0,5.0,33.6,13.8,8.3,12.2,0.0,0.1
SUJ-0255,Tecnología,São Paulo,Técnico,E-commerce,Soltero,32,6,15,28433,3.8,37.8,72,7.3,6.2,7.7,6.3,8.1,8.7,7.38,5.3,26,6.8,8.1,7.2,3,1,4.8,3.4,3,27.6,52,53,37.8,19.8,13.2,15.6,5.7,3.5,4.4,0.0
SUJ-0256,Retail/Comercio,Caracas,Universitario,Empresa familiar,Soltero,30,7,14,2973,4.25,16.8,61,5.7,3.8,5.6,5.8,7.4,4.4,5.45,5.3,9,6.5,5.5,6.2,2,2,4.2,0.0,16,23.4,53,61,38.8,17.6,6.0,21.7,6.0,5.0,2.4,2.5
SUJ-0257,Agroindustria,Buenos Aires,Bachillerato,Holding,Soltero,25,4,16,22303,4.05,30.8,78,6.8,6.8,8.9,3.3,8.2,8.1,7.02,5.7,23,4.0,6.8,6.1,1,0,6.7,1.8,43,33.8,28,58,31.3,18.0,16.4,6.5,15.1,4.2,5.0,3.5
SUJ-0258,Manufactura,Bucaramanga,Universitario,Empresa propia,Soltero,19,10,18,7591,3.05,37.3,84,9.6,6.1,7.8,4.6,9.6,9.4,7.85,8.4,34,0.0,7.1,7.1,0,1,6.5,4.3,23,25.1,33,53,32.2,22.7,15.4,9.3,13.6,4.2,1.9,0.7
SUJ-0259,Manufactura,CDMX,Maestría,Empresa propia,Casado,29,9,17,5470,4.38,19.1,79,6.4,8.5,4.8,5.8,9.7,7.9,7.18,6.8,26,7.4,7.6,6.4,1,2,5.0,3.4,23,30.0,58,53,31.4,13.7,16.5,14.0,13.4,8.4,1.9,0.7
SUJ-0260,Tecnología,Bucaramanga,Maestría,Empresa propia,Soltero,24,1,14,8817,4.2,39.1,72,7.0,9.5,5.3,3.3,6.5,7.2,6.47,5.8,24,4.2,8.2,9.2,3,1,6.1,4.5,19,27.5,50,57,19.6,19.0,11.3,18.6,16.9,8.5,3.0,3.1
SUJ-0261,Manufactura,Bogotá,Universitario,Startup escalada,Casado,24,7,10,9705,1.0,15.0,88,8.8,7.4,10.0,9.0,9.5,9.2,8.98,7.2,20,7.2,9.6,8.8,2,4,5.6,0.0,6,19.9,54,39,32.5,24.6,2.4,11.7,15.9,6.8,3.4,2.7
SUJ-0262,Salud/Farma,São Paulo,Universitario,Empresa propia,Casado,18,10,11,1509,12.21,13.2,78,7.9,7.3,7.3,5.0,7.2,9.1,7.3,7.3,34,6.1,8.7,7.1,1,4,5.1,0.5,35,37.1,44,54,29.9,24.0,16.9,9.8,13.7,1.3,3.9,0.5
SUJ-0263,Tecnología,CDMX,Universitario,Empresa propia,Soltero,28,11,19,11145,129.1,63.6,70,8.3,5.7,7.5,4.0,8.2,7.2,6.82,6.2,12,6.8,8.2,7.8,0,0,5.3,7.0,4,47.6,49,61,23.5,29.0,14.9,10.4,5.9,12.2,3.8,0.3
SUJ-0264,Retail/Comercio,Lima,Maestría,Empresa familiar,Casado,41,9,14,10332,5.41,38.4,71,8.9,6.3,6.8,5.1,5.6,7.6,6.72,7.8,11,5.6,10.0,7.0,0,2,4.9,2.3,10,29.8,44,63,26.7,21.2,15.1,7.6,15.5,9.0,4.5,0.4
SUJ-0265,Servicios,CDMX,Maestría,Empresa propia,Casado,22,9,16,48035,11.71,23.2,60,7.4,4.6,4.2,4.6,5.5,5.5,5.3,9.9,30,7.7,6.2,7.0,1,2,4.7,3.6,3,26.6,64,66,31.2,14.1,7.6,13.6,17.8,9.9,3.8,2.0
SUJ-0266,Inmuebles,São Paulo,Posgrado,Empresa propia,Casado,29,5,15,19438,4.27,22.2,59,6.5,5.7,4.6,5.2,7.1,5.3,5.73,5.9,28,3.1,7.0,6.6,4,2,5.4,3.9,29,26.2,38,54,20.5,16.6,11.7,17.6,14.1,9.8,7.0,2.7
SUJ-0267,Manufactura,Barranquilla,Posgrado,Empresa propia,Soltero,33,2,11,9232,3.32,12.5,66,6.5,6.3,8.2,2.3,7.3,5.0,5.93,8.0,36,4.8,8.1,5.2,0,3,6.1,3.1,21,21.9,49,54,32.9,11.3,22.9,7.2,11.5,8.5,5.0,0.7
SUJ-0268,Inmuebles,Lima,Maestría,Empresa propia,Soltero,22,6,17,9968,7.35,23.1,58,4.7,5.6,7.5,3.0,8.2,4.0,5.5,5.6,7,3.0,9.0,8.4,0,1,6.3,3.1,46,33.3,53,46,31.4,15.0,12.7,15.0,7.6,11.2,4.6,2.5
SUJ-0269,Finanzas,Bucaramanga,Bachillerato,Franquicia,Soltero,17,2,5,23348,1.05,35.7,57,6.1,6.2,4.1,4.0,8.0,6.7,5.85,9.5,29,4.2,8.4,5.4,0,1,5.8,3.1,16,25.6,69,56,26.5,13.5,15.6,15.8,10.7,10.5,4.6,2.8
SUJ-0270,Finanzas,Buenos Aires,Universitario,Startup escalada,Soltero,30,4,13,27333,6.92,51.3,60,6.2,4.9,7.9,5.6,7.5,6.1,6.37,5.7,27,3.8,6.9,7.6,1,4,5.4,3.4,9,29.1,55,55,37.1,16.2,18.9,6.8,8.3,7.8,1.5,3.4
SUJ-0271,Inmuebles,Santiago,Maestría,Startup escalada,Casado,26,4,7,14034,3.24,42.4,87,9.3,10.0,7.5,6.3,10.0,8.4,8.58,4.6,31,6.8,7.9,6.7,2,2,4.2,0.9,21,30.3,41,35,16.9,21.5,13.2,17.4,17.4,7.8,3.8,2.0
SUJ-0272,Inmuebles,Caracas,Maestría,Franquicia,Casado,27,3,15,11667,8.86,42.8,61,6.6,4.6,6.6,5.2,5.3,7.3,5.93,7.9,26,1.5,6.5,10.0,3,2,6.9,3.9,110,37.5,45,55,25.9,14.6,24.2,15.8,9.4,7.3,1.2,1.6
SUJ-0273,Servicios,Caracas,Posgrado,Franquicia,Unión libre,26,9,17,944,2.89,9.7,83,9.6,6.1,7.9,7.8,9.5,10.0,8.48,6.0,32,6.7,7.7,8.6,4,0,6.1,4.1,160,30.9,34,45,26.6,21.2,15.7,11.0,10.7,7.8,4.3,2.7
SUJ-0274,Agroindustria,Buenos Aires,Posgrado,E-commerce,Soltero,32,3,11,14190,11.37,10.9,64,6.5,2.4,7.4,5.1,6.4,6.8,5.77,10.0,11,9.4,6.8,6.6,1,0,5.5,2.7,25,31.3,64,72,24.8,11.6,11.9,20.8,20.1,4.9,3.4,2.5
SUJ-0275,Retail/Comercio,Bucaramanga,Universitario,Empresa propia,Soltero,25,14,18,2335,1.0,20.7,75,6.9,7.4,8.5,6.5,9.3,6.1,7.45,5.6,29,7.8,8.1,7.8,1,0,3.6,0.8,230,31.1,47,48,27.8,21.0,17.5,7.8,8.0,8.2,8.0,1.7
SUJ-0276,Retail/Comercio,Bogotá,Posgrado,Empresa propia,Casado,39,10,14,6636,6.21,42.7,61,7.2,1.8,5.8,4.8,6.3,6.5,5.4,5.1,20,3.4,10.0,5.0,0,5,3.6,0.1,47,35.8,62,59,30.6,21.2,16.7,14.8,9.9,5.2,0.7,0.9
SUJ-0277,Inmuebles,Caracas,Posgrado,Empresa familiar,Soltero,30,11,18,4158,7.9,13.0,75,8.0,6.0,8.9,7.6,9.2,8.6,8.05,7.7,29,7.1,5.6,6.7,1,1,5.3,3.2,20,25.7,40,58,33.5,21.6,11.1,8.9,12.3,7.8,3.3,1.5
SUJ-0278,Manufactura,Santiago,Universitario,Empresa propia,Soltero,32,4,16,3392,1.79,24.8,103,10.0,7.4,10.0,8.6,10.0,7.8,8.97,4.0,15,8.4,7.3,6.4,2,2,4.4,0.8,8,18.8,26,55,30.3,12.8,14.9,19.8,10.8,6.8,3.0,1.6
SUJ-0279,Inmuebles,Caracas,Maestría,Empresa propia,Casado,26,7,19,2971,9.9,19.5,63,6.7,3.7,7.0,1.5,7.4,8.0,5.72,5.1,24,5.6,8.1,9.3,0,5,3.3,4.0,41,37.2,58,65,21.2,17.9,20.5,16.8,9.8,7.8,3.0,3.0
SUJ-0280,Inmuebles,Bucaramanga,Maestría,Franquicia,Soltero,27,3,10,15471,1.0,29.0,68,7.1,6.0,5.4,5.9,6.6,5.9,6.15,5.9,27,9.2,6.7,6.2,0,0,4.3,1.1,7,22.4,52,50,21.9,17.0,15.7,19.9,13.3,7.0,2.5,2.7
SUJ-0281,Servicios,Monterrey,Técnico,E-commerce,Casado,17,8,13,11727,9.59,31.8,56,6.0,7.4,6.6,7.2,5.5,7.7,6.73,5.8,25,6.5,7.3,7.1,1,3,5.3,0.4,3,30.4,48,60,35.8,12.7,14.1,16.4,4.3,8.0,7.4,1.3
SUJ-0282,Finanzas,Barranquilla,Universitario,Empresa propia,Soltero,22,1,9,5929,7.15,43.6,87,8.9,8.2,7.6,8.2,10.0,8.4,8.55,6.4,24,7.6,6.3,8.9,4,2,4.8,3.5,11,27.2,33,59,24.0,14.7,18.3,16.0,8.6,6.9,9.3,2.2
SUJ-0283,Finanzas,Monterrey,Universitario,Empresa propia,Casado,32,11,21,8736,7.32,37.6,89,10.0,6.4,8.0,6.2,10.0,7.6,8.03,6.4,15,4.8,8.7,6.8,2,2,5.1,4.5,15,31.5,26,53,24.1,20.5,5.3,19.0,11.1,10.5,6.4,3.1
SUJ-0284,Tecnología,Caracas,Posgrado,Empresa propia,Casado,25,4,11,33349,9.36,62.9,60,6.0,8.0,5.0,5.9,6.0,7.0,6.32,6.0,18,6.8,9.9,7.8,1,4,5.1,5.3,14,41.6,52,58,26.2,14.0,22.6,16.9,10.7,1.0,6.8,1.8
SUJ-0285,Manufactura,Lima,Universitario,Holding,Soltero,19,8,13,4053,2.34,26.6,70,6.6,5.1,9.0,4.4,6.6,6.3,6.33,8.7,2,5.5,8.3,9.0,3,2,7.5,4.3,27,25.7,52,69,33.8,23.3,5.8,13.3,9.2,8.1,3.2,3.3
SUJ-0286,Tecnología,Cali,Posgrado,Empresa propia,Unión libre,21,9,17,6407,17.54,59.2,78,8.6,8.1,7.5,5.8,7.8,5.0,7.13,7.2,20,6.3,8.9,7.2,2,1,5.6,1.9,51,45.1,43,63,30.9,17.2,16.8,12.2,11.2,4.5,5.2,2.0
SUJ-0287,Retail/Comercio,Bucaramanga,Maestría,Franquicia,Casado,21,5,10,6100,1.0,32.1,73,7.2,4.1,9.1,4.8,10.0,7.1,7.05,7.4,24,7.2,8.7,6.6,0,1,6.4,2.7,1,22.2,40,53,16.4,20.5,22.9,8.2,20.8,9.6,1.7,-0.1
SUJ-0288,Retail/Comercio,Medellín,Universitario,E-commerce,Unión libre,25,4,9,21987,1.0,11.4,60,8.1,5.1,7.3,5.1,8.3,8.3,7.03,7.3,22,4.2,7.2,8.8,1,0,4.3,0.3,8,18.3,57,56,20.7,23.3,14.6,13.7,11.0,8.7,4.9,3.1
SUJ-0289,Finanzas,Medellín,Maestría,Startup escalada,Soltero,20,6,12,3465,3.79,66.4,59,7.3,3.8,5.1,7.5,7.6,5.3,6.1,7.3,12,6.0,8.9,7.7,4,0,5.6,2.0,5,34.0,41,58,25.5,23.0,17.7,12.3,10.7,5.5,3.1,2.2
SUJ-0290,Manufactura,CDMX,Doctorado,Empresa propia,Casado,34,10,18,34296,3.1,22.0,56,7.2,7.8,4.9,2.5,6.1,3.9,5.4,7.6,31,10.0,7.0,7.3,4,0,6.4,4.5,2,21.4,65,58,31.5,3.8,19.2,14.2,14.2,9.0,6.2,1.9
SUJ-0291,Tecnología,Buenos Aires,Técnico,Empresa propia,Soltero,27,6,11,2907,9.14,64.2,86,9.9,6.3,8.0,7.5,10.0,7.2,8.15,8.2,26,8.4,6.9,7.8,1,2,4.9,2.8,17,44.2,43,72,25.4,21.3,15.6,21.0,12.4,1.4,2.1,0.8
SUJ-0292,Tecnología,Buenos Aires,Universitario,E-commerce,Casado,17,9,15,922,1.57,47.5,81,7.3,5.5,7.8,5.3,9.0,7.3,7.03,9.1,23,7.2,5.2,7.3,3,3,5.1,3.8,14,23.4,47,71,14.5,17.5,21.4,13.6,13.9,13.7,3.6,1.8
SUJ-0293,Servicios,São Paulo,Doctorado,Holding,Casado,35,10,17,1699,3.37,30.0,95,9.5,8.5,8.3,6.0,8.1,10.0,8.4,8.9,16,6.5,7.8,3.8,0,1,5.0,0.5,39,30.3,39,64,19.4,18.8,17.2,16.5,12.0,10.4,3.7,2.0
SUJ-0294,Finanzas,Buenos Aires,Doctorado,Empresa propia,Soltero,25,6,11,4444,1.0,62.3,59,7.1,5.0,7.7,5.4,4.6,4.1,5.65,10.0,14,8.2,9.5,6.4,1,2,4.4,0.0,1,25.7,50,67,26.3,13.6,20.6,10.9,13.4,4.9,8.1,2.2
SUJ-0295,Tecnología,Monterrey,Técnico,Franquicia,Unión libre,29,6,17,8393,44.21,64.8,76,8.2,9.3,7.6,6.0,10.0,7.2,8.05,6.2,29,5.0,7.3,8.1,2,4,5.4,2.3,1,35.1,40,55,30.1,21.5,14.1,14.7,11.6,2.3,4.0,1.7
SUJ-0296,Retail/Comercio,Barranquilla,Bachillerato,Empresa propia,Soltero,27,7,19,5819,8.18,29.9,74,6.7,6.8,7.7,6.3,7.2,5.9,6.77,6.4,31,7.6,6.6,5.0,1,1,3.9,1.6,19,33.3,50,68,35.2,19.0,8.4,18.0,4.6,7.6,4.4,2.8
SUJ-0297,Inmuebles,Bucaramanga,Técnico,Empresa propia,Soltero,28,11,16,3776,1.49,26.9,77,8.9,6.7,6.1,5.9,6.6,8.3,7.08,8.6,16,3.8,9.0,7.4,3,5,3.9,2.6,42,27.5,51,66,27.3,24.2,6.6,17.3,17.4,5.1,1.5,0.6
SUJ-0298,Tecnología,Bogotá,Doctorado,E-commerce,Casado,23,5,8,6604,1.19,32.7,81,7.9,7.8,5.4,6.1,10.0,9.3,7.75,6.1,5,4.7,9.0,9.7,4,3,5.1,3.5,23,25.0,52,46,25.8,21.1,14.3,10.3,11.1,9.1,5.4,2.9
SUJ-0299,Manufactura,CDMX,Técnico,Empresa propia,Casado,27,11,15,14601,2.99,7.5,115,10.0,9.0,10.0,8.6,10.0,10.0,9.6,7.4,26,5.3,7.3,7.8,5,2,6.2,4.1,5,18.2,28,64,27.4,23.4,15.6,10.3,6.6,10.6,4.5,1.6
SUJ-0300,Tecnología,Lima,Posgrado,Startup escalada,Soltero,25,8,16,14607,60.01,68.0,115,10.0,9.6,9.0,8.4,10.0,10.0,9.5,10.0,44,9.3,7.7,6.2,2,1,6.1,1.8,5,44.5,32,59,18.8,22.3,22.4,11.4,8.0,8.7,5.0,3.4
SUJ-0301,Tecnología,Santiago,Maestría,E-commerce,Soltero,28,4,10,10363,1.86,40.9,77,9.6,5.5,7.2,5.7,6.0,6.3,6.72,10.0,13,9.3,6.7,7.9,1,0,4.1,3.5,8,25.8,61,55,25.0,19.6,18.2,14.6,10.8,7.4,1.3,3.1
SUJ-0302,Retail/Comercio,Lima,Bachillerato,Franquicia,Unión libre,24,7,9,24367,1.45,39.7,94,9.4,7.0,8.7,7.2,8.7,8.6,8.27,6.1,21,6.8,6.5,4.3,1,2,3.8,1.9,8,17.2,33,52,24.3,11.3,18.0,6.5,17.3,17.5,1.1,4.0
SUJ-0303,Retail/Comercio,Bucaramanga,Posgrado,Franquicia,Casado,24,2,7,7136,1.35,41.2,61,4.1,4.3,6.6,4.3,6.6,6.5,5.4,5.4,24,5.1,8.1,7.5,1,1,7.2,2.2,53,24.5,62,52,34.5,17.3,13.5,8.2,17.0,6.8,1.4,1.3
SUJ-0304,Manufactura,Cali,Universitario,E-commerce,Soltero,17,2,9,500,3.42,31.2,71,7.6,6.7,6.4,7.5,9.8,8.9,7.82,4.3,22,5.1,10.0,10.0,2,2,5.0,4.0,4,30.3,40,41,31.5,10.3,16.7,19.6,11.8,2.9,5.8,1.4
SUJ-0305,Inmuebles,Buenos Aires,Maestría,Empresa propia,Soltero,25,9,18,2750,8.48,37.2,62,7.1,4.7,5.3,2.9,7.8,5.0,5.47,7.4,35,8.7,9.3,8.5,1,3,3.7,0.4,51,38.6,46,58,28.6,15.9,21.1,11.4,11.9,4.1,5.1,1.9
SUJ-0306,Salud/Farma,São Paulo,Universitario,Startup escalada,Unión libre,27,10,22,3182,2.65,10.4,76,5.8,7.5,6.8,4.1,7.4,6.7,6.38,6.8,11,6.1,5.6,7.4,2,2,4.8,4.7,13,23.4,46,60,21.7,21.8,22.5,17.0,7.6,1.5,5.6,2.3
SUJ-0307,Retail/Comercio,Santiago,Posgrado,Empresa familiar,Casado,37,7,11,6340,1.0,9.5,79,9.7,5.6,5.3,8.2,9.7,8.2,7.78,7.3,37,7.4,9.2,7.8,1,0,4.8,0.0,8,21.8,45,44,9.4,17.5,23.1,20.1,14.3,10.5,3.8,1.3
SUJ-0308,Finanzas,Monterrey,Posgrado,Empresa propia,Unión libre,28,7,11,18821,1.62,38.9,103,6.7,7.2,10.0,8.6,10.0,10.0,8.75,6.9,22,7.1,7.6,9.6,3,1,5.8,3.1,41,26.8,36,57,21.6,21.1,16.3,13.1,15.8,5.8,3.9,2.4
SUJ-0309,Inmuebles,Bucaramanga,Universitario,Empresa propia,Soltero,21,5,10,14566,10.28,54.8,60,7.4,5.7,7.0,3.3,5.5,5.5,5.73,6.9,27,10.0,8.1,5.9,0,2,6.5,6.0,3,37.0,54,57,23.5,13.0,22.6,22.0,9.1,5.1,4.1,0.6
SUJ-0310,Finanzas,Cali,Bachillerato,Empresa propia,Casado,19,7,10,2113,7.6,67.3,90,7.2,7.7,9.1,7.8,10.0,10.0,8.63,6.7,24,4.8,5.9,7.4,3,1,6.0,1.1,19,38.7,30,60,31.4,19.2,12.6,15.0,10.7,7.4,2.3,1.4
SUJ-0311,Retail/Comercio,Monterrey,Universitario,Holding,Casado,27,14,18,5861,1.0,28.9,67,8.2,7.0,7.0,4.4,9.2,6.1,6.98,7.5,21,6.7,6.6,8.7,3,3,6.4,1.8,9,17.6,47,63,34.4,10.0,22.7,15.9,3.3,10.7,2.9,0.1
SUJ-0312,Tecnología,Cali,Universitario,Holding,Soltero,21,11,15,8610,32.93,70.5,65,7.9,4.2,8.2,5.8,6.5,5.4,6.33,9.2,17,3.9,10.0,4.1,3,2,5.8,3.0,17,50.0,48,54,36.1,13.4,19.2,15.2,7.0,3.7,2.9,2.5
SUJ-0313,Tecnología,Buenos Aires,Maestría,Startup escalada,Casado,22,6,13,35063,12.62,39.3,69,9.2,4.0,8.6,5.5,7.1,6.6,6.83,3.8,20,5.6,9.0,8.7,1,0,4.8,1.0,17,33.3,51,50,25.4,19.7,21.1,12.2,10.9,5.7,4.2,0.8
SUJ-0314,Salud/Farma,Caracas,Maestría,Startup escalada,Casado,21,6,9,500,1.18,21.5,99,10.0,9.7,10.0,8.1,9.5,8.5,9.3,6.9,42,6.7,7.0,7.2,1,4,4.1,2.6,11,23.7,26,64,17.5,27.9,15.3,14.5,10.7,4.4,7.6,2.1
SUJ-0315,Servicios,Monterrey,Universitario,Franquicia,Soltero,24,5,14,4987,4.47,44.3,46,5.9,2.7,5.2,4.2,5.3,5.4,4.78,5.8,34,7.6,6.9,7.5,1,1,6.2,4.2,13,26.7,56,54,20.5,24.1,13.6,12.1,15.3,6.9,4.7,2.8
SUJ-0316,Manufactura,Barranquilla,Posgrado,E-commerce,Casado,30,1,11,35455,6.62,54.2,78,7.7,7.7,7.5,5.0,8.5,8.8,7.53,8.2,21,3.7,6.7,7.3,2,3,5.3,2.3,1,24.8,54,65,28.3,17.1,21.1,16.6,9.2,5.8,0.8,1.1
SUJ-0317,Retail/Comercio,Medellín,Posgrado,Holding,Casado,17,5,7,30249,1.54,39.2,88,6.6,4.3,8.5,6.1,9.4,9.5,7.4,6.8,30,7.4,9.5,10.0,2,3,4.6,0.0,92,33.0,35,61,16.3,19.7,21.9,13.6,14.7,5.0,6.6,2.2
SUJ-0318,Tecnología,Lima,Maestría,E-commerce,Casado,33,9,10,3212,1.0,30.1,59,8.9,6.1,5.3,4.9,7.1,7.2,6.58,9.1,29,3.9,7.4,7.2,0,3,3.8,3.9,19,20.8,60,65,25.3,21.7,16.6,8.1,10.1,14.6,2.9,0.7
SUJ-0319,Tecnología,Barranquilla,Universitario,Franquicia,Casado,24,3,7,500,1.39,71.3,79,7.4,6.7,8.0,4.3,7.7,7.4,6.92,8.9,2,5.2,6.5,9.3,2,1,5.5,1.7,41,36.1,42,58,25.9,19.6,15.6,8.7,9.1,13.2,4.1,3.8
SUJ-0320,Finanzas,Santiago,Universitario,Holding,Soltero,22,6,11,7069,8.29,44.4,63,7.3,6.1,6.6,4.3,8.4,6.7,6.57,6.1,17,7.0,7.9,6.7,1,4,4.5,7.0,30,36.2,43,63,15.6,20.7,21.4,16.8,7.8,10.8,3.5,3.4
SUJ-0321,Retail/Comercio,CDMX,Universitario,E-commerce,Soltero,31,2,12,16135,5.81,38.5,99,8.7,9.1,10.0,7.2,7.9,7.7,8.43,7.8,8,2.6,7.3,5.4,2,2,5.0,5.5,32,29.3,34,60,28.5,15.1,17.2,14.6,14.3,3.2,3.8,3.3
SUJ-0322,Inmuebles,Caracas,Posgrado,Holding,Casado,24,10,16,3136,1.51,33.1,55,4.8,6.3,7.8,4.6,5.5,4.7,5.62,9.1,22,5.2,7.7,9.1,1,2,6.0,2.2,14,20.6,42,59,31.9,12.5,19.3,15.4,6.0,9.4,1.6,3.9
SUJ-0323,Manufactura,Medellín,Universitario,E-commerce,Soltero,19,2,9,21777,2.8,38.9,80,8.2,7.4,8.2,5.4,7.9,9.1,7.7,6.9,34,6.9,6.7,7.8,0,3,4.7,3.7,208,30.9,34,50,19.4,10.7,28.5,16.5,13.5,6.7,2.3,2.4
SUJ-0324,Finanzas,Barranquilla,Universitario,Holding,Soltero,17,9,16,3236,3.43,48.8,66,7.5,6.9,7.7,6.3,6.7,6.6,6.95,7.4,28,5.7,8.3,6.4,0,1,5.1,1.2,24,28.3,42,67,27.4,12.7,24.1,15.2,4.6,10.5,2.5,3.0
SUJ-0325,Agroindustria,Bucaramanga,Técnico,Holding,Soltero,30,11,14,7536,6.24,57.5,70,9.5,7.6,7.0,3.5,7.8,7.1,7.08,6.4,24,5.7,7.8,5.4,1,0,3.9,4.5,2,27.1,45,56,32.3,24.0,10.5,14.6,9.7,5.6,2.0,1.3
SUJ-0326,Inmuebles,Cali,Maestría,E-commerce,Soltero,30,5,10,10242,4.72,45.2,68,8.4,7.6,8.0,5.4,8.1,7.4,7.48,7.0,15,8.2,7.8,10.0,3,2,4.9,3.6,16,30.9,38,47,26.7,13.1,19.6,9.3,20.6,4.2,4.0,2.5
SUJ-0327,Retail/Comercio,Santiago,Universitario,Holding,Casado,23,4,10,3390,2.36,10.8,87,9.0,8.0,9.5,7.4,8.8,6.0,8.12,7.9,6,3.9,5.9,7.3,0,2,4.1,5.0,24,20.7,47,61,27.3,18.8,14.0,12.7,11.8,9.0,3.4,3.0
SUJ-0328,Manufactura,Bucaramanga,Universitario,Franquicia,Soltero,33,9,16,3473,1.0,4.0,75,7.5,5.2,9.4,9.8,7.6,7.9,7.9,8.3,27,3.7,9.1,8.3,3,0,5.7,0.8,14,18.0,60,58,37.3,14.0,13.5,21.7,2.1,4.0,5.1,2.3
SUJ-0329,Retail/Comercio,Medellín,Universitario,Empresa propia,Soltero,26,13,14,5078,1.0,5.1,53,6.3,4.6,3.1,2.7,5.3,5.2,4.53,8.5,22,3.8,7.7,6.5,1,3,4.5,2.4,38,24.9,68,62,33.7,15.0,19.8,9.4,10.2,8.5,3.5,-0.1
SUJ-0330,Finanzas,São Paulo,Universitario,Empresa propia,Unión libre,33,12,16,14425,21.01,56.4,77,7.8,6.5,8.4,3.4,9.8,8.7,7.43,7.3,24,8.1,9.4,7.8,0,3,5.3,6.2,17,40.0,41,60,23.7,22.6,14.6,15.1,7.6,11.2,3.7,1.5
SUJ-0331,Finanzas,Cali,Posgrado,E-commerce,Casado,20,6,12,850,3.81,61.6,76,8.1,5.6,7.1,7.2,8.1,7.5,7.27,6.2,21,5.1,9.1,9.9,0,3,4.5,6.0,69,38.0,34,68,25.0,23.5,15.1,8.1,13.4,9.4,2.0,3.5
SUJ-0332,Inmuebles,Santiago,Universitario,E-commerce,Casado,19,3,7,7986,2.14,4.0,87,7.7,5.8,9.0,7.2,8.1,7.4,7.53,6.8,23,8.5,6.9,7.2,1,0,4.3,1.9,33,15.8,55,59,26.6,28.0,17.3,5.6,13.2,3.1,4.9,1.3
SUJ-0333,Tecnología,CDMX,Universitario,Empresa familiar,Casado,22,6,7,9049,3.27,69.5,77,7.2,7.8,8.3,6.5,8.3,7.4,7.58,9.2,19,7.7,7.1,7.4,3,3,4.2,0.5,3,28.3,43,61,17.7,17.0,17.8,12.4,22.2,4.9,3.1,4.9
SUJ-0334,Tecnología,Medellín,Posgrado,Empresa propia,Casado,23,1,4,6529,4.71,57.3,52,5.9,5.2,4.6,1.8,5.4,4.2,4.52,9.5,24,7.7,8.1,10.0,2,6,4.4,2.6,5,29.7,76,61,23.4,19.7,18.5,19.3,10.9,3.7,3.7,0.8
SUJ-0335,Tecnología,Santiago,Universitario,Franquicia,Casado,32,5,6,21970,3.0,75.0,88,9.1,6.5,6.1,6.4,9.1,10.0,7.87,7.2,19,4.7,9.5,4.5,0,1,4.9,1.9,33,38.8,23,55,28.5,22.3,14.9,11.4,8.7,7.3,6.8,0.1
SUJ-0336,Tecnología,Barranquilla,Técnico,Empresa propia,Casado,27,8,19,7370,15.08,38.8,88,8.8,7.4,8.9,7.0,10.0,9.1,8.53,7.8,35,4.8,6.1,6.2,2,2,6.2,3.8,7,35.1,32,60,22.6,18.2,13.5,15.0,15.2,10.5,3.7,1.3
SUJ-0337,Servicios,Santiago,Maestría,Empresa propia,Unión libre,21,5,10,8053,1.0,26.2,80,8.2,7.2,7.2,4.4,10.0,9.3,7.72,7.5,18,10.0,8.7,7.4,2,1,5.1,3.9,55,30.2,46,65,33.0,13.5,17.2,14.4,13.7,4.4,3.2,0.6
SUJ-0338,Inmuebles,Medellín,Universitario,Startup escalada,Soltero,26,4,10,7325,7.72,35.7,76,6.8,5.0,8.5,4.0,8.5,8.7,6.92,7.5,44,8.9,5.8,7.0,1,1,4.8,1.4,13,28.2,54,66,24.8,24.1,16.9,13.1,9.6,6.0,4.0,1.5
SUJ-0339,Retail/Comercio,Caracas,Universitario,Empresa propia,Unión libre,23,6,9,10241,1.0,17.6,78,6.4,5.6,7.4,5.2,7.9,6.9,6.57,4.0,28,9.8,6.4,8.2,4,2,5.5,1.5,15,14.0,43,50,36.0,15.6,20.2,11.2,8.8,5.9,0.5,1.8
SUJ-0340,Tecnología,Buenos Aires,Bachillerato,E-commerce,Soltero,21,6,13,1163,2.33,34.6,88,8.7,7.0,9.4,5.6,9.5,8.8,8.17,5.6,8,2.2,6.9,7.6,4,3,5.8,1.5,13,21.9,33,50,33.6,22.5,14.9,7.1,9.7,7.3,1.8,3.1
SUJ-0341,Retail/Comercio,Caracas,Universitario,Holding,Casado,25,10,18,17975,11.0,41.4,91,7.1,7.4,9.1,7.7,10.0,9.3,8.43,8.5,46,5.9,6.0,6.7,1,2,6.1,2.1,12,30.8,29,61,28.0,19.2,12.8,15.8,12.5,3.6,4.8,3.3
SUJ-0342,Retail/Comercio,Barranquilla,Posgrado,Franquicia,Soltero,24,2,5,500,1.4,31.6,80,9.1,4.7,5.8,5.5,8.6,8.8,7.08,7.7,41,8.2,5.9,9.0,3,1,6.7,3.1,3,16.4,38,61,32.8,18.1,17.4,4.5,9.6,9.7,6.7,1.2
SUJ-0343,Tecnología,Bucaramanga,Posgrado,Startup escalada,Casado,21,9,12,8189,11.84,57.9,81,6.7,7.8,7.9,4.9,9.6,8.9,7.63,8.9,0,8.4,9.2,6.6,2,3,5.3,2.2,4,41.7,43,77,30.2,19.5,13.1,15.9,9.0,5.2,3.7,3.4
SUJ-0344,Retail/Comercio,Medellín,Maestría,Franquicia,Casado,21,7,11,7646,1.5,47.5,75,7.2,6.5,7.4,8.6,9.2,7.0,7.65,7.2,22,8.4,10.0,8.6,0,1,5.2,0.2,35,30.7,26,62,24.4,24.6,12.9,13.2,8.5,5.3,8.1,3.0
SUJ-0345,Finanzas,Buenos Aires,Técnico,Empresa propia,Unión libre,30,8,9,1866,3.43,47.5,105,10.0,8.2,9.2,8.6,8.7,10.0,9.12,5.6,3,7.6,10.0,6.8,1,2,3.4,4.4,3,28.6,20,67,38.0,17.7,14.3,9.3,7.5,5.8,4.7,2.7
SUJ-0346,Manufactura,Bogotá,Universitario,Startup escalada,Unión libre,28,1,8,500,4.89,29.2,45,6.5,3.4,6.0,4.5,6.6,5.5,5.42,7.2,9,7.0,7.2,7.8,1,3,6.4,0.4,37,30.1,64,57,23.9,16.5,16.4,19.5,11.5,5.7,5.2,1.3
SUJ-0347,Manufactura,CDMX,Maestría,Startup escalada,Unión libre,31,10,19,1195,1.0,29.7,64,7.5,4.4,5.4,3.9,8.6,5.6,5.9,8.9,13,7.3,9.7,10.0,2,2,5.1,2.5,21,24.4,71,69,30.2,13.7,16.2,15.1,10.0,8.9,4.1,1.8
SUJ-0348,Tecnología,Buenos Aires,Doctorado,Empresa propia,Soltero,24,9,10,2536,11.09,57.7,62,7.4,5.6,8.6,3.6,8.7,5.8,6.62,7.8,28,7.9,9.1,6.9,1,1,6.6,1.4,10,32.8,45,69,16.6,23.6,14.4,21.0,8.2,11.0,5.2,0.0
SUJ-0349,Finanzas,Bogotá,Técnico,Empresa propia,Unión libre,19,13,22,17103,6.56,28.4,101,10.0,8.5,7.4,7.2,10.0,10.0,8.85,4.9,22,5.5,6.9,9.2,2,5,5.4,4.7,7,31.6,51,39,30.7,21.6,19.7,6.6,5.6,8.9,5.7,1.2
SUJ-0350,Manufactura,São Paulo,Universitario,Empresa propia,Soltero,22,4,13,15488,7.64,24.5,70,6.2,8.7,5.1,7.3,10.0,7.0,7.38,5.9,29,8.9,7.7,6.1,1,2,4.7,4.1,52,39.0,32,54,30.2,31.5,9.4,7.6,7.9,8.0,3.1,2.3
SUJ-0351,Retail/Comercio,São Paulo,Universitario,Empresa propia,Casado,32,4,2,527,3.27,44.6,46,5.8,7.1,6.1,2.5,5.4,5.1,5.33,6.4,35,8.2,9.3,6.8,1,3,7.4,2.2,29,29.1,69,53,11.4,26.9,17.8,20.0,8.5,7.1,6.5,1.8
SUJ-0352,Servicios,Lima,Bachillerato,Empresa familiar,Soltero,17,1,3,2731,3.15,20.3,62,7.4,4.8,9.5,2.5,5.5,5.7,5.9,5.2,7,6.1,7.6,7.3,2,4,4.5,5.4,9,25.1,53,58,23.0,24.4,20.8,10.1,9.2,6.2,4.2,2.1
SUJ-0353,Manufactura,Cali,Universitario,E-commerce,Soltero,34,4,8,17608,1.34,18.2,80,8.5,5.6,6.9,4.1,7.1,9.2,6.9,6.8,29,6.4,7.2,7.3,2,2,5.0,4.8,17,20.6,64,62,28.0,29.4,10.1,9.6,7.5,7.3,6.8,1.3
SUJ-0354,Tecnología,Buenos Aires,Técnico,Empresa propia,Unión libre,19,12,20,2160,58.94,66.0,73,7.4,4.7,7.9,3.3,8.3,9.0,6.77,8.7,30,5.7,6.3,9.0,3,1,3.8,0.7,12,50.4,38,59,26.5,19.6,18.6,15.7,6.7,6.2,5.8,0.9
SUJ-0355,Tecnología,Monterrey,Maestría,Startup escalada,Unión libre,30,8,16,44102,38.23,52.6,71,8.4,6.3,8.6,4.7,8.8,6.5,7.22,5.9,5,4.1,8.6,8.6,0,3,4.6,3.4,13,47.0,46,52,30.9,13.5,12.8,17.5,14.7,5.0,3.4,2.2
SUJ-0356,Manufactura,CDMX,Posgrado,Franquicia,Casado,19,4,7,2374,2.44,16.0,75,8.3,4.8,7.1,7.4,7.7,8.5,7.3,8.6,41,7.1,8.3,10.0,3,4,3.5,2.4,522,31.1,37,60,29.1,24.4,10.4,12.6,14.0,4.2,2.7,2.6
SUJ-0357,Tecnología,Buenos Aires,Técnico,Empresa propia,Casado,22,7,19,10749,6.79,40.3,88,10.0,5.6,7.7,4.2,10.0,9.4,7.82,8.1,28,9.6,7.9,8.3,2,0,3.8,1.8,37,37.7,32,61,38.1,15.5,14.1,8.4,12.8,8.7,0.9,1.5
SUJ-0358,Manufactura,Bogotá,Bachillerato,Empresa familiar,Soltero,17,6,10,4317,1.14,24.0,85,9.0,6.2,10.0,6.4,7.9,7.7,7.87,6.6,22,4.8,7.9,10.0,1,1,5.0,0.8,101,28.5,34,66,16.6,15.5,11.8,14.3,15.9,17.5,4.5,3.9
SUJ-0359,Agroindustria,Monterrey,Maestría,Startup escalada,Casado,37,1,4,1171,1.0,10.0,62,4.3,4.7,6.9,4.1,3.4,5.8,4.87,7.9,19,8.2,5.4,9.3,1,2,6.0,4.4,12,15.1,62,78,28.9,22.7,17.1,11.6,8.4,8.4,2.3,0.6
SUJ-0360,Manufactura,CDMX,Técnico,Startup escalada,Casado,29,1,3,2356,7.28,37.4,77,8.9,5.6,8.3,5.8,10.0,8.6,7.87,6.7,44,8.5,9.3,7.8,0,1,4.0,3.9,1,25.5,47,55,37.0,18.1,12.4,13.6,6.6,6.5,5.0,0.8
SUJ-0361,Finanzas,Monterrey,Posgrado,E-commerce,Soltero,29,11,16,8994,4.42,37.4,94,8.8,5.7,7.1,6.3,8.6,7.0,7.25,8.3,12,7.1,7.4,9.7,2,5,5.2,2.0,12,32.3,49,54,26.1,12.2,17.2,6.6,15.1,14.5,6.8,1.5
SUJ-0362,Manufactura,Barranquilla,Universitario,Startup escalada,Soltero,23,9,18,3288,3.62,28.7,75,7.5,6.3,8.0,3.0,7.3,5.0,6.18,10.0,49,4.9,7.8,8.1,2,1,4.9,1.6,19,26.2,57,71,26.4,22.3,16.1,10.3,17.1,5.7,0.8,1.3
SUJ-0363,Retail/Comercio,Bogotá,Posgrado,Empresa propia,Soltero,20,1,4,7413,5.74,34.3,65,5.6,5.6,8.0,4.6,8.2,8.2,6.7,10.0,0,6.8,9.6,8.3,5,0,3.5,1.9,11,32.1,56,62,26.0,17.7,20.6,10.3,10.7,5.5,7.0,2.2
SUJ-0364,Retail/Comercio,São Paulo,Universitario,E-commerce,Casado,30,6,13,1840,4.08,37.3,57,6.5,6.9,6.8,5.9,6.6,6.1,6.47,4.1,14,3.6,6.6,7.5,1,2,6.0,1.6,23,32.3,60,50,25.1,20.0,20.1,10.0,11.7,8.1,2.4,2.6
SUJ-0365,Agroindustria,Santiago,Técnico,Empresa familiar,Soltero,18,4,11,4762,1.0,41.3,76,10.0,4.9,8.2,6.2,8.3,8.2,7.63,6.9,21,4.1,7.5,7.3,3,2,6.4,4.3,16,24.6,39,54,15.4,22.7,23.2,12.3,12.5,9.4,4.2,0.3
SUJ-0366,Finanzas,Barranquilla,Universitario,Empresa propia,Soltero,24,11,17,5743,3.33,29.2,70,8.6,6.8,9.3,5.2,7.6,10.0,7.92,6.6,31,7.7,7.8,6.6,2,5,5.3,1.6,15,25.2,23,63,18.0,24.3,16.1,15.0,10.3,7.2,6.1,3.0
SUJ-0367,Salud/Farma,CDMX,Universitario,Startup escalada,Soltero,18,8,15,4258,11.87,35.2,69,6.0,8.4,7.8,6.4,6.9,7.3,7.13,8.4,15,7.1,9.1,6.7,1,2,4.6,3.3,57,41.8,57,59,27.4,19.4,16.8,12.6,16.3,6.0,0.0,1.5
SUJ-0368,Servicios,CDMX,Universitario,E-commerce,Casado,26,3,12,1764,1.0,30.8,75,7.4,4.6,9.1,5.6,9.2,8.1,7.33,8.9,15,3.4,7.5,6.2,1,0,3.0,1.1,32,26.7,51,58,19.2,13.9,22.7,9.5,18.4,11.0,4.2,1.1
SUJ-0369,Tecnología,Medellín,Posgrado,Empresa propia,Casado,17,7,14,4952,3.32,37.2,63,8.0,4.2,7.6,4.1,6.8,6.3,6.17,8.5,24,2.6,10.0,7.6,2,2,5.1,2.6,8,34.8,54,68,36.8,12.6,13.5,12.9,12.1,5.9,3.3,2.9
SUJ-0370,Tecnología,Bogotá,Universitario,Startup escalada,Casado,17,7,17,9444,20.61,56.0,90,8.9,5.9,7.8,5.8,10.0,8.3,7.78,8.0,11,9.4,5.1,5.9,3,0,6.2,0.0,464,48.0,32,55,27.6,17.8,20.5,17.9,7.3,5.0,1.2,2.7
SUJ-0371,Tecnología,Lima,Bachillerato,Empresa propia,Soltero,20,7,9,26797,2.32,46.5,71,4.9,6.8,7.5,5.3,8.1,5.8,6.4,5.9,30,6.6,7.6,7.7,1,2,4.2,4.6,64,30.3,53,56,35.2,12.1,10.5,18.9,10.8,6.2,4.8,1.5
SUJ-0372,Tecnología,Lima,Posgrado,Holding,Soltero,29,5,9,12466,10.92,72.0,99,9.1,8.7,10.0,9.3,9.3,10.0,9.4,9.4,4,5.2,7.7,7.3,0,0,5.2,0.7,74,44.0,20,71,39.0,16.7,15.8,8.6,16.5,1.1,0.0,2.3
SUJ-0373,Tecnología,CDMX,Posgrado,Empresa propia,Soltero,22,7,9,1408,1.36,44.4,86,10.0,8.5,5.0,5.2,8.7,8.6,7.67,6.6,12,5.0,9.3,5.6,0,3,5.1,0.4,13,30.0,33,49,34.0,15.8,17.0,9.5,11.1,7.2,3.2,2.2
SUJ-0374,Manufactura,Lima,Doctorado,Empresa familiar,Unión libre,31,3,11,2547,1.0,21.8,71,9.1,6.3,7.4,4.3,8.1,6.1,6.88,5.2,15,7.4,7.7,8.9,1,4,6.1,4.3,62,26.0,51,55,32.2,12.8,14.6,14.7,12.5,7.6,3.6,2.0
SUJ-0375,Tecnología,Cali,Posgrado,Empresa propia,Soltero,35,2,12,656,9.92,47.1,55,6.0,7.4,7.6,5.8,5.9,7.1,6.63,4.8,22,6.4,8.8,7.9,2,1,5.6,0.9,26,35.6,44,47,38.5,13.5,14.9,7.8,14.4,8.3,0.5,2.1
SUJ-0376,Finanzas,São Paulo,Universitario,Empresa propia,Soltero,24,2,7,1166,3.93,36.4,81,7.9,7.6,6.6,6.5,9.4,7.4,7.57,7.0,21,6.3,6.7,7.3,3,3,4.4,3.2,9,24.8,43,69,39.6,9.1,13.8,13.9,7.3,7.0,5.2,4.1
SUJ-0377,Servicios,Medellín,Posgrado,Empresa propia,Casado,17,3,10,2308,1.26,4.0,79,5.2,8.4,6.2,8.1,9.1,8.0,7.5,9.0,47,1.6,8.2,6.4,2,0,5.3,4.1,13,22.6,44,51,30.0,14.2,16.5,17.4,9.3,7.5,4.2,0.9
SUJ-0378,Tecnología,CDMX,Doctorado,Empresa familiar,Soltero,31,8,9,1780,1.03,40.7,63,6.5,5.8,7.0,7.0,5.8,7.3,6.57,5.9,24,9.6,10.0,7.5,1,0,6.9,2.7,8,28.2,54,54,26.8,15.2,14.9,14.0,14.0,11.7,2.6,0.8
SUJ-0379,Inmuebles,Lima,Maestría,Holding,Casado,17,8,14,1922,8.01,33.7,57,5.7,4.7,4.5,5.8,7.4,6.4,5.75,8.4,20,9.1,6.2,8.2,2,0,5.5,2.7,124,37.5,58,71,14.0,24.4,17.6,16.6,11.2,10.8,5.1,0.3
SUJ-0380,Finanzas,Bogotá,Universitario,Holding,Soltero,20,12,12,2098,1.28,52.1,72,5.1,6.0,8.8,6.7,8.9,7.1,7.1,6.3,18,6.6,6.7,7.7,1,1,4.9,1.7,18,26.5,53,52,28.0,18.5,16.1,11.1,14.2,7.5,2.9,1.7
SUJ-0381,Tecnología,Caracas,Universitario,E-commerce,Casado,17,6,12,2861,3.38,63.8,75,6.6,8.2,6.7,6.0,7.9,6.0,6.9,6.5,27,8.5,8.6,8.0,2,0,5.6,2.5,11,32.5,47,48,25.6,19.4,13.0,28.5,2.5,5.9,3.5,1.6
SUJ-0382,Manufactura,Buenos Aires,Universitario,Franquicia,Soltero,31,9,8,1073,1.0,39.5,74,6.0,7.4,8.3,3.4,7.1,7.8,6.67,5.1,6,10.0,10.0,9.8,3,2,4.0,5.2,12,24.5,56,41,29.0,16.8,26.6,13.4,6.0,5.4,0.0,2.8
SUJ-0383,Manufactura,Santiago,Posgrado,Empresa propia,Soltero,29,7,19,2604,16.43,30.4,72,7.8,7.2,5.9,4.5,8.5,8.5,7.07,8.6,7,5.3,8.1,5.3,0,2,4.8,1.5,40,40.8,47,66,22.8,13.0,18.2,12.5,13.3,15.7,2.9,1.6
SUJ-0384,Servicios,São Paulo,Maestría,E-commerce,Soltero,35,8,14,9328,4.92,33.3,88,10.0,8.7,10.0,5.7,8.9,7.3,8.43,6.6,0,5.9,8.2,3.6,0,2,5.4,1.8,3,25.3,43,52,30.0,22.6,16.7,10.7,11.1,5.2,3.1,0.6
SUJ-0385,Inmuebles,Barranquilla,Posgrado,Empresa propia,Casado,23,10,16,2157,2.93,39.0,64,6.6,6.0,9.7,6.5,5.5,5.1,6.57,7.8,13,6.2,7.1,6.5,2,1,4.7,1.1,7,25.3,46,67,35.6,18.6,13.5,11.7,6.9,7.7,3.8,2.2
SUJ-0386,Inmuebles,Caracas,Bachillerato,Empresa familiar,Unión libre,21,9,22,1508,4.15,16.3,98,9.9,10.0,10.0,9.7,10.0,10.0,9.93,7.3,39,3.5,7.0,4.6,3,0,5.3,6.5,60,27.5,29,53,27.2,22.8,16.9,17.0,3.2,6.9,5.3,0.7
SUJ-0387,Finanzas,Barranquilla,Maestría,Startup escalada,Soltero,22,7,13,560,7.59,53.4,50,8.8,4.4,4.6,4.3,6.8,4.3,5.53,7.1,17,3.7,7.6,6.8,2,1,5.4,1.2,23,36.0,62,57,28.1,11.4,20.1,12.5,16.8,4.0,4.4,2.7
SUJ-0388,Tecnología,Cali,Maestría,Franquicia,Casado,18,4,4,5544,9.93,52.6,62,4.5,5.7,6.4,5.3,6.4,5.8,5.68,7.5,7,7.2,8.6,6.8,0,2,5.4,2.2,13,34.9,66,66,28.1,14.5,24.2,14.3,9.5,6.1,2.1,1.2
SUJ-0389,Inmuebles,Monterrey,Universitario,Empresa propia,Casado,34,8,12,14760,4.82,23.8,56,6.5,4.5,3.2,3.9,5.1,5.6,4.8,8.3,24,6.7,4.7,10.0,1,5,5.8,0.0,124,31.8,66,59,29.6,14.9,22.6,14.3,10.4,3.2,4.5,0.5
SUJ-0390,Inmuebles,Bogotá,Posgrado,Startup escalada,Unión libre,46,12,25,500,6.18,31.9,75,9.2,7.1,9.3,5.5,8.0,8.6,7.95,8.8,35,10.0,9.7,7.7,0,3,5.4,4.0,58,39.4,40,63,29.4,16.9,19.0,16.1,10.7,3.2,4.7,-0.0
SUJ-0391,Salud/Farma,Monterrey,Universitario,Empresa propia,Casado,21,7,10,6252,1.62,31.7,78,8.3,4.4,7.8,5.5,8.7,6.1,6.8,6.1,27,6.8,10.0,3.9,1,1,6.0,6.5,51,32.7,55,50,28.9,14.4,21.9,6.3,14.6,11.5,1.8,0.6
SUJ-0392,Retail/Comercio,Medellín,Maestría,Empresa propia,Soltero,29,5,9,8412,1.56,25.6,96,7.4,4.1,8.9,9.5,10.0,8.9,8.13,6.0,28,10.0,8.8,6.0,1,2,4.3,1.6,4,20.6,34,51,22.7,20.6,16.0,11.2,15.6,7.9,3.4,2.6
SUJ-0393,Finanzas,Santiago,Maestría,Empresa propia,Casado,25,10,21,7180,185.23,62.0,75,10.0,5.6,6.2,7.9,9.8,6.2,7.62,10.0,36,2.2,5.8,9.2,1,3,5.7,0.0,9,54.1,41,60,26.1,19.9,18.1,11.4,13.0,8.3,2.6,0.6
SUJ-0394,Inmuebles,Medellín,Posgrado,E-commerce,Casado,28,1,4,16805,4.34,36.5,84,9.5,7.8,9.5,4.7,8.2,10.0,8.28,7.3,19,4.6,6.2,9.0,3,2,5.1,0.1,7,22.4,45,64,25.2,12.9,21.4,15.1,10.9,4.1,7.5,2.9
SUJ-0395,Finanzas,CDMX,Posgrado,Startup escalada,Soltero,32,5,11,16102,9.83,60.3,58,6.8,6.6,6.9,4.9,6.6,5.4,6.2,8.2,9,6.4,8.3,7.8,0,0,5.7,5.9,21,36.1,53,73,27.5,12.6,13.1,16.7,15.2,8.2,2.1,4.6
SUJ-0396,Agroindustria,Caracas,Maestría,Empresa propia,Soltero,19,3,14,500,1.0,36.9,54,4.3,3.3,5.9,4.2,6.6,4.7,4.83,6.1,28,8.6,9.3,7.3,3,3,6.0,0.0,80,31.0,61,69,33.3,15.6,11.9,20.6,6.1,8.0,2.6,1.9
SUJ-0397,Servicios,Bogotá,Universitario,Empresa propia,Unión libre,23,6,10,3582,3.54,16.6,90,10.0,5.3,9.2,2.0,9.3,7.9,7.28,5.8,22,5.4,8.4,8.8,3,3,4.1,0.0,78,28.6,55,64,18.2,19.4,23.0,9.3,14.9,10.0,3.9,1.3
SUJ-0398,Retail/Comercio,Caracas,Universitario,Franquicia,Unión libre,33,11,14,8889,3.28,22.2,85,9.2,6.2,10.0,8.2,7.3,8.2,8.18,6.3,13,7.9,7.1,10.0,0,4,5.9,6.1,17,23.8,27,59,20.7,8.8,22.6,18.5,15.2,6.1,7.0,1.1
SUJ-0399,Inmuebles,CDMX,Maestría,Holding,Casado,29,9,9,24366,5.63,47.9,76,8.4,5.6,6.2,9.2,8.2,7.8,7.57,6.8,4,9.0,7.6,4.1,1,1,5.2,4.6,15,30.7,44,52,32.1,21.1,24.7,7.1,9.1,3.3,2.7,-0.1
SUJ-0400,Inmuebles,Bucaramanga,Universitario,Empresa propia,Unión libre,27,1,3,13065,1.0,20.9,60,7.1,5.7,4.5,6.2,8.9,7.2,6.6,7.7,32,9.1,9.1,6.3,6,3,4.8,0.8,50,25.2,61,59,39.0,6.2,12.0,8.9,10.0,17.6,4.5,1.8
SUJ-0401,Tecnología,Lima,Universitario,Empresa propia,Casado,29,4,7,1554,5.28,51.0,105,10.0,8.7,8.6,7.3,10.0,9.1,8.95,10.0,12,10.0,4.5,6.5,0,3,4.3,2.5,11,25.8,42,63,25.2,23.0,22.7,7.6,8.1,9.2,3.1,1.1
SUJ-0402,Servicios,Barranquilla,Maestría,Empresa familiar,Soltero,29,1,6,2619,1.19,15.3,83,8.4,8.9,9.7,8.1,8.7,7.3,8.52,8.1,26,2.8,7.9,7.0,2,4,3.9,5.9,13,20.2,33,62,30.9,14.0,13.2,18.2,11.5,6.4,4.7,1.1
SUJ-0403,Retail/Comercio,Caracas,Maestría,Empresa familiar,Soltero,32,11,18,11537,3.62,14.5,63,6.6,5.1,6.9,5.7,10.0,4.1,6.4,6.0,18,5.2,8.0,8.9,0,1,5.1,1.5,11,27.7,56,64,32.8,13.0,10.5,16.0,9.9,8.8,6.7,2.3
SUJ-0404,Servicios,Buenos Aires,Universitario,Empresa familiar,Soltero,30,4,10,5101,2.94,29.1,73,4.9,4.6,6.2,8.3,9.0,6.1,6.52,7.0,35,10.0,6.1,5.4,1,4,5.0,4.0,90,27.7,57,60,31.7,10.9,12.5,19.4,13.6,7.1,4.1,0.7
SUJ-0405,Finanzas,CDMX,Universitario,Startup escalada,Soltero,25,7,9,6340,1.91,44.4,53,5.0,5.3,6.5,4.9,5.7,5.0,5.4,6.2,29,4.4,9.5,5.0,2,3,6.0,3.0,12,33.9,55,64,24.5,14.9,18.2,13.1,16.7,6.0,6.3,0.3
SUJ-0406,Servicios,Monterrey,Universitario,Empresa propia,Soltero,28,7,18,7511,4.15,9.1,74,10.0,5.1,6.7,5.8,7.0,9.3,7.32,4.6,27,4.8,7.3,6.2,2,0,5.4,0.0,10,21.0,51,60,21.2,21.9,18.9,9.2,18.6,7.1,0.9,2.2
SUJ-0407,Finanzas,Bucaramanga,Universitario,Empresa propia,Soltero,25,7,9,872,9.81,61.1,66,6.1,4.6,7.0,5.2,6.9,6.9,6.12,7.3,25,6.1,8.6,7.2,2,1,4.7,5.7,30,36.3,61,62,22.6,15.7,17.7,14.9,20.0,6.6,1.4,1.1
SUJ-0408,Tecnología,Barranquilla,Técnico,Empresa propia,Casado,21,1,13,15501,1.86,33.9,105,9.7,10.0,10.0,7.5,9.0,9.6,9.3,5.5,6,9.7,7.8,8.5,1,1,6.0,2.4,318,32.7,32,51,24.2,15.3,16.3,11.0,16.6,9.4,4.9,2.3
SUJ-0409,Servicios,CDMX,Maestría,Empresa propia,Unión libre,25,8,15,15910,4.39,20.0,83,7.0,8.2,7.2,7.1,8.4,10.0,7.98,8.5,23,4.0,6.6,7.7,2,0,5.9,0.2,16,26.5,35,63,29.6,18.5,20.0,15.2,4.9,5.4,4.4,2.0
SUJ-0410,Tecnología,Caracas,Universitario,Empresa familiar,Casado,25,5,15,5052,10.29,64.9,40,5.7,3.4,2.3,5.5,6.6,4.4,4.65,7.0,17,3.3,8.9,9.7,4,2,6.2,4.9,34,42.5,52,62,31.0,14.1,21.0,8.9,11.5,6.8,5.0,1.7
SUJ-0411,Finanzas,Bucaramanga,Universitario,Startup escalada,Unión libre,17,10,18,7886,46.8,60.9,97,9.5,10.0,9.4,5.9,10.0,8.3,8.85,7.7,23,4.7,10.0,10.0,0,1,5.4,0.0,14,40.4,32,59,20.7,21.5,20.0,6.7,14.3,10.1,3.3,3.4
SUJ-0412,Agroindustria,Bucaramanga,Universitario,Holding,Soltero,30,7,18,8628,2.22,25.3,78,7.6,7.7,7.4,7.2,8.1,6.8,7.47,6.7,20,9.0,5.8,8.0,4,0,4.2,2.8,5,22.9,38,54,36.9,21.8,17.8,11.9,3.2,4.8,2.3,1.3
SUJ-0413,Agroindustria,Bogotá,Doctorado,Empresa propia,Unión libre,31,9,15,1683,1.79,7.0,93,8.1,8.2,7.9,10.0,10.0,7.7,8.65,8.5,7,6.9,7.8,9.2,3,2,4.8,1.1,10,17.5,44,55,30.6,12.8,21.8,11.0,15.9,6.0,0.1,1.8
SUJ-0414,Manufactura,Medellín,Universitario,Startup escalada,Soltero,29,4,9,955,4.44,27.0,76,8.3,5.6,7.8,4.7,9.1,6.7,7.03,9.7,21,0.7,6.2,8.4,0,1,5.5,3.1,7,22.5,45,50,19.5,25.4,16.7,11.5,8.2,12.1,4.7,1.9
SUJ-0415,Manufactura,Bucaramanga,Bachillerato,Startup escalada,Soltero,31,2,9,500,2.06,29.8,74,9.4,3.7,8.2,7.0,8.8,7.5,7.43,5.9,6,6.3,7.6,7.4,0,3,4.7,3.0,77,28.2,44,56,37.8,23.0,11.3,15.3,3.0,5.1,3.0,1.5
SUJ-0416,Retail/Comercio,Cali,Técnico,Empresa propia,Unión libre,24,10,15,19523,1.33,22.2,61,4.5,4.4,3.3,4.8,7.5,6.2,5.12,7.5,32,5.6,8.1,7.1,0,2,5.2,2.3,38,27.0,59,54,24.3,22.1,9.9,13.2,15.2,6.1,7.1,2.1
SUJ-0417,Finanzas,Medellín,Posgrado,Startup escalada,Soltero,22,9,17,3393,21.13,53.4,81,8.1,6.2,8.0,4.4,8.0,9.3,7.33,9.2,27,7.6,7.8,8.4,2,2,7.4,4.1,44,41.4,52,68,25.2,23.9,11.7,8.5,17.7,9.2,0.5,3.3
SUJ-0418,Finanzas,Barranquilla,Posgrado,Empresa propia,Soltero,31,8,19,717,2.98,27.4,87,8.5,5.7,8.2,4.4,10.0,8.9,7.62,10.0,15,6.2,6.6,7.5,1,0,3.3,5.8,15,20.8,31,61,28.1,26.7,9.0,12.9,6.5,8.4,6.5,1.9
SUJ-0419,Manufactura,Barranquilla,Universitario,Empresa propia,Soltero,19,8,8,5015,3.12,4.0,49,4.7,4.8,5.0,5.1,5.6,6.6,5.3,8.6,16,6.6,8.3,7.4,5,4,4.6,1.3,3,25.6,59,71,36.2,17.7,10.1,15.1,5.4,12.9,1.1,1.5
SUJ-0420,Inmuebles,Barranquilla,Universitario,Holding,Casado,19,8,14,629,3.13,22.7,61,8.0,2.8,7.3,3.3,7.0,8.1,6.08,7.6,0,6.0,8.7,6.6,1,0,6.5,1.9,18,30.1,49,70,18.7,25.6,11.1,19.6,7.9,8.3,7.7,1.1
SUJ-0421,Inmuebles,Barranquilla,Bachillerato,Holding,Unión libre,28,2,16,712,6.63,41.4,56,7.7,6.8,3.4,5.7,7.5,6.9,6.33,8.1,23,4.0,6.1,10.0,2,0,5.1,1.0,2,29.4,48,59,31.9,19.1,14.9,10.9,8.5,9.8,1.9,3.0
SUJ-0422,Inmuebles,Cali,Posgrado,Empresa propia,Soltero,28,11,16,5369,2.38,43.7,96,9.6,7.3,4.9,7.4,10.0,8.2,7.9,6.2,17,6.7,8.2,7.9,1,4,6.2,2.6,1,19.3,46,52,20.1,26.6,10.6,16.6,13.0,8.5,4.3,0.3
SUJ-0423,Tecnología,Caracas,Posgrado,Empresa propia,Unión libre,31,6,16,5687,1.0,34.5,87,7.7,8.3,6.1,9.1,8.8,8.3,8.05,5.8,39,4.7,9.0,7.3,3,5,5.8,3.7,15,18.5,27,48,12.8,25.1,27.0,10.2,11.8,6.6,4.3,2.2
SUJ-0424,Retail/Comercio,CDMX,Técnico,Empresa familiar,Soltero,17,6,15,6942,4.22,49.0,67,8.5,6.8,7.8,4.2,8.0,8.3,7.27,7.2,23,6.3,9.4,9.2,0,1,6.6,6.7,2,24.8,60,50,31.0,20.1,6.0,23.2,8.3,4.2,5.1,2.1
SUJ-0425,Tecnología,Santiago,Técnico,Holding,Soltero,25,5,6,8544,2.61,53.7,87,8.3,5.7,7.7,5.3,8.9,10.0,7.65,7.5,34,10.0,7.5,9.0,1,2,3.7,2.0,89,31.4,25,50,33.7,16.2,9.2,7.5,16.4,12.5,1.6,2.9
SUJ-0426,Retail/Comercio,Caracas,Técnico,Holding,Soltero,19,1,8,8827,1.02,6.7,54,7.1,2.7,5.5,6.0,4.4,6.1,5.3,7.1,21,4.7,4.9,6.9,3,3,5.0,2.7,86,25.6,55,58,15.8,24.3,23.6,9.3,8.5,10.7,2.6,5.2
SUJ-0427,Retail/Comercio,Bucaramanga,Técnico,Empresa propia,Casado,31,9,16,4539,3.93,32.7,76,10.0,5.7,9.9,5.6,9.9,10.0,8.52,7.7,35,5.8,7.1,5.6,1,2,6.0,4.1,17,25.3,30,54,31.0,19.5,13.9,11.4,7.4,8.5,5.8,2.5
SUJ-0428,Servicios,Barranquilla,Posgrado,Empresa propia,Soltero,34,3,20,8252,7.04,39.9,85,8.6,7.6,8.8,7.7,9.7,7.9,8.38,7.3,14,5.8,10.0,6.9,1,4,5.5,3.5,6,32.3,34,62,29.6,18.6,7.4,10.4,13.6,12.5,5.7,2.2
SUJ-0429,Finanzas,São Paulo,Universitario,Empresa propia,Casado,29,7,4,2907,4.7,41.3,65,7.2,5.9,8.1,6.9,6.5,7.2,6.97,9.3,28,4.4,5.6,5.4,1,5,5.4,3.5,51,36.5,45,61,20.1,16.6,19.2,20.6,13.1,5.4,4.6,0.4
SUJ-0430,Tecnología,Medellín,Universitario,Empresa propia,Soltero,22,4,4,4657,3.83,66.1,72,6.7,7.8,7.1,7.7,8.5,5.6,7.23,8.4,18,8.1,5.9,9.4,0,4,6.3,6.2,645,39.6,36,62,24.0,11.7,23.4,13.6,2.7,12.9,7.7,4.0
SUJ-0431,Tecnología,Medellín,Técnico,Empresa propia,Soltero,21,5,10,3998,1.66,72.6,79,9.2,7.2,4.7,4.5,9.8,8.1,7.25,4.9,35,6.8,7.5,4.1,1,1,4.7,4.3,10,27.6,55,65,20.1,19.3,20.9,12.3,12.8,5.7,6.1,2.8
SUJ-0432,Inmuebles,Bucaramanga,Doctorado,Empresa propia,Casado,23,5,10,3193,1.12,32.3,88,8.9,8.0,8.1,6.3,8.7,9.5,8.25,6.7,14,8.4,6.6,7.5,1,2,4.7,4.4,82,26.9,41,67,19.3,19.1,17.3,20.0,8.2,8.0,4.2,3.9
SUJ-0433,Manufactura,CDMX,Maestría,E-commerce,Soltero,20,3,6,2180,4.94,14.4,52,4.4,3.8,4.5,2.1,6.4,7.3,4.75,7.1,17,1.2,6.6,7.1,1,1,4.1,1.3,5,26.1,67,57,30.5,13.7,28.4,10.2,7.7,3.6,4.3,1.6
SUJ-0434,Tecnología,Buenos Aires,Universitario,Empresa propia,Soltero,25,6,9,653,4.53,68.8,70,6.5,5.8,5.9,7.2,8.2,3.9,6.25,9.7,26,8.3,6.4,7.2,3,1,4.8,4.1,54,31.6,44,77,27.4,19.0,19.7,12.2,11.5,7.8,1.0,1.4
SUJ-0435,Tecnología,Buenos Aires,Universitario,Startup escalada,Soltero,21,5,13,5640,10.1,68.7,60,9.0,5.1,6.8,4.7,5.8,4.6,6.0,6.7,16,6.4,6.6,9.0,0,2,4.9,0.4,33,37.6,60,56,27.4,19.8,25.4,4.4,9.6,10.4,2.5,0.5
SUJ-0436,Inmuebles,Santiago,Universitario,Empresa propia,Casado,17,3,6,6165,1.18,14.1,80,7.7,7.6,4.7,3.1,8.1,7.4,6.43,8.6,31,7.1,6.9,8.1,0,1,5.0,2.8,6,21.1,41,64,27.6,20.7,19.2,16.0,9.9,4.8,1.9,-0.1
SUJ-0437,Tecnología,CDMX,Universitario,Franquicia,Casado,28,11,15,3277,12.06,51.0,68,6.0,6.9,5.9,6.9,8.0,4.2,6.32,5.1,28,5.7,8.7,5.0,2,3,5.9,1.5,41,41.9,48,53,28.9,16.4,18.2,19.0,4.7,9.4,3.5,-0.1
SUJ-0438,Servicios,Bucaramanga,Bachillerato,Empresa propia,Soltero,28,4,13,29785,4.89,32.2,83,8.6,6.7,7.4,7.6,9.2,8.4,7.98,6.8,47,4.5,10.0,9.8,1,3,3.0,2.6,12,35.4,32,66,36.4,12.4,21.2,15.1,5.9,7.3,0.0,1.7
SUJ-0439,Inmuebles,Buenos Aires,Posgrado,E-commerce,Soltero,36,9,18,6512,4.07,42.6,54,5.4,4.7,6.8,3.2,6.6,7.9,5.77,8.5,36,6.9,8.6,6.0,1,1,4.9,3.9,46,30.2,52,75,29.3,22.4,12.0,15.3,11.9,5.6,2.5,1.0
SUJ-0440,Tecnología,Buenos Aires,Posgrado,Empresa propia,Soltero,23,9,13,17586,4.93,48.4,66,6.8,6.3,9.7,5.0,8.9,6.4,7.18,8.6,26,4.8,8.2,5.3,1,2,5.3,1.5,21,33.5,47,47,22.7,16.0,19.0,22.1,7.8,3.7,6.2,2.5
SUJ-0441,Tecnología,Buenos Aires,Maestría,Empresa familiar,Soltero,17,10,11,6753,3.53,39.0,99,10.0,10.0,6.3,8.3,10.0,10.0,9.1,9.7,17,6.1,9.3,7.9,2,2,5.1,0.7,39,33.5,17,69,28.9,31.2,10.3,10.9,13.3,1.5,4.0,-0.1
SUJ-0442,Salud/Farma,Monterrey,Técnico,Startup escalada,Unión libre,30,5,14,1684,1.0,48.7,70,7.6,3.8,7.2,7.0,8.3,7.2,6.85,8.3,29,6.5,8.3,3.9,0,2,5.9,3.3,12,33.5,44,65,29.2,16.2,16.3,12.7,10.0,7.6,4.9,3.1
SUJ-0443,Finanzas,São Paulo,Maestría,E-commerce,Casado,31,6,9,29391,8.05,49.4,87,8.8,6.1,7.8,5.9,8.3,7.5,7.4,8.7,20,6.0,9.8,9.5,2,1,5.7,5.0,5,31.6,38,73,19.9,11.2,24.3,18.5,12.9,4.0,5.1,4.1
SUJ-0444,Finanzas,Caracas,Maestría,Empresa propia,Casado,32,6,17,17325,14.5,45.6,58,5.8,4.1,6.5,6.1,7.6,4.8,5.82,6.9,41,5.0,8.3,4.7,0,3,5.1,6.8,62,41.4,54,59,29.4,18.8,13.5,16.3,12.9,7.7,1.4,-0.0
SUJ-0445,Inmuebles,Cali,Técnico,E-commerce,Soltero,34,9,16,5098,1.0,23.5,52,3.6,3.1,9.4,4.1,5.2,6.5,5.32,7.7,21,8.2,5.2,7.1,1,2,3.7,3.6,7,14.2,53,72,33.2,17.2,12.3,2.2,16.7,14.8,2.0,1.6
SUJ-0446,Agroindustria,Bucaramanga,Universitario,Startup escalada,Casado,34,6,11,2227,7.34,16.5,91,10.0,6.5,6.7,7.4,8.8,9.7,8.18,8.3,10,4.0,9.0,6.7,0,2,5.4,3.1,230,38.5,42,62,29.0,10.5,15.5,18.6,14.0,7.2,3.9,1.3
SUJ-0447,Salud/Farma,Lima,Técnico,Empresa propia,Casado,20,8,16,2015,1.56,4.7,83,10.0,7.5,7.2,6.8,8.5,8.3,8.05,9.0,22,3.5,7.4,9.1,2,3,5.8,1.2,4,19.1,36,53,32.4,15.8,19.1,10.9,14.5,4.1,3.2,-0.0
SUJ-0448,Inmuebles,Bogotá,Universitario,E-commerce,Casado,35,6,5,13120,1.89,45.7,67,7.0,7.1,8.6,3.0,6.9,7.2,6.63,6.8,25,2.5,7.8,8.9,3,2,6.3,0.6,62,30.7,39,57,42.2,13.5,6.2,15.9,11.9,7.2,2.3,0.8
SUJ-0449,Finanzas,Caracas,Universitario,Startup escalada,Casado,24,11,22,572,6.41,44.3,94,10.0,8.1,9.5,6.2,10.0,10.0,8.97,7.5,23,1.3,6.3,5.7,1,4,6.5,5.6,107,29.8,34,60,22.2,14.8,20.8,16.5,13.8,9.9,1.9,0.1
SUJ-0450,Tecnología,Bogotá,Posgrado,Startup escalada,Casado,30,7,12,8130,3.2,23.0,64,6.8,6.0,7.7,3.6,8.0,8.5,6.77,7.9,31,5.7,9.0,9.7,1,1,5.0,2.5,11,24.8,60,66,30.6,18.3,15.0,10.3,9.2,10.4,4.6,1.6
SUJ-0451,Inmuebles,CDMX,Universitario,Startup escalada,Casado,27,6,13,8176,1.8,17.9,61,5.6,4.3,5.8,3.9,5.9,4.9,5.07,8.8,11,5.3,6.7,5.5,2,0,4.4,2.5,18,21.2,53,68,22.4,22.9,14.2,12.3,10.5,10.9,4.9,1.9
SUJ-0452,Retail/Comercio,Bucaramanga,Doctorado,Startup escalada,Soltero,20,8,12,1611,1.01,41.8,73,7.5,2.8,8.6,6.2,8.8,5.5,6.57,8.0,23,0.6,6.7,7.2,1,1,4.6,6.1,105,27.9,63,70,21.2,13.3,14.5,17.4,8.4,15.8,6.3,3.1
SUJ-0453,Retail/Comercio,Bucaramanga,Técnico,Empresa familiar,Casado,32,13,18,9763,2.84,26.4,69,7.4,6.5,8.2,4.5,7.9,7.9,7.07,5.8,12,6.2,9.3,7.8,0,0,5.1,3.6,10,25.6,57,56,32.0,22.4,10.0,7.3,7.5,7.2,12.2,1.4
SUJ-0454,Servicios,Bogotá,Doctorado,Franquicia,Soltero,23,4,16,9777,2.65,11.1,57,8.0,6.9,6.6,5.1,5.1,4.2,5.98,8.3,0,7.8,6.0,8.7,0,4,5.4,5.0,4,21.2,48,67,23.3,14.7,20.1,12.7,15.4,6.3,3.3,4.2
SUJ-0455,Tecnología,Santiago,Universitario,E-commerce,Casado,37,11,16,3446,6.55,54.3,71,7.6,7.4,9.9,4.2,10.0,7.7,7.8,10.0,18,4.8,9.7,9.3,0,1,5.1,2.7,63,43.2,54,63,22.3,20.7,23.0,5.9,13.7,9.7,3.6,1.1
SUJ-0456,Retail/Comercio,Bogotá,Maestría,Startup escalada,Casado,21,4,9,5283,2.82,24.2,76,9.8,6.4,7.9,5.5,8.3,8.9,7.8,5.5,13,5.9,10.0,7.4,0,1,5.7,4.1,37,32.5,31,43,16.5,26.3,19.6,13.5,12.7,6.4,2.9,2.1
SUJ-0457,Tecnología,Bucaramanga,Universitario,Holding,Casado,19,7,15,14306,12.09,53.9,84,8.4,7.2,8.7,8.4,8.6,7.4,8.12,10.0,37,7.1,9.3,5.1,0,1,4.8,3.8,2,33.8,42,52,19.4,20.4,15.9,13.3,19.1,5.4,5.2,1.3
SUJ-0458,Retail/Comercio,Buenos Aires,Técnico,Empresa familiar,Soltero,22,4,11,5924,2.07,32.9,108,9.6,10.0,9.3,7.0,10.0,10.0,9.32,6.8,23,4.8,6.6,6.6,1,1,5.1,2.4,30,27.3,31,46,31.1,18.5,18.6,10.1,9.2,7.1,5.3,0.1
SUJ-0459,Tecnología,Santiago,Maestría,Empresa propia,Soltero,34,5,16,7701,4.36,41.0,89,10.0,6.5,9.1,7.8,8.7,9.5,8.6,6.2,23,5.8,7.8,5.5,2,2,5.4,3.9,83,28.3,22,61,19.9,20.9,15.6,16.9,11.7,8.6,4.9,1.5
SUJ-0460,Tecnología,Barranquilla,Universitario,Empresa propia,Soltero,17,4,3,4258,1.03,44.3,58,7.9,4.7,6.6,2.9,7.2,5.6,5.82,6.7,24,7.1,7.9,7.6,3,3,5.4,2.8,182,29.9,58,66,30.7,17.9,19.4,16.2,7.2,2.4,2.1,4.1
SUJ-0461,Tecnología,Lima,Posgrado,Empresa propia,Casado,31,9,13,1296,1.0,42.1,109,10.0,6.5,10.0,9.2,10.0,10.0,9.28,7.3,25,5.9,6.0,7.1,1,3,6.1,2.8,23,21.3,36,63,36.6,26.2,12.7,4.1,9.1,10.5,0.8,0.0
SUJ-0462,Manufactura,Monterrey,Posgrado,Empresa propia,Unión libre,36,5,6,49987,2.92,14.9,73,8.0,6.9,7.8,4.6,8.0,7.1,7.07,7.4,39,6.6,8.0,10.0,1,1,6.0,2.4,25,24.0,34,61,22.7,8.5,19.5,16.7,16.3,10.4,3.2,2.7
SUJ-0463,Inmuebles,São Paulo,Universitario,Empresa propia,Casado,24,9,19,6066,1.0,22.9,77,8.1,5.9,8.1,5.1,7.3,8.2,7.12,7.6,12,6.4,5.2,9.2,0,4,6.2,1.2,203,25.7,51,63,23.7,15.8,16.5,6.6,10.7,17.3,5.3,4.1
SUJ-0464,Manufactura,Cali,Universitario,Holding,Soltero,23,5,6,3281,1.0,20.7,63,6.9,5.2,5.9,6.4,8.7,4.7,6.3,4.8,2,7.2,7.6,10.0,2,5,4.1,5.0,12,20.5,51,61,31.5,21.2,14.2,12.1,11.4,7.2,1.3,1.1
SUJ-0465,Salud/Farma,Barranquilla,Maestría,Empresa propia,Unión libre,26,7,14,10008,1.0,18.2,72,6.9,7.1,8.2,2.6,8.3,7.4,6.75,8.2,18,2.7,7.8,8.7,1,4,5.1,0.5,22,19.7,46,64,31.8,6.8,5.5,18.6,23.3,9.4,3.1,1.5
SUJ-0466,Finanzas,Medellín,Técnico,Holding,Unión libre,19,12,13,7757,2.2,50.3,72,10.0,5.3,7.5,5.4,7.3,7.9,7.23,9.7,20,6.5,7.9,7.8,1,4,5.4,2.6,3,19.4,45,64,27.1,5.4,23.2,16.8,10.7,10.5,1.9,4.4
SUJ-0467,Finanzas,Bogotá,Posgrado,Holding,Soltero,41,4,8,2121,1.44,43.7,81,7.6,7.5,7.4,7.5,6.5,7.3,7.3,5.0,24,7.1,9.5,7.8,3,2,5.4,3.3,14,25.5,54,47,20.4,28.4,17.2,12.8,9.4,6.1,2.9,2.8
SUJ-0468,Servicios,Lima,Maestría,Empresa propia,Casado,30,4,7,16759,1.43,12.2,85,9.1,7.9,7.1,4.1,8.0,7.5,7.28,7.7,39,6.8,6.6,6.7,2,1,4.8,0.0,10,23.8,40,58,26.9,21.2,11.5,11.3,13.0,9.3,4.5,2.3
SUJ-0469,Finanzas,Bogotá,Bachillerato,Empresa propia,Casado,18,6,12,588,1.0,21.1,67,7.2,5.4,8.0,5.2,6.7,8.1,6.77,5.7,27,9.2,8.0,6.7,2,2,5.4,1.2,9,21.0,59,64,28.8,18.1,12.0,6.7,21.4,6.6,4.6,1.8
SUJ-0470,Salud/Farma,São Paulo,Técnico,E-commerce,Casado,21,7,20,7445,1.0,14.1,88,5.6,8.5,9.6,5.1,8.8,9.4,7.83,5.6,24,3.9,7.7,7.0,0,2,5.7,7.0,9,18.8,45,58,17.7,16.8,18.6,27.0,8.1,8.5,3.2,0.1
SUJ-0471,Tecnología,Bogotá,Maestría,Startup escalada,Unión libre,27,9,10,5198,1.0,47.3,65,6.9,5.6,6.5,4.3,9.2,6.9,6.57,8.8,30,5.6,10.0,10.0,1,0,4.1,4.0,6,24.1,59,66,24.2,22.8,12.1,17.8,10.6,7.2,3.0,2.3
SUJ-0472,Salud/Farma,Barranquilla,Universitario,Startup escalada,Soltero,18,7,9,3064,1.36,40.1,87,8.3,8.2,6.5,6.8,9.7,9.2,8.12,10.0,16,10.0,4.1,6.3,3,1,3.4,3.8,101,27.4,51,59,23.3,12.7,22.9,13.8,14.7,7.2,3.7,1.7
SUJ-0473,Tecnología,Buenos Aires,Universitario,Startup escalada,Casado,17,8,16,14007,15.45,51.4,63,6.3,4.8,8.6,5.7,7.2,4.6,6.2,7.4,5,8.0,6.9,8.7,1,0,5.4,4.7,13,38.4,59,54,29.8,17.8,12.4,21.3,7.6,6.8,2.9,1.4
SUJ-0474,Servicios,Caracas,Técnico,Empresa familiar,Casado,27,2,7,8543,1.0,4.0,57,4.9,6.0,7.9,5.3,7.2,6.1,6.23,8.6,14,4.3,9.3,5.5,1,1,5.7,3.5,8,19.5,42,76,26.6,24.9,13.7,19.7,9.2,0.9,0.4,4.6
SUJ-0475,Retail/Comercio,Buenos Aires,Posgrado,E-commerce,Unión libre,32,8,10,11400,3.25,29.8,68,9.3,5.5,10.0,7.0,8.8,5.9,7.75,3.7,24,5.3,5.5,7.3,2,1,6.6,5.1,13,23.5,41,43,28.3,23.6,17.6,10.8,10.9,4.4,0.0,4.4
SUJ-0476,Salud/Farma,Monterrey,Técnico,Startup escalada,Unión libre,31,8,12,4284,1.0,20.4,69,5.8,6.5,4.3,5.2,8.6,7.0,6.23,5.9,46,4.5,9.8,7.5,4,1,6.2,3.4,401,29.9,44,58,29.8,8.4,18.0,15.4,13.8,10.0,4.6,0.0
SUJ-0477,Tecnología,Santiago,Universitario,Startup escalada,Unión libre,25,9,10,22833,2.61,60.4,59,6.2,5.8,5.8,4.0,7.9,4.4,5.68,5.4,22,3.8,7.8,8.0,1,2,4.8,1.1,78,33.0,58,70,28.5,13.2,13.7,9.9,14.8,7.6,9.3,3.0
SUJ-0478,Retail/Comercio,Bogotá,Maestría,Startup escalada,Soltero,24,5,9,3381,2.08,7.9,67,6.4,5.4,5.8,5.9,7.6,7.6,6.45,9.1,30,3.6,7.5,8.5,1,2,4.7,5.2,1,14.9,36,61,26.4,25.4,13.9,7.5,15.5,4.7,3.6,3.0
SUJ-0479,Salud/Farma,CDMX,Universitario,Empresa propia,Casado,26,7,10,6057,2.08,43.7,65,5.6,5.2,4.2,6.6,8.3,5.4,5.88,9.2,39,5.7,4.7,6.8,1,1,5.3,1.2,16,25.1,43,60,27.3,26.7,12.6,10.6,11.6,6.3,3.0,1.9
SUJ-0480,Retail/Comercio,Buenos Aires,Universitario,Empresa familiar,Soltero,31,9,16,21702,3.19,34.7,72,8.4,6.0,7.3,4.8,5.1,10.0,6.93,8.9,32,4.2,8.2,8.8,2,2,3.9,2.1,1,25.8,57,74,13.4,24.6,22.1,12.2,18.4,7.1,1.4,0.8
SUJ-0481,Manufactura,São Paulo,Doctorado,Franquicia,Soltero,18,3,11,694,1.02,21.9,80,8.5,6.9,8.1,6.6,9.8,7.9,7.97,8.1,30,8.4,8.4,6.2,3,4,4.3,2.7,28,26.6,36,63,19.2,24.4,20.6,7.1,13.1,9.2,4.4,2.0
SUJ-0482,Manufactura,Bucaramanga,Posgrado,Startup escalada,Soltero,21,1,2,921,1.0,4.0,71,6.7,6.9,7.0,6.2,7.8,6.6,6.87,5.4,27,6.0,5.0,6.5,2,2,3.9,1.5,62,21.9,42,63,26.7,14.7,18.9,13.9,10.6,7.4,5.1,2.7
SUJ-0483,Retail/Comercio,Caracas,Maestría,Empresa propia,Casado,23,2,8,41182,4.87,7.9,60,5.5,5.7,4.0,4.9,6.4,6.1,5.43,5.9,13,5.6,7.9,6.7,2,1,8.1,1.2,14,26.2,62,63,26.8,17.2,19.5,14.5,11.0,8.4,2.6,-0.0
SUJ-0484,Manufactura,Lima,Universitario,Franquicia,Unión libre,24,4,2,28432,1.13,34.4,67,7.6,2.0,7.7,5.8,8.1,4.8,6.0,10.0,31,7.3,8.4,7.1,0,1,4.9,2.5,171,33.8,47,72,22.6,17.6,14.1,17.9,11.5,8.1,3.2,5.0
SUJ-0485,Manufactura,CDMX,Maestría,Empresa propia,Soltero,25,11,17,11816,2.94,36.0,86,9.1,8.3,6.6,7.5,10.0,8.3,8.3,5.4,31,6.0,7.5,6.7,2,0,7.1,1.1,59,27.8,28,36,31.5,18.0,12.1,15.7,9.8,6.8,3.4,2.7
SUJ-0486,Servicios,Barranquilla,Bachillerato,Empresa propia,Soltero,25,14,26,5296,22.84,36.7,63,6.8,6.1,8.0,5.4,10.0,7.6,7.32,5.5,0,7.3,9.6,5.7,0,2,3.7,3.7,1,39.0,46,51,19.0,23.6,16.8,20.8,8.3,6.3,5.2,-0.0
SUJ-0487,Tecnología,Barranquilla,Técnico,Empresa propia,Casado,30,3,8,5642,1.0,75.7,59,8.0,6.9,7.6,4.8,7.2,6.8,6.88,7.2,25,5.8,7.8,8.6,2,4,5.9,2.2,44,31.8,70,44,30.5,19.6,10.6,19.1,10.4,2.8,4.2,2.8
SUJ-0488,Finanzas,Monterrey,Universitario,Startup escalada,Casado,17,6,13,2378,1.96,58.6,52,7.7,5.9,6.2,4.2,5.9,5.0,5.82,9.1,20,4.3,7.8,6.0,1,3,3.9,0.9,7,24.9,51,74,11.2,25.8,18.4,17.4,7.6,10.6,6.9,2.1
SUJ-0489,Agroindustria,Monterrey,Universitario,Empresa propia,Unión libre,17,5,14,4535,1.02,25.0,63,6.0,5.1,6.0,6.4,7.3,8.3,6.52,9.8,13,4.3,8.2,8.9,1,3,5.6,3.4,43,24.2,45,73,30.9,17.2,18.9,12.3,7.6,10.0,0.0,3.1
SUJ-0490,Servicios,Santiago,Maestría,Empresa propia,Soltero,22,9,18,4515,13.67,55.5,83,10.0,5.5,8.2,6.9,9.7,7.5,7.97,8.1,24,1.0,3.8,8.9,2,1,5.1,2.4,39,35.1,36,54,7.8,26.0,13.5,16.8,17.7,8.8,7.5,1.9
SUJ-0491,Retail/Comercio,Caracas,Universitario,Empresa propia,Soltero,31,8,17,500,1.0,20.8,62,6.2,7.9,5.6,6.5,4.6,6.0,6.13,7.8,19,7.2,7.2,5.1,0,1,5.3,4.2,3,18.2,50,53,32.1,14.8,17.0,14.7,13.2,3.8,1.2,3.2
SUJ-0492,Manufactura,Bucaramanga,Posgrado,E-commerce,Soltero,22,3,11,4828,8.23,23.4,72,7.3,7.9,8.1,5.8,8.4,6.2,7.28,7.4,39,2.6,5.5,8.4,0,4,5.3,4.2,3,23.8,52,60,29.3,14.2,18.0,11.1,12.6,7.0,6.0,1.8
SUJ-0493,Finanzas,Lima,Maestría,Empresa propia,Soltero,25,4,7,5228,6.02,26.5,66,7.9,6.8,8.7,6.1,8.6,5.2,7.22,6.9,24,4.7,6.3,7.5,1,1,5.7,3.0,22,26.8,29,57,28.0,15.4,11.8,14.6,15.5,9.0,0.8,4.9
SUJ-0494,Tecnología,Bucaramanga,Posgrado,Empresa propia,Soltero,26,6,14,8767,8.56,61.1,65,7.5,4.7,8.5,5.9,7.3,7.9,6.97,8.0,10,7.0,7.3,5.9,0,2,4.2,7.0,5,38.3,40,56,26.7,15.2,18.8,7.9,10.2,15.6,4.5,1.1
SUJ-0495,Retail/Comercio,Medellín,Universitario,E-commerce,Soltero,27,11,22,5812,2.64,25.6,90,8.9,5.8,8.6,6.1,9.4,7.9,7.78,7.0,38,2.7,6.5,7.1,0,2,4.8,4.2,4,22.8,33,53,23.1,21.7,16.2,9.5,14.5,9.3,3.9,1.8
SUJ-0496,Finanzas,Monterrey,Posgrado,Holding,Soltero,35,4,12,15825,3.08,39.4,70,5.0,5.5,9.0,2.4,6.4,7.4,5.95,10.0,10,6.7,9.5,8.5,0,4,4.6,4.2,16,30.0,50,71,25.7,9.0,23.3,11.3,14.0,8.1,6.6,2.0
SUJ-0497,Manufactura,Santiago,Universitario,Empresa propia,Soltero,30,1,8,3665,1.96,16.4,55,4.1,6.2,6.4,2.4,5.8,5.2,5.02,5.3,46,4.3,7.1,9.5,2,1,4.3,0.7,10,20.2,73,75,20.8,28.2,21.1,4.7,10.7,11.4,3.1,-0.0
SUJ-0498,Tecnología,Cali,Técnico,Empresa propia,Unión libre,31,12,12,4217,4.8,41.3,52,4.4,1.7,2.4,5.5,5.6,7.1,4.45,5.5,25,7.2,7.5,6.1,3,3,5.0,1.1,11,26.1,73,60,5.9,15.9,14.8,22.0,21.1,17.9,2.2,0.2
SUJ-0499,Salud/Farma,Bogotá,Doctorado,Empresa propia,Soltero,25,9,11,6779,2.08,24.3,58,6.3,4.3,8.0,5.5,7.4,7.3,6.47,7.2,15,6.5,8.1,9.0,1,2,6.1,4.0,4,17.0,54,69,19.5,17.6,21.2,14.3,12.1,6.5,8.1,0.7
SUJ-0500,Salud/Farma,Bogotá,Técnico,Empresa familiar,Soltero,34,2,5,1812,1.0,6.5,56,5.5,8.6,6.3,4.6,7.6,4.2,6.13,5.6,29,4.1,8.6,7.0,4,5,3.6,1.9,30,18.7,43,52,24.3,22.3,24.2,12.1,8.2,5.6,3.2,0.1
SUJ-0501,Manufactura,Cali,Bachillerato,Franquicia,Unión libre,26,8,10,4000,1.0,5.9,84,7.9,6.6,8.8,6.8,10.0,8.6,8.12,9.4,24,9.1,9.0,4.5,2,2,5.5,5.3,13,19.1,44,65,33.2,10.8,19.1,13.4,10.9,9.5,2.5,0.6
SUJ-0502,Retail/Comercio,Buenos Aires,Maestría,E-commerce,Casado,17,10,15,9271,7.57,12.9,69,7.0,6.1,6.4,4.6,8.3,7.1,6.58,8.0,11,9.9,9.3,10.0,3,2,4.4,1.4,282,35.5,64,70,17.8,20.2,12.2,16.6,16.4,12.7,3.4,0.7
SUJ-0503,Finanzas,Bucaramanga,Universitario,Empresa propia,Casado,40,7,10,4245,1.0,39.4,73,8.6,6.3,9.2,4.8,6.3,8.5,7.28,8.8,17,4.4,4.9,10.0,4,3,3.9,0.0,11,22.5,46,63,28.9,17.1,21.1,15.7,6.6,5.8,2.7,2.1
SUJ-0504,Inmuebles,Cali,Posgrado,E-commerce,Casado,26,12,21,18968,8.96,25.2,69,8.3,8.3,5.9,5.1,9.3,7.4,7.38,6.3,38,6.2,9.0,6.8,0,1,3.9,0.0,7,23.6,50,81,25.6,20.9,9.3,12.6,16.3,7.4,5.2,2.7
SUJ-0505,Manufactura,Santiago,Universitario,Empresa propia,Casado,29,9,14,7642,3.53,4.0,70,6.8,5.7,8.8,6.6,6.7,8.4,7.17,4.9,27,6.9,9.3,8.0,2,1,5.0,5.8,6,23.5,53,50,22.4,22.3,10.5,17.6,10.7,6.4,6.4,3.7
SUJ-0506,Tecnología,Lima,Universitario,Empresa propia,Unión libre,19,8,10,1335,1.61,45.2,85,8.1,4.8,6.8,7.9,9.2,9.3,7.68,7.9,11,9.4,10.0,10.0,2,0,6.0,3.8,21,34.1,48,67,34.0,14.1,16.2,12.8,9.2,10.1,0.4,3.2
SUJ-0507,Agroindustria,Cali,Universitario,Franquicia,Casado,39,7,10,5346,1.0,7.5,86,7.4,8.6,8.6,7.0,8.4,9.0,8.17,8.1,33,2.4,7.8,6.3,1,1,5.6,4.0,158,22.0,23,71,33.6,14.8,15.9,11.7,15.4,4.8,1.2,2.6
SUJ-0508,Servicios,Santiago,Universitario,Franquicia,Unión libre,21,7,13,11577,1.59,33.1,96,8.9,6.5,10.0,7.4,10.0,10.0,8.8,9.4,29,7.7,7.9,8.9,2,3,5.4,2.0,19,24.2,37,71,26.3,21.7,16.2,6.1,17.0,5.3,4.3,3.1
SUJ-0509,Agroindustria,Monterrey,Universitario,Empresa propia,Casado,23,10,15,8247,2.29,6.7,60,8.0,3.5,8.4,4.8,7.8,5.8,6.38,7.5,4,4.3,8.7,9.6,1,1,5.9,0.0,17,23.1,49,59,14.3,24.1,16.4,19.3,12.0,6.3,4.1,3.5
SUJ-0510,Inmuebles,CDMX,Maestría,Holding,Soltero,17,6,12,17320,4.81,45.8,67,8.2,7.9,8.0,4.8,8.0,6.5,7.23,8.1,34,5.3,10.0,10.0,1,2,6.3,1.1,24,35.6,38,69,31.2,19.5,10.1,10.4,20.2,2.9,2.9,2.8
SUJ-0511,Manufactura,Barranquilla,Posgrado,Empresa familiar,Unión libre,28,10,15,11089,8.01,49.2,75,8.3,7.4,9.0,3.3,7.5,9.3,7.47,9.0,36,6.6,7.9,7.7,1,4,6.0,1.3,2,27.9,46,54,20.9,22.9,19.2,8.8,12.9,9.8,3.6,1.9
SUJ-0512,Retail/Comercio,Barranquilla,Doctorado,Franquicia,Casado,24,8,20,508,2.6,44.7,94,7.9,7.3,10.0,8.2,10.0,10.0,8.9,7.2,17,7.4,7.7,4.2,1,1,4.4,0.8,36,29.4,40,59,26.7,20.8,18.0,9.9,15.7,3.8,4.9,0.2
SUJ-0513,Agroindustria,Caracas,Bachillerato,E-commerce,Unión libre,17,7,16,954,1.41,5.6,63,6.6,7.1,5.9,6.0,9.4,7.5,7.08,7.2,27,8.1,8.5,10.0,3,4,5.9,2.1,5,13.6,62,47,28.5,22.7,10.9,11.4,12.1,7.7,5.2,1.5
SUJ-0514,Servicios,Medellín,Posgrado,Empresa familiar,Soltero,25,6,9,8392,4.47,29.4,85,8.1,8.4,8.9,6.9,9.3,8.9,8.42,5.6,42,3.9,6.0,6.8,2,0,5.3,1.0,6,28.4,40,51,23.4,24.7,18.7,9.8,12.4,7.8,1.0,2.2
SUJ-0515,Tecnología,Bucaramanga,Posgrado,Startup escalada,Soltero,26,6,5,2178,7.8,38.9,64,6.8,4.8,7.0,6.0,6.8,4.6,6.0,7.8,14,7.1,9.2,5.1,1,4,4.3,3.4,76,36.2,51,64,19.9,27.7,19.8,8.1,10.9,13.7,0.0,-0.1
SUJ-0516,Tecnología,Lima,Doctorado,Franquicia,Unión libre,24,8,13,7090,7.98,40.8,85,9.6,7.4,9.7,8.8,10.0,8.9,9.07,6.0,37,7.8,7.2,6.0,0,0,4.2,0.7,15,34.6,8,67,28.9,10.2,24.6,17.6,7.2,4.9,2.8,3.8
SUJ-0517,Finanzas,CDMX,Bachillerato,Holding,Soltero,17,11,13,12570,3.2,37.5,74,8.9,6.2,9.0,5.1,7.2,7.2,7.27,9.0,35,4.1,7.7,2.8,3,1,4.1,1.7,154,36.2,44,61,21.0,27.5,15.2,5.4,18.0,6.8,2.3,3.8
SUJ-0518,Inmuebles,CDMX,Posgrado,Empresa propia,Unión libre,27,9,9,6881,1.0,33.6,58,9.2,4.4,6.2,5.2,6.9,7.5,6.57,8.1,12,4.5,7.9,7.8,1,0,5.4,3.6,1,16.4,46,64,35.9,15.4,11.8,17.1,11.7,3.6,2.6,1.9
SUJ-0519,Salud/Farma,Monterrey,Maestría,E-commerce,Unión libre,18,4,12,4295,1.0,14.5,71,6.2,6.2,7.0,4.0,7.5,6.8,6.28,5.5,7,5.6,10.0,6.8,1,3,5.0,3.2,13,21.5,46,61,23.7,12.1,20.0,18.2,14.3,10.6,0.3,0.8
SUJ-0520,Tecnología,Cali,Universitario,Empresa propia,Unión libre,31,1,7,8313,1.71,52.9,81,9.6,7.9,9.3,8.5,10.0,4.6,8.32,6.3,16,4.1,7.2,7.3,4,1,7.0,2.7,30,32.7,51,59,36.4,16.2,19.4,12.7,7.7,6.1,0.1,1.4
SUJ-0521,Manufactura,Bucaramanga,Maestría,Empresa propia,Casado,22,10,20,1240,5.44,42.5,40,4.8,2.8,4.5,3.7,5.4,5.3,4.42,7.6,12,5.5,9.5,8.2,2,1,5.1,1.2,14,30.0,66,79,12.0,26.2,18.5,15.8,8.4,11.1,5.4,2.6
SUJ-0522,Finanzas,Bogotá,Bachillerato,Franquicia,Casado,31,17,23,10275,8.95,32.7,85,7.8,8.2,9.8,3.9,8.6,8.0,7.72,5.5,15,6.1,4.8,5.9,2,3,4.0,1.2,114,30.9,30,50,27.4,9.2,20.2,17.0,12.5,8.6,1.0,4.1
SUJ-0523,Salud/Farma,CDMX,Maestría,Empresa propia,Unión libre,26,6,11,9552,2.98,4.2,53,8.6,2.5,6.0,4.0,6.0,5.5,5.43,8.3,30,6.9,8.8,7.6,0,0,5.4,2.0,4,17.7,57,65,28.6,9.3,15.3,16.9,12.4,8.9,4.9,3.7
SUJ-0524,Servicios,Santiago,Doctorado,Holding,Casado,26,5,7,5779,5.57,13.1,69,9.4,6.3,6.2,7.2,5.1,7.1,6.88,6.9,29,8.4,9.5,6.7,3,2,4.4,1.4,32,25.5,40,71,21.6,13.6,15.7,18.9,9.2,14.1,4.4,2.5
SUJ-0525,Servicios,Bogotá,Posgrado,Franquicia,Casado,33,10,14,2614,1.0,42.1,71,6.9,5.2,6.6,6.6,7.7,8.8,6.97,6.5,29,4.4,9.0,10.0,3,2,5.4,4.1,86,25.5,37,53,26.6,21.8,13.1,10.0,13.8,8.0,4.6,2.1
SUJ-0526,Retail/Comercio,Medellín,Universitario,E-commerce,Unión libre,21,3,3,12778,7.76,38.0,40,4.2,6.1,0.8,5.8,5.7,7.3,4.98,10.0,19,5.3,6.7,6.5,2,2,4.8,5.4,6,32.6,65,85,28.9,23.9,14.5,4.4,19.3,6.9,1.7,0.4
SUJ-0527,Retail/Comercio,Cali,Bachillerato,Empresa propia,Casado,19,12,22,5715,1.37,16.4,64,4.6,3.6,6.5,5.0,7.1,6.7,5.58,6.7,50,7.5,8.6,3.0,0,3,4.8,3.2,1,16.9,56,62,38.2,20.2,5.8,7.7,11.1,7.4,6.4,3.2
SUJ-0528,Finanzas,Cali,Doctorado,Empresa propia,Unión libre,29,8,9,500,1.0,33.5,78,9.3,6.3,8.5,7.1,7.5,6.7,7.57,9.5,39,10.0,9.0,10.0,0,1,5.4,0.7,13,21.1,50,58,19.2,17.0,16.5,14.0,16.7,6.1,6.8,3.7
SUJ-0529,Tecnología,Lima,Universitario,E-commerce,Soltero,18,7,14,20068,16.41,56.9,97,7.2,6.9,10.0,7.8,10.0,6.5,8.07,9.4,25,6.1,7.2,10.0,0,2,5.0,4.2,17,40.6,34,72,27.8,9.9,12.2,21.6,4.3,11.2,9.4,3.6
SUJ-0530,Servicios,CDMX,Bachillerato,Empresa familiar,Soltero,21,4,9,11678,8.24,23.5,83,8.3,6.3,7.2,6.8,9.0,10.0,7.93,9.5,29,6.9,6.5,9.1,1,1,4.7,3.6,195,35.9,46,62,35.7,20.7,14.1,9.5,8.2,2.7,6.4,2.7
SUJ-0531,Inmuebles,Monterrey,Posgrado,Empresa propia,Soltero,17,10,17,7032,6.64,40.4,85,7.5,5.7,7.7,5.3,10.0,10.0,7.7,6.1,25,6.6,8.8,8.9,1,2,4.9,2.3,105,33.6,47,62,29.1,19.2,17.5,13.9,11.7,2.3,5.4,0.9
SUJ-0532,Salud/Farma,Buenos Aires,Universitario,Empresa propia,Soltero,32,5,11,4593,4.91,10.5,43,6.9,4.4,4.1,0.0,4.9,3.3,3.93,7.0,25,5.6,6.8,8.1,3,5,4.5,3.9,36,24.0,78,59,35.8,13.7,19.1,10.9,11.5,7.5,1.2,0.3
SUJ-0533,Salud/Farma,Buenos Aires,Técnico,Startup escalada,Casado,19,9,10,25730,6.4,25.5,68,9.5,6.3,5.8,5.3,7.8,7.3,7.0,8.9,31,4.9,8.1,6.0,0,3,5.8,4.6,11,30.9,40,64,26.2,22.5,11.0,14.6,10.9,8.4,5.2,1.2
SUJ-0534,Retail/Comercio,São Paulo,Universitario,Empresa propia,Soltero,22,8,13,11933,3.25,40.9,97,7.4,5.7,9.9,4.6,10.0,9.5,7.85,7.1,22,7.7,9.0,8.6,2,1,4.3,6.0,2,24.9,41,55,22.0,20.1,15.0,18.0,13.6,7.3,1.2,2.8
SUJ-0535,Inmuebles,Barranquilla,Bachillerato,Startup escalada,Unión libre,18,12,22,6125,35.08,47.5,86,9.0,8.0,7.7,7.4,8.8,6.4,7.88,6.6,16,10.0,6.0,4.9,1,2,4.7,0.7,21,45.6,34,56,22.0,17.1,14.8,21.9,12.0,9.9,0.3,2.0
SUJ-0536,Agroindustria,Santiago,Posgrado,E-commerce,Soltero,23,7,10,8470,1.03,4.0,65,7.1,3.7,5.7,4.7,8.4,7.1,6.12,9.2,25,8.2,7.5,6.4,2,1,4.0,1.6,25,16.0,45,58,11.6,26.3,19.8,17.1,7.6,9.0,6.0,2.6
SUJ-0537,Servicios,Bogotá,Posgrado,Franquicia,Soltero,25,19,29,2636,1.51,20.9,74,7.2,6.4,7.9,4.7,8.3,8.2,7.12,7.1,18,6.2,6.8,5.3,0,1,5.0,3.2,43,25.8,71,55,29.1,18.3,10.9,16.0,15.1,3.7,6.5,0.4
SUJ-0538,Finanzas,São Paulo,Posgrado,Empresa propia,Soltero,30,9,17,1742,3.68,44.1,86,7.8,9.5,9.0,5.5,9.5,8.1,8.23,9.0,19,5.5,8.1,4.4,2,2,6.7,2.6,88,32.5,47,62,12.6,16.0,27.8,13.7,13.2,7.3,5.2,4.2
SUJ-0539,Retail/Comercio,Medellín,Maestría,Empresa propia,Casado,18,7,13,2554,4.0,16.7,85,10.0,6.0,7.2,6.6,9.3,8.6,7.95,7.9,8,6.9,8.3,6.8,0,0,6.8,4.3,20,21.9,45,70,25.0,19.3,14.7,13.8,11.8,10.9,2.4,2.1
SUJ-0540,Tecnología,Barranquilla,Maestría,Empresa propia,Soltero,22,5,8,2775,1.56,42.1,71,6.7,5.8,8.7,6.9,9.0,7.8,7.48,7.0,26,6.3,7.9,5.7,1,0,5.2,0.1,227,33.4,46,52,25.5,20.6,11.3,14.5,9.8,9.7,8.1,0.5
SUJ-0541,Agroindustria,Cali,Posgrado,Startup escalada,Soltero,34,10,17,10768,2.18,27.2,69,9.6,5.0,9.3,5.1,9.6,7.0,7.6,3.2,25,5.7,9.3,9.3,0,2,5.9,3.7,31,35.1,45,52,28.6,16.3,26.0,8.4,4.6,11.9,1.4,2.8
SUJ-0542,Manufactura,Bogotá,Bachillerato,Holding,Casado,32,5,9,1207,9.26,14.1,78,7.3,5.8,8.6,5.1,7.8,7.4,7.0,7.0,25,4.2,8.2,8.2,3,1,6.3,3.5,22,33.2,53,53,20.8,14.7,11.2,18.0,16.3,16.0,2.8,0.2
SUJ-0543,Finanzas,Bucaramanga,Posgrado,Holding,Soltero,21,4,14,12025,4.69,46.4,85,9.5,7.6,8.9,5.6,9.1,8.0,8.12,8.5,19,7.1,7.6,6.4,2,0,5.4,2.4,2,23.6,30,53,19.4,22.3,8.4,17.3,12.2,11.4,6.4,2.6
SUJ-0544,Manufactura,CDMX,Universitario,Startup escalada,Soltero,25,5,6,5928,12.9,31.6,67,8.3,8.0,3.6,7.5,8.2,7.6,7.2,6.3,25,10.0,8.0,6.6,1,0,4.4,2.5,17,38.3,49,60,24.0,15.9,13.8,13.0,14.7,13.1,4.1,1.4
SUJ-0545,Manufactura,Medellín,Posgrado,Empresa propia,Casado,37,6,13,3883,6.67,49.3,47,4.8,4.4,4.1,4.0,6.4,5.9,4.93,5.3,25,6.8,8.4,10.0,2,3,3.6,7.0,46,34.8,69,58,31.3,12.9,9.2,17.7,13.6,9.9,3.7,1.7
SUJ-0546,Finanzas,Bucaramanga,Posgrado,E-commerce,Soltero,18,15,21,2857,22.68,52.3,71,5.5,7.7,5.2,2.1,9.0,8.4,6.32,7.8,16,3.8,10.0,5.6,1,1,6.5,1.9,77,48.0,39,65,17.1,24.1,25.9,8.4,10.7,5.7,4.7,3.4
SUJ-0547,Tecnología,Monterrey,Universitario,Franquicia,Soltero,17,8,15,5759,8.41,62.5,55,5.2,4.1,7.2,4.1,6.1,6.2,5.48,6.4,34,4.8,8.4,5.1,3,1,4.9,0.8,122,35.7,52,58,23.8,23.1,16.0,17.3,7.4,4.7,5.0,2.7
SUJ-0548,Manufactura,São Paulo,Maestría,Startup escalada,Soltero,22,4,13,3056,1.13,28.5,98,8.0,9.5,10.0,5.5,10.0,10.0,8.83,5.3,7,10.0,6.2,8.3,2,3,6.5,2.1,12,19.1,37,46,31.0,18.9,2.3,19.2,16.1,7.9,2.9,1.7
SUJ-0549,Retail/Comercio,CDMX,Técnico,Empresa propia,Soltero,25,11,14,4489,1.73,25.5,59,7.4,7.5,6.8,4.0,8.0,8.0,6.95,9.5,32,4.3,7.1,7.8,1,0,4.6,3.6,14,18.6,35,54,12.4,34.3,10.7,7.7,13.3,15.4,5.2,1.0
SUJ-0550,Inmuebles,Bogotá,Posgrado,Holding,Casado,21,7,10,10746,3.31,28.6,71,6.9,7.8,6.8,4.1,7.5,5.6,6.45,7.6,26,8.8,6.6,8.4,0,3,3.7,5.2,65,34.3,65,63,23.0,27.3,10.2,17.5,6.9,5.5,7.7,1.9
SUJ-0551,Retail/Comercio,CDMX,Bachillerato,Startup escalada,Soltero,31,12,19,7867,2.23,26.8,63,8.4,6.6,6.2,7.6,7.5,7.0,7.22,8.4,29,4.3,7.0,5.4,1,1,6.6,4.0,8,22.2,48,73,19.1,17.2,17.9,13.2,9.9,12.7,6.0,4.0
SUJ-0552,Servicios,Barranquilla,Doctorado,Franquicia,Unión libre,27,14,23,11026,5.3,4.0,65,7.7,6.6,10.0,5.6,6.6,7.1,7.27,6.2,19,4.8,7.8,6.8,1,2,5.1,3.9,17,29.0,30,63,18.1,21.5,14.2,14.4,15.6,11.1,2.2,2.9
SUJ-0553,Retail/Comercio,Lima,Técnico,Empresa propia,Unión libre,22,1,6,9985,3.3,23.8,84,8.2,6.1,9.2,7.8,10.0,7.3,8.1,7.1,17,8.8,8.3,5.4,2,1,5.3,1.5,40,32.6,39,53,19.4,29.7,18.1,16.1,6.2,0.9,7.2,2.4
SUJ-0554,Manufactura,Barranquilla,Técnico,E-commerce,Soltero,22,1,12,13502,1.62,30.9,87,8.7,5.4,8.2,9.1,9.6,9.4,8.4,8.5,18,7.1,6.2,9.5,0,0,5.0,3.8,5,21.4,48,53,22.7,13.9,23.3,13.2,10.7,13.0,3.2,-0.0
SUJ-0555,Servicios,Monterrey,Universitario,Empresa propia,Unión libre,21,14,19,1802,4.62,11.8,81,6.6,7.7,8.6,6.6,10.0,7.8,7.88,6.8,30,6.1,10.0,6.0,2,4,6.5,3.0,2,28.7,35,54,25.6,25.2,18.7,8.8,10.5,7.9,3.3,0.0
SUJ-0556,Retail/Comercio,Santiago,Universitario,Holding,Soltero,30,4,8,42585,2.1,48.7,85,8.2,6.1,6.4,9.8,9.3,8.1,7.98,4.0,24,4.8,5.8,7.1,0,1,6.3,5.0,4,27.4,36,48,18.6,27.4,17.1,9.0,13.6,8.5,3.1,2.7
SUJ-0557,Tecnología,Bucaramanga,Universitario,Empresa familiar,Soltero,23,1,9,5166,1.0,54.2,65,7.0,4.8,7.5,3.2,8.2,4.6,5.88,6.9,14,8.9,7.7,8.4,2,3,5.5,3.1,21,24.2,55,60,27.6,19.6,11.6,8.2,13.4,8.4,7.9,3.3
SUJ-0558,Tecnología,Caracas,Posgrado,E-commerce,Soltero,18,5,9,10133,1.0,50.6,58,5.8,3.3,5.8,6.6,7.3,6.2,5.83,7.3,22,4.7,5.0,8.6,0,2,6.4,4.5,11,26.7,62,65,26.0,21.7,28.0,3.9,5.8,11.9,0.0,2.7
SUJ-0559,Inmuebles,Barranquilla,Universitario,Franquicia,Soltero,31,3,7,9059,1.0,43.4,62,5.9,4.8,7.2,5.3,8.3,6.6,6.35,8.4,22,3.7,8.1,5.5,0,1,6.2,5.0,10,23.1,53,55,19.1,29.1,16.9,12.0,8.6,5.3,6.9,2.1
SUJ-0560,Manufactura,Lima,Bachillerato,Holding,Casado,24,4,11,6680,5.51,32.7,78,9.2,8.1,6.3,7.2,9.5,9.0,8.22,7.4,33,7.3,8.9,10.0,0,1,5.0,5.0,4,24.3,24,59,35.2,18.7,19.7,5.4,4.0,9.9,6.0,1.1
SUJ-0561,Inmuebles,Santiago,Universitario,Empresa propia,Soltero,17,10,19,43812,74.45,47.6,89,8.1,8.7,10.0,6.6,9.2,10.0,8.77,6.7,7,4.7,8.4,7.5,2,1,7.0,2.3,35,45.6,28,55,38.4,23.8,3.0,20.3,6.2,6.2,0.0,2.1
SUJ-0562,Tecnología,Barranquilla,Maestría,Empresa propia,Casado,36,5,12,1960,3.76,71.0,56,6.9,3.4,4.8,5.5,6.4,5.8,5.47,6.4,22,5.5,8.1,8.0,1,1,5.8,3.8,3,29.5,51,57,28.6,18.1,12.9,13.8,12.4,6.5,4.7,3.0
SUJ-0563,Tecnología,Cali,Posgrado,Startup escalada,Casado,29,1,7,4381,3.46,72.9,68,8.5,4.7,6.4,6.0,8.7,7.7,7.0,9.0,27,9.4,9.1,5.9,3,2,4.9,1.7,2,26.0,54,68,25.6,16.3,23.3,16.7,11.2,5.0,1.9,0.0
SUJ-0564,Tecnología,Lima,Maestría,Holding,Soltero,26,7,20,1093,14.55,58.8,69,8.0,3.7,5.4,5.4,9.9,8.3,6.78,9.1,9,2.4,9.7,8.2,1,1,6.3,2.4,19,37.4,55,74,25.1,19.1,10.4,15.3,17.2,1.3,5.4,6.2
SUJ-0565,Finanzas,Bucaramanga,Posgrado,Empresa propia,Casado,24,3,11,1605,2.54,33.6,62,5.2,6.0,5.4,5.2,6.8,5.9,5.75,5.2,11,5.8,8.4,6.9,1,1,4.4,0.0,16,26.0,54,66,18.5,23.3,27.3,8.0,7.6,8.8,4.7,1.8
SUJ-0566,Manufactura,Medellín,Universitario,Empresa propia,Unión libre,24,6,11,9985,5.63,21.5,80,8.3,7.0,7.6,8.5,8.1,7.1,7.77,8.2,20,7.2,8.9,7.8,2,2,6.5,4.1,4,28.5,40,61,14.9,17.2,29.9,12.1,16.3,4.8,2.4,2.4
SUJ-0567,Finanzas,Buenos Aires,Técnico,Holding,Soltero,24,6,16,500,4.42,71.0,86,9.7,7.6,8.3,5.6,8.0,7.6,7.8,5.3,9,6.0,5.8,5.4,2,1,4.3,4.0,4,27.1,54,44,17.8,23.7,19.9,19.3,10.5,3.5,3.7,1.6
SUJ-0568,Retail/Comercio,Santiago,Universitario,Startup escalada,Soltero,24,10,15,17645,6.04,32.0,105,9.8,8.0,9.3,9.8,10.0,10.0,9.48,8.8,17,3.1,8.6,5.2,1,3,5.5,3.0,17,33.6,21,56,37.8,12.8,18.0,10.8,9.3,4.0,5.2,2.1
SUJ-0569,Servicios,Cali,Maestría,Startup escalada,Soltero,22,5,13,8023,4.69,16.0,99,8.7,9.0,9.9,6.5,10.0,8.9,8.83,8.0,16,4.4,7.7,5.4,1,2,5.0,3.6,22,24.6,36,58,25.8,11.0,15.9,20.3,15.6,7.0,4.3,0.1
SUJ-0570,Finanzas,Caracas,Doctorado,Empresa propia,Soltero,25,9,17,4651,2.17,40.5,83,7.2,6.6,10.0,7.3,9.1,7.6,7.97,9.0,30,8.0,7.2,8.3,2,0,5.3,0.5,16,26.3,43,65,27.2,14.0,16.6,10.5,17.3,8.9,4.2,1.3
SUJ-0571,Retail/Comercio,Medellín,Universitario,Empresa familiar,Casado,22,1,7,3220,1.82,13.3,66,7.3,7.1,6.5,5.2,8.0,5.4,6.58,8.2,23,7.3,7.9,8.2,1,3,5.4,1.9,109,32.9,51,64,27.7,25.1,17.1,16.5,4.6,5.6,2.8,0.6
SUJ-0572,Inmuebles,Bogotá,Bachillerato,E-commerce,Soltero,27,10,13,1079,5.53,44.6,82,7.9,5.5,7.2,7.1,9.4,9.7,7.8,4.9,35,4.3,9.7,10.0,2,1,5.0,1.3,5,32.6,31,51,36.9,13.6,13.6,12.3,11.8,4.9,3.1,3.8
SUJ-0573,Finanzas,Lima,Técnico,Holding,Casado,25,12,18,20363,16.27,41.8,46,4.9,5.6,7.2,4.4,6.1,5.3,5.58,7.8,27,10.0,7.6,9.4,1,2,5.4,0.0,3,35.1,67,66,17.8,18.6,12.7,18.1,15.2,11.3,3.7,2.6
SUJ-0574,Manufactura,São Paulo,Universitario,E-commerce,Casado,21,6,10,9967,1.0,11.0,81,5.6,7.4,6.5,6.9,9.5,7.0,7.15,9.2,34,6.6,6.6,6.5,1,2,7.8,5.3,7,10.2,38,57,25.9,16.2,17.1,13.4,11.2,7.2,5.8,3.2
SUJ-0575,Servicios,Cali,Posgrado,Empresa propia,Casado,25,4,11,3280,1.0,9.9,77,9.9,7.4,9.9,6.8,9.4,9.3,8.78,9.5,19,8.6,5.8,9.0,3,0,4.9,4.4,128,27.4,39,62,31.0,21.1,13.0,18.7,8.1,5.2,1.5,1.4
SUJ-0576,Agroindustria,CDMX,Bachillerato,Empresa familiar,Soltero,29,3,10,588,1.66,4.0,73,7.1,5.9,4.7,6.0,9.0,8.3,6.83,5.4,38,5.0,8.6,8.0,1,3,5.9,2.1,120,29.9,35,48,25.1,24.4,14.1,9.7,9.8,15.2,1.7,0.0
SUJ-0577,Tecnología,Bogotá,Doctorado,Empresa propia,Soltero,17,7,6,3152,1.0,62.3,62,7.5,7.8,7.9,6.7,7.3,4.4,6.93,6.5,9,10.0,8.0,4.4,3,3,5.6,3.1,7,29.7,45,46,22.5,16.4,21.6,20.9,3.7,7.7,5.3,1.9
SUJ-0578,Agroindustria,Bogotá,Universitario,Empresa propia,Soltero,29,11,18,1632,1.0,16.0,83,9.9,6.1,6.7,7.1,9.2,8.2,7.87,9.2,0,4.2,6.6,7.9,1,1,3.4,4.7,2,14.7,31,55,29.8,14.9,13.5,12.4,14.5,8.1,3.9,2.9
SUJ-0579,Retail/Comercio,Caracas,Maestría,Startup escalada,Soltero,18,5,21,12344,1.01,11.2,59,10.0,8.3,4.9,7.1,6.1,7.4,7.3,7.5,18,8.6,7.4,7.6,1,2,4.8,2.8,41,17.5,41,49,25.7,17.1,14.3,16.5,9.9,6.5,6.7,3.3
SUJ-0580,Finanzas,Santiago,Maestría,E-commerce,Unión libre,23,11,16,10172,39.78,67.5,87,9.8,7.9,8.9,6.4,8.7,6.9,8.1,8.6,38,1.8,10.0,7.5,0,1,5.6,4.7,11,49.7,48,60,37.2,17.8,19.3,9.7,4.3,2.9,5.7,3.1
SUJ-0581,Retail/Comercio,Caracas,Maestría,Startup escalada,Soltero,17,2,11,5515,1.61,29.1,80,8.4,8.3,9.1,5.2,10.0,6.6,7.93,7.6,31,9.1,7.9,7.7,0,2,6.1,0.9,65,25.5,36,49,33.8,13.6,16.5,10.8,8.1,6.3,8.2,2.7
SUJ-0582,Salud/Farma,Lima,Posgrado,E-commerce,Soltero,29,5,14,17361,5.06,4.0,78,6.2,8.6,8.6,6.7,7.8,7.5,7.57,5.6,16,6.8,7.1,7.8,2,3,4.4,2.3,25,25.4,35,58,36.3,18.3,14.6,9.2,6.9,9.6,3.9,1.2
SUJ-0583,Retail/Comercio,Caracas,Posgrado,Empresa propia,Soltero,21,7,7,1594,1.0,38.5,59,3.9,6.3,5.3,3.0,5.7,7.2,5.23,8.1,9,5.7,7.3,6.2,0,4,6.1,2.5,10,19.3,54,66,29.4,21.5,8.3,14.5,10.7,8.3,4.6,2.7
SUJ-0584,Finanzas,Cali,Posgrado,Startup escalada,Casado,23,8,16,4811,3.13,33.9,63,3.9,8.0,7.7,6.5,8.1,8.0,7.03,9.6,0,5.5,6.2,9.2,0,2,5.4,1.4,16,27.2,55,69,31.7,12.3,22.4,9.2,10.8,9.8,0.1,3.7
SUJ-0585,Manufactura,Monterrey,Posgrado,Empresa propia,Casado,26,5,8,9920,2.54,33.1,52,5.6,6.1,4.5,3.9,7.1,5.5,5.45,6.8,20,6.2,6.7,4.9,2,3,6.7,4.9,36,23.2,69,64,30.1,17.1,13.6,17.0,11.4,5.0,1.7,4.1
SUJ-0586,Finanzas,São Paulo,Posgrado,Startup escalada,Soltero,17,11,16,561,5.75,55.2,84,7.3,8.0,7.7,7.7,9.3,7.2,7.87,7.5,15,2.0,7.8,7.1,2,0,4.4,1.4,7,32.0,45,70,28.9,20.9,13.6,13.4,13.1,4.9,5.2,-0.0
SUJ-0587,Tecnología,Cali,Doctorado,Empresa propia,Soltero,26,11,12,3730,2.18,54.3,73,6.9,6.9,6.5,6.2,9.1,7.3,7.15,4.1,27,5.1,7.5,9.0,0,3,4.7,1.3,25,31.4,49,55,28.9,12.6,14.5,13.7,10.6,11.7,5.8,2.2
SUJ-0588,Tecnología,Caracas,Maestría,Startup escalada,Soltero,29,6,14,6782,1.21,34.9,65,8.5,6.2,6.5,5.2,5.6,5.3,6.22,6.5,32,8.3,9.2,8.6,1,1,3.9,0.0,12,25.9,51,56,26.3,11.1,12.0,21.8,15.5,9.6,1.6,2.1
SUJ-0589,Tecnología,Barranquilla,Maestría,Empresa propia,Casado,27,5,10,3655,6.74,35.1,70,8.0,7.6,6.3,6.0,8.4,7.5,7.3,7.6,21,8.8,7.2,8.0,0,3,5.9,3.0,5,25.1,59,61,13.1,17.9,18.0,20.9,13.3,9.4,5.3,2.1
SUJ-0590,Tecnología,Bogotá,Maestría,E-commerce,Unión libre,23,4,15,5234,8.08,51.7,86,8.7,6.1,8.5,4.7,9.0,7.6,7.43,7.0,11,3.8,6.8,5.8,3,3,6.6,2.8,7,30.9,39,53,31.8,14.6,21.6,5.7,8.9,10.6,6.3,0.5
SUJ-0591,Tecnología,Bucaramanga,Universitario,Startup escalada,Casado,26,11,12,7494,3.31,39.2,57,6.5,5.0,4.2,4.2,6.5,4.2,5.1,6.6,24,9.1,8.9,7.5,1,2,5.2,0.1,26,34.5,74,61,26.1,20.8,18.0,9.7,11.1,7.1,5.6,1.6
SUJ-0592,Manufactura,Bogotá,Técnico,Franquicia,Casado,25,4,13,3675,1.0,41.9,66,6.0,6.5,7.6,6.3,8.6,7.5,7.08,5.8,35,2.9,5.6,8.7,2,2,5.3,5.2,5,17.2,49,55,26.5,8.0,15.7,19.3,12.7,10.6,4.5,2.7
SUJ-0593,Tecnología,Bogotá,Universitario,Holding,Soltero,30,1,8,896,1.0,51.0,51,5.1,3.8,4.9,2.6,7.5,4.6,4.75,5.1,24,7.4,6.8,7.3,2,1,4.6,0.9,21,31.1,50,60,32.4,20.8,6.9,16.4,11.6,6.9,2.8,2.2
SUJ-0594,Finanzas,Buenos Aires,Posgrado,Startup escalada,Soltero,33,2,5,1201,1.0,34.0,58,4.6,6.5,4.7,5.5,6.2,4.6,5.35,10.0,21,6.7,6.8,6.7,1,1,5.2,4.2,63,24.3,53,63,38.3,14.7,20.8,5.2,11.6,5.1,2.7,1.6
SUJ-0595,Servicios,São Paulo,Maestría,Holding,Casado,23,9,10,5989,1.0,36.1,69,8.1,5.8,8.4,6.6,8.8,7.4,7.52,8.6,13,5.0,6.3,7.7,1,4,5.3,2.9,1,19.7,36,62,22.8,21.4,13.5,14.1,13.8,5.8,6.7,1.9
SUJ-0596,Retail/Comercio,São Paulo,Universitario,Startup escalada,Soltero,27,2,7,1536,1.0,4.0,87,10.0,5.6,10.0,5.8,10.0,6.9,8.05,8.1,33,9.6,6.7,6.6,0,1,5.5,3.1,3,13.2,44,63,24.8,21.9,24.8,10.2,9.4,5.5,2.2,1.2
SUJ-0597,Manufactura,CDMX,Posgrado,Franquicia,Unión libre,21,5,12,17646,1.12,23.0,81,9.7,6.1,8.7,8.0,8.9,6.6,8.0,6.6,25,5.5,5.0,8.5,1,3,5.5,5.7,44,20.0,39,67,35.8,30.7,13.7,12.2,4.2,2.8,0.7,-0.1
SUJ-0598,Tecnología,Caracas,Posgrado,Empresa propia,Soltero,28,7,9,14375,2.24,60.2,86,8.6,8.5,8.6,7.6,9.4,7.2,8.32,6.2,20,9.5,7.5,6.9,1,0,4.9,5.1,14,28.1,41,55,29.4,16.3,24.3,11.4,10.5,7.0,1.1,-0.0
SUJ-0599,Tecnología,Monterrey,Bachillerato,Empresa propia,Soltero,28,1,4,3434,4.23,38.0,81,9.4,5.5,7.3,8.1,9.3,9.5,8.18,7.4,17,6.5,5.4,8.3,0,3,4.4,3.6,24,33.3,33,58,19.8,20.0,7.7,13.7,16.0,13.9,5.6,3.3
SUJ-0600,Tecnología,Medellín,Posgrado,Empresa propia,Casado,24,7,16,14222,9.97,46.3,59,7.2,4.1,4.4,5.3,6.1,5.9,5.5,5.4,23,5.2,8.2,6.6,1,1,3.9,4.4,19,41.2,49,56,19.4,14.7,20.2,21.7,13.9,4.8,3.4,1.9
SUJ-0601,Tecnología,São Paulo,Maestría,Empresa propia,Soltero,29,5,8,6094,1.0,43.0,95,9.4,8.5,9.7,6.6,8.9,9.7,8.8,7.7,6,8.4,8.0,7.5,2,4,5.7,4.2,28,27.7,30,69,26.3,18.5,18.4,6.4,11.3,11.1,5.9,2.1
SUJ-0602,Finanzas,Caracas,Técnico,E-commerce,Soltero,26,1,9,1385,11.35,32.4,82,8.9,5.2,5.8,7.9,10.0,9.3,7.85,6.9,1,3.8,8.3,7.0,2,2,5.3,2.5,43,34.7,42,59,34.4,18.7,14.8,13.9,8.1,7.9,0.9,1.3
SUJ-0603,Tecnología,Medellín,Posgrado,Empresa propia,Soltero,25,7,17,7619,15.3,53.5,97,8.1,8.7,9.7,7.3,10.0,9.0,8.8,8.5,15,7.5,9.4,7.2,0,2,4.7,1.8,49,39.3,30,56,33.1,8.3,12.4,17.0,10.5,10.6,5.9,2.2
SUJ-0604,Tecnología,São Paulo,Posgrado,Empresa propia,Casado,20,8,11,9101,2.68,64.3,95,8.7,5.2,6.5,8.4,8.2,9.2,7.7,5.1,30,8.3,6.6,8.0,2,0,4.2,0.0,12,32.9,42,54,23.7,23.7,15.1,12.1,13.4,7.7,2.3,2.0
SUJ-0605,Tecnología,CDMX,Técnico,Empresa propia,Soltero,27,7,9,700,1.0,80.5,71,6.5,6.8,7.4,5.0,8.5,7.9,7.02,7.7,14,4.0,9.4,9.5,0,7,4.8,1.6,44,34.4,46,65,33.4,16.6,12.2,16.7,10.9,3.3,3.6,3.3
SUJ-0606,Retail/Comercio,Bogotá,Técnico,Startup escalada,Soltero,22,9,18,3020,1.42,39.1,66,5.1,5.7,8.6,4.6,8.3,6.9,6.53,7.2,21,6.9,3.6,8.2,1,0,5.4,2.7,23,23.1,62,63,35.5,12.0,17.1,2.5,12.6,9.6,8.2,2.5
SUJ-0607,Tecnología,Medellín,Doctorado,E-commerce,Casado,31,8,13,500,4.03,48.6,42,5.8,6.3,5.5,2.8,3.5,4.6,4.75,8.0,25,7.8,10.0,8.6,1,5,6.3,0.0,6,36.6,61,58,24.5,21.7,16.2,13.9,8.6,7.7,4.6,2.8
SUJ-0608,Finanzas,Caracas,Universitario,Empresa propia,Soltero,20,9,13,3043,2.65,63.7,75,8.5,3.9,9.0,7.7,7.9,7.8,7.47,6.2,19,8.2,8.2,6.7,0,0,3.9,1.3,13,35.0,64,65,24.6,22.2,12.5,17.9,13.1,5.2,3.2,1.3
SUJ-0609,Retail/Comercio,Lima,Universitario,Startup escalada,Unión libre,27,3,14,3269,1.0,12.6,72,4.3,5.4,9.3,6.5,9.0,6.9,6.9,6.1,0,6.9,9.5,6.3,3,3,5.5,1.9,60,29.0,33,62,25.9,23.5,13.4,17.2,7.8,5.4,5.7,1.1
SUJ-0610,Manufactura,Monterrey,Técnico,Empresa propia,Soltero,24,1,6,7958,1.66,17.3,64,6.7,6.4,6.7,3.2,8.1,5.8,6.15,5.2,27,8.1,7.0,5.0,1,1,5.2,2.1,6,19.7,55,49,25.4,22.5,19.4,17.2,7.2,4.9,2.2,1.2
SUJ-0611,Tecnología,Medellín,Posgrado,Empresa familiar,Casado,27,2,9,1775,3.87,65.7,66,6.6,5.8,9.3,4.9,7.3,6.3,6.7,4.1,47,8.0,7.1,8.7,2,2,3.4,6.8,128,33.3,48,46,32.9,10.7,23.5,9.9,12.7,8.3,1.9,0.1
SUJ-0612,Inmuebles,CDMX,Posgrado,E-commerce,Soltero,25,4,4,500,1.09,22.5,79,7.2,6.1,7.3,6.4,7.7,7.3,7.0,9.6,9,5.6,6.3,8.5,2,0,7.3,6.4,20,17.0,25,54,34.7,23.6,11.8,16.7,4.9,6.1,1.1,1.1
SUJ-0613,Manufactura,Barranquilla,Posgrado,Empresa propia,Casado,21,14,20,3034,2.27,25.6,47,3.5,2.2,4.0,6.0,7.2,6.2,4.85,10.0,32,5.0,9.1,6.0,0,2,4.9,4.6,65,30.0,66,64,22.1,18.7,13.9,18.8,13.5,8.5,2.3,2.2
SUJ-0614,Tecnología,Medellín,Técnico,Holding,Casado,32,4,7,13972,1.0,42.6,90,8.9,8.0,7.2,6.5,8.4,6.8,7.63,7.8,1,6.4,8.4,6.5,0,1,4.4,5.8,24,28.5,56,64,28.5,18.9,14.0,12.3,10.4,10.6,3.8,1.5
SUJ-0615,Servicios,Caracas,Maestría,Startup escalada,Unión libre,20,5,9,4075,1.7,19.1,84,8.4,10.0,9.4,7.8,10.0,9.1,9.12,9.0,33,6.2,7.2,10.0,1,1,4.0,3.3,8,17.9,34,53,30.5,19.7,17.1,11.2,7.4,7.2,6.0,0.9
SUJ-0616,Agroindustria,Monterrey,Universitario,Franquicia,Soltero,29,6,10,4290,1.36,18.3,67,6.5,4.9,6.5,7.6,8.4,9.6,7.25,6.1,1,6.2,9.1,10.0,2,4,4.7,4.9,5,22.3,48,44,32.5,13.4,22.1,11.3,12.0,5.2,1.3,2.2
SUJ-0617,Tecnología,São Paulo,Universitario,Startup escalada,Soltero,17,5,16,5064,10.16,59.0,71,8.5,6.3,6.5,4.0,7.1,7.4,6.63,6.9,23,8.5,5.6,7.8,1,0,5.3,3.7,9,35.1,52,60,29.4,19.4,22.6,6.5,13.4,4.6,4.1,-0.0
SUJ-0618,Finanzas,Santiago,Universitario,Empresa propia,Casado,24,14,18,11147,19.16,50.4,77,9.0,7.0,8.6,6.1,8.2,7.6,7.75,7.3,22,5.4,7.1,6.3,1,3,5.7,2.3,82,45.9,36,52,19.1,21.4,22.6,11.7,11.4,8.9,3.6,1.3
SUJ-0619,Inmuebles,São Paulo,Universitario,Empresa propia,Soltero,35,1,5,5231,1.0,41.7,83,6.0,6.5,5.8,5.6,8.5,7.3,6.62,6.7,31,4.3,5.7,6.4,2,3,5.3,2.3,90,26.8,53,71,20.4,25.0,17.9,12.3,10.0,6.4,4.8,3.2
SUJ-0620,Inmuebles,Santiago,Maestría,Empresa propia,Soltero,24,15,26,765,3.14,37.2,100,10.0,8.1,10.0,9.4,10.0,7.7,9.2,8.5,33,9.0,9.8,8.0,1,2,5.6,3.6,3,28.3,37,58,27.0,20.5,10.4,9.9,20.0,5.6,5.3,1.3
SUJ-0621,Tecnología,Lima,Doctorado,Empresa propia,Unión libre,26,7,12,1849,1.14,49.6,65,5.7,4.4,5.0,6.0,7.4,6.3,5.8,8.0,19,7.7,7.5,7.6,5,3,3.1,2.5,3,19.4,64,80,23.7,21.0,13.7,16.8,11.0,5.6,4.6,3.6
SUJ-0622,Tecnología,Cali,Universitario,Empresa propia,Soltero,35,10,14,1665,1.0,43.9,91,8.6,5.8,9.5,6.3,10.0,8.8,8.17,8.3,16,5.5,8.6,9.8,2,2,5.7,0.8,25,28.7,40,57,23.3,13.3,17.4,9.4,15.6,17.2,3.5,0.3
SUJ-0623,Finanzas,Cali,Maestría,Startup escalada,Unión libre,25,7,17,5671,1.84,35.3,69,9.2,8.0,7.7,4.2,7.9,4.8,6.97,10.0,17,3.0,9.4,8.3,0,3,4.7,1.6,14,26.8,53,62,25.4,18.3,15.6,14.8,10.1,9.2,6.5,0.1
SUJ-0624,Retail/Comercio,Medellín,Maestría,Empresa propia,Soltero,27,10,16,500,1.0,4.0,67,6.9,5.7,6.6,4.5,7.6,5.9,6.2,5.8,19,8.7,9.5,10.0,2,1,4.8,4.5,2,17.7,54,53,25.9,37.0,12.3,4.2,8.5,6.6,4.0,1.5
SUJ-0625,Manufactura,Bucaramanga,Doctorado,Franquicia,Casado,29,3,9,2668,1.31,23.2,69,8.4,6.7,8.5,4.3,7.6,5.8,6.88,5.7,24,4.6,7.2,4.6,0,1,5.9,4.2,322,30.9,42,60,24.8,22.0,11.7,22.2,2.3,10.2,4.7,2.1
SUJ-0626,Finanzas,Caracas,Universitario,E-commerce,Casado,17,2,9,7475,1.0,32.1,87,8.3,7.9,9.5,5.9,10.0,9.7,8.55,7.2,25,3.8,7.8,7.3,2,3,5.7,0.8,28,19.8,40,52,25.2,21.1,10.0,17.7,11.8,6.9,5.8,1.5
SUJ-0627,Retail/Comercio,Barranquilla,Posgrado,Startup escalada,Soltero,23,17,28,3503,6.91,16.1,65,8.1,4.5,6.5,4.4,8.8,7.2,6.58,7.6,16,9.8,9.2,9.8,3,2,4.5,4.8,51,32.1,62,55,23.2,15.6,18.7,15.1,8.4,13.1,4.0,1.9
SUJ-0628,Inmuebles,CDMX,Universitario,Empresa familiar,Unión libre,26,14,16,9840,6.34,27.5,74,7.7,4.7,8.2,6.5,7.0,7.2,6.88,9.0,27,8.3,6.3,6.2,2,1,5.7,3.9,44,28.8,54,56,23.0,30.8,12.2,9.9,9.7,12.9,1.4,0.1
SUJ-0629,Tecnología,Barranquilla,Maestría,Startup escalada,Soltero,17,3,13,3970,1.57,45.1,65,6.5,4.9,3.6,4.2,8.6,7.0,5.8,7.7,29,6.1,6.8,9.7,2,1,6.3,2.8,12,27.0,55,60,31.9,14.7,15.3,18.6,4.3,9.2,4.0,2.0
SUJ-0630,Finanzas,Santiago,Bachillerato,Empresa familiar,Unión libre,34,9,10,31004,4.55,55.8,67,7.3,6.2,6.3,6.0,9.2,6.6,6.93,6.1,46,6.6,7.6,10.0,2,0,4.7,4.9,32,28.8,50,56,29.8,14.4,15.8,15.2,9.0,8.3,3.8,3.7
SUJ-0631,Inmuebles,Caracas,Posgrado,Startup escalada,Casado,30,11,14,26901,10.35,29.4,91,7.8,6.5,9.4,6.0,9.1,10.0,8.13,4.5,35,6.9,8.1,7.9,1,3,6.1,1.8,54,36.7,45,55,24.8,12.1,26.2,8.6,14.7,8.1,3.4,2.1
SUJ-0632,Servicios,Caracas,Universitario,Empresa familiar,Soltero,29,9,12,12869,3.33,44.9,72,6.9,5.6,6.3,4.2,7.9,7.6,6.42,6.9,27,5.5,9.0,9.8,2,2,3.7,5.1,19,31.7,55,59,40.9,22.6,11.3,2.1,9.9,8.5,4.7,-0.0
SUJ-0633,Retail/Comercio,Medellín,Universitario,Holding,Unión libre,33,6,12,24701,12.16,59.1,63,7.7,3.0,6.4,4.8,7.1,6.4,5.9,8.4,20,8.0,9.2,8.8,0,4,6.9,0.0,123,47.8,58,56,28.3,9.1,23.0,10.7,13.3,11.4,1.4,2.8
SUJ-0634,Retail/Comercio,São Paulo,Posgrado,Empresa propia,Soltero,30,14,17,1833,5.32,24.1,66,8.1,5.8,6.5,4.5,8.2,5.8,6.48,6.0,4,9.4,6.3,5.0,0,2,5.0,2.0,51,31.2,52,52,28.3,20.3,17.6,12.1,10.2,7.2,3.9,0.4
SUJ-0635,Tecnología,Monterrey,Maestría,Franquicia,Casado,24,9,19,11119,15.62,40.5,76,6.9,6.6,5.1,4.4,7.8,8.7,6.58,8.0,5,8.3,7.1,8.2,2,2,4.4,2.6,2,32.2,48,55,31.3,22.3,7.2,14.3,11.1,6.9,4.5,2.4
SUJ-0636,Retail/Comercio,CDMX,Posgrado,Holding,Soltero,17,3,11,3104,1.1,4.0,72,9.4,6.2,8.5,4.9,9.4,3.9,7.05,9.3,29,5.8,6.8,8.0,1,0,5.9,2.0,45,18.3,46,72,31.5,10.8,11.6,15.1,10.8,10.9,5.1,4.2
SUJ-0637,Retail/Comercio,Barranquilla,Maestría,Empresa propia,Casado,21,5,11,10336,1.33,54.0,72,9.6,4.9,7.4,7.7,5.5,5.7,6.8,4.7,22,6.4,7.1,4.0,1,2,5.2,1.7,4,21.7,50,60,16.9,13.8,19.7,18.1,13.0,13.8,4.4,0.3
SUJ-0638,Finanzas,Monterrey,Universitario,Empresa propia,Casado,22,3,6,3745,1.0,38.0,68,5.9,4.7,5.3,4.9,7.7,8.9,6.23,9.4,12,4.3,7.2,7.4,1,3,5.8,4.4,3,19.5,67,64,21.9,15.9,18.4,20.2,6.1,11.3,6.2,-0.0
SUJ-0639,Finanzas,CDMX,Posgrado,E-commerce,Soltero,29,6,17,2733,3.43,40.5,86,8.1,5.8,10.0,7.0,9.0,5.9,7.63,9.7,20,7.5,6.8,7.2,1,4,4.5,5.2,31,32.2,46,58,30.0,23.4,18.9,10.2,6.0,5.2,4.0,2.3
SUJ-0640,Finanzas,Barranquilla,Universitario,Empresa familiar,Casado,26,6,12,25513,3.52,38.3,80,8.1,6.2,8.1,5.3,8.2,6.9,7.13,5.4,17,2.1,5.8,9.4,0,0,4.4,2.5,13,22.7,48,53,28.6,27.8,13.3,15.6,4.8,4.2,3.6,2.1
SUJ-0641,Tecnología,Lima,Bachillerato,Empresa propia,Soltero,17,10,15,1884,1.72,47.8,69,8.6,5.1,7.3,6.5,8.4,7.7,7.27,9.5,21,6.3,9.1,7.5,1,4,5.0,2.4,19,26.9,39,64,30.0,17.5,13.2,13.3,12.1,6.9,5.8,1.2
SUJ-0642,Finanzas,Santiago,Posgrado,Startup escalada,Soltero,31,10,16,11369,3.76,41.4,74,8.3,8.2,7.2,4.1,8.4,7.8,7.33,7.4,12,4.1,9.2,8.4,3,2,5.0,5.6,1,33.9,40,48,27.8,19.2,17.5,17.6,10.1,2.7,3.2,1.9
SUJ-0643,Tecnología,Bogotá,Posgrado,Holding,Soltero,33,8,13,8983,9.28,64.0,61,6.4,7.8,9.0,6.5,7.4,6.0,7.18,7.9,28,4.5,4.3,5.5,1,2,5.4,2.8,38,37.7,59,61,19.8,26.7,19.9,5.7,11.1,8.9,5.7,2.2
SUJ-0644,Finanzas,CDMX,Posgrado,Empresa familiar,Soltero,34,8,17,2893,1.26,9.7,71,5.8,7.3,8.4,6.8,8.5,6.5,7.22,4.4,19,6.1,8.3,6.2,2,5,5.4,2.4,117,23.8,32,42,24.5,17.5,18.2,7.9,9.3,16.8,2.3,3.5
SUJ-0645,Tecnología,Santiago,Maestría,Empresa familiar,Soltero,19,11,21,4904,26.56,49.8,63,4.7,5.7,5.5,4.9,9.4,5.3,5.92,6.7,31,5.0,10.0,8.1,2,2,5.1,0.6,39,47.1,58,54,30.2,15.9,19.9,9.4,13.3,7.1,2.8,1.4
SUJ-0646,Servicios,Caracas,Posgrado,Startup escalada,Casado,27,6,9,1234,3.75,32.2,75,8.1,6.0,4.5,8.0,10.0,7.9,7.42,7.0,19,5.3,8.5,7.9,2,1,3.0,2.9,11,33.4,53,55,33.1,22.0,15.8,10.6,7.3,6.9,2.8,1.5
SUJ-0647,Manufactura,Buenos Aires,Bachillerato,E-commerce,Soltero,19,1,5,20327,1.73,15.1,71,9.5,5.1,8.1,6.7,7.0,6.5,7.15,8.9,23,2.1,10.0,7.0,1,1,5.8,4.8,8,27.2,49,62,27.5,23.6,12.3,14.9,13.0,7.6,0.0,1.1
SUJ-0648,Manufactura,Bucaramanga,Técnico,Empresa propia,Soltero,37,15,19,27566,6.86,33.0,69,7.3,6.1,6.8,8.5,6.6,4.2,6.58,6.8,21,5.6,9.5,7.4,2,4,4.8,3.2,27,32.5,61,51,33.7,20.4,15.5,7.3,11.4,6.9,4.3,0.5
SUJ-0649,Inmuebles,Caracas,Posgrado,E-commerce,Soltero,26,3,10,10547,6.1,33.0,74,8.2,6.2,6.9,6.8,7.9,5.9,6.98,6.2,16,10.0,6.2,9.4,1,2,4.7,3.2,27,29.0,53,51,24.3,21.2,14.4,15.3,8.6,10.3,5.8,0.1
SUJ-0650,Retail/Comercio,Medellín,Universitario,Startup escalada,Casado,23,9,18,15146,1.0,18.4,76,7.9,5.2,7.3,4.5,7.5,8.3,6.78,5.7,2,7.8,8.6,6.0,2,1,5.1,4.3,28,24.7,54,57,14.8,21.8,20.6,16.5,11.0,11.1,2.7,1.5
SUJ-0651,Tecnología,Buenos Aires,Bachillerato,Startup escalada,Casado,22,5,6,689,5.31,27.0,87,6.8,6.3,5.8,5.8,9.9,10.0,7.43,7.3,34,6.5,4.9,6.9,3,0,4.9,4.0,26,30.4,34,58,32.3,9.8,9.3,19.2,14.5,10.2,2.7,2.0
SUJ-0652,Retail/Comercio,Monterrey,Universitario,Startup escalada,Soltero,28,12,14,3875,5.67,34.1,83,10.0,4.5,8.2,7.6,8.9,8.2,7.9,7.5,29,5.7,7.5,10.0,2,4,3.7,0.0,103,32.2,46,70,31.1,3.1,13.9,12.9,17.8,13.7,2.8,4.7
SUJ-0653,Manufactura,Caracas,Posgrado,Empresa propia,Unión libre,29,3,8,3213,2.56,29.3,85,7.5,5.8,7.8,4.6,10.0,7.5,7.2,8.6,15,2.7,7.7,7.2,1,1,4.8,2.6,5,24.4,56,56,25.1,21.7,23.8,14.1,3.0,5.7,4.9,1.7
SUJ-0654,Inmuebles,Caracas,Universitario,E-commerce,Casado,17,4,12,6658,3.05,21.3,68,6.2,6.5,6.3,5.3,7.7,7.3,6.55,5.9,30,6.6,10.0,7.3,1,1,4.6,7.0,1,20.6,51,57,34.1,20.6,16.3,7.3,10.7,4.2,4.2,2.6
SUJ-0655,Retail/Comercio,CDMX,Maestría,Empresa propia,Casado,34,5,8,1620,1.35,39.0,76,8.3,7.9,7.6,2.0,9.1,7.3,7.03,6.2,0,7.5,8.7,6.8,1,0,6.6,3.4,2,22.8,51,48,27.9,10.2,18.7,20.6,14.4,5.2,2.9,0.1
SUJ-0656,Tecnología,Medellín,Posgrado,Empresa propia,Soltero,28,9,14,6629,6.8,45.6,96,8.6,8.6,10.0,8.5,10.0,10.0,9.28,9.4,23,8.7,6.4,9.5,1,2,5.2,4.1,83,34.6,21,69,24.3,30.2,14.4,7.1,10.8,8.4,1.9,2.9
SUJ-0657,Finanzas,Medellín,Universitario,Empresa propia,Soltero,34,8,11,8498,2.7,62.6,71,5.8,5.5,6.7,5.5,7.2,9.3,6.67,8.9,22,3.2,8.8,8.7,2,1,5.8,0.6,85,35.2,51,74,22.8,17.1,18.9,21.4,10.3,3.4,4.5,1.6
SUJ-0658,Finanzas,Buenos Aires,Maestría,Empresa propia,Unión libre,36,9,18,1135,4.67,52.3,74,8.8,4.2,9.1,5.3,6.3,6.6,6.72,8.9,33,8.5,8.8,10.0,1,2,4.7,0.2,73,39.5,54,70,26.4,19.1,21.5,9.8,8.2,10.2,2.7,2.1
SUJ-0659,Manufactura,Caracas,Posgrado,Startup escalada,Casado,25,7,13,1129,1.0,45.5,74,7.7,4.8,7.6,5.7,8.2,10.0,7.33,4.7,28,8.0,8.0,7.1,2,3,5.6,2.0,425,36.6,37,64,27.3,19.2,15.5,17.0,6.6,6.3,5.5,2.6
SUJ-0660,Manufactura,Buenos Aires,Posgrado,Empresa propia,Soltero,31,10,13,500,8.45,29.9,71,8.7,6.7,9.0,4.7,7.5,6.0,7.1,5.9,10,0.9,8.6,8.5,0,4,6.1,0.7,36,36.3,44,56,30.0,23.3,13.0,11.5,14.5,5.5,0.7,1.5
SUJ-0661,Finanzas,Bogotá,Posgrado,Empresa propia,Soltero,22,10,12,11446,10.2,48.5,90,8.6,8.0,8.5,5.4,10.0,6.5,7.83,7.7,28,3.0,10.0,8.0,3,3,4.2,0.0,75,35.6,47,52,34.4,13.5,14.4,8.0,14.5,9.8,3.5,1.9
SUJ-0662,Salud/Farma,Barranquilla,Bachillerato,Empresa familiar,Casado,23,12,17,3215,3.72,4.0,66,6.5,5.0,5.5,5.4,8.1,6.5,6.17,7.6,30,3.1,7.4,9.4,1,1,5.3,0.9,17,22.9,60,56,25.7,17.5,13.1,12.7,15.4,7.7,4.1,3.8
SUJ-0663,Manufactura,CDMX,Posgrado,Empresa propia,Casado,35,8,13,2043,1.69,25.6,87,8.9,6.8,10.0,6.1,8.8,6.3,7.82,6.4,31,8.6,8.2,5.2,1,6,3.3,1.9,30,19.7,32,39,19.5,17.5,14.7,18.7,14.9,4.9,5.5,4.3
SUJ-0664,Finanzas,Santiago,Universitario,Empresa propia,Unión libre,21,8,17,12044,7.1,44.8,83,8.9,9.5,9.4,5.1,9.8,7.5,8.37,8.4,18,6.0,9.3,5.7,1,3,6.7,2.5,257,40.3,38,42,20.3,21.6,14.9,23.3,11.6,1.4,4.6,2.3
SUJ-0665,Tecnología,Cali,Doctorado,Empresa propia,Soltero,27,13,23,1236,482.76,75.0,71,7.3,3.9,9.1,8.1,8.7,5.5,7.1,7.6,45,6.0,6.6,4.9,1,0,6.0,0.0,2,48.3,43,65,27.9,13.9,21.2,10.0,9.3,10.9,3.3,3.5
SUJ-0666,Tecnología,Caracas,Maestría,Empresa propia,Soltero,20,11,13,4457,6.08,55.4,67,6.2,5.9,7.7,5.2,6.5,6.6,6.35,8.1,21,9.2,9.4,8.2,2,6,4.4,3.5,32,33.0,49,56,32.6,22.6,18.0,8.0,11.2,3.7,1.4,2.5
SUJ-0667,Finanzas,São Paulo,Posgrado,Empresa propia,Soltero,22,9,18,10925,49.4,59.1,72,8.9,4.7,7.3,5.1,6.9,7.5,6.73,6.9,24,5.0,7.1,7.5,1,1,4.3,5.3,15,44.2,48,50,11.1,25.3,15.6,22.0,14.9,9.2,1.1,0.8
SUJ-0668,Tecnología,CDMX,Universitario,Empresa propia,Soltero,22,1,9,6823,3.15,72.1,88,9.2,5.9,9.8,6.7,10.0,8.2,8.3,6.2,13,6.5,7.5,7.1,2,1,5.5,5.6,23,33.6,44,68,32.0,13.7,21.9,8.7,7.3,9.6,3.5,3.3
SUJ-0669,Tecnología,CDMX,Universitario,E-commerce,Soltero,34,1,5,6459,5.78,71.2,87,9.1,7.8,9.1,6.5,8.5,8.7,8.28,8.4,44,3.3,7.7,8.0,1,2,3.7,0.0,28,38.9,47,59,31.4,17.9,12.4,19.3,8.0,7.4,3.6,-0.0
SUJ-0670,Finanzas,CDMX,Universitario,Empresa propia,Unión libre,29,9,18,1370,2.52,46.9,83,6.0,9.2,7.3,6.1,10.0,8.0,7.77,8.0,9,7.7,5.3,8.1,2,3,4.9,0.0,2,20.5,39,67,36.4,15.8,9.9,22.1,8.5,3.5,3.7,0.1
SUJ-0671,Tecnología,Medellín,Universitario,Empresa propia,Casado,31,9,12,1596,8.03,82.2,71,7.8,7.0,7.8,3.8,7.7,5.6,6.62,5.7,15,6.5,8.6,8.0,2,3,4.3,4.6,18,43.9,37,55,25.2,15.2,19.6,18.7,8.2,9.0,2.2,1.9
SUJ-0672,Servicios,Monterrey,Universitario,Startup escalada,Casado,17,4,11,6988,1.77,15.0,73,7.9,8.3,6.8,7.5,9.1,6.5,7.68,7.5,37,7.1,10.0,8.6,1,0,4.5,4.7,4,19.7,41,54,28.8,11.7,18.3,22.0,12.1,1.1,3.0,3.0
SUJ-0673,Tecnología,Medellín,Posgrado,Franquicia,Soltero,26,8,22,500,66.82,71.0,81,8.2,4.4,6.1,5.2,8.1,6.7,6.45,6.9,17,7.8,7.3,7.5,2,1,4.5,4.0,11,50.7,43,78,11.7,8.0,26.1,18.8,15.2,11.5,7.6,1.1
SUJ-0674,Retail/Comercio,Monterrey,Técnico,Startup escalada,Soltero,23,3,10,16267,4.03,17.9,69,7.9,6.7,6.9,7.5,7.2,6.7,7.15,6.2,19,6.6,10.0,6.6,0,3,5.0,0.0,28,31.3,60,53,30.8,22.6,10.3,11.7,14.1,2.1,5.7,2.7
SUJ-0675,Retail/Comercio,Buenos Aires,Doctorado,E-commerce,Soltero,28,9,14,3452,6.71,40.4,84,7.7,8.3,7.3,4.9,7.5,8.0,7.28,7.3,18,5.0,3.6,7.4,1,1,5.4,2.5,22,26.6,48,63,28.6,16.0,15.5,15.7,8.1,10.2,5.2,0.7
SUJ-0676,Salud/Farma,Cali,Técnico,Franquicia,Soltero,40,9,10,4311,2.0,13.2,74,8.0,6.1,10.0,7.0,7.8,7.8,7.78,6.7,31,9.5,9.5,8.2,2,1,5.1,0.4,24,26.2,44,56,26.6,14.6,15.9,14.4,12.9,7.8,6.1,1.7
SUJ-0677,Tecnología,Medellín,Doctorado,Startup escalada,Casado,17,9,15,2391,4.87,61.1,86,6.8,8.3,6.8,7.9,8.4,7.0,7.53,7.1,27,9.2,5.5,8.3,0,2,4.7,1.9,16,35.0,37,65,13.2,20.1,18.7,23.7,10.7,6.5,5.9,1.2
SUJ-0678,Finanzas,Caracas,Maestría,Empresa propia,Soltero,28,8,17,16743,8.07,36.1,53,7.2,8.3,5.2,4.5,4.9,5.7,5.97,9.7,28,6.6,9.3,6.5,0,1,4.4,3.1,1,31.8,45,77,25.9,11.9,16.7,14.2,12.6,11.7,3.8,3.2
SUJ-0679,Salud/Farma,Monterrey,Posgrado,Empresa propia,Soltero,39,6,10,8229,6.51,12.2,64,6.0,5.9,5.8,2.8,7.3,5.7,5.58,8.1,39,5.5,5.8,6.9,1,0,3.9,0.9,26,29.5,66,58,30.0,18.1,17.5,15.9,5.5,6.5,4.0,2.5
SUJ-0680,Servicios,Medellín,Maestría,Holding,Soltero,22,6,14,4781,11.01,8.6,68,7.8,5.5,8.0,5.6,9.3,7.1,7.22,8.9,29,9.4,10.0,6.7,1,1,4.6,1.4,8,29.3,50,62,32.2,11.3,10.9,14.9,11.6,11.0,7.5,0.6
SUJ-0681,Inmuebles,Bucaramanga,Universitario,E-commerce,Soltero,26,11,16,7041,2.59,38.7,78,9.4,8.1,8.0,7.8,7.8,7.5,8.1,6.5,27,7.2,5.4,8.0,3,2,5.4,3.8,16,23.3,39,41,29.3,19.4,17.5,3.5,14.6,8.5,5.5,1.7
SUJ-0682,Finanzas,Medellín,Posgrado,Startup escalada,Casado,30,8,13,3829,3.85,55.0,67,8.3,7.3,9.5,3.6,7.4,7.9,7.33,6.5,27,7.5,9.3,6.8,2,1,5.3,5.2,4,28.4,57,55,17.5,20.7,9.5,18.7,13.9,11.0,6.2,2.5
SUJ-0683,Tecnología,Cali,Universitario,Startup escalada,Soltero,17,9,17,5012,18.92,59.3,102,10.0,8.0,10.0,7.1,10.0,9.5,9.1,8.2,32,7.8,7.2,8.5,1,5,6.4,6.1,15,37.5,27,64,25.2,16.8,16.8,12.7,14.5,6.7,5.2,2.1
SUJ-0684,Manufactura,Cali,Universitario,Franquicia,Casado,27,7,6,3540,2.29,27.9,56,7.1,4.4,6.1,3.4,7.2,2.7,5.15,4.3,12,5.9,7.2,6.7,1,2,5.3,4.4,11,23.4,76,63,18.2,17.6,15.7,16.1,17.5,6.6,4.7,3.6
SUJ-0685,Agroindustria,Monterrey,Posgrado,E-commerce,Casado,21,9,14,4230,1.88,12.5,86,10.0,8.7,6.7,7.3,8.8,8.8,8.38,6.0,23,3.3,7.6,5.3,2,1,5.1,4.5,6,15.9,37,66,29.9,16.9,14.6,8.6,13.2,12.9,2.2,1.7
SUJ-0686,Retail/Comercio,Monterrey,Universitario,E-commerce,Soltero,38,10,19,3026,2.62,18.3,89,9.0,6.9,9.0,8.9,8.2,6.9,8.15,8.2,36,2.5,7.6,10.0,5,4,4.5,3.8,12,17.4,37,64,29.2,17.4,16.3,12.9,11.9,6.2,4.2,1.9
SUJ-0687,Manufactura,Buenos Aires,Posgrado,Empresa familiar,Soltero,24,4,9,646,1.33,10.3,79,9.1,6.7,8.1,6.1,8.2,8.7,7.82,7.9,0,4.3,9.1,6.6,0,1,4.4,2.4,6,19.9,41,56,20.9,19.3,22.2,7.6,14.3,8.3,4.7,2.7
SUJ-0688,Finanzas,Cali,Universitario,Startup escalada,Casado,21,9,15,500,1.0,32.8,68,5.6,6.4,4.8,4.5,6.8,6.4,5.75,6.7,23,8.0,8.2,8.3,1,1,4.2,1.7,3,24.5,50,59,19.3,21.4,15.9,9.1,16.9,8.6,8.5,0.3
SUJ-0689,Inmuebles,Cali,Universitario,Startup escalada,Casado,31,6,12,1530,1.0,48.7,72,6.5,6.0,6.9,8.1,7.3,7.2,7.0,7.6,27,7.6,8.3,6.9,3,3,5.3,3.6,41,28.6,55,54,21.6,9.4,19.2,14.4,18.2,7.4,5.9,3.9
SUJ-0690,Tecnología,Caracas,Técnico,Empresa propia,Soltero,28,8,21,2318,4.71,37.6,83,10.0,7.0,8.3,6.7,8.6,9.8,8.4,6.5,17,7.5,8.6,7.1,1,2,6.3,6.3,58,35.4,41,49,24.5,18.8,15.0,14.0,13.0,9.9,4.5,0.3
SUJ-0691,Finanzas,Bogotá,Bachillerato,Startup escalada,Soltero,31,10,17,17692,4.37,35.1,51,5.5,3.7,5.7,4.3,5.7,5.8,5.12,9.2,11,4.4,5.1,7.5,0,0,3.9,2.3,127,31.7,69,77,39.6,13.5,16.9,4.6,13.0,6.4,5.9,0.1
SUJ-0692,Retail/Comercio,CDMX,Universitario,Empresa propia,Soltero,37,1,3,7558,6.45,14.4,64,6.3,6.4,5.2,4.9,5.6,6.7,5.85,9.0,22,9.2,10.0,8.8,2,1,4.2,3.4,3,28.1,47,61,27.8,21.1,21.6,7.6,13.8,5.5,0.6,2.0
SUJ-0693,Retail/Comercio,Lima,Bachillerato,Empresa propia,Soltero,22,3,6,25417,1.0,9.8,65,6.5,5.2,6.7,3.8,7.4,7.1,6.12,5.6,36,10.0,7.4,5.5,4,0,6.2,4.0,26,19.6,57,55,38.3,17.4,13.9,9.7,9.6,6.1,3.2,1.8
SUJ-0694,Finanzas,Medellín,Técnico,Empresa familiar,Soltero,36,4,10,3319,1.34,52.4,80,7.2,8.8,7.6,7.1,8.2,6.5,7.57,5.7,18,3.0,7.4,10.0,3,1,3.7,1.0,33,25.8,38,60,24.3,15.9,19.1,13.3,12.0,10.4,2.1,2.9
SUJ-0695,Tecnología,Barranquilla,Maestría,Empresa propia,Soltero,37,4,14,4109,11.31,44.9,87,8.6,7.4,9.0,7.8,8.8,10.0,8.6,10.0,14,5.4,7.6,7.5,1,3,4.1,2.6,38,40.2,35,64,29.3,14.8,17.9,10.0,10.6,11.9,3.9,1.6
SUJ-0696,Manufactura,Buenos Aires,Bachillerato,Empresa familiar,Soltero,21,6,14,10176,2.61,22.5,99,8.4,9.5,8.0,7.1,10.0,8.9,8.65,6.9,25,4.1,8.4,8.9,0,3,7.3,3.4,17,26.1,25,51,31.0,11.8,11.9,21.3,7.2,7.2,5.6,4.0
SUJ-0697,Finanzas,CDMX,Posgrado,Empresa propia,Soltero,21,13,22,6900,31.99,46.5,47,5.1,5.3,7.0,5.0,5.4,5.2,5.5,8.9,0,5.0,10.0,6.7,0,1,4.6,5.6,192,49.3,52,58,19.6,16.3,25.0,17.9,8.0,9.9,1.3,2.0
SUJ-0698,Manufactura,Lima,Universitario,Startup escalada,Soltero,26,11,13,6004,6.08,28.8,58,6.5,6.7,6.8,2.0,7.2,5.8,5.83,6.3,15,4.4,9.7,8.5,1,2,6.1,2.8,9,34.5,65,54,17.1,12.3,20.7,25.4,14.4,3.1,4.6,2.4
SUJ-0699,Tecnología,Bogotá,Maestría,Empresa propia,Unión libre,24,4,12,6855,5.28,53.8,68,9.1,5.4,5.0,5.1,7.7,5.3,6.27,6.6,13,1.6,8.8,7.2,2,2,3.7,3.7,2,29.2,57,56,31.9,14.1,6.5,19.3,12.5,11.0,3.4,1.3
SUJ-0700,Retail/Comercio,Barranquilla,Universitario,Empresa propia,Casado,36,10,13,7019,3.43,45.0,80,8.1,5.3,8.2,5.4,8.6,5.6,6.87,6.9,33,9.9,6.7,7.7,0,5,5.3,1.2,106,33.3,43,56,30.1,9.4,19.3,16.9,12.5,3.6,3.4,4.8
SUJ-0701,Retail/Comercio,Monterrey,Universitario,Empresa propia,Unión libre,20,7,13,11610,6.71,19.0,83,6.4,5.8,8.1,6.6,8.7,7.9,7.25,8.1,26,6.6,7.4,9.3,0,6,5.5,1.4,49,27.7,40,68,23.5,12.1,23.5,14.2,15.0,4.3,5.1,2.3
SUJ-0702,Tecnología,Cali,Posgrado,E-commerce,Soltero,27,8,17,8822,4.69,44.1,56,7.4,3.9,5.9,3.2,5.7,7.1,5.53,7.7,27,6.3,7.1,4.9,0,3,6.2,4.4,82,34.5,49,75,21.2,14.7,19.4,14.8,12.7,8.1,6.4,2.7
SUJ-0703,Finanzas,Bucaramanga,Universitario,Empresa propia,Casado,21,3,7,25231,1.88,46.9,77,8.8,5.5,5.5,3.8,9.1,8.4,6.85,5.1,17,7.0,6.8,7.2,0,3,6.5,5.4,3,24.2,43,42,25.9,12.9,18.4,10.6,17.9,6.3,5.8,2.2
SUJ-0704,Tecnología,Buenos Aires,Posgrado,Holding,Soltero,26,2,3,23646,5.07,51.4,40,4.0,2.5,4.4,3.2,6.4,6.1,4.43,6.2,23,0.0,10.0,6.1,2,0,5.9,3.4,2,30.9,59,40,24.5,14.7,24.4,9.2,7.2,10.2,7.6,2.2
SUJ-0705,Tecnología,Santiago,Técnico,Empresa propia,Casado,38,9,14,4384,1.67,31.6,76,8.7,6.4,6.6,5.8,7.8,10.0,7.55,6.4,31,5.1,9.2,9.2,0,3,5.3,1.9,18,27.8,54,74,30.1,24.0,8.0,16.4,9.3,5.8,4.4,2.0
SUJ-0706,Salud/Farma,São Paulo,Doctorado,Empresa propia,Soltero,36,7,13,500,7.84,4.6,72,7.4,7.2,6.6,7.2,8.5,7.2,7.35,7.3,30,5.8,7.1,7.4,0,2,5.2,1.5,4,20.7,44,61,24.7,27.5,12.6,16.6,13.1,1.2,4.3,-0.0
SUJ-0707,Finanzas,Cali,Universitario,Empresa propia,Soltero,28,9,17,500,1.0,46.1,71,9.0,4.5,8.4,6.3,7.3,6.6,7.02,8.1,13,8.8,7.9,10.0,2,4,4.9,4.3,18,25.2,42,65,37.8,13.6,17.5,5.4,20.0,2.9,0.3,2.5
SUJ-0708,Inmuebles,Bucaramanga,Universitario,Franquicia,Unión libre,29,13,16,1051,2.01,51.1,67,9.9,5.0,5.9,6.3,6.2,6.4,6.62,7.3,14,6.3,10.0,10.0,0,5,4.6,3.1,3,24.6,54,66,25.9,14.3,15.1,12.8,14.1,10.2,4.0,3.6
SUJ-0709,Finanzas,Lima,Maestría,Startup escalada,Casado,28,6,10,622,1.78,68.9,71,7.8,7.5,10.0,3.1,7.0,7.1,7.08,5.2,29,9.8,4.8,5.5,2,4,3.5,0.0,2,27.2,46,44,8.8,31.4,15.8,17.1,10.1,12.7,2.5,1.6
SUJ-0710,Manufactura,Monterrey,Universitario,Startup escalada,Unión libre,24,6,13,3739,3.5,9.2,77,8.8,4.6,10.0,7.4,7.2,8.2,7.7,7.9,21,9.5,6.6,5.1,1,4,4.0,0.6,7,18.3,42,59,25.4,13.5,24.1,13.4,3.5,14.2,4.5,1.4
SUJ-0711,Inmuebles,Barranquilla,Maestría,Empresa propia,Soltero,37,13,21,500,1.0,25.7,95,10.0,7.8,9.4,8.4,10.0,7.9,8.92,6.8,26,3.8,6.9,5.7,0,1,4.7,2.3,7,18.2,34,60,17.8,21.0,18.6,17.0,15.6,5.7,2.5,1.8
SUJ-0712,Manufactura,Lima,Universitario,E-commerce,Soltero,33,7,14,7844,1.0,27.1,55,7.2,5.8,4.1,5.2,6.2,4.8,5.55,9.3,24,5.5,6.2,8.0,0,1,5.5,4.9,12,19.8,54,70,21.8,15.8,21.9,13.4,11.3,9.3,2.8,3.7
SUJ-0713,Retail/Comercio,São Paulo,Maestría,Startup escalada,Soltero,27,4,9,1687,11.27,32.7,69,7.9,8.7,5.2,2.0,7.7,6.8,6.38,7.1,20,7.0,7.4,8.8,2,0,6.1,2.8,13,34.4,58,61,25.1,14.0,23.6,9.8,13.5,7.9,3.8,2.3
SUJ-0714,Retail/Comercio,Cali,Técnico,Empresa propia,Casado,24,9,12,5771,6.9,14.8,80,8.1,3.7,8.5,6.3,9.6,9.0,7.53,6.6,30,4.2,8.4,2.4,3,4,5.8,0.9,50,28.8,44,50,35.0,21.2,12.9,5.5,6.1,9.0,5.7,4.6
SUJ-0715,Finanzas,Cali,Maestría,Franquicia,Casado,25,6,15,870,4.01,71.9,71,6.1,4.5,6.8,4.8,6.9,7.1,6.03,6.6,8,4.7,7.8,9.0,3,1,3.1,0.0,35,37.3,50,66,19.3,23.0,17.3,18.5,9.1,8.2,2.2,2.4
SUJ-0716,Agroindustria,Barranquilla,Maestría,E-commerce,Unión libre,28,4,14,14069,2.04,11.3,74,7.3,6.8,6.3,5.3,7.4,8.6,6.95,8.3,20,5.9,6.5,10.0,3,4,4.8,3.6,13,20.8,53,66,28.9,15.5,18.4,10.5,10.7,10.5,3.6,1.9
SUJ-0717,Servicios,Santiago,Universitario,Empresa propia,Soltero,25,7,11,12111,2.19,27.3,64,6.5,5.2,6.6,4.2,6.6,6.9,6.0,5.6,10,5.8,7.0,8.2,2,2,5.1,1.7,32,20.9,58,58,19.0,28.0,19.9,5.4,11.4,8.4,5.4,2.5
SUJ-0718,Salud/Farma,Bucaramanga,Técnico,Empresa propia,Casado,32,10,14,3908,6.17,22.1,83,8.5,3.4,6.2,6.9,8.0,8.0,6.83,6.0,20,4.3,5.7,4.4,0,2,4.0,3.7,39,27.0,49,66,19.4,28.6,15.8,4.3,14.8,9.8,6.6,0.7
SUJ-0719,Tecnología,Lima,Universitario,Empresa propia,Soltero,28,2,10,19316,3.69,47.9,43,3.0,3.6,8.4,2.2,5.9,5.2,4.72,6.9,21,5.2,8.0,8.6,0,0,4.9,1.2,11,28.1,50,59,26.5,14.2,22.8,6.7,18.1,5.2,5.4,1.1
SUJ-0720,Inmuebles,Monterrey,Doctorado,E-commerce,Soltero,20,2,9,1643,5.29,42.3,59,6.1,4.2,7.0,5.0,8.7,6.2,6.2,8.3,22,6.9,5.1,6.8,1,3,5.2,4.1,14,28.0,59,74,31.0,16.0,17.0,16.3,9.9,3.8,4.9,1.1
SUJ-0721,Agroindustria,Cali,Universitario,Empresa propia,Soltero,19,6,14,13453,8.03,33.1,99,9.4,6.0,10.0,9.1,10.0,9.3,8.97,7.4,25,5.9,6.6,6.4,1,3,5.5,5.6,21,29.0,27,52,23.7,18.5,16.4,19.6,7.3,7.4,5.3,1.8
SUJ-0722,Tecnología,Lima,Universitario,Empresa propia,Soltero,31,3,10,6314,3.29,61.9,56,4.5,4.6,7.3,3.9,4.9,7.4,5.43,7.4,22,3.9,7.6,8.4,0,1,5.4,5.9,14,36.0,60,61,30.4,15.4,8.5,13.7,11.8,10.7,7.3,2.2
SUJ-0723,Tecnología,Caracas,Bachillerato,Empresa propia,Soltero,19,2,9,3198,1.07,40.0,61,7.0,3.7,7.4,4.4,7.7,7.6,6.3,8.3,13,9.7,7.5,9.4,2,2,6.2,1.7,11,21.3,53,65,31.8,22.6,11.2,5.9,10.8,14.1,2.8,0.8
SUJ-0724,Inmuebles,Santiago,Universitario,Empresa propia,Soltero,23,7,12,705,2.07,12.9,62,7.7,4.4,5.2,3.4,8.7,6.3,5.95,5.9,16,10.0,10.0,6.3,2,1,4.0,0.0,18,30.2,55,50,29.0,20.7,6.4,10.9,19.6,8.3,2.9,2.2
SUJ-0725,Manufactura,Lima,Posgrado,Empresa propia,Soltero,23,11,10,1503,5.9,62.0,65,7.0,7.4,3.0,6.3,6.5,6.4,6.1,8.4,21,8.3,9.0,8.2,0,2,5.1,1.9,25,40.2,51,53,23.8,15.7,20.3,15.6,11.6,10.4,2.6,0.0
SUJ-0726,Servicios,Barranquilla,Doctorado,Startup escalada,Soltero,18,10,17,15894,3.48,26.4,72,6.0,8.7,8.7,4.5,6.6,8.7,7.2,8.6,17,6.1,6.7,10.0,2,5,5.4,1.4,4,22.7,49,52,30.7,23.3,10.1,12.9,9.6,9.0,2.1,2.3
SUJ-0727,Tecnología,São Paulo,Posgrado,Empresa propia,Soltero,27,6,14,7469,7.6,39.8,87,8.7,6.1,8.4,5.8,10.0,8.3,7.88,9.6,14,5.2,5.6,7.9,1,1,7.3,1.5,42,30.0,39,60,23.5,17.7,19.5,13.3,7.3,9.9,7.1,1.7
SUJ-0728,Inmuebles,Monterrey,Maestría,Holding,Soltero,25,12,19,2164,9.26,44.9,79,9.0,6.9,10.0,7.1,8.6,8.7,8.38,10.0,21,5.9,6.4,4.6,0,4,6.3,1.9,12,33.2,32,58,22.8,25.0,22.7,8.7,8.0,8.1,3.6,1.1
SUJ-0729,Tecnología,Bogotá,Posgrado,Franquicia,Soltero,22,13,16,5479,2.56,39.7,69,8.0,6.8,6.4,6.0,8.2,8.0,7.23,8.2,26,6.1,7.2,9.9,3,1,5.5,4.2,8,27.4,50,66,29.3,14.7,16.2,14.9,9.6,9.0,2.8,3.5
SUJ-0730,Tecnología,Barranquilla,Bachillerato,Holding,Unión libre,38,9,13,912,3.68,80.0,96,9.4,6.8,9.0,5.1,10.0,10.0,8.38,8.8,31,6.0,8.2,7.8,3,4,6.2,0.5,8,35.3,39,57,22.0,18.2,16.0,10.9,15.0,10.6,6.0,1.3
SUJ-0731,Tecnología,Lima,Universitario,E-commerce,Unión libre,17,5,20,832,5.17,46.7,67,7.6,4.6,6.4,6.1,8.4,8.3,6.9,6.5,32,6.8,7.3,7.9,3,0,4.6,3.9,63,32.6,47,50,24.6,21.1,13.0,16.2,13.8,4.3,4.3,2.7
SUJ-0732,Inmuebles,Bogotá,Posgrado,Empresa propia,Soltero,20,13,20,19067,27.23,43.7,73,7.1,7.1,9.1,5.4,8.6,7.3,7.43,8.3,19,7.4,7.1,9.5,3,2,6.0,2.8,11,39.2,29,70,16.4,15.9,19.6,16.4,15.5,7.2,6.9,2.1
SUJ-0733,Manufactura,Cali,Doctorado,Startup escalada,Unión libre,22,12,10,4897,1.92,24.2,74,8.5,6.1,4.0,5.7,8.3,9.0,6.93,10.0,33,9.9,9.5,9.0,0,3,5.2,3.3,4,30.1,44,56,37.9,16.5,13.3,2.9,12.9,5.9,8.1,2.5
SUJ-0734,Retail/Comercio,Bogotá,Maestría,E-commerce,Casado,17,8,12,3589,1.0,7.1,84,7.8,6.8,8.7,8.4,9.6,9.3,8.43,5.2,19,7.4,9.4,7.7,3,0,6.9,2.9,6,20.5,32,53,19.4,20.2,14.6,13.8,12.9,13.5,4.3,1.3
SUJ-0735,Finanzas,Santiago,Universitario,Startup escalada,Soltero,39,11,16,23818,8.32,34.3,57,5.5,3.7,5.2,5.8,7.6,5.5,5.55,9.1,45,5.0,7.8,9.2,1,0,6.8,3.2,24,33.3,57,74,29.2,17.6,15.3,12.5,11.3,7.8,5.4,0.9
SUJ-0736,Servicios,Medellín,Universitario,Franquicia,Soltero,39,4,6,4073,8.59,11.4,58,7.6,3.9,6.3,6.4,7.2,6.8,6.37,8.2,21,4.2,8.0,8.8,1,0,5.7,6.1,16,29.5,40,72,13.4,23.2,9.5,23.3,19.5,6.2,2.3,2.6
SUJ-0737,Finanzas,Santiago,Universitario,Empresa familiar,Unión libre,21,1,7,3278,1.0,38.5,85,8.6,7.2,10.0,5.3,8.5,9.6,8.2,8.6,19,6.6,7.5,6.1,3,3,4.7,2.0,55,23.2,34,52,28.3,13.3,10.0,14.0,11.9,9.4,9.9,3.2
SUJ-0738,Inmuebles,Barranquilla,Doctorado,Startup escalada,Casado,33,3,7,2550,3.32,34.3,96,9.5,7.4,7.5,9.2,10.0,8.3,8.65,8.1,17,5.9,9.6,7.4,0,1,5.8,2.2,2,24.4,33,70,25.5,22.9,14.5,4.1,14.3,11.5,6.8,0.4
SUJ-0739,Retail/Comercio,Medellín,Maestría,Empresa familiar,Casado,29,7,14,6660,3.05,4.0,67,7.7,6.0,5.3,4.3,8.1,7.3,6.45,5.3,12,9.3,7.0,10.0,0,3,7.9,1.9,60,28.1,54,51,32.3,9.9,13.5,14.2,11.8,12.3,3.2,2.8
SUJ-0740,Finanzas,Barranquilla,Maestría,E-commerce,Unión libre,35,6,11,6538,4.88,50.8,55,6.1,6.3,8.6,3.6,6.9,7.3,6.47,4.6,40,7.7,8.0,5.7,2,0,5.9,4.8,15,27.0,45,53,30.5,26.5,10.3,11.9,9.2,6.1,3.9,1.6
SUJ-0741,Retail/Comercio,Caracas,Universitario,Franquicia,Soltero,25,10,14,500,3.57,4.0,56,5.1,5.3,5.5,4.5,7.5,5.2,5.52,7.5,32,4.2,8.5,10.0,0,5,5.6,3.5,11,23.5,69,70,27.2,23.9,15.8,12.4,8.8,4.4,5.7,1.8
SUJ-0742,Finanzas,São Paulo,Posgrado,Startup escalada,Soltero,28,1,6,8491,1.0,53.1,86,8.2,6.4,7.5,7.3,10.0,9.3,8.12,5.3,33,5.6,9.3,9.0,1,1,5.4,0.0,15,20.2,44,45,15.3,31.4,16.1,13.0,13.1,7.2,3.6,0.3
SUJ-0743,Inmuebles,São Paulo,Universitario,Startup escalada,Soltero,34,1,10,12420,1.11,20.5,50,3.8,5.9,4.8,5.9,6.5,4.1,5.17,9.9,32,4.5,6.0,6.9,1,5,5.4,2.5,125,27.2,70,67,20.5,19.0,13.3,20.4,13.9,8.0,4.0,0.9
SUJ-0744,Retail/Comercio,Buenos Aires,Universitario,Empresa familiar,Soltero,33,10,16,7656,1.07,30.3,73,8.9,6.3,5.0,5.7,7.8,5.7,6.57,5.9,32,10.0,8.6,6.7,1,2,5.8,3.6,113,30.7,57,60,20.3,23.3,12.7,16.1,15.0,4.7,7.1,0.8
SUJ-0745,Finanzas,Monterrey,Posgrado,Empresa propia,Soltero,26,1,6,16314,7.7,29.4,70,6.1,7.8,9.2,7.8,8.4,7.4,7.78,9.0,37,4.4,5.8,6.1,0,2,5.9,0.4,80,34.0,41,66,28.6,22.4,14.8,16.3,7.6,3.1,6.0,1.2
SUJ-0746,Servicios,São Paulo,Bachillerato,Startup escalada,Soltero,20,6,13,2588,2.23,13.3,63,9.0,4.7,8.5,7.8,5.3,6.0,6.88,7.9,19,3.3,7.1,8.5,1,2,6.3,5.8,27,26.6,47,71,16.8,18.7,18.9,11.7,14.0,12.8,3.1,4.0
SUJ-0747,Finanzas,CDMX,Técnico,Empresa propia,Soltero,21,7,13,1705,11.23,19.5,61,5.8,5.3,4.0,3.4,8.8,8.5,5.97,8.5,15,5.0,7.4,8.7,2,2,5.2,3.3,225,35.1,62,59,23.1,21.4,19.7,16.1,4.7,9.8,2.3,2.9
SUJ-0748,Retail/Comercio,Cali,Maestría,E-commerce,Soltero,17,4,6,9559,1.81,11.0,82,9.0,6.5,7.5,8.1,10.0,6.6,7.95,6.0,27,3.3,7.5,5.9,1,3,6.1,4.8,5,17.7,37,58,26.9,19.4,16.6,16.8,7.4,6.2,6.1,0.6
SUJ-0749,Servicios,Cali,Maestría,Empresa propia,Soltero,30,9,17,1671,3.04,41.7,83,10.0,7.1,5.8,6.6,9.3,8.0,7.8,10.0,27,3.3,7.9,6.1,4,2,5.0,3.1,4,27.1,41,66,24.9,21.4,16.6,16.2,12.5,3.5,4.9,-0.0
SUJ-0750,Manufactura,Caracas,Universitario,Empresa propia,Soltero,27,1,5,764,4.68,44.8,88,9.1,7.7,9.5,8.0,9.4,8.2,8.65,7.4,26,7.2,4.8,9.2,1,0,5.8,0.7,174,36.6,30,59,19.0,13.7,11.9,23.0,16.5,10.4,4.5,1.0
SUJ-0751,Tecnología,Buenos Aires,Posgrado,Empresa familiar,Soltero,27,14,19,812,5.03,35.0,79,7.7,6.7,8.6,4.7,9.0,7.5,7.37,10.0,22,6.3,7.7,9.5,2,4,5.7,1.8,4,22.9,53,59,21.4,18.7,16.1,15.8,17.0,3.6,5.5,1.9
SUJ-0752,Agroindustria,Caracas,Universitario,Empresa propia,Soltero,25,5,6,11701,1.0,14.6,72,7.4,7.3,5.8,7.3,9.1,9.9,7.8,8.1,16,10.0,10.0,8.2,1,0,4.9,1.1,41,23.3,28,55,31.8,10.5,15.4,19.7,12.3,5.3,2.3,2.7
SUJ-0753,Manufactura,Lima,Maestría,Holding,Casado,19,6,15,500,1.05,31.2,75,6.6,7.0,6.8,5.2,9.8,6.7,7.02,6.3,24,10.0,7.0,7.1,2,2,4.0,0.0,153,28.0,56,50,41.9,7.8,13.4,8.2,12.1,9.1,6.6,0.9
SUJ-0754,Finanzas,Bucaramanga,Maestría,E-commerce,Unión libre,27,17,23,2733,27.43,49.2,86,6.5,10.0,10.0,8.0,10.0,7.5,8.67,8.3,16,6.6,6.5,6.1,0,3,6.4,4.7,24,36.2,44,69,31.1,16.8,17.6,11.5,14.0,6.6,0.1,2.3
SUJ-0755,Tecnología,Barranquilla,Maestría,Empresa propia,Soltero,29,2,9,1106,4.94,44.3,49,6.4,8.0,5.3,4.1,7.9,6.7,6.4,8.7,14,7.9,8.2,6.9,0,0,4.5,6.4,85,32.3,53,60,27.9,18.1,23.8,8.5,11.1,6.4,0.6,3.6
SUJ-0756,Inmuebles,CDMX,Maestría,Empresa propia,Soltero,20,3,12,11249,4.77,9.9,78,5.6,5.7,6.8,5.9,9.5,5.4,6.48,6.8,25,5.7,8.1,8.0,2,2,4.5,5.5,4,18.4,64,64,28.7,18.8,22.8,12.3,7.2,6.6,2.8,0.8
SUJ-0757,Manufactura,CDMX,Universitario,E-commerce,Casado,25,12,21,5601,4.48,37.1,64,5.2,5.0,8.0,5.2,9.8,6.8,6.67,8.1,14,8.4,4.3,7.2,1,3,4.4,2.6,123,31.0,36,71,32.8,16.1,9.3,12.5,8.4,12.5,5.9,2.5
SUJ-0758,Retail/Comercio,Santiago,Universitario,Empresa propia,Soltero,22,1,5,1840,1.0,21.3,77,7.8,4.9,7.7,7.0,9.4,5.7,7.08,8.8,31,6.2,10.0,6.0,4,2,5.6,3.1,41,26.6,52,63,15.8,16.6,13.6,18.7,20.4,8.4,4.7,1.8
SUJ-0759,Servicios,Santiago,Universitario,Startup escalada,Casado,24,9,15,11103,1.81,4.0,58,5.5,7.4,8.0,4.8,6.7,3.8,6.03,5.9,11,5.3,7.2,7.6,1,0,5.5,4.1,10,21.0,47,48,22.0,19.8,23.3,19.3,4.4,4.8,4.2,2.2
SUJ-0760,Inmuebles,Bucaramanga,Universitario,Empresa familiar,Soltero,19,4,10,11102,2.51,31.1,84,9.0,6.5,9.4,7.2,7.2,8.0,7.88,6.4,30,4.7,6.9,7.4,0,1,4.4,6.0,1,21.3,48,65,17.1,24.9,18.8,13.4,12.6,7.5,3.3,2.4
SUJ-0761,Tecnología,Caracas,Maestría,Empresa propia,Casado,24,1,6,5922,2.28,47.6,80,10.0,7.1,8.7,6.2,8.7,5.6,7.72,5.7,6,5.8,7.5,10.0,1,5,5.5,3.7,57,31.9,28,60,17.7,22.2,17.7,26.6,10.7,1.2,1.3,2.6
SUJ-0762,Finanzas,Lima,Universitario,Empresa propia,Unión libre,35,9,12,2582,12.4,41.0,63,6.6,4.0,5.3,3.5,7.5,5.2,5.35,10.0,12,6.2,7.9,6.3,1,2,5.6,0.0,7,32.0,70,63,13.2,12.5,20.8,19.3,17.2,10.5,4.5,2.0
SUJ-0763,Finanzas,Buenos Aires,Técnico,Franquicia,Casado,22,9,20,7060,27.5,49.9,66,6.6,6.0,8.6,5.7,8.3,5.9,6.85,6.8,38,8.4,5.9,7.4,1,2,5.5,2.4,22,39.6,44,56,23.4,18.1,18.6,10.3,17.7,7.8,1.7,2.4
SUJ-0764,Inmuebles,Bogotá,Universitario,Holding,Soltero,21,7,17,21688,1.94,28.7,65,9.0,3.5,6.7,5.8,7.2,8.0,6.7,10.0,36,6.2,8.5,6.2,1,3,5.7,0.0,13,24.3,41,57,30.7,21.1,11.1,18.6,11.9,3.6,1.4,1.6
SUJ-0765,Tecnología,Santiago,Doctorado,Empresa propia,Unión libre,22,15,23,500,78.14,68.1,73,8.8,7.9,7.4,3.9,8.2,7.7,7.32,7.4,10,3.5,7.2,7.2,2,0,5.6,5.5,29,48.9,35,46,33.2,23.0,10.9,4.5,15.1,11.2,0.0,2.1
SUJ-0766,Manufactura,Lima,Universitario,Empresa propia,Casado,24,4,15,2484,1.28,12.0,100,10.0,10.0,7.2,7.1,8.4,9.3,8.67,4.1,23,9.3,5.8,7.0,0,3,5.5,2.4,38,26.0,35,58,23.6,19.2,14.7,12.5,9.1,15.3,4.8,0.8
SUJ-0767,Inmuebles,Monterrey,Posgrado,E-commerce,Casado,36,10,18,2683,1.22,20.9,48,6.5,5.5,4.5,5.0,7.6,6.6,5.95,8.5,9,6.3,10.0,8.2,3,4,7.4,2.4,17,25.7,65,54,26.4,17.8,25.7,9.7,11.7,1.0,5.8,1.9
SUJ-0768,Servicios,Cali,Universitario,Empresa familiar,Soltero,34,8,13,7993,4.95,32.9,77,7.6,5.4,6.3,6.2,10.0,3.9,6.57,8.2,29,8.2,6.9,6.7,3,0,6.7,0.5,30,29.8,54,80,31.4,24.8,12.0,2.3,14.7,10.9,3.2,0.7
SUJ-0769,Finanzas,Cali,Bachillerato,Franquicia,Casado,25,10,15,8425,74.18,83.0,78,7.9,7.4,8.4,6.6,9.5,5.7,7.58,7.0,25,1.6,7.2,8.2,1,2,4.0,2.1,74,50.3,23,57,18.5,25.6,13.4,17.4,11.6,11.8,1.4,0.3
SUJ-0770,Servicios,Lima,Universitario,Franquicia,Soltero,22,5,12,1848,2.38,54.8,65,5.7,6.0,7.9,4.7,8.0,4.9,6.2,7.2,22,3.4,6.5,9.1,1,6,5.6,4.2,4,22.0,58,62,26.5,25.0,12.0,8.0,15.6,7.9,4.8,0.2
SUJ-0771,Tecnología,Bucaramanga,Maestría,Empresa familiar,Soltero,17,1,2,1947,2.29,62.6,50,6.6,6.5,5.2,3.4,6.6,6.8,5.85,9.4,17,0.2,8.0,6.7,1,2,6.2,1.4,17,27.3,44,71,28.3,12.3,19.4,17.1,8.9,7.2,5.6,1.2
SUJ-0772,Servicios,Buenos Aires,Posgrado,Holding,Casado,20,4,13,21072,1.11,17.2,70,7.7,7.2,7.3,6.0,8.0,8.1,7.38,7.4,29,4.5,6.1,7.0,2,2,3.0,3.0,24,19.3,49,49,32.6,14.9,23.0,5.5,8.0,6.8,7.0,2.2
SUJ-0773,Tecnología,São Paulo,Maestría,Holding,Soltero,17,6,6,11294,1.27,44.9,56,6.9,3.7,5.9,0.7,8.4,6.1,5.28,6.9,25,8.0,8.1,5.7,1,3,5.2,2.1,7,27.4,65,53,28.1,15.7,18.8,12.6,16.4,3.2,4.2,1.0
SUJ-0774,Finanzas,CDMX,Universitario,E-commerce,Casado,30,9,19,21777,23.25,42.7,80,6.1,8.3,10.0,6.8,8.2,9.7,8.18,4.2,8,6.6,7.5,7.8,3,1,4.7,1.6,10,35.0,46,44,30.4,9.2,16.2,15.7,11.4,8.4,7.1,1.6
SUJ-0775,Inmuebles,Bucaramanga,Técnico,Empresa familiar,Casado,34,7,15,14159,6.09,7.3,54,7.2,4.9,2.6,5.9,4.8,7.0,5.4,8.6,22,6.5,7.9,7.9,1,0,6.4,2.3,8,24.8,59,60,22.3,15.9,14.2,14.5,14.6,8.7,7.8,2.0
SUJ-0776,Tecnología,Lima,Doctorado,Holding,Soltero,23,8,21,4114,103.41,62.0,72,7.4,8.0,5.7,6.6,8.5,8.2,7.4,7.6,13,9.7,6.9,5.7,2,0,5.8,1.8,60,56.5,38,45,23.6,17.7,22.1,5.6,17.1,8.0,4.6,1.3
SUJ-0777,Finanzas,Buenos Aires,Universitario,Startup escalada,Casado,28,13,20,1040,31.01,66.6,62,4.5,3.5,6.0,5.0,8.4,5.3,5.45,7.7,24,6.9,8.6,8.5,1,5,5.3,3.2,25,48.5,64,66,28.2,17.8,15.3,18.5,8.2,4.6,4.6,2.8
SUJ-0778,Inmuebles,Buenos Aires,Posgrado,Holding,Unión libre,19,7,15,7944,3.41,29.8,87,7.1,8.0,8.8,8.1,9.5,9.2,8.45,8.4,22,6.1,8.2,6.8,3,2,4.7,1.1,5,25.8,54,60,20.8,9.4,18.9,17.1,16.3,8.0,6.4,3.1
SUJ-0779,Inmuebles,Barranquilla,Maestría,Holding,Soltero,17,5,13,3470,5.7,61.0,93,8.6,7.3,8.1,8.5,10.0,10.0,8.75,8.0,24,3.0,8.9,5.8,3,4,4.6,4.0,15,36.2,24,61,38.9,13.2,18.5,8.2,8.5,5.9,5.8,1.0
SUJ-0780,Manufactura,Medellín,Universitario,Empresa propia,Casado,26,8,11,4432,4.51,63.0,67,6.3,6.0,4.5,3.4,9.6,8.5,6.38,5.5,28,8.4,6.2,8.0,2,2,5.7,0.1,29,29.0,41,58,33.0,20.2,7.8,12.2,13.1,7.3,5.0,1.4
SUJ-0781,Manufactura,Cali,Maestría,Empresa propia,Soltero,28,1,3,4439,6.31,37.2,58,6.5,4.4,7.1,4.3,7.3,6.5,6.02,6.6,11,10.0,8.6,7.6,2,4,4.6,0.8,139,35.9,51,50,27.5,14.5,17.9,10.4,15.1,8.6,3.4,2.6
SUJ-0782,Retail/Comercio,Lima,Técnico,Startup escalada,Soltero,36,1,4,22056,1.0,19.0,95,9.8,8.5,10.0,7.3,10.0,8.3,8.98,7.8,23,1.8,10.0,8.4,1,2,5.0,2.7,109,25.3,32,58,16.9,16.4,19.0,21.7,15.3,6.3,3.2,1.2
SUJ-0783,Finanzas,São Paulo,Universitario,Empresa propia,Soltero,38,6,12,570,1.5,36.1,70,7.1,4.9,4.9,5.8,5.6,6.9,5.87,7.5,33,6.7,7.6,6.3,2,2,3.9,2.8,55,26.6,45,59,32.4,18.1,12.8,10.1,9.8,12.0,2.5,2.3
SUJ-0784,Finanzas,CDMX,Técnico,E-commerce,Soltero,24,3,9,1716,4.68,58.9,77,7.4,4.6,8.1,6.7,7.6,8.9,7.22,4.6,30,5.0,9.4,6.4,2,4,4.6,3.3,197,39.6,51,48,27.5,16.2,19.8,11.3,9.2,9.4,3.4,3.2
SUJ-0785,Tecnología,Medellín,Maestría,Empresa propia,Soltero,31,4,10,7490,6.9,67.1,71,7.7,5.2,8.7,6.3,9.1,7.6,7.43,6.4,17,3.1,6.6,7.9,1,1,4.2,4.0,12,32.3,50,69,19.0,14.1,27.2,16.8,9.8,3.0,6.9,3.2
SUJ-0786,Servicios,Monterrey,Universitario,Startup escalada,Unión libre,27,10,18,17216,1.08,12.9,70,7.4,5.1,7.7,5.8,8.8,6.0,6.8,9.2,24,4.4,8.6,5.9,2,3,4.8,3.4,11,17.1,45,65,29.1,13.0,11.7,21.8,14.4,3.0,3.8,3.2
SUJ-0787,Manufactura,Santiago,Maestría,Empresa propia,Casado,26,9,12,20002,2.69,8.6,66,8.5,5.4,8.2,6.1,7.0,7.1,7.05,2.2,15,4.9,7.9,9.6,5,2,4.6,1.6,78,23.6,54,38,28.2,14.9,13.0,22.7,11.8,7.3,0.9,1.2
SUJ-0788,Retail/Comercio,Barranquilla,Doctorado,Startup escalada,Soltero,25,6,15,6544,1.0,4.4,47,4.6,5.4,4.8,3.8,5.9,3.4,4.65,3.6,29,5.0,8.3,10.0,1,0,3.8,0.9,8,15.9,82,46,38.6,5.0,13.5,12.4,26.8,1.3,0.2,2.2
SUJ-0789,Retail/Comercio,Santiago,Posgrado,E-commerce,Soltero,25,7,15,500,5.71,13.8,96,9.3,6.7,7.8,9.0,10.0,9.4,8.7,7.1,15,4.8,6.5,3.9,0,2,4.0,2.7,13,21.9,30,40,32.8,8.7,21.4,16.3,8.8,5.2,3.1,3.7
SUJ-0790,Agroindustria,Medellín,Posgrado,Empresa propia,Casado,25,5,17,3606,3.96,13.4,75,9.7,7.5,9.3,8.3,9.9,10.0,9.12,7.7,7,6.2,9.3,9.1,2,1,3.7,2.7,187,38.2,14,49,29.3,13.8,16.8,8.2,15.7,9.7,4.9,1.6
SUJ-0791,Tecnología,Medellín,Universitario,E-commerce,Soltero,35,10,18,20090,221.85,67.7,71,6.5,6.9,7.7,7.3,5.6,8.2,7.03,7.1,30,4.5,6.1,5.9,1,1,5.3,4.4,7,44.7,44,52,30.5,18.6,8.1,14.2,9.5,12.5,4.4,2.2
SUJ-0792,Manufactura,Santiago,Universitario,Empresa propia,Soltero,27,10,16,5544,3.0,16.8,85,8.1,8.5,8.4,7.5,8.9,7.8,8.2,8.7,41,7.7,7.4,8.5,4,2,5.3,3.9,35,33.0,48,56,26.1,19.8,16.6,9.8,14.4,7.0,3.6,2.7
SUJ-0793,Retail/Comercio,Caracas,Universitario,Empresa propia,Soltero,36,10,24,10374,2.16,4.0,65,5.8,5.3,7.0,5.7,7.5,10.0,6.88,10.0,32,4.3,7.2,6.9,2,2,4.2,3.1,7,23.2,41,69,21.8,24.7,22.2,5.8,9.6,9.7,5.0,1.2
SUJ-0794,Manufactura,CDMX,Posgrado,Empresa propia,Soltero,20,10,16,2508,1.0,15.6,77,6.3,8.6,5.5,6.0,9.6,6.5,7.08,8.7,35,5.8,6.9,8.5,1,2,5.1,0.7,19,21.2,35,52,38.4,14.2,16.4,16.9,7.7,1.7,2.2,2.5
SUJ-0795,Tecnología,CDMX,Doctorado,Empresa propia,Soltero,17,7,14,500,6.83,47.7,62,7.0,5.2,5.5,5.9,7.9,5.0,6.08,4.6,11,10.0,6.4,7.0,2,2,3.9,3.1,7,31.2,64,57,29.4,7.2,12.9,6.9,20.5,12.5,6.3,4.3
SUJ-0796,Servicios,Bogotá,Doctorado,Empresa familiar,Casado,23,4,12,6908,1.0,17.1,68,8.6,7.1,7.2,5.8,9.1,5.9,7.28,6.1,33,4.9,7.9,7.5,2,1,4.9,2.1,10,24.5,36,65,27.1,10.4,23.1,12.9,12.8,6.1,4.1,3.5
SUJ-0797,Agroindustria,São Paulo,Maestría,Empresa propia,Casado,20,6,15,14413,1.92,4.0,80,10.0,9.0,10.0,7.6,9.2,7.1,8.82,7.5,32,3.9,5.6,4.7,3,3,4.6,3.8,4,17.2,30,54,15.7,28.3,14.9,13.7,11.7,7.1,7.2,1.4
SUJ-0798,Manufactura,Monterrey,Maestría,Holding,Soltero,17,7,13,37059,3.02,20.0,76,7.7,8.1,6.0,5.4,8.8,9.3,7.55,4.9,28,3.3,8.6,10.0,0,1,5.4,2.2,26,26.8,61,54,23.2,20.9,17.4,13.5,10.7,8.9,5.1,0.3
SUJ-0799,Manufactura,CDMX,Universitario,Empresa propia,Soltero,33,4,20,14999,25.2,43.3,68,8.0,5.8,5.9,6.9,8.5,6.9,7.0,8.1,8,3.2,6.9,5.7,2,0,5.5,0.9,10,37.9,47,60,31.8,23.8,14.0,11.2,1.8,7.9,6.8,2.7
SUJ-0800,Agroindustria,São Paulo,Posgrado,Holding,Soltero,17,13,17,6459,1.0,12.8,82,8.8,5.5,8.8,6.8,8.4,6.9,7.53,8.3,33,3.9,8.1,7.0,1,3,7.0,1.2,2,18.8,47,62,26.3,18.6,15.6,16.2,8.1,11.4,2.3,1.5
SUJ-0801,Inmuebles,Monterrey,Maestría,Empresa propia,Unión libre,29,13,24,7506,3.76,22.3,62,6.4,4.3,3.1,5.8,7.8,5.4,5.47,4.2,30,4.0,7.9,9.2,3,1,3.7,1.8,213,40.1,58,52,30.9,19.2,11.9,12.9,9.4,4.9,8.0,2.8
SUJ-0802,Tecnología,Monterrey,Universitario,Holding,Casado,38,6,7,13905,1.0,41.6,60,7.9,4.1,6.0,4.6,9.0,7.6,6.53,7.6,22,8.6,6.1,10.0,4,3,6.2,0.3,22,26.0,46,66,27.0,25.8,14.0,3.9,14.1,9.8,4.0,1.4
SUJ-0803,Manufactura,Medellín,Doctorado,Holding,Casado,19,11,14,500,5.2,26.9,66,6.9,4.9,5.0,5.2,5.5,6.4,5.65,7.9,18,0.0,8.8,10.0,1,2,5.3,0.0,9,27.0,54,57,21.4,17.2,14.4,16.5,14.4,9.3,4.4,2.4
SUJ-0804,Manufactura,Monterrey,Universitario,Holding,Unión libre,24,9,10,24233,1.0,4.0,69,8.4,6.0,10.0,6.5,8.4,6.0,7.55,5.5,32,4.3,10.0,4.2,1,0,6.1,4.8,41,20.4,39,58,21.7,13.2,17.6,18.8,11.7,11.9,2.5,2.6
SUJ-0805,Retail/Comercio,Barranquilla,Posgrado,Empresa propia,Soltero,34,5,8,6060,3.84,12.5,68,6.7,6.8,8.0,7.3,5.3,5.9,6.67,7.0,9,9.3,8.9,9.1,2,2,5.5,2.7,41,31.4,50,71,19.9,16.5,19.2,15.3,14.9,9.3,4.9,-0.0
SUJ-0806,Inmuebles,Santiago,Maestría,Holding,Unión libre,23,8,8,24301,3.3,47.4,67,5.7,6.9,5.5,2.9,8.6,7.0,6.1,8.2,17,4.1,5.4,8.2,3,2,5.6,1.4,17,25.6,62,61,33.4,8.4,15.4,12.5,12.9,9.2,5.4,2.8
SUJ-0807,Agroindustria,Caracas,Doctorado,Empresa propia,Soltero,27,4,10,11568,1.0,28.7,84,7.0,8.3,8.2,6.4,9.4,7.4,7.78,6.5,40,6.6,8.3,8.8,2,2,4.5,3.0,143,29.7,40,44,22.9,17.2,26.0,2.0,13.7,11.2,3.7,3.3
SUJ-0808,Agroindustria,Bogotá,Universitario,Empresa propia,Soltero,29,3,6,1321,1.0,11.7,93,7.1,8.9,7.4,5.2,10.0,8.9,7.92,9.0,13,7.6,6.3,6.4,2,1,4.6,0.0,80,20.7,47,73,23.0,16.2,16.2,16.6,13.3,6.2,5.5,3.0
SUJ-0809,Retail/Comercio,Lima,Maestría,Franquicia,Casado,27,9,20,1445,1.54,35.2,71,8.8,6.0,5.7,5.3,7.2,6.7,6.62,5.8,39,0.8,4.9,8.5,1,3,6.9,0.8,5,22.6,58,40,25.3,2.6,25.8,9.7,13.8,12.4,9.3,1.1
SUJ-0810,Tecnología,Bucaramanga,Posgrado,Franquicia,Soltero,23,9,17,3491,7.54,39.5,80,9.8,7.6,6.0,7.2,8.3,7.7,7.77,7.0,18,10.0,7.1,8.8,0,1,5.2,0.1,74,36.1,47,75,26.1,23.0,19.7,6.9,14.3,4.6,3.0,2.4
SUJ-0811,Salud/Farma,Bogotá,Universitario,Franquicia,Casado,21,17,23,2452,2.01,13.7,62,5.8,5.2,5.5,6.0,8.4,7.1,6.33,6.9,16,0.3,6.3,8.1,3,1,5.9,0.6,2,17.2,47,64,28.5,22.6,12.6,15.8,8.3,8.8,0.2,3.2
SUJ-0812,Servicios,Barranquilla,Maestría,Holding,Soltero,19,6,13,4628,7.36,8.8,71,6.2,6.6,7.7,7.4,9.4,5.9,7.2,7.1,32,1.9,7.8,9.6,5,1,4.9,2.8,12,24.3,53,73,15.6,27.1,23.0,13.4,7.5,7.5,2.8,3.1
SUJ-0813,Tecnología,Bogotá,Posgrado,Empresa propia,Casado,29,5,13,7408,1.0,30.4,79,7.0,6.4,9.4,6.4,7.6,8.6,7.57,7.8,28,5.1,9.1,6.9,2,3,4.9,2.2,34,32.1,30,68,22.3,13.8,15.4,22.3,13.6,4.7,6.1,1.8
SUJ-0814,Agroindustria,Monterrey,Posgrado,Empresa propia,Soltero,22,10,20,4589,1.0,18.0,61,6.7,5.4,4.9,2.8,6.7,4.4,5.15,6.1,42,5.7,7.6,8.6,1,4,5.1,2.2,21,19.1,59,55,35.2,21.7,9.5,16.3,5.5,6.0,4.5,1.3
SUJ-0815,Servicios,Medellín,Universitario,Empresa propia,Soltero,33,7,11,500,8.93,50.0,82,7.3,6.5,6.6,6.6,7.9,9.3,7.37,6.4,19,8.6,8.1,6.8,1,1,4.6,0.9,47,38.6,40,54,40.9,13.7,12.5,14.1,11.8,5.5,0.1,1.4
SUJ-0816,Retail/Comercio,Bucaramanga,Universitario,Holding,Unión libre,35,4,8,29715,3.9,4.0,62,7.4,3.2,9.6,6.5,8.3,6.2,6.87,5.8,16,8.1,6.2,8.1,3,3,5.7,1.7,8,21.3,61,57,24.8,16.4,13.4,10.8,17.2,12.1,3.8,1.5
SUJ-0817,Manufactura,CDMX,Posgrado,E-commerce,Unión libre,19,4,11,4428,4.93,48.4,86,8.3,6.9,8.4,7.9,9.8,9.4,8.45,7.6,24,4.5,8.6,6.8,1,2,5.4,4.0,16,32.0,49,62,31.4,19.9,11.4,17.0,13.8,3.2,1.9,1.4
SUJ-0818,Finanzas,Medellín,Universitario,Empresa propia,Unión libre,30,6,17,15234,7.5,10.1,84,9.8,7.9,7.7,7.4,9.9,8.8,8.58,8.4,19,7.7,8.5,7.9,2,3,5.8,1.7,3,27.0,40,55,20.9,27.8,19.3,10.6,9.2,7.0,2.9,2.3
SUJ-0819,Tecnología,Monterrey,Universitario,Holding,Casado,38,11,12,614,12.67,59.4,87,9.7,8.5,7.2,6.3,9.5,10.0,8.53,7.0,31,9.1,8.6,9.3,2,1,4.7,3.6,9,36.8,30,57,31.9,13.3,17.9,19.8,10.0,3.4,2.4,1.3
SUJ-0820,Finanzas,Monterrey,Doctorado,E-commerce,Casado,20,8,15,13288,1.0,22.1,86,7.1,7.9,7.3,8.3,7.0,8.6,7.7,6.2,28,9.1,6.8,7.8,1,1,3.6,3.1,2,20.5,41,57,41.6,11.1,11.2,15.3,7.5,8.8,4.0,0.5
SUJ-0821,Inmuebles,Bucaramanga,Posgrado,Franquicia,Casado,33,4,15,1523,1.0,38.9,98,7.9,6.8,9.2,7.5,9.5,10.0,8.48,6.3,25,6.7,8.2,5.7,1,2,6.4,1.6,6,23.2,35,64,24.8,16.5,19.7,18.6,13.4,6.1,0.9,-0.0
SUJ-0822,Tecnología,Bucaramanga,Maestría,E-commerce,Soltero,29,14,22,9100,18.08,41.0,79,8.5,6.1,9.3,4.4,8.5,8.7,7.58,8.3,44,5.3,10.0,6.9,2,1,3.2,1.8,70,39.7,51,55,23.8,26.0,19.4,13.0,9.0,3.3,4.0,1.5
SUJ-0823,Finanzas,Cali,Universitario,Holding,Soltero,31,3,10,8673,5.97,58.2,53,5.8,2.8,4.2,3.7,5.1,4.4,4.33,4.2,1,6.0,6.9,9.0,0,2,4.9,1.3,13,31.4,71,40,27.3,20.2,14.5,13.3,13.0,6.1,1.6,4.0
SUJ-0824,Finanzas,Buenos Aires,Universitario,Holding,Soltero,21,4,12,19246,2.14,36.8,74,9.1,7.3,7.0,6.3,6.0,8.7,7.4,7.0,19,10.0,7.6,8.3,1,2,5.0,0.5,22,24.2,45,48,27.0,21.5,15.8,17.8,5.8,7.5,2.3,2.3
SUJ-0825,Retail/Comercio,Buenos Aires,Universitario,Empresa propia,Unión libre,37,11,23,3093,5.94,35.3,66,7.5,4.7,9.3,3.9,8.7,7.1,6.87,6.1,21,6.0,7.8,8.6,0,2,6.5,1.8,26,32.9,43,58,19.5,18.6,19.5,11.5,12.9,10.5,5.9,1.6
SUJ-0826,Agroindustria,São Paulo,Universitario,Empresa propia,Soltero,21,12,21,922,5.82,16.3,54,5.6,5.5,3.7,3.8,5.7,5.5,4.97,6.1,33,4.9,7.6,4.8,1,3,6.8,2.8,2,25.7,59,66,25.4,10.8,22.2,18.7,8.5,6.9,4.8,2.7
SUJ-0827,Finanzas,Caracas,Posgrado,Empresa propia,Unión libre,29,8,9,15994,4.9,65.0,90,10.0,8.1,10.0,5.7,10.0,9.0,8.8,8.5,29,5.3,5.9,5.8,0,2,6.0,2.5,9,28.7,24,60,37.6,15.5,12.2,18.5,8.8,5.5,1.1,0.8
SUJ-0828,Finanzas,Medellín,Posgrado,Holding,Casado,25,2,8,3222,1.0,45.4,68,6.5,4.8,9.8,5.9,9.3,6.1,7.07,7.2,14,8.3,6.6,10.0,3,0,4.9,4.7,10,24.5,55,50,23.3,23.2,22.3,9.0,13.8,7.8,0.6,-0.0
SUJ-0829,Inmuebles,CDMX,Universitario,Startup escalada,Casado,29,7,13,2117,1.87,34.6,52,4.2,5.2,5.8,3.5,5.8,9.0,5.58,6.1,11,6.8,8.5,10.0,0,0,4.5,3.7,2,24.3,55,55,29.5,23.7,14.9,16.2,5.9,7.0,1.6,1.2
SUJ-0830,Retail/Comercio,Bogotá,Técnico,Franquicia,Soltero,20,2,12,5327,1.0,29.2,64,6.5,8.0,8.4,6.0,7.4,6.4,7.12,7.9,15,8.8,6.3,8.5,2,4,5.8,2.3,8,20.8,42,62,21.0,18.2,9.1,23.4,19.2,5.9,0.3,2.9
SUJ-0831,Finanzas,Monterrey,Universitario,Empresa propia,Soltero,18,16,22,1263,42.69,60.3,103,9.3,8.0,6.8,7.7,10.0,8.8,8.43,8.1,19,4.6,7.9,9.3,2,0,4.3,3.0,4,46.5,43,43,30.9,17.0,12.4,17.5,13.9,2.3,2.6,3.4
SUJ-0832,Retail/Comercio,Monterrey,Técnico,Startup escalada,Unión libre,27,8,14,2818,1.1,41.4,91,10.0,9.0,8.2,4.2,9.4,6.4,7.87,9.1,36,2.7,7.4,4.8,1,0,5.3,2.8,13,24.5,43,63,36.3,13.2,11.2,16.5,12.7,7.2,1.8,1.1
SUJ-0833,Tecnología,Cali,Técnico,Startup escalada,Soltero,23,10,16,3892,3.48,52.9,82,6.9,7.3,9.5,6.3,9.2,9.2,8.07,7.6,28,8.1,8.8,8.4,0,1,5.6,0.3,25,36.8,34,52,26.5,18.2,15.8,9.3,13.2,9.6,5.5,1.9
SUJ-0834,Tecnología,Medellín,Doctorado,Startup escalada,Soltero,23,5,12,2597,5.08,28.1,81,9.3,7.3,5.9,5.0,9.8,8.4,7.62,6.6,11,6.7,8.2,3.9,2,2,5.0,2.2,22,30.3,32,60,33.1,13.5,19.0,16.0,6.6,8.7,1.5,1.6
SUJ-0835,Retail/Comercio,Caracas,Posgrado,E-commerce,Soltero,29,14,20,4786,10.53,14.7,60,6.4,5.3,8.1,5.6,5.2,6.4,6.17,9.8,18,4.3,7.3,9.7,0,2,4.9,3.3,59,35.3,55,65,32.1,13.2,19.4,18.2,5.8,6.4,3.6,1.3
SUJ-0836,Retail/Comercio,Medellín,Posgrado,Startup escalada,Soltero,17,5,10,3884,10.09,39.3,59,4.7,6.5,9.8,4.2,9.0,7.0,6.87,9.6,34,9.1,7.9,9.2,0,4,5.7,3.9,4,35.5,40,66,15.7,22.7,16.9,14.3,12.9,8.6,5.8,3.1
SUJ-0837,Agroindustria,Santiago,Universitario,Empresa propia,Soltero,33,3,8,11918,1.08,4.0,80,8.5,6.6,6.8,7.4,9.2,8.8,7.88,10.0,20,7.7,8.9,6.1,2,1,5.8,2.8,51,17.1,40,71,20.2,21.9,18.3,9.2,6.3,17.8,4.1,2.2
SUJ-0838,Finanzas,São Paulo,Maestría,Empresa propia,Casado,26,8,15,20048,7.73,37.7,94,10.0,8.6,9.9,8.7,10.0,10.0,9.53,9.1,33,3.1,6.6,7.2,0,2,5.2,3.4,28,27.5,42,59,20.2,28.9,6.6,15.4,15.9,7.9,0.9,4.2
SUJ-0839,Manufactura,Bucaramanga,Posgrado,Empresa propia,Soltero,30,10,18,851,3.42,16.2,59,6.6,6.5,7.6,3.9,7.2,5.9,6.28,8.4,25,5.6,9.3,9.2,1,2,6.6,2.7,13,31.6,45,64,33.7,19.3,12.5,5.9,15.8,7.7,3.2,1.9
SUJ-0840,Manufactura,CDMX,Maestría,Holding,Casado,29,15,31,13866,10.63,21.5,71,7.3,7.5,9.4,6.9,10.0,5.3,7.73,3.8,28,4.6,9.1,6.9,0,0,4.1,3.7,20,30.5,33,48,35.1,16.1,16.2,8.5,9.8,9.5,4.6,0.2
SUJ-0841,Tecnología,Caracas,Universitario,Empresa propia,Soltero,29,13,14,21479,10.39,47.1,75,10.0,7.2,5.8,4.8,7.0,6.6,6.9,9.8,41,7.3,5.2,5.6,1,1,4.6,1.7,26,35.4,51,65,20.0,18.9,13.3,16.8,18.1,7.5,3.0,2.4
SUJ-0842,Manufactura,Bucaramanga,Doctorado,E-commerce,Casado,18,11,19,9282,12.44,25.2,66,8.6,6.8,5.8,5.2,8.3,7.3,7.0,7.4,21,5.3,6.0,10.0,1,2,5.9,0.0,5,31.8,51,64,27.7,13.3,11.9,18.3,14.4,9.1,3.2,2.1
SUJ-0843,Tecnología,CDMX,Maestría,Franquicia,Casado,32,4,15,45058,5.79,37.4,70,8.3,6.1,8.0,5.3,9.4,6.9,7.33,7.1,12,4.3,5.6,9.2,3,4,5.1,3.8,3,22.5,52,63,27.2,21.9,6.9,16.4,10.7,9.8,5.5,1.6
SUJ-0844,Salud/Farma,Barranquilla,Maestría,Empresa propia,Soltero,27,4,7,3264,4.41,14.4,58,4.0,4.7,6.3,4.1,8.3,7.3,5.78,8.1,16,6.8,8.7,8.5,2,1,5.0,4.5,6,24.7,71,67,20.0,26.3,19.6,11.8,9.2,5.5,5.2,2.4
SUJ-0845,Tecnología,Lima,Técnico,Startup escalada,Soltero,23,3,11,14190,11.65,77.2,76,7.1,6.9,10.0,6.4,9.5,8.9,8.13,6.4,22,9.4,7.2,8.2,2,0,3.6,4.5,20,41.0,43,47,16.7,24.8,21.5,12.4,11.6,9.7,3.1,0.2
SUJ-0846,Retail/Comercio,São Paulo,Universitario,Empresa propia,Soltero,25,6,11,8959,1.69,48.0,75,7.4,6.9,7.0,7.4,8.0,7.4,7.35,9.0,22,6.2,7.2,8.6,2,1,4.1,1.0,15,25.6,42,68,27.1,21.1,14.6,17.0,4.7,10.7,2.8,2.0
SUJ-0847,Tecnología,Buenos Aires,Universitario,Empresa propia,Casado,28,1,5,3125,1.53,59.5,81,8.7,7.3,7.3,6.9,9.7,7.1,7.83,5.0,16,6.5,9.0,7.4,1,1,6.5,3.2,50,31.3,50,43,27.9,19.6,20.8,14.9,9.8,5.0,0.1,1.9
SUJ-0848,Salud/Farma,São Paulo,Universitario,Startup escalada,Casado,27,12,15,9757,1.48,35.2,70,8.3,7.5,7.6,5.5,9.0,6.6,7.42,8.9,36,4.0,7.5,7.3,0,1,5.1,0.0,3,26.4,46,61,24.5,28.2,12.0,12.0,12.0,8.1,0.1,3.1
SUJ-0849,Retail/Comercio,Buenos Aires,Maestría,Empresa propia,Unión libre,29,3,9,5700,7.4,32.0,82,7.1,7.0,8.4,4.6,9.3,8.2,7.43,8.2,23,4.4,8.4,7.7,0,6,5.4,3.1,7,30.1,48,62,26.2,19.3,18.9,15.5,8.5,6.2,4.0,1.4
SUJ-0850,Manufactura,CDMX,Bachillerato,Holding,Soltero,35,2,8,1675,6.35,23.8,77,8.7,4.8,7.4,2.7,7.9,8.1,6.6,7.4,29,7.6,6.0,9.2,0,2,6.6,4.9,43,30.1,41,70,41.1,11.7,11.2,11.4,9.9,9.3,3.0,2.4
SUJ-0851,Tecnología,Buenos Aires,Bachillerato,Startup escalada,Soltero,19,5,14,1528,3.03,40.0,89,7.4,4.8,7.2,6.4,9.5,10.0,7.55,9.4,8,6.3,7.1,7.4,3,1,5.5,4.1,6,25.8,44,64,32.2,12.5,21.4,12.4,7.2,7.0,4.2,3.1
SUJ-0852,Inmuebles,Bucaramanga,Universitario,Empresa familiar,Soltero,30,2,3,9997,2.18,51.7,69,8.0,6.3,7.2,3.4,7.9,7.4,6.7,8.5,8,7.8,10.0,8.1,1,1,4.4,0.0,2,35.3,66,65,33.5,19.4,24.6,4.3,6.3,4.9,4.6,2.4
SUJ-0853,Tecnología,São Paulo,Universitario,Startup escalada,Soltero,25,9,18,9956,331.02,78.3,85,7.8,8.5,8.8,5.1,8.4,8.6,7.87,10.0,15,2.9,6.4,8.1,0,1,5.1,1.3,49,55.3,41,58,20.0,22.5,9.6,21.6,11.4,6.8,6.8,1.3
SUJ-0854,Servicios,Monterrey,Universitario,Empresa propia,Casado,32,3,12,6053,4.71,14.1,69,8.8,5.8,5.8,5.8,8.7,5.0,6.65,6.5,30,8.9,8.1,7.5,0,6,6.1,4.3,83,27.9,47,51,9.4,22.1,23.2,13.5,13.5,9.3,7.5,1.5
SUJ-0855,Tecnología,Bucaramanga,Maestría,E-commerce,Soltero,35,9,16,5567,21.4,67.5,81,8.8,9.3,6.3,4.8,9.1,9.1,7.9,7.5,6,7.2,6.0,7.1,0,2,4.7,0.4,18,40.2,59,56,27.9,11.8,17.1,10.3,15.9,10.8,4.8,1.4
SUJ-0856,Tecnología,CDMX,Posgrado,Empresa propia,Casado,27,10,24,1587,15.83,46.0,90,8.7,7.7,9.1,6.0,10.0,8.6,8.35,7.7,11,9.1,7.2,7.6,0,2,4.5,5.3,68,36.6,43,59,26.5,16.0,15.5,17.0,13.6,4.3,5.9,1.2
SUJ-0857,Tecnología,Caracas,Bachillerato,Empresa propia,Casado,29,5,15,4486,6.68,40.9,88,9.2,10.0,10.0,7.0,8.6,6.5,8.55,9.0,3,6.0,8.5,10.0,0,1,6.5,4.2,56,34.8,43,61,23.7,22.2,18.8,14.6,7.5,5.7,5.2,2.3
SUJ-0858,Retail/Comercio,Medellín,Universitario,Empresa propia,Casado,33,4,8,16408,2.97,21.8,70,6.5,6.0,8.8,5.9,8.1,4.6,6.65,7.6,1,8.0,6.5,8.1,3,3,6.3,5.7,9,24.3,47,57,23.5,3.9,20.8,23.4,10.3,11.1,4.3,2.7
SUJ-0859,Manufactura,Bucaramanga,Universitario,Empresa propia,Soltero,31,4,6,15433,3.07,19.1,65,6.9,7.8,6.4,4.7,9.0,6.2,6.83,5.4,26,9.0,8.1,10.0,2,0,5.5,4.4,1701,36.0,54,64,35.6,12.1,9.7,14.3,9.0,12.2,4.3,2.8
SUJ-0860,Tecnología,Buenos Aires,Técnico,Startup escalada,Unión libre,33,3,7,8652,1.0,60.3,85,7.2,6.6,7.9,4.5,8.6,9.2,7.33,3.5,37,10.0,8.2,8.5,2,2,4.6,3.5,13,23.3,46,42,27.2,16.7,18.7,13.5,12.0,8.7,1.8,1.4
SUJ-0861,Inmuebles,Cali,Posgrado,Empresa propia,Unión libre,24,5,9,47485,1.36,24.9,66,7.3,7.2,7.0,4.8,6.2,5.3,6.3,6.2,29,9.8,8.9,5.1,1,1,5.2,3.4,13,22.3,67,75,6.5,25.5,25.6,14.1,10.9,13.2,3.8,0.4
SUJ-0862,Retail/Comercio,Santiago,Maestría,E-commerce,Unión libre,22,7,7,17892,3.55,39.8,86,8.3,8.0,7.4,6.8,9.9,8.4,8.13,8.1,25,7.4,5.6,7.7,0,0,4.9,5.9,42,24.7,50,54,34.6,13.2,18.6,12.9,6.2,11.9,1.5,1.1
SUJ-0863,Retail/Comercio,Monterrey,Maestría,Franquicia,Casado,19,1,9,1255,1.0,17.6,56,5.8,5.6,6.6,4.7,4.8,4.1,5.27,7.9,19,6.6,7.1,6.1,3,5,3.4,0.0,1,13.7,64,60,29.5,23.6,11.0,17.0,10.5,2.6,4.1,1.7
SUJ-0864,Retail/Comercio,Buenos Aires,Maestría,Franquicia,Casado,24,4,5,4075,1.22,27.0,79,7.9,7.2,5.7,7.5,9.4,7.1,7.47,6.0,25,4.2,7.4,10.0,1,0,5.6,1.7,104,33.7,48,55,22.7,19.4,9.9,11.5,21.1,7.4,5.1,2.9
SUJ-0865,Retail/Comercio,Cali,Bachillerato,Empresa familiar,Casado,25,7,14,1131,1.32,12.0,67,5.9,7.7,6.2,4.7,5.5,5.9,5.98,7.0,21,3.2,6.6,5.9,2,0,6.1,3.0,9,20.7,50,61,24.5,10.6,21.0,13.9,15.8,6.5,5.7,2.0
SUJ-0866,Retail/Comercio,CDMX,Doctorado,Empresa propia,Soltero,25,7,16,5020,2.09,9.6,50,8.2,4.5,7.5,2.5,6.6,4.5,5.63,5.5,28,1.3,8.3,7.7,1,2,5.1,3.2,3,19.4,58,52,28.3,20.1,10.6,11.5,17.0,6.0,4.2,2.3
SUJ-0867,Tecnología,Barranquilla,Maestría,E-commerce,Casado,28,1,12,11982,4.04,57.0,62,6.5,5.7,7.5,4.6,8.6,7.4,6.72,6.5,18,4.0,6.5,5.1,1,1,6.7,1.4,11,26.0,55,57,17.8,17.5,21.6,14.1,15.4,11.3,0.4,1.9
SUJ-0868,Tecnología,Cali,Maestría,Franquicia,Casado,29,9,14,1354,2.36,53.4,67,8.4,9.5,7.8,4.9,7.7,6.6,7.48,8.9,27,5.7,9.0,8.2,1,0,4.9,3.4,3,20.1,51,64,30.0,16.1,20.3,10.0,13.4,3.7,6.5,-0.0
SUJ-0869,Servicios,Lima,Bachillerato,Empresa propia,Unión libre,25,11,14,16990,2.5,15.1,98,8.1,8.8,10.0,7.5,10.0,10.0,9.07,6.1,3,1.7,5.1,8.2,3,0,5.8,5.5,190,24.7,31,58,22.7,17.5,21.2,16.3,14.2,4.6,1.6,1.9
SUJ-0870,Agroindustria,Barranquilla,Doctorado,E-commerce,Casado,28,5,16,6734,1.0,5.8,40,2.1,5.6,4.4,5.3,5.1,5.1,4.6,9.2,1,3.8,9.0,9.6,1,1,6.2,2.1,4,15.6,72,62,32.4,13.2,21.4,8.6,10.9,6.9,3.2,3.4
SUJ-0871,Finanzas,São Paulo,Maestría,Startup escalada,Soltero,30,1,12,11056,1.0,31.3,68,7.4,5.7,5.0,4.0,9.5,7.5,6.52,4.7,34,7.1,5.9,8.7,1,1,5.6,1.8,25,23.1,61,36,24.1,26.6,17.2,11.5,2.0,11.1,5.5,2.0
SUJ-0872,Finanzas,Bogotá,Maestría,Empresa propia,Casado,21,4,12,500,5.44,52.6,68,8.5,5.3,7.2,5.9,7.2,6.5,6.77,6.4,14,4.6,8.0,6.6,2,1,4.1,4.2,19,33.5,64,46,22.8,14.1,19.8,12.0,16.3,11.3,3.0,0.7
SUJ-0873,Manufactura,Monterrey,Técnico,Empresa propia,Unión libre,31,4,8,788,1.85,14.6,59,7.8,6.4,6.9,5.4,8.9,6.6,7.0,10.0,35,7.2,9.1,10.0,4,1,5.1,5.4,8,22.9,63,63,24.7,17.1,24.4,9.4,11.6,8.0,1.6,3.2
SUJ-0874,Retail/Comercio,Buenos Aires,Maestría,Empresa propia,Soltero,22,11,12,7758,2.38,50.7,67,8.2,6.2,9.3,5.1,8.3,6.8,7.32,3.5,27,6.7,8.2,7.3,2,2,4.8,0.0,12,29.0,31,43,37.0,10.8,19.5,12.3,9.7,6.1,2.2,2.4
SUJ-0875,Tecnología,São Paulo,Doctorado,Startup escalada,Soltero,34,3,13,14570,5.84,54.4,70,7.1,5.9,6.1,5.6,8.6,6.7,6.67,7.3,15,6.7,5.7,3.5,2,1,6.9,0.7,12,27.0,40,59,29.6,25.9,17.2,9.4,6.6,6.7,1.6,3.0
SUJ-0876,Tecnología,São Paulo,Posgrado,Holding,Casado,26,5,11,16563,3.35,59.3,63,7.5,3.4,6.2,5.0,8.7,9.6,6.73,8.4,23,6.8,10.0,7.0,1,2,3.8,1.2,6,28.1,47,55,30.5,27.5,16.4,9.0,10.8,3.6,2.2,0.0
SUJ-0877,Inmuebles,Bogotá,Posgrado,E-commerce,Soltero,26,13,23,9327,122.78,51.0,77,7.6,4.3,9.2,6.1,7.8,7.5,7.08,7.5,21,6.7,4.4,8.3,1,2,4.3,2.1,165,54.4,37,59,31.4,14.0,14.7,14.1,11.4,9.3,2.6,2.5
SUJ-0878,Manufactura,Bucaramanga,Doctorado,Franquicia,Soltero,17,7,11,1794,2.18,12.8,94,8.5,5.3,10.0,9.9,10.0,9.9,8.93,8.9,32,6.5,6.9,8.3,0,1,3.6,4.4,6,20.2,34,65,21.3,20.6,12.2,20.1,12.4,6.3,5.9,1.2
SUJ-0879,Tecnología,CDMX,Universitario,Startup escalada,Soltero,29,7,17,1735,5.56,58.2,72,7.8,6.7,5.2,6.4,7.2,7.1,6.73,8.8,13,4.3,6.9,9.6,0,1,4.9,5.0,62,36.8,60,63,36.4,18.5,16.8,8.5,10.7,1.2,6.3,1.6
SUJ-0880,Finanzas,Monterrey,Posgrado,Startup escalada,Unión libre,26,6,17,17053,30.32,54.7,63,7.3,4.2,8.2,3.8,9.4,8.6,6.92,6.4,30,6.2,5.9,6.0,4,2,5.8,0.0,4,33.9,54,60,27.6,18.3,23.8,10.9,11.1,2.9,4.3,1.1
SUJ-0881,Finanzas,Medellín,Universitario,Startup escalada,Soltero,27,10,15,961,1.0,40.4,71,6.6,3.9,9.6,5.7,8.3,6.1,6.7,8.4,15,8.7,10.0,8.8,2,1,6.2,4.8,44,22.5,46,74,26.7,18.4,16.9,4.1,15.5,10.1,5.6,2.7
SUJ-0882,Manufactura,São Paulo,Doctorado,Startup escalada,Soltero,25,8,15,9268,1.0,4.0,68,7.3,4.8,6.2,8.7,8.6,8.1,7.28,6.9,9,6.6,6.8,7.1,3,3,4.3,2.5,53,20.4,40,56,20.4,13.8,16.0,19.9,12.1,11.1,4.6,2.1
SUJ-0883,Tecnología,Barranquilla,Bachillerato,Holding,Casado,29,14,16,6100,1.6,21.8,87,10.0,4.8,10.0,6.4,10.0,6.5,7.95,7.9,9,8.2,6.4,4.0,2,3,5.4,1.8,7,15.7,33,49,5.9,22.6,27.2,5.7,17.7,9.2,8.0,3.7
SUJ-0884,Tecnología,São Paulo,Posgrado,Franquicia,Unión libre,30,14,16,4377,2.31,39.3,66,5.9,5.0,7.7,1.2,9.0,5.6,5.73,6.4,13,9.1,5.7,8.4,2,4,3.1,1.9,41,31.2,50,49,20.3,25.0,18.4,12.1,6.9,8.7,5.4,3.2
SUJ-0885,Inmuebles,Medellín,Posgrado,Startup escalada,Unión libre,28,8,15,4643,7.93,46.9,79,9.0,5.9,6.6,5.2,8.8,8.8,7.38,10.0,14,6.9,9.6,6.2,0,3,5.5,4.3,14,37.0,41,69,26.3,19.6,16.3,20.4,10.2,3.6,2.9,0.7
SUJ-0886,Tecnología,São Paulo,Maestría,Startup escalada,Soltero,33,7,11,23233,1.12,41.0,76,6.1,7.2,5.7,5.7,10.0,8.3,7.17,6.8,18,7.9,8.5,7.4,1,3,5.2,3.6,2,17.4,56,62,27.2,24.5,16.7,18.5,1.8,6.9,3.2,1.2
SUJ-0887,Manufactura,Bogotá,Posgrado,Empresa propia,Unión libre,21,7,14,15811,16.23,37.8,74,5.8,6.6,7.9,5.6,7.3,6.3,6.58,5.9,20,6.8,8.3,8.0,3,3,4.8,5.1,3,39.7,53,60,17.9,24.2,16.7,10.7,19.5,6.3,2.5,2.2
SUJ-0888,Finanzas,Cali,Maestría,Empresa propia,Soltero,22,5,12,16018,10.11,37.0,57,6.8,4.6,7.6,6.7,6.5,5.6,6.3,8.9,16,5.7,9.4,3.8,1,0,5.5,0.0,46,37.2,52,76,27.9,19.3,22.1,14.1,6.3,6.1,2.7,1.5
SUJ-0889,Tecnología,Cali,Doctorado,Empresa familiar,Casado,28,7,15,4175,4.71,52.6,64,6.8,6.5,6.1,5.8,7.8,7.9,6.82,7.2,18,7.4,10.0,9.4,0,2,6.1,0.4,4,31.5,40,60,34.9,13.9,17.8,8.2,9.8,9.2,4.3,1.9
SUJ-0890,Finanzas,Caracas,Bachillerato,Empresa propia,Casado,29,1,9,905,3.85,55.1,70,7.5,4.5,5.4,4.9,7.3,8.8,6.4,8.9,36,7.0,7.1,6.5,1,1,6.4,4.1,18,31.9,59,65,30.3,25.4,8.8,14.9,7.3,5.6,4.0,3.7
SUJ-0891,Inmuebles,CDMX,Universitario,Startup escalada,Soltero,29,4,13,49099,14.76,45.7,56,6.5,4.5,3.0,5.2,7.1,6.5,5.47,7.0,17,7.2,7.9,6.7,3,2,4.3,0.9,20,37.5,61,65,28.8,19.1,10.5,14.5,12.4,8.5,4.4,1.8
SUJ-0892,Servicios,Bogotá,Bachillerato,Franquicia,Soltero,18,10,17,1256,1.0,15.2,59,7.5,4.3,6.4,4.5,6.2,6.0,5.82,5.5,18,2.8,7.1,8.1,2,0,4.7,4.0,24,23.5,49,66,33.2,6.9,17.0,18.6,12.5,7.0,2.9,1.9
SUJ-0893,Servicios,Santiago,Universitario,Empresa propia,Soltero,18,9,16,5798,1.18,12.7,66,7.5,5.7,5.7,5.0,7.7,8.1,6.62,9.1,17,4.2,8.1,2.8,2,2,5.8,1.4,18,24.8,55,74,29.9,17.8,15.3,11.2,8.8,11.3,2.6,3.1
SUJ-0894,Finanzas,São Paulo,Posgrado,Empresa propia,Unión libre,24,6,12,2458,1.0,20.0,77,8.3,3.9,6.4,7.9,7.7,7.1,6.88,5.9,30,3.5,5.1,9.2,2,2,4.8,4.0,24,16.7,47,37,18.6,22.7,25.9,12.1,9.7,4.1,3.6,3.3
SUJ-0895,Manufactura,Monterrey,Maestría,Empresa propia,Soltero,17,8,18,5718,2.61,18.4,91,10.0,10.0,10.0,9.1,8.7,8.4,9.37,5.9,0,7.3,6.6,7.5,1,2,5.9,4.8,106,25.3,31,47,22.9,13.8,14.8,17.1,9.5,13.2,4.9,3.8
SUJ-0896,Tecnología,Barranquilla,Maestría,Empresa propia,Casado,27,12,24,2909,980.0,98.5,76,9.7,7.0,8.6,6.6,9.7,6.8,8.07,7.1,18,8.0,7.0,10.0,0,2,5.7,1.5,121,70.7,28,63,18.5,15.9,20.5,20.0,10.5,4.9,6.9,2.8
SUJ-0897,Finanzas,Cali,Técnico,E-commerce,Soltero,25,5,14,18175,11.19,44.6,74,8.0,6.9,8.3,5.0,9.2,5.8,7.2,6.4,21,7.5,8.9,7.1,1,3,4.4,3.5,5,30.4,50,53,25.8,28.6,8.5,11.0,9.1,10.8,4.0,2.2
SUJ-0898,Servicios,Cali,Técnico,Holding,Soltero,20,1,9,27622,1.73,4.0,73,8.8,3.7,7.2,7.9,7.4,8.1,7.18,6.0,8,5.3,6.6,4.5,3,1,5.2,5.6,5,17.7,50,65,24.3,15.3,15.5,15.5,9.3,10.4,6.3,3.4
SUJ-0899,Tecnología,Medellín,Posgrado,Empresa familiar,Unión libre,22,9,14,4221,8.79,49.9,68,7.0,6.2,7.7,6.0,7.7,7.1,6.95,5.2,17,7.9,9.8,5.5,1,2,6.0,0.3,15,35.8,54,57,31.4,24.0,22.3,7.6,6.2,5.3,1.4,1.8
SUJ-0900,Tecnología,Medellín,Posgrado,Franquicia,Casado,26,9,16,582,2.05,62.4,71,7.0,5.9,7.6,5.9,9.8,7.9,7.35,8.7,15,4.7,6.7,7.4,1,4,5.1,3.5,5,27.4,37,65,30.0,14.1,19.0,12.0,9.3,9.2,3.9,2.5
SUJ-0901,Tecnología,Caracas,Universitario,E-commerce,Unión libre,17,10,15,8709,5.54,43.6,80,9.8,8.3,7.3,5.3,9.1,8.5,8.05,9.5,22,6.6,8.7,5.9,1,0,3.4,4.4,8,29.7,41,65,41.2,15.7,3.6,8.4,11.1,12.0,5.5,2.5
SUJ-0902,Tecnología,Buenos Aires,Maestría,E-commerce,Soltero,22,2,6,3780,3.15,36.8,85,8.2,6.8,8.2,6.3,8.5,10.0,8.0,6.4,16,7.4,7.7,4.7,2,2,4.6,2.1,5,26.0,43,46,24.3,28.2,11.1,2.6,16.5,11.0,4.1,2.2
SUJ-0903,Tecnología,Bucaramanga,Doctorado,E-commerce,Soltero,24,1,6,34131,3.02,87.6,40,5.4,3.5,6.5,6.6,5.2,6.1,5.55,9.3,4,6.5,7.3,7.8,0,1,5.5,5.7,104,40.1,65,76,22.3,12.2,23.3,22.8,10.2,6.9,1.0,1.3
SUJ-0904,Manufactura,Santiago,Universitario,E-commerce,Soltero,24,8,20,748,7.0,30.0,82,8.8,6.9,8.4,3.8,9.0,7.7,7.43,8.0,31,7.6,7.2,6.8,1,1,5.3,0.0,14,27.4,32,72,33.8,19.8,11.9,8.6,9.9,8.4,5.3,2.3
SUJ-0905,Retail/Comercio,Medellín,Maestría,Empresa propia,Soltero,24,7,13,1014,1.91,49.8,68,7.3,7.8,10.0,9.1,6.8,6.9,7.98,8.4,23,5.8,8.7,6.6,1,1,6.3,1.0,49,33.1,39,71,36.3,27.0,20.2,2.7,2.8,6.6,3.6,0.8
SUJ-0906,Servicios,Medellín,Universitario,Empresa propia,Soltero,34,5,17,9616,1.0,16.5,79,10.0,4.7,9.5,8.3,9.1,7.4,8.17,8.3,23,7.7,7.1,5.8,3,2,7.4,0.0,46,23.4,41,59,26.1,22.7,8.6,18.1,9.8,6.8,6.4,1.5
SUJ-0907,Inmuebles,Caracas,Maestría,Empresa propia,Casado,31,12,15,11372,20.72,56.5,77,8.0,4.3,7.5,7.9,9.1,7.6,7.4,6.6,37,4.4,9.1,8.5,3,3,3.0,3.1,6,39.2,47,55,31.9,9.4,22.8,8.6,16.1,5.0,5.3,0.9
SUJ-0908,Finanzas,Monterrey,Universitario,Empresa propia,Soltero,22,7,13,5095,4.2,60.8,71,9.6,3.2,7.4,6.2,9.1,7.8,7.22,6.3,17,4.4,7.8,6.4,1,1,4.4,2.8,5,26.2,28,57,22.3,28.7,19.1,3.8,9.1,8.5,6.2,2.3
SUJ-0909,Finanzas,Buenos Aires,Técnico,Holding,Soltero,19,11,20,2597,17.99,55.3,79,7.0,8.1,7.8,5.5,8.8,8.7,7.65,7.1,36,6.2,8.8,5.4,2,0,5.6,2.8,29,42.2,37,65,24.6,21.9,22.6,10.2,8.8,8.1,1.8,2.0
SUJ-0910,Finanzas,Medellín,Doctorado,Empresa propia,Soltero,23,10,19,2966,1.85,30.9,76,7.7,7.8,9.5,5.3,7.7,9.3,7.88,7.2,23,3.3,5.7,8.0,2,2,5.1,2.7,145,26.5,38,55,24.2,20.1,18.7,8.1,19.3,5.5,2.1,2.0
SUJ-0911,Manufactura,Caracas,Universitario,Startup escalada,Casado,33,3,5,3299,2.86,14.5,72,7.2,4.7,5.6,4.0,8.6,8.9,6.5,8.8,12,9.4,5.4,6.6,1,3,5.0,2.5,49,21.5,48,66,23.2,29.0,3.7,13.6,16.1,11.6,1.2,1.6
SUJ-0912,Finanzas,Barranquilla,Maestría,Startup escalada,Casado,17,3,5,2042,2.17,54.4,71,8.3,4.3,7.0,5.2,8.5,7.2,6.75,7.9,22,6.6,7.0,6.5,0,0,3.6,3.8,5,26.6,49,51,31.3,8.8,8.4,18.3,25.2,4.2,3.0,0.8
SUJ-0913,Manufactura,Monterrey,Universitario,Empresa familiar,Soltero,26,2,10,15211,3.12,19.9,59,4.8,6.6,7.2,4.6,6.2,5.4,5.8,7.5,32,7.3,8.9,7.5,2,0,5.1,2.4,36,28.0,46,64,32.7,15.2,22.2,12.1,10.0,4.9,1.6,1.3
SUJ-0914,Retail/Comercio,Bucaramanga,Bachillerato,Empresa familiar,Casado,24,8,12,538,3.27,33.6,72,7.9,4.4,8.0,6.3,8.9,7.6,7.18,8.2,7,5.5,9.0,8.5,2,1,4.3,7.0,18,28.3,40,63,34.6,12.0,21.2,15.2,5.5,4.9,4.4,2.2
SUJ-0915,Retail/Comercio,Bogotá,Técnico,Empresa propia,Soltero,33,7,15,4184,1.0,21.7,45,6.3,4.0,7.3,2.2,7.7,4.5,5.33,5.9,24,7.2,8.6,6.2,3,0,5.0,0.9,43,23.7,51,50,21.4,21.1,15.7,18.5,9.0,9.5,3.9,0.9
SUJ-0916,Retail/Comercio,Monterrey,Universitario,E-commerce,Unión libre,31,12,23,11014,10.86,34.3,76,7.6,5.8,6.9,4.7,10.0,8.5,7.25,8.2,34,7.6,9.9,7.6,0,0,3.3,1.5,12,32.0,49,64,22.9,11.6,21.5,15.7,12.2,8.2,4.7,3.2
SUJ-0917,Finanzas,Bogotá,Posgrado,Empresa propia,Unión libre,17,9,13,500,4.18,38.9,82,7.6,10.0,5.8,4.7,7.4,9.6,7.52,7.7,34,6.0,9.6,8.3,0,1,6.1,3.7,69,41.1,38,59,23.1,22.7,13.6,12.4,16.8,5.9,2.9,2.6
SUJ-0918,Agroindustria,Cali,Universitario,Startup escalada,Casado,33,2,6,16832,3.22,25.6,53,5.2,4.7,6.5,4.9,7.8,6.5,5.93,10.0,15,4.9,6.1,9.5,1,2,5.1,1.9,5,22.2,69,74,23.5,29.2,19.1,6.8,10.0,5.5,5.5,0.4
SUJ-0919,Inmuebles,Buenos Aires,Posgrado,Startup escalada,Soltero,17,5,4,9801,1.0,17.6,69,7.7,7.7,7.3,6.4,7.9,7.3,7.38,5.6,14,3.6,6.9,7.6,2,3,3.9,3.4,40,16.5,26,41,28.5,18.5,14.0,11.8,8.3,13.3,5.4,0.2
SUJ-0920,Tecnología,Bucaramanga,Posgrado,Startup escalada,Casado,29,1,10,609,1.17,47.6,91,7.0,8.2,9.3,8.6,9.1,9.6,8.63,8.1,12,8.4,6.7,6.3,2,3,6.7,7.0,38,32.8,35,57,31.5,23.1,11.5,15.4,12.9,0.9,3.3,1.4
SUJ-0921,Servicios,Buenos Aires,Maestría,Franquicia,Casado,30,8,21,18030,8.74,19.1,102,8.4,7.7,8.9,6.6,7.6,9.5,8.12,6.4,26,2.7,7.9,6.5,2,3,4.7,3.2,17,31.2,43,67,21.5,19.8,18.5,17.4,6.6,8.7,5.6,1.9
SUJ-0922,Retail/Comercio,Bucaramanga,Universitario,Startup escalada,Unión libre,36,17,19,5344,6.03,15.8,71,7.6,5.4,8.0,5.3,8.7,6.3,6.88,7.6,15,5.4,8.6,10.0,2,2,5.1,0.9,37,30.5,40,40,26.6,19.4,12.1,25.1,6.3,5.6,4.8,0.1
SUJ-0923,Servicios,Buenos Aires,Maestría,Empresa propia,Unión libre,27,7,17,8449,3.4,13.1,73,8.3,6.4,7.0,4.5,9.0,7.9,7.18,9.4,31,3.9,7.3,8.7,2,2,5.6,3.8,32,25.3,53,61,30.9,17.5,20.7,8.4,10.5,7.1,3.1,1.8
SUJ-0924,Inmuebles,Monterrey,Universitario,Empresa propia,Casado,22,7,18,17098,4.33,35.6,71,7.8,6.3,8.1,4.5,7.5,8.8,7.17,10.0,8,5.3,10.0,7.8,0,1,5.0,3.3,9,27.3,34,61,12.4,23.6,10.8,13.5,21.8,13.0,3.4,1.5
SUJ-0925,Retail/Comercio,Caracas,Universitario,Startup escalada,Soltero,19,7,16,17039,5.85,38.3,74,8.4,5.7,7.2,6.4,7.3,6.9,6.98,6.3,24,5.9,7.8,7.5,2,1,5.6,4.4,9,30.1,53,58,18.5,19.1,25.5,12.0,16.2,5.4,1.5,1.8
SUJ-0926,Tecnología,Buenos Aires,Universitario,Franquicia,Unión libre,34,8,12,4204,1.0,55.9,89,7.5,8.2,10.0,10.0,9.2,8.3,8.87,7.0,22,6.1,7.6,5.8,1,3,5.1,0.0,2,18.6,27,51,23.0,15.5,18.6,13.3,16.9,8.6,2.7,1.4
SUJ-0927,Finanzas,Lima,Universitario,Empresa familiar,Casado,36,6,11,2171,3.52,55.2,72,5.4,6.3,4.7,5.0,8.9,8.3,6.43,4.2,21,6.3,6.5,7.6,1,2,5.0,1.2,19,31.6,56,54,24.6,25.3,12.1,20.0,6.7,6.7,3.4,1.2
SUJ-0928,Retail/Comercio,Bucaramanga,Bachillerato,Empresa propia,Casado,23,9,17,2381,4.14,29.6,54,7.1,4.1,3.4,2.3,8.0,5.7,5.1,9.9,28,4.3,7.9,7.3,2,0,5.0,1.3,2,29.0,59,78,20.0,15.5,13.5,19.0,17.6,8.6,5.0,0.8
SUJ-0929,Manufactura,São Paulo,Posgrado,Startup escalada,Soltero,26,4,12,11617,2.13,15.1,76,6.2,6.1,8.4,8.5,7.5,7.6,7.38,6.4,18,7.6,7.3,6.6,3,0,5.2,4.5,67,24.7,31,62,21.5,16.3,22.2,16.1,15.1,2.6,3.0,3.2
SUJ-0930,Finanzas,Bogotá,Universitario,Franquicia,Soltero,34,4,9,21209,1.0,23.9,67,7.6,6.6,4.8,3.2,7.2,6.1,5.92,4.7,35,3.5,7.4,6.5,1,1,6.2,1.6,20,19.0,62,53,26.0,20.5,17.4,11.4,13.9,5.9,3.7,1.2
SUJ-0931,Tecnología,Bucaramanga,Universitario,Startup escalada,Soltero,30,2,10,599,3.32,45.0,57,4.1,3.8,6.3,4.3,6.1,6.7,5.22,7.7,12,4.4,7.2,8.8,2,2,4.8,4.8,8,29.8,72,83,18.8,31.3,16.4,15.4,11.3,1.2,2.1,3.5
SUJ-0932,Servicios,Cali,Maestría,Startup escalada,Soltero,24,7,12,500,5.14,20.4,57,7.1,3.8,5.4,4.8,6.7,5.9,5.62,5.7,32,5.9,9.9,6.4,2,2,5.9,2.2,105,30.0,61,66,30.2,18.9,14.4,11.7,8.2,12.5,0.7,3.4
SUJ-0933,Salud/Farma,Barranquilla,Universitario,Startup escalada,Soltero,21,2,8,13849,2.7,17.9,71,7.4,4.5,9.0,6.9,7.5,5.5,6.8,6.0,9,10.0,7.7,3.8,2,2,5.8,2.5,31,25.7,55,48,27.9,17.5,17.5,9.9,18.2,3.5,4.5,1.0
SUJ-0934,Retail/Comercio,Lima,Universitario,Empresa propia,Casado,20,12,17,3909,7.6,50.1,81,9.6,6.4,8.0,8.1,8.1,8.7,8.15,6.2,21,7.2,8.4,7.9,2,0,4.0,4.8,11,31.8,47,52,23.3,23.0,17.7,15.1,17.1,1.2,1.5,1.1
SUJ-0935,Tecnología,CDMX,Técnico,Empresa familiar,Soltero,31,5,15,2588,2.38,56.3,80,9.0,6.5,7.1,5.9,10.0,8.9,7.9,9.3,12,2.6,8.3,6.6,1,1,3.7,0.0,38,34.9,37,73,23.6,21.4,14.2,11.4,19.7,3.6,3.9,2.2
SUJ-0936,Finanzas,São Paulo,Maestría,Empresa propia,Soltero,23,1,2,1669,3.77,46.8,89,8.4,6.0,10.0,9.3,7.6,8.4,8.28,10.0,13,6.9,7.5,8.2,2,4,5.4,4.8,35,32.5,36,63,33.8,22.9,12.6,7.3,10.4,6.3,5.9,0.8
SUJ-0937,Tecnología,Bucaramanga,Técnico,Empresa propia,Soltero,23,2,10,3403,3.23,60.1,62,6.0,5.5,7.4,4.7,6.0,7.6,6.2,8.1,17,5.9,8.0,6.4,2,1,5.1,3.8,109,38.1,47,62,34.3,21.1,16.8,9.5,8.1,6.1,3.4,0.7
SUJ-0938,Agroindustria,Medellín,Universitario,Franquicia,Soltero,29,7,14,28453,7.83,47.6,67,7.6,5.9,5.3,3.6,7.6,5.4,5.9,7.1,19,5.2,7.5,6.4,1,2,5.1,1.1,10,35.1,62,54,27.6,15.3,19.5,16.3,11.5,5.4,3.5,0.9
SUJ-0939,Tecnología,Monterrey,Posgrado,Startup escalada,Unión libre,26,9,7,30205,3.95,48.5,81,7.6,8.1,5.2,6.2,9.6,7.0,7.28,5.5,36,4.9,9.0,7.7,1,2,4.9,3.5,41,35.2,46,63,24.8,29.0,16.3,13.7,9.4,4.6,2.1,0.1
SUJ-0940,Manufactura,São Paulo,Posgrado,Franquicia,Soltero,28,8,17,3221,3.13,11.3,82,4.3,8.1,9.8,6.0,10.0,7.6,7.63,6.8,23,6.5,6.4,8.1,3,1,4.5,4.1,75,28.4,45,55,22.6,19.5,20.3,15.1,3.5,10.6,5.4,3.0
SUJ-0941,Finanzas,Monterrey,Posgrado,Startup escalada,Soltero,24,4,13,26525,9.2,52.6,65,6.7,3.1,7.1,4.6,7.3,6.8,5.93,7.9,30,5.6,6.4,8.4,1,4,5.7,3.0,241,43.0,49,54,28.5,27.5,10.8,9.3,11.2,7.5,2.4,2.8
SUJ-0942,Retail/Comercio,Buenos Aires,Maestría,Holding,Unión libre,23,5,10,2851,1.0,12.3,63,5.6,6.0,7.7,6.4,7.9,7.0,6.77,8.4,11,7.5,9.9,6.8,2,7,5.7,3.9,50,27.8,51,54,23.0,18.8,20.9,14.1,10.4,9.8,3.0,0.0
SUJ-0943,Manufactura,Buenos Aires,Bachillerato,Empresa propia,Unión libre,21,4,12,15419,1.11,11.5,79,7.3,4.2,9.4,4.1,6.6,7.3,6.48,8.4,25,3.2,7.8,7.3,1,2,6.1,3.4,16,19.3,46,54,17.9,20.5,13.3,20.4,13.4,7.4,5.7,1.4
SUJ-0944,Servicios,São Paulo,Universitario,Empresa familiar,Soltero,30,9,16,1906,14.78,42.0,84,9.0,7.8,8.9,7.2,8.2,9.1,8.37,8.1,31,3.4,8.1,10.0,0,3,5.0,3.0,5,35.1,28,58,25.5,15.8,15.5,16.6,12.8,9.2,3.6,1.0
SUJ-0945,Tecnología,Monterrey,Universitario,Empresa propia,Casado,26,7,21,14012,980.0,70.5,69,9.5,6.7,7.4,5.6,7.0,6.4,7.1,8.1,16,6.5,7.3,7.4,2,3,5.9,3.2,6,63.2,39,60,37.8,12.0,13.9,16.8,14.4,1.7,2.3,1.1
SUJ-0946,Tecnología,Santiago,Técnico,Startup escalada,Casado,27,5,13,3492,1.96,61.5,79,10.0,5.4,7.6,4.7,9.8,5.0,7.08,8.0,25,6.7,7.8,9.8,2,1,5.3,2.9,5,25.1,38,56,26.2,16.5,19.0,18.8,10.0,6.8,1.8,0.9
SUJ-0947,Tecnología,São Paulo,Universitario,Empresa propia,Casado,19,4,10,1742,7.05,57.9,72,8.2,6.7,7.8,5.9,8.6,5.7,7.15,8.3,19,8.0,6.8,6.7,4,2,4.3,2.3,24,35.1,54,55,11.6,24.3,14.0,12.8,19.8,5.4,7.8,4.3
SUJ-0948,Servicios,Lima,Universitario,E-commerce,Soltero,30,5,15,21839,1.0,5.0,64,6.0,4.3,6.1,7.1,7.4,8.6,6.58,5.4,21,4.2,8.4,8.6,1,1,6.3,6.7,6,19.2,42,71,26.9,17.7,15.3,2.3,15.6,15.0,3.0,4.2
SUJ-0949,Servicios,Lima,Posgrado,Franquicia,Unión libre,27,7,19,1928,1.56,10.8,82,9.4,6.8,9.8,7.1,9.0,7.2,8.22,5.6,17,4.2,7.0,9.8,0,3,6.2,0.0,22,24.1,43,42,30.2,22.7,19.9,4.8,9.5,9.6,3.0,0.3
SUJ-0950,Manufactura,Bogotá,Posgrado,Empresa propia,Soltero,30,12,25,38463,310.86,43.3,69,6.1,6.1,8.0,4.7,7.5,6.3,6.45,8.9,13,2.9,6.6,9.8,0,5,6.2,2.9,36,57.3,46,63,26.3,17.3,22.4,12.2,2.0,10.2,7.5,2.1
SUJ-0951,Manufactura,Bucaramanga,Universitario,Empresa propia,Soltero,28,7,11,919,9.97,17.7,52,5.2,4.5,7.8,5.5,6.5,3.9,5.57,7.6,37,6.3,7.8,4.6,2,1,5.9,3.4,37,31.9,43,68,19.0,19.0,19.1,16.2,15.7,6.2,1.6,3.2
SUJ-0952,Manufactura,CDMX,Maestría,Empresa propia,Soltero,27,5,13,500,1.43,13.6,63,6.4,6.6,7.0,3.4,7.4,7.3,6.35,9.0,19,3.6,7.6,10.0,3,4,5.4,4.6,22,20.7,57,67,41.1,15.1,19.2,2.2,8.1,8.1,5.0,1.2
SUJ-0953,Tecnología,Monterrey,Universitario,Empresa propia,Soltero,17,5,9,16370,4.32,49.7,42,2.8,3.1,5.1,4.3,4.9,4.3,4.08,8.8,48,7.4,6.8,6.8,1,1,5.0,2.4,49,23.1,69,77,27.0,23.4,20.6,6.7,7.4,10.2,2.4,2.3
SUJ-0954,Agroindustria,Bucaramanga,Universitario,Empresa propia,Unión libre,32,13,27,7066,7.62,27.4,109,10.0,9.5,9.9,10.0,10.0,10.0,9.9,6.5,24,8.3,6.1,6.8,2,0,5.5,3.3,12,29.8,35,56,16.7,20.5,15.5,21.8,2.6,11.5,8.4,3.0
SUJ-0955,Retail/Comercio,Lima,Posgrado,E-commerce,Casado,18,10,16,4380,1.0,25.5,90,7.8,5.9,10.0,5.2,9.7,8.6,7.87,9.3,24,9.4,8.2,6.9,1,1,5.0,3.8,9,17.9,54,74,25.1,16.9,16.2,21.0,4.2,7.7,6.5,2.4
SUJ-0956,Finanzas,Cali,Bachillerato,Startup escalada,Soltero,32,10,19,684,2.32,45.6,54,6.3,2.2,4.2,5.8,5.6,3.8,4.65,9.7,28,3.7,9.3,10.0,3,2,3.8,3.3,22,24.4,68,63,39.3,11.5,13.7,3.0,12.7,12.5,4.9,2.4
SUJ-0957,Retail/Comercio,Monterrey,Bachillerato,E-commerce,Soltero,25,10,15,6843,1.5,4.0,64,6.4,3.5,4.0,3.8,8.1,6.0,5.3,7.2,18,7.5,9.8,7.3,1,1,6.2,1.8,8,22.2,51,70,32.0,14.5,19.2,12.6,10.7,8.5,0.0,2.5
SUJ-0958,Tecnología,Bucaramanga,Universitario,Startup escalada,Soltero,17,7,15,4003,15.78,51.4,75,6.9,5.2,7.2,5.8,7.7,9.0,6.97,9.5,36,10.0,8.4,7.4,1,2,5.9,1.3,24,41.7,48,77,33.5,12.6,20.9,14.1,8.7,6.8,1.4,2.0
SUJ-0959,Tecnología,Lima,Doctorado,Holding,Unión libre,25,11,11,5287,6.44,66.4,94,8.1,8.6,8.7,5.1,8.1,9.3,7.98,6.8,23,5.3,8.5,7.7,1,1,3.9,0.0,5,35.6,43,45,21.4,28.5,20.8,2.5,11.6,10.6,4.6,-0.0
SUJ-0960,Inmuebles,Barranquilla,Maestría,Holding,Casado,17,1,11,7962,5.98,30.7,82,8.3,7.7,9.5,7.8,8.7,5.9,7.98,8.3,27,7.2,7.2,7.9,0,2,5.4,2.3,48,32.8,37,70,30.3,17.0,17.4,10.2,11.9,5.5,5.2,2.5
SUJ-0961,Tecnología,Lima,Técnico,Holding,Casado,32,13,24,8171,980.0,81.4,75,9.4,6.2,9.4,4.4,9.3,7.4,7.68,8.9,21,4.8,7.5,8.6,2,0,4.9,3.6,30,66.4,26,67,11.6,28.6,17.8,17.5,8.2,8.6,4.6,3.1
SUJ-0962,Manufactura,Buenos Aires,Maestría,Franquicia,Casado,22,10,14,25871,1.37,14.7,64,7.6,3.0,6.4,4.8,8.2,6.1,6.02,6.6,24,4.0,8.0,6.4,0,2,6.1,4.9,22,22.2,65,60,15.8,27.1,23.0,6.8,13.2,10.7,1.7,1.7
SUJ-0963,Finanzas,Medellín,Maestría,Holding,Casado,19,9,9,8514,2.36,41.2,79,8.4,9.1,7.2,7.8,7.6,7.4,7.92,7.2,11,5.4,8.3,8.1,1,0,5.1,3.9,16,29.5,40,51,29.1,18.7,15.0,16.8,6.3,7.7,2.5,3.9
SUJ-0964,Finanzas,Santiago,Posgrado,Empresa propia,Casado,29,4,15,3316,3.44,38.7,78,8.7,4.7,4.3,6.8,7.8,7.1,6.57,6.5,44,6.2,8.0,5.7,1,2,5.3,0.8,2,26.4,43,56,26.2,17.0,16.9,16.7,11.3,7.1,1.0,3.8
SUJ-0965,Finanzas,Santiago,Maestría,Startup escalada,Soltero,25,10,21,3199,6.81,38.3,73,7.7,6.8,10.0,6.9,9.0,6.7,7.85,7.1,23,6.6,8.2,6.1,2,1,4.7,3.1,230,37.6,41,45,23.5,14.8,27.2,17.9,12.6,2.0,0.8,1.2
SUJ-0966,Finanzas,Buenos Aires,Universitario,Startup escalada,Unión libre,29,11,20,5187,41.06,55.6,71,7.0,5.6,8.0,6.9,8.4,7.0,7.15,9.7,18,6.9,6.6,7.9,2,0,5.3,3.0,45,43.7,52,63,28.8,17.0,18.6,11.8,14.6,4.8,2.8,1.6
SUJ-0967,Inmuebles,Buenos Aires,Universitario,Empresa propia,Casado,25,4,9,2401,6.22,27.9,66,8.8,6.3,8.6,5.8,7.0,6.0,7.08,7.1,16,8.5,6.2,8.7,1,0,5.2,1.5,204,34.0,53,59,23.0,24.3,16.1,5.7,11.0,11.0,6.9,2.0
SUJ-0968,Finanzas,Monterrey,Posgrado,Startup escalada,Casado,32,4,9,3778,1.0,75.3,90,8.0,9.2,10.0,9.4,8.4,9.8,9.13,7.5,23,6.3,8.3,10.0,2,1,5.6,2.1,83,29.7,33,57,22.0,22.9,19.7,18.1,6.4,4.1,5.1,1.7
SUJ-0969,Manufactura,Barranquilla,Posgrado,Empresa propia,Unión libre,23,3,14,14766,5.25,28.3,49,7.6,4.9,3.0,4.9,6.7,4.6,5.28,8.4,15,4.2,8.2,6.0,1,0,4.4,3.4,95,29.9,58,61,23.7,26.4,11.0,9.3,15.5,9.7,3.0,1.4
SUJ-0970,Retail/Comercio,Barranquilla,Posgrado,Empresa propia,Casado,17,9,14,15715,2.96,16.2,76,8.6,7.4,6.8,5.7,6.6,6.2,6.88,6.3,13,6.3,5.4,9.3,1,2,3.7,2.8,4,17.7,37,57,25.4,16.0,9.9,12.4,20.0,6.8,6.6,2.9
SUJ-0971,Manufactura,Monterrey,Posgrado,Empresa propia,Casado,19,6,13,7906,2.31,10.9,73,7.2,10.0,7.3,5.4,5.7,8.8,7.4,5.7,27,4.1,6.5,5.7,5,0,5.1,5.0,33,22.0,47,55,36.6,14.4,17.3,12.3,9.0,7.6,2.9,-0.1
SUJ-0972,Agroindustria,Bucaramanga,Doctorado,Startup escalada,Unión libre,28,15,21,6994,15.03,42.6,46,4.1,5.7,5.0,3.6,7.3,4.6,5.05,6.6,11,10.0,7.2,5.8,0,2,5.4,2.6,53,39.8,62,77,16.6,21.1,21.2,18.4,9.6,7.3,5.3,0.5
SUJ-0973,Inmuebles,Monterrey,Maestría,Startup escalada,Soltero,22,1,8,4456,6.46,34.8,67,7.6,3.8,8.0,5.3,7.3,6.5,6.42,6.7,0,3.8,6.6,7.5,1,3,5.2,1.4,59,25.2,69,56,25.2,27.2,15.2,6.5,11.7,5.6,6.8,1.8
SUJ-0974,Tecnología,CDMX,Maestría,Startup escalada,Soltero,33,3,9,8082,3.36,70.7,59,6.4,1.8,4.4,6.1,6.9,4.1,4.95,6.7,27,9.0,7.6,9.4,1,2,4.4,1.7,35,36.3,59,68,6.9,17.7,25.2,14.0,15.2,12.2,5.6,3.2
SUJ-0975,Tecnología,CDMX,Maestría,Empresa propia,Casado,18,7,13,13121,3.95,53.4,58,7.8,6.0,5.6,3.0,7.2,3.8,5.57,8.9,27,7.3,6.3,7.8,1,1,3.6,0.6,18,31.8,51,54,27.7,24.9,13.0,13.2,2.9,11.0,3.2,4.1
SUJ-0976,Finanzas,Santiago,Doctorado,E-commerce,Soltero,32,9,21,10710,43.77,48.3,62,5.8,4.9,6.5,2.5,8.1,6.5,5.72,4.7,21,5.7,8.1,8.1,1,3,5.5,1.3,45,40.9,58,60,27.8,19.3,20.1,10.1,8.7,7.8,5.0,1.2
SUJ-0977,Manufactura,Lima,Técnico,Holding,Casado,23,9,17,500,7.98,43.6,89,10.0,8.5,7.2,4.4,8.9,9.4,8.07,9.9,21,9.4,8.3,9.0,0,2,7.4,3.9,27,33.9,41,63,32.2,11.8,19.9,10.8,7.0,10.3,4.3,3.7
SUJ-0978,Tecnología,Monterrey,Universitario,Empresa propia,Casado,33,7,14,10508,11.18,57.6,72,9.4,2.9,8.5,4.5,8.2,8.8,7.05,9.3,21,5.0,10.0,8.0,2,1,6.0,1.7,11,31.0,51,62,25.5,21.5,11.2,9.5,17.3,9.7,2.0,3.3
SUJ-0979,Retail/Comercio,Caracas,Universitario,Holding,Casado,29,8,17,10182,2.06,33.5,82,7.4,8.5,8.4,6.4,9.1,8.0,7.97,4.3,26,4.4,5.1,9.6,2,1,5.7,0.0,78,28.5,33,56,30.2,14.4,22.6,4.8,13.4,10.9,2.5,1.2
SUJ-0980,Manufactura,Monterrey,Maestría,Empresa propia,Unión libre,27,7,9,833,3.76,19.1,56,7.1,5.0,7.7,6.4,6.6,6.1,6.48,7.8,22,4.6,6.0,8.1,0,2,4.7,4.0,83,30.5,42,59,28.2,20.2,12.4,15.8,11.9,5.4,3.2,2.9
SUJ-0981,Finanzas,Bucaramanga,Posgrado,Empresa propia,Soltero,29,11,21,1302,27.08,60.3,64,8.8,8.4,9.4,5.2,5.9,6.0,7.28,5.5,30,8.5,8.4,10.0,2,2,6.8,1.6,5,40.2,33,63,34.9,20.3,9.2,10.8,14.0,7.9,2.9,-0.0
SUJ-0982,Inmuebles,Bogotá,Maestría,Franquicia,Casado,33,5,12,12405,1.59,30.7,67,8.6,5.9,6.6,5.7,7.9,7.7,7.07,7.6,28,6.1,9.4,7.6,2,3,5.1,4.2,7,22.9,43,71,18.5,21.0,14.0,14.4,12.1,12.8,5.7,1.5
SUJ-0983,Tecnología,Santiago,Técnico,Holding,Casado,25,5,9,6549,2.08,44.6,74,8.9,7.1,8.5,6.6,8.8,7.8,7.95,5.8,19,9.3,8.0,8.5,1,0,6.3,4.0,5,29.6,44,53,14.9,27.8,21.5,13.3,11.9,6.4,3.1,1.1
SUJ-0984,Tecnología,Santiago,Universitario,Empresa propia,Soltero,17,9,15,13791,116.17,82.5,79,10.0,6.2,5.1,7.1,8.8,7.1,7.38,6.5,24,6.4,9.2,7.0,2,2,7.1,1.6,2,52.3,35,68,31.1,18.9,2.7,17.4,14.1,9.0,3.1,3.7
SUJ-0985,Inmuebles,Santiago,Maestría,Empresa propia,Soltero,33,13,21,1634,1.0,27.5,76,7.8,5.9,5.5,7.7,7.9,7.1,6.98,7.0,26,9.7,6.8,5.8,2,2,4.7,1.9,87,37.2,55,53,30.9,16.0,23.2,12.1,3.0,8.7,4.5,1.6
SUJ-0986,Retail/Comercio,São Paulo,Técnico,Empresa propia,Unión libre,24,4,10,500,4.46,17.3,61,6.6,5.9,6.8,4.4,7.6,4.8,6.02,7.8,4,5.7,6.7,4.4,4,4,6.1,3.6,1086,40.8,56,56,4.8,27.9,23.9,17.4,13.2,7.8,2.2,2.8
SUJ-0987,Manufactura,Lima,Universitario,Empresa propia,Casado,41,8,18,1413,6.28,40.7,82,10.0,6.5,7.5,5.8,9.6,7.4,7.8,7.3,21,7.8,7.9,3.8,2,0,4.3,4.7,49,34.3,64,59,26.3,26.4,13.0,12.5,8.9,7.3,4.1,1.5
SUJ-0988,Retail/Comercio,Buenos Aires,Universitario,Empresa propia,Casado,22,5,8,4820,2.33,37.9,64,4.0,4.9,8.9,4.6,8.3,7.0,6.28,7.5,16,4.9,6.6,7.3,2,1,5.8,0.4,11,20.4,61,50,27.8,20.8,21.3,14.1,2.4,9.3,1.8,2.5
SUJ-0989,Finanzas,Cali,Universitario,Franquicia,Casado,23,9,11,5926,1.0,38.8,76,7.3,7.0,8.4,7.9,10.0,8.1,8.12,9.2,28,4.7,7.1,10.0,2,0,4.2,5.0,7,23.6,43,57,27.7,16.7,18.9,10.1,14.3,9.7,2.2,0.4
SUJ-0990,Inmuebles,Bogotá,Maestría,Holding,Soltero,30,1,4,15598,1.0,30.6,54,4.9,4.2,3.8,5.6,7.0,4.8,5.05,8.5,10,7.6,8.0,9.1,0,4,6.5,4.3,4,20.8,60,73,16.1,26.5,22.2,10.3,6.5,11.3,3.6,3.5
SUJ-0991,Inmuebles,São Paulo,Universitario,Franquicia,Soltero,30,5,10,10075,1.0,41.1,69,7.2,6.6,7.4,5.7,8.3,5.3,6.75,7.7,23,7.3,7.6,8.2,4,4,5.2,2.8,90,27.2,49,64,33.1,18.4,18.7,9.3,11.4,4.8,3.3,1.0
SUJ-0992,Manufactura,Caracas,Posgrado,Startup escalada,Soltero,28,5,11,37160,1.11,27.8,79,8.4,4.7,7.1,9.0,7.9,7.6,7.45,6.9,20,7.0,7.7,7.0,0,0,4.4,4.8,4,17.2,48,62,32.4,13.7,14.6,18.2,9.6,7.9,2.2,1.4
SUJ-0993,Finanzas,Caracas,Técnico,Holding,Unión libre,22,5,10,655,6.34,59.1,74,8.4,6.4,9.2,5.4,6.8,10.0,7.7,10.0,3,4.9,7.8,9.6,1,1,4.9,4.5,37,33.6,41,65,26.8,12.9,16.7,16.3,13.6,10.3,1.3,2.1
SUJ-0994,Manufactura,Lima,Maestría,Empresa propia,Soltero,19,1,3,1116,1.96,24.7,61,6.6,5.2,6.1,3.7,8.2,6.8,6.1,8.6,33,7.6,10.0,8.9,1,2,5.4,1.6,16,27.0,52,53,6.5,19.9,20.8,31.4,10.6,6.2,1.1,3.5
SUJ-0995,Finanzas,CDMX,Universitario,Empresa propia,Unión libre,21,14,15,705,1.14,59.6,80,8.2,3.9,7.3,4.4,10.0,6.5,6.72,6.2,26,6.1,9.1,5.2,2,3,4.2,2.0,34,29.3,51,65,22.2,13.3,19.2,19.7,8.4,10.6,5.2,1.4
SUJ-0996,Tecnología,Bucaramanga,Posgrado,Startup escalada,Unión libre,17,1,3,6185,1.0,48.1,62,7.7,3.9,5.1,5.7,8.6,6.1,6.18,8.2,13,5.1,9.9,9.0,3,1,5.1,0.4,46,35.7,55,71,21.0,16.8,15.4,13.3,10.7,15.3,5.0,2.5
SUJ-0997,Agroindustria,Buenos Aires,Maestría,Empresa propia,Unión libre,38,9,14,2483,8.97,10.3,49,5.1,1.3,3.9,2.5,5.5,4.4,3.78,8.3,24,6.8,5.7,6.6,0,2,5.2,3.2,17,32.3,74,75,29.7,22.9,15.3,14.0,6.9,6.9,4.2,0.1
SUJ-0998,Tecnología,CDMX,Universitario,Empresa propia,Soltero,19,2,5,9206,2.26,67.1,86,8.1,7.4,7.1,7.4,8.8,8.8,7.93,8.4,24,5.5,10.0,7.8,5,4,6.0,1.2,4,32.1,27,55,35.8,21.7,10.1,14.1,15.2,2.2,0.0,0.9
SUJ-0999,Agroindustria,Buenos Aires,Maestría,Empresa propia,Unión libre,24,2,7,1138,2.18,23.4,59,5.3,4.3,7.6,4.5,5.7,4.7,5.35,7.5,11,7.2,9.6,5.8,3,3,7.3,0.6,117,35.4,68,76,40.4,3.1,14.6,24.0,10.4,3.5,3.9,0.1
SUJ-1000,Retail/Comercio,Barranquilla,Posgrado,E-commerce,Soltero,30,7,18,871,2.52,38.0,83,8.3,6.6,10.0,5.5,7.2,9.2,7.8,10.0,14,4.0,9.9,10.0,1,1,4.4,3.8,69,34.0,49,66,16.5,10.9,17.8,22.8,13.8,12.6,3.6,2.0
SUJ-1001,Tecnología,Santiago,Universitario,E-commerce,Soltero,26,9,11,4931,1.99,69.5,69,5.2,7.8,9.3,6.6,7.6,7.1,7.27,8.0,11,5.3,7.4,5.8,2,2,5.7,4.7,10,27.2,34,64,21.3,17.4,16.9,16.8,15.5,6.9,3.8,1.4
SUJ-1002,Retail/Comercio,São Paulo,Universitario,Empresa familiar,Soltero,22,3,10,3771,10.58,20.4,81,9.9,6.9,8.5,5.5,10.0,8.0,8.13,4.3,3,7.0,7.4,9.2,0,3,5.1,3.2,13,29.1,33,61,33.0,9.3,14.9,18.9,11.2,7.0,2.7,3.0
SUJ-1003,Servicios,Buenos Aires,Doctorado,Startup escalada,Unión libre,25,2,4,14136,1.0,29.6,62,7.5,5.9,5.4,4.1,7.0,5.2,5.85,4.1,35,3.1,9.1,9.6,1,0,5.9,0.4,25,25.3,52,57,32.6,23.9,9.4,19.1,9.8,3.5,0.5,1.2
SUJ-1004,Inmuebles,Medellín,Maestría,Franquicia,Soltero,22,2,3,14539,3.68,64.2,84,7.3,6.5,6.4,6.4,10.0,7.4,7.33,5.2,44,6.4,6.2,8.4,5,2,5.6,0.3,93,32.0,48,55,20.1,30.1,9.0,17.2,9.6,6.6,7.5,-0.1
SUJ-1005,Inmuebles,Santiago,Universitario,Empresa propia,Casado,24,8,15,999,1.0,29.5,65,8.3,4.8,7.0,4.5,7.7,4.2,6.08,8.1,17,3.0,9.0,8.1,0,3,7.2,2.8,221,34.7,65,70,30.5,24.9,14.2,7.2,10.4,8.7,1.2,2.9
SUJ-1006,Manufactura,Santiago,Universitario,Empresa propia,Soltero,28,3,11,13384,1.79,7.9,69,6.9,4.2,5.6,6.5,7.3,7.0,6.25,8.9,14,7.3,9.0,6.5,2,1,5.1,4.1,9,24.1,54,76,31.1,15.3,17.6,12.5,9.7,6.2,4.8,2.8
SUJ-1007,Manufactura,Bucaramanga,Maestría,Empresa propia,Soltero,19,12,21,6643,11.33,36.3,43,4.5,5.1,7.9,5.6,5.7,6.1,5.82,9.6,14,7.4,6.6,7.3,4,2,6.6,4.6,1,26.0,47,72,18.3,20.1,17.4,17.6,9.1,10.1,3.8,3.6
SUJ-1008,Servicios,São Paulo,Posgrado,Empresa propia,Soltero,32,2,12,5602,4.4,4.0,50,6.2,6.7,6.6,7.3,7.3,4.6,6.45,7.2,29,1.8,8.3,5.8,2,4,6.4,2.8,13,26.3,49,49,27.5,15.5,16.3,18.5,10.0,7.9,4.1,0.2
SUJ-1009,Finanzas,Bogotá,Maestría,Empresa propia,Casado,26,9,14,796,1.26,32.7,83,6.3,8.5,8.0,5.8,10.0,8.0,7.77,7.2,33,5.4,5.5,8.5,3,1,4.3,1.7,23,19.2,37,48,34.4,17.8,6.7,18.7,11.0,5.4,4.2,1.8
SUJ-1010,Retail/Comercio,CDMX,Universitario,Empresa propia,Casado,22,13,20,10765,4.03,28.5,63,6.4,4.1,6.9,4.3,8.1,5.7,5.92,8.3,30,4.2,9.4,8.4,1,1,5.8,4.5,166,28.2,51,67,30.9,22.3,17.1,11.8,9.8,4.2,2.9,1.0
SUJ-1011,Finanzas,Buenos Aires,Maestría,Empresa propia,Unión libre,24,7,12,500,1.0,47.7,46,5.7,6.1,5.3,2.2,4.1,4.2,4.6,7.2,30,8.2,8.2,6.5,2,1,3.8,3.5,33,24.1,65,54,22.6,23.3,12.8,15.5,9.3,13.0,2.4,1.1
SUJ-1012,Salud/Farma,Buenos Aires,Universitario,Empresa propia,Casado,33,1,12,2602,9.44,29.3,64,9.1,5.5,8.1,5.7,7.2,5.5,6.85,8.2,31,2.2,8.3,8.0,2,2,5.3,0.5,5,31.5,55,56,21.8,10.5,20.3,17.8,15.6,9.3,3.6,1.1
SUJ-1013,Agroindustria,Barranquilla,Universitario,Empresa familiar,Unión libre,30,8,11,802,3.77,50.2,80,6.6,8.7,8.3,7.8,9.0,8.9,8.22,6.4,17,1.9,8.7,7.8,0,0,5.5,5.4,91,36.1,39,57,25.7,21.3,18.2,6.5,15.1,8.6,4.6,-0.0
SUJ-1014,Tecnología,Santiago,Posgrado,E-commerce,Soltero,27,6,14,6053,3.87,53.6,56,4.8,5.6,5.1,3.0,7.0,5.9,5.23,7.8,6,8.9,6.2,6.3,2,3,4.7,2.8,8,24.3,54,40,33.1,19.3,12.8,12.7,11.9,6.9,2.5,0.8
SUJ-1015,Inmuebles,Monterrey,Doctorado,Empresa familiar,Casado,22,7,9,8290,1.2,23.6,86,8.2,7.6,8.7,4.7,9.6,7.2,7.67,7.1,29,6.9,9.0,7.6,1,2,4.6,3.3,17,22.9,55,54,33.5,21.8,8.3,16.0,11.0,2.6,3.4,3.4
SUJ-1016,Agroindustria,Cali,Universitario,Empresa propia,Casado,29,13,19,17720,1.0,10.3,65,6.4,6.2,6.4,9.0,7.8,7.4,7.2,9.7,22,8.1,7.6,10.0,1,3,5.2,3.9,29,23.7,54,59,26.8,18.7,14.5,16.9,8.8,9.3,4.5,0.5
SUJ-1017,Tecnología,Monterrey,Universitario,Franquicia,Soltero,26,7,7,10590,4.78,46.0,67,8.1,3.7,6.3,3.7,7.4,5.5,5.78,8.4,27,6.8,6.6,6.8,0,1,4.4,3.7,23,34.4,69,66,28.3,16.8,13.0,16.8,9.6,6.9,4.9,3.7
SUJ-1018,Manufactura,Buenos Aires,Posgrado,Empresa propia,Casado,36,9,16,25974,1.8,7.8,62,8.4,3.9,6.0,4.1,6.1,6.8,5.88,10.0,20,9.0,9.3,5.1,2,1,5.8,1.3,143,28.9,53,73,24.2,20.0,14.4,9.8,14.6,10.2,4.8,2.0
SUJ-1019,Agroindustria,Monterrey,Posgrado,Empresa propia,Casado,25,4,17,11448,1.88,27.1,47,6.7,3.7,5.1,1.1,5.5,5.0,4.52,8.2,25,2.8,6.6,5.7,1,2,4.0,0.0,18,24.9,53,72,18.9,16.8,13.1,20.3,15.5,7.2,7.5,0.7
SUJ-1020,Tecnología,Bucaramanga,Maestría,Empresa propia,Casado,36,6,10,2831,7.32,56.6,68,6.7,5.5,2.9,1.9,7.4,8.1,5.42,6.6,27,2.9,7.3,7.3,1,2,5.3,3.0,29,34.3,49,59,37.1,11.1,14.9,14.7,15.8,2.8,1.1,2.5
SUJ-1021,Manufactura,Medellín,Maestría,Empresa familiar,Casado,27,11,16,6345,1.0,31.3,71,9.0,6.3,7.9,5.3,7.9,7.4,7.3,6.5,22,7.2,5.7,8.4,0,1,4.6,4.2,1,16.6,42,59,37.5,18.1,11.8,11.9,6.1,7.3,5.9,1.4
SUJ-1022,Finanzas,Buenos Aires,Bachillerato,Empresa familiar,Soltero,19,7,16,4899,9.34,59.3,77,7.9,6.0,8.5,7.7,10.0,8.2,8.05,6.6,42,5.1,5.9,6.0,3,4,5.5,4.6,5,30.7,37,46,28.3,16.5,11.0,17.2,12.5,10.1,3.8,0.6
SUJ-1023,Agroindustria,Buenos Aires,Doctorado,Empresa propia,Casado,45,8,14,6677,1.48,28.0,62,7.2,4.9,5.0,5.0,7.1,6.0,5.87,8.8,22,7.0,5.7,8.1,0,2,5.9,3.3,8,20.3,56,64,22.5,20.2,16.2,11.4,14.7,7.9,4.4,2.7
SUJ-1024,Salud/Farma,Medellín,Maestría,Empresa propia,Soltero,17,11,21,6790,1.0,7.4,50,6.1,6.3,3.4,1.5,5.4,6.0,4.78,7.9,12,7.0,9.1,6.9,2,2,5.3,1.8,3,14.8,62,59,32.8,18.3,11.6,21.5,3.3,6.0,4.7,1.8
SUJ-1025,Agroindustria,CDMX,Maestría,Franquicia,Casado,17,13,20,9688,2.81,15.4,95,9.8,9.6,10.0,7.1,10.0,8.8,9.22,7.1,22,9.3,6.3,7.3,1,0,6.0,0.4,8,24.3,24,52,17.2,32.1,10.9,16.8,15.2,5.0,0.0,2.8
SUJ-1026,Retail/Comercio,Medellín,Posgrado,Empresa propia,Casado,17,2,11,693,2.76,25.0,74,8.7,7.2,10.0,3.6,6.5,7.9,7.32,9.0,18,7.4,7.5,4.8,0,1,5.9,2.4,20,26.3,56,64,32.6,17.3,18.4,8.9,11.8,4.9,6.1,0.0
SUJ-1027,Servicios,Caracas,Maestría,Empresa propia,Unión libre,42,5,4,10986,1.0,41.4,71,8.3,5.2,7.0,4.3,6.6,7.8,6.53,8.8,9,6.0,6.8,7.1,1,2,5.2,1.1,1,14.4,61,60,35.0,10.6,14.9,12.4,13.8,9.6,0.4,3.3
SUJ-1028,Servicios,Monterrey,Técnico,Empresa propia,Soltero,38,12,18,1241,1.21,42.6,86,9.4,7.8,9.8,6.7,10.0,10.0,8.95,8.2,39,7.9,8.6,5.8,0,4,5.2,3.4,10,26.0,32,61,28.8,20.2,16.4,8.5,9.6,12.7,3.0,0.8
SUJ-1029,Finanzas,Bucaramanga,Universitario,Franquicia,Soltero,26,14,16,500,1.0,42.1,59,5.7,7.0,6.0,4.6,4.8,3.1,5.2,6.7,26,4.0,8.2,7.9,1,2,5.0,3.7,21,20.3,62,58,28.3,24.2,25.1,2.3,11.5,5.1,1.2,2.3
SUJ-1030,Servicios,Barranquilla,Maestría,Empresa propia,Soltero,28,6,11,5853,1.0,8.2,57,5.1,4.9,6.4,5.0,6.0,5.1,5.42,5.4,15,1.4,5.8,7.6,3,3,4.7,0.2,30,22.3,70,66,31.4,18.2,16.5,7.1,12.2,8.4,3.6,2.6
SUJ-1031,Tecnología,CDMX,Universitario,Empresa propia,Soltero,27,8,16,6968,7.82,54.6,80,9.1,8.5,7.2,7.6,8.4,6.1,7.82,9.0,26,6.1,8.9,10.0,1,1,5.3,5.3,64,35.0,56,64,18.4,18.0,21.7,10.9,18.1,5.5,5.5,1.9
SUJ-1032,Manufactura,Lima,Bachillerato,Empresa propia,Casado,17,8,13,500,1.0,20.3,96,9.7,10.0,10.0,7.2,9.4,8.2,9.08,8.0,32,10.0,8.6,6.6,1,1,5.1,0.1,90,25.4,32,51,25.9,22.2,16.2,11.5,12.7,8.6,2.7,0.2
SUJ-1033,Finanzas,Barranquilla,Maestría,Franquicia,Casado,34,8,11,5794,1.67,46.9,53,6.9,6.2,6.2,3.4,5.6,6.0,5.72,9.1,5,7.6,6.3,9.1,1,0,6.3,1.6,4,19.7,47,77,16.2,26.7,17.8,15.8,10.2,11.0,0.0,2.3
SUJ-1034,Tecnología,Bogotá,Maestría,Empresa familiar,Casado,33,8,18,6118,85.43,69.4,71,7.3,7.0,9.1,6.3,8.2,7.3,7.53,5.1,40,2.9,9.2,7.7,1,1,5.5,3.5,60,56.4,47,63,31.0,25.4,18.2,4.0,7.7,7.9,5.6,0.2
SUJ-1035,Tecnología,Bogotá,Técnico,Empresa propia,Unión libre,18,12,22,500,9.86,56.2,76,8.8,7.0,7.0,3.8,8.5,9.0,7.35,8.0,10,6.3,7.1,9.4,0,1,4.9,5.9,8,37.9,28,56,23.7,25.0,8.4,17.8,8.2,10.4,3.5,3.0
SUJ-1036,Manufactura,Bogotá,Maestría,Startup escalada,Soltero,27,1,2,9946,3.34,18.1,78,7.6,7.5,8.3,6.1,7.9,8.7,7.68,5.3,33,10.0,6.2,10.0,1,1,7.0,2.9,251,29.3,48,56,21.1,23.1,13.5,23.9,9.8,6.7,1.0,0.9
SUJ-1037,Finanzas,São Paulo,Posgrado,Startup escalada,Soltero,25,4,13,1888,1.0,38.9,67,6.5,6.4,8.0,7.0,6.3,7.2,6.9,7.6,4,5.9,8.4,7.3,2,1,4.4,6.5,5,26.0,53,59,27.2,26.3,13.0,13.3,5.5,6.8,5.1,2.8
SUJ-1038,Inmuebles,Bogotá,Posgrado,Empresa familiar,Soltero,24,9,16,12656,3.29,11.6,59,7.8,3.7,6.9,3.9,6.7,8.8,6.3,7.2,31,5.6,9.1,7.0,2,0,4.8,2.2,287,32.3,56,60,24.8,22.0,15.3,15.5,11.3,7.9,1.9,1.3
SUJ-1039,Tecnología,Bucaramanga,Maestría,Startup escalada,Casado,21,5,12,2978,5.61,60.3,44,6.6,6.0,5.6,3.1,5.2,4.3,5.13,8.7,16,3.8,9.0,7.7,0,0,6.9,1.0,8,34.2,51,74,31.1,12.5,14.1,9.3,13.7,8.3,8.0,3.0
SUJ-1040,Finanzas,Barranquilla,Universitario,Holding,Casado,25,8,19,5199,17.79,52.1,99,10.0,8.2,10.0,9.8,10.0,10.0,9.67,8.6,45,5.6,5.5,4.0,1,2,5.3,4.7,81,34.6,45,69,23.7,21.6,20.4,7.7,13.3,5.7,6.3,1.3
SUJ-1041,Retail/Comercio,Santiago,Universitario,Startup escalada,Casado,22,11,18,17793,5.36,36.3,93,8.8,10.0,7.3,7.3,9.4,8.1,8.48,6.8,14,3.1,9.3,7.8,1,2,4.4,4.3,10,27.9,28,70,19.0,26.3,17.7,8.6,13.2,11.5,1.7,2.0
SUJ-1042,Inmuebles,Cali,Universitario,Empresa propia,Soltero,32,13,21,13126,5.33,31.5,63,6.7,9.2,7.4,5.2,7.0,4.8,6.72,7.3,13,5.0,10.0,5.9,1,0,4.6,3.5,33,33.9,59,54,31.8,13.7,19.1,14.8,11.2,3.3,2.5,3.6
SUJ-1043,Finanzas,CDMX,Posgrado,Franquicia,Soltero,25,8,15,12181,5.82,33.3,72,7.7,5.9,6.2,6.0,9.0,6.7,6.92,6.7,14,10.0,5.7,6.7,1,2,4.7,1.1,16,31.8,40,51,16.7,19.8,20.0,12.9,16.8,6.6,3.4,3.8
SUJ-1044,Manufactura,São Paulo,Posgrado,Empresa familiar,Unión libre,21,12,19,1398,1.8,25.6,63,6.2,5.9,5.3,3.9,8.9,7.6,6.3,4.5,27,3.2,8.4,6.8,0,0,4.9,7.0,70,29.9,53,60,33.2,21.8,15.4,9.7,10.2,3.5,4.5,1.7
SUJ-1045,Servicios,Lima,Maestría,Startup escalada,Soltero,25,7,10,500,1.0,38.1,67,7.4,5.3,6.3,6.9,8.0,6.2,6.68,7.4,32,7.2,7.8,8.9,1,1,4.9,2.9,4,24.1,43,58,31.9,26.2,11.7,11.8,9.6,4.6,1.8,2.4
SUJ-1046,Manufactura,Monterrey,Maestría,Empresa familiar,Casado,25,6,21,7446,8.99,25.6,69,6.8,4.8,7.5,7.5,6.4,7.2,6.7,4.0,12,10.0,8.6,7.6,0,3,5.5,2.0,1,27.2,54,64,27.9,11.4,10.8,15.7,17.2,7.2,8.4,1.4
SUJ-1047,Finanzas,Caracas,Posgrado,Startup escalada,Soltero,24,1,2,4230,3.06,71.1,55,8.0,5.0,6.6,4.2,5.3,5.0,5.68,6.0,28,6.9,7.0,6.9,1,1,6.3,3.2,4,27.1,65,55,28.3,17.8,18.4,11.2,15.9,2.2,3.7,2.5
SUJ-1048,Tecnología,Buenos Aires,Maestría,Startup escalada,Soltero,30,3,6,19181,5.19,55.9,70,5.0,6.1,6.7,6.1,9.2,7.0,6.68,7.8,21,8.7,7.9,6.7,0,3,3.5,3.5,48,37.4,53,69,39.8,11.2,10.5,18.1,13.7,6.0,0.0,0.7
SUJ-1049,Servicios,Bogotá,Universitario,Holding,Casado,24,7,11,3441,1.0,49.6,73,6.7,4.6,8.4,7.0,8.5,8.9,7.35,7.6,13,4.4,8.1,6.9,1,2,6.2,4.3,47,29.5,41,67,21.1,14.0,24.1,16.2,10.5,6.3,5.7,2.1
SUJ-1050,Tecnología,Lima,Bachillerato,Startup escalada,Soltero,22,7,16,4228,57.85,81.1,49,7.0,3.2,6.7,5.5,5.9,5.0,5.55,8.7,23,4.2,6.4,10.0,1,3,5.6,3.4,200,47.5,71,68,19.3,14.5,18.8,12.0,18.0,10.5,3.6,3.3
SUJ-1051,Servicios,Buenos Aires,Maestría,E-commerce,Casado,17,8,9,5972,1.86,9.5,62,8.5,1.7,9.0,6.5,8.3,7.9,6.98,7.3,46,6.3,9.2,6.7,3,2,5.1,3.4,58,28.0,32,59,27.2,22.7,13.3,8.2,13.7,8.4,4.3,2.2
SUJ-1052,Retail/Comercio,Cali,Bachillerato,Startup escalada,Casado,25,14,19,12732,3.02,19.3,52,5.2,3.3,5.1,2.5,8.9,4.1,4.85,9.1,25,4.4,6.9,9.2,0,0,4.5,0.1,4,18.0,71,66,33.6,2.0,11.3,20.7,17.2,7.6,5.7,1.9
SUJ-1053,Agroindustria,Lima,Universitario,Startup escalada,Casado,33,10,19,2499,1.0,12.9,57,5.9,6.3,5.0,5.6,6.3,3.0,5.35,8.2,11,4.8,8.6,6.8,2,1,6.0,1.0,36,24.1,48,56,11.5,20.3,19.1,25.1,6.6,12.0,4.2,1.2
SUJ-1054,Inmuebles,Caracas,Posgrado,Startup escalada,Casado,25,10,12,22753,2.12,7.8,68,7.7,7.8,7.1,7.4,8.6,5.5,7.35,7.8,30,6.8,8.6,2.3,0,1,5.9,3.0,10,18.4,54,73,22.2,17.3,16.7,15.3,14.6,6.7,4.9,2.3
SUJ-1055,Salud/Farma,Barranquilla,Universitario,Holding,Casado,22,14,20,6210,5.39,33.2,69,7.9,3.5,5.0,6.2,8.7,7.4,6.45,5.1,29,9.1,8.7,3.8,1,5,5.6,4.8,14,27.9,59,47,23.6,19.0,13.3,18.8,9.5,8.9,3.8,3.1
SUJ-1056,Finanzas,Lima,Maestría,Empresa propia,Soltero,21,5,10,14709,2.39,54.2,69,7.4,4.3,10.0,7.5,6.4,6.8,7.07,9.9,17,5.8,6.5,6.3,0,0,4.9,2.3,23,27.8,44,70,20.7,27.1,14.5,13.9,9.0,6.8,4.8,3.2
SUJ-1057,Inmuebles,São Paulo,Universitario,Empresa propia,Casado,17,5,9,5965,3.61,34.4,100,10.0,9.8,8.9,7.5,10.0,8.9,9.18,5.6,26,7.7,10.0,9.2,1,3,4.2,2.9,776,38.8,30,63,25.3,19.5,21.6,10.7,8.4,6.5,6.4,1.6
SUJ-1058,Retail/Comercio,Bogotá,Bachillerato,Empresa familiar,Casado,33,11,17,11827,1.55,11.3,76,8.1,5.4,6.4,6.4,8.7,5.6,6.77,7.8,0,10.0,5.6,6.9,2,3,4.2,2.9,15,14.5,44,57,27.8,18.0,13.8,12.2,12.1,8.2,6.7,1.2
SUJ-1059,Retail/Comercio,Cali,Universitario,E-commerce,Soltero,28,9,14,500,2.06,50.6,77,8.2,6.0,7.7,6.0,9.3,6.2,7.23,10.0,9,1.1,6.2,6.0,0,1,3.9,2.3,8,26.2,41,61,37.6,14.8,7.4,11.5,15.2,7.2,2.0,4.3
SUJ-1060,Manufactura,Monterrey,Posgrado,Empresa propia,Unión libre,30,7,16,12844,1.0,4.0,73,9.3,5.4,7.4,6.4,8.3,6.4,7.2,4.3,20,7.2,6.3,7.2,2,1,5.5,1.9,14,15.8,49,48,20.9,20.2,19.2,7.9,14.8,10.6,3.8,2.6
SUJ-1061,Servicios,Santiago,Universitario,Empresa propia,Casado,27,6,14,5938,3.17,4.0,52,5.7,6.0,6.0,5.4,5.9,5.8,5.8,6.7,17,2.3,10.0,8.6,3,2,4.5,1.2,7,22.4,66,64,30.2,14.2,12.6,7.1,14.6,13.5,3.3,4.5
SUJ-1062,Salud/Farma,Medellín,Posgrado,Startup escalada,Unión libre,21,6,11,4774,1.0,39.1,70,6.9,8.3,7.7,4.0,7.1,8.1,7.02,3.6,21,4.9,9.1,6.1,0,2,6.0,0.7,144,28.7,53,50,29.0,25.9,8.2,10.8,13.2,6.4,5.8,0.7
SUJ-1063,Inmuebles,São Paulo,Maestría,Startup escalada,Unión libre,24,6,12,946,5.33,36.1,72,7.2,6.3,5.9,5.8,7.5,6.4,6.52,8.5,25,8.6,7.5,7.7,0,1,3.8,6.1,28,31.7,59,70,32.0,17.5,11.3,15.7,13.1,7.1,2.2,1.1
SUJ-1064,Retail/Comercio,Bogotá,Maestría,Startup escalada,Soltero,22,7,12,10824,2.51,19.8,82,7.5,6.4,8.4,6.4,8.6,7.2,7.42,7.3,19,9.1,8.9,6.2,2,4,5.6,0.7,25,31.6,57,60,18.0,18.6,13.7,21.3,12.3,11.8,2.0,2.3
SUJ-1065,Retail/Comercio,Buenos Aires,Universitario,Holding,Soltero,23,6,17,1124,2.55,29.2,57,6.1,4.9,5.7,4.0,6.9,4.9,5.42,6.5,27,4.7,8.9,9.6,4,1,5.7,3.6,167,27.9,64,57,10.0,10.7,23.3,24.8,20.1,1.6,6.8,2.7
SUJ-1066,Inmuebles,Cali,Universitario,Empresa propia,Soltero,23,9,17,1708,7.54,33.5,64,6.2,6.8,6.0,5.6,9.0,8.0,6.93,6.1,20,4.3,6.5,10.0,1,2,5.0,2.9,28,29.5,57,60,33.1,20.4,13.8,14.2,9.3,5.1,2.7,1.4
SUJ-1067,Finanzas,Barranquilla,Posgrado,Empresa propia,Soltero,32,10,16,1081,3.69,64.6,57,6.8,5.9,7.4,3.6,8.7,5.8,6.37,6.9,25,6.5,6.1,8.4,0,3,7.0,2.7,6,33.6,48,60,31.0,19.1,10.8,16.0,5.4,10.2,4.0,3.5
SUJ-1068,Tecnología,São Paulo,Doctorado,Empresa propia,Unión libre,38,5,13,500,2.29,35.4,63,7.3,5.3,4.3,3.9,9.0,6.8,6.1,8.3,17,10.0,9.1,6.1,1,1,4.9,4.4,48,31.1,57,52,20.9,25.9,21.5,6.7,12.3,6.6,6.1,-0.0
SUJ-1069,Finanzas,Bucaramanga,Doctorado,Startup escalada,Casado,20,10,23,8675,137.53,52.2,68,8.0,5.9,7.9,4.6,6.8,6.5,6.62,6.1,30,7.2,6.8,6.6,0,5,5.8,2.5,52,49.3,51,39,23.7,24.7,12.8,13.9,12.0,8.4,3.7,0.8
SUJ-1070,Finanzas,Cali,Universitario,Empresa propia,Soltero,24,2,6,2526,10.22,63.2,55,6.7,4.1,8.4,3.0,9.1,4.0,5.88,7.0,26,8.8,8.7,7.3,4,0,4.3,2.9,15,42.9,53,59,27.3,21.1,14.9,13.7,7.8,9.0,3.6,2.6
SUJ-1071,Finanzas,Buenos Aires,Maestría,Holding,Casado,27,9,18,1295,4.98,34.1,83,9.4,6.1,8.6,5.5,9.6,7.8,7.83,7.6,5,7.0,6.1,4.5,2,1,4.3,1.4,9,24.9,38,56,26.8,18.1,13.8,16.0,12.9,2.2,6.1,4.1
SUJ-1072,Finanzas,São Paulo,Universitario,E-commerce,Unión libre,20,9,16,3084,5.78,47.4,58,5.2,3.4,9.0,7.1,5.6,6.9,6.2,6.8,25,2.5,6.8,9.0,0,2,5.2,0.0,167,36.2,63,70,25.9,14.8,16.6,15.7,18.5,8.4,0.0,0.1
SUJ-1073,Tecnología,Medellín,Bachillerato,E-commerce,Casado,26,6,11,5530,1.22,51.6,81,8.4,8.4,8.9,4.8,8.6,7.6,7.78,7.7,25,7.7,7.6,4.2,2,4,3.8,5.6,8,26.0,50,54,19.2,15.0,17.0,24.4,13.3,5.9,4.2,1.0
SUJ-1074,Tecnología,Medellín,Bachillerato,Startup escalada,Casado,28,7,10,5599,1.0,29.8,66,8.8,2.9,6.4,4.1,8.5,6.4,6.18,5.7,12,4.7,10.0,4.7,1,2,5.4,3.2,10,25.0,67,47,28.2,14.8,12.7,13.4,15.2,9.8,3.4,2.5
SUJ-1075,Salud/Farma,CDMX,Universitario,Empresa propia,Casado,25,6,15,3660,1.0,30.8,65,6.2,6.1,5.6,5.4,7.6,4.9,5.97,6.1,35,5.5,7.1,6.2,1,4,4.5,5.8,14,17.3,50,67,23.3,10.0,13.3,17.6,15.6,11.0,7.3,1.9
SUJ-1076,Retail/Comercio,Santiago,Universitario,Startup escalada,Soltero,29,5,12,5464,3.22,33.3,83,10.0,7.0,7.9,5.0,8.2,10.0,8.02,7.2,18,2.7,8.2,5.6,3,3,6.3,1.6,17,31.0,35,59,29.2,19.0,15.9,13.8,11.3,2.7,6.3,1.8
SUJ-1077,Finanzas,Buenos Aires,Bachillerato,Empresa propia,Soltero,26,7,18,4459,57.78,69.0,80,8.1,6.7,8.0,5.0,8.8,7.9,7.42,5.1,10,4.5,7.7,9.1,5,0,5.1,2.3,7,50.6,39,50,24.9,24.7,19.4,7.4,7.8,7.3,4.6,3.9
SUJ-1078,Manufactura,Medellín,Posgrado,Empresa propia,Casado,17,5,15,13837,1.49,24.5,78,8.2,5.9,7.3,4.5,8.8,9.1,7.3,6.7,8,5.8,5.4,7.6,3,1,5.1,3.1,5,16.3,53,56,46.7,17.6,16.2,9.0,2.4,2.0,3.1,3.0
SUJ-1079,Tecnología,CDMX,Universitario,Franquicia,Soltero,20,11,18,500,5.03,58.5,48,6.0,4.2,6.5,4.1,6.1,4.8,5.28,6.8,28,3.0,7.8,7.7,0,1,5.6,1.4,161,32.8,64,63,18.5,32.6,15.3,14.0,6.8,6.5,4.3,2.0
SUJ-1080,Agroindustria,CDMX,Posgrado,Empresa propia,Casado,34,1,4,16201,5.35,39.9,88,7.1,9.6,6.5,6.4,9.0,9.4,8.0,8.4,24,2.3,7.8,8.6,2,3,4.5,2.3,11,32.1,42,50,16.9,23.6,16.7,20.0,5.6,10.3,6.5,0.4
SUJ-1081,Inmuebles,São Paulo,Universitario,Startup escalada,Casado,29,6,19,2236,1.0,22.7,92,8.0,7.7,7.2,7.6,9.1,9.2,8.13,9.0,8,8.4,8.8,10.0,2,1,4.7,4.7,4,22.6,17,68,22.6,20.5,20.0,12.7,17.3,3.9,2.8,0.2
SUJ-1082,Tecnología,CDMX,Técnico,E-commerce,Casado,17,1,5,10234,7.57,35.9,68,8.1,6.2,7.2,5.7,7.6,7.7,7.08,9.1,27,5.3,5.6,6.2,1,2,4.3,7.0,3,25.8,31,68,30.2,16.8,21.7,14.3,5.7,9.1,0.0,2.2
SUJ-1083,Retail/Comercio,Cali,Universitario,Empresa propia,Soltero,17,3,12,4154,1.0,30.1,59,6.0,5.6,5.3,6.3,7.3,9.2,6.62,7.8,29,5.8,7.4,7.5,1,3,3.8,4.3,22,26.1,51,66,35.5,17.2,2.4,9.9,19.3,7.5,6.5,1.7
SUJ-1084,Servicios,Caracas,Universitario,Empresa propia,Soltero,30,5,5,2788,1.0,19.3,55,5.0,4.1,5.7,3.9,7.7,6.1,5.42,5.4,20,6.2,8.4,9.1,2,2,4.3,1.7,3,18.6,70,55,33.7,22.6,11.8,14.9,11.3,4.8,0.0,0.9
SUJ-1085,Agroindustria,CDMX,Posgrado,E-commerce,Soltero,22,12,23,7643,5.81,18.0,68,8.7,5.2,5.1,3.9,9.7,6.7,6.55,5.7,28,4.2,8.8,5.6,1,1,3.8,2.5,5,30.1,59,62,26.9,28.4,16.4,11.0,4.9,3.0,7.6,1.8
SUJ-1086,Retail/Comercio,Bogotá,Universitario,Startup escalada,Soltero,17,11,10,11718,2.13,22.5,57,6.6,5.9,5.6,3.6,7.6,6.8,6.02,8.0,7,9.8,9.7,8.6,1,0,4.0,4.1,11,32.2,52,56,29.2,15.6,21.4,14.0,11.3,3.0,4.0,1.5
SUJ-1087,Manufactura,Buenos Aires,Posgrado,Franquicia,Soltero,32,7,12,4781,8.42,13.0,69,7.2,4.9,6.6,7.8,8.2,6.1,6.8,8.5,16,8.1,8.6,5.9,3,0,5.4,4.1,234,33.3,56,61,29.0,27.3,18.7,9.9,7.8,5.8,0.0,1.5
SUJ-1088,Tecnología,Bogotá,Técnico,E-commerce,Casado,30,7,9,5027,2.33,65.5,64,9.5,5.6,5.7,2.6,7.5,5.7,6.1,5.5,26,8.5,6.7,7.8,2,0,5.1,1.6,9,28.0,64,67,33.5,9.8,17.0,11.7,9.3,14.0,3.2,1.5
SUJ-1089,Salud/Farma,Bucaramanga,Posgrado,Startup escalada,Soltero,21,11,22,500,7.9,26.4,54,4.9,6.5,6.4,6.0,6.6,5.8,6.03,9.5,50,8.0,7.8,7.7,0,0,3.9,1.2,164,37.8,56,76,34.3,21.3,10.7,14.9,10.1,5.0,1.6,2.1
SUJ-1090,Finanzas,Medellín,Maestría,E-commerce,Soltero,33,11,14,20615,75.14,79.5,63,6.0,4.7,5.0,6.5,7.0,6.6,5.97,9.2,29,8.5,6.8,7.1,1,2,6.3,5.0,13,53.9,61,64,31.0,19.3,15.8,17.8,6.9,5.7,1.0,2.5
SUJ-1091,Agroindustria,Santiago,Técnico,Empresa propia,Soltero,21,5,13,15013,2.9,4.7,73,7.1,6.2,9.3,6.1,8.6,9.7,7.83,9.6,20,8.3,8.3,6.0,2,5,4.6,1.3,1,14.4,46,73,33.7,13.6,18.6,15.9,9.9,7.5,0.5,0.3
SUJ-1092,Manufactura,CDMX,Universitario,E-commerce,Casado,22,9,16,4059,19.21,52.9,60,7.1,5.0,6.7,3.7,5.0,5.0,5.42,7.7,12,5.9,6.8,8.8,2,4,5.0,3.0,277,40.2,79,67,9.7,26.3,16.0,20.8,15.8,6.2,2.0,3.2
SUJ-1093,Manufactura,Barranquilla,Bachillerato,E-commerce,Soltero,23,3,4,11583,1.45,28.9,67,7.5,6.5,5.9,6.0,8.6,7.0,6.92,5.6,18,5.1,9.1,8.6,0,2,6.4,5.0,10,22.8,47,44,22.6,22.0,10.6,17.6,12.2,7.6,7.4,0.0
SUJ-1094,Retail/Comercio,Barranquilla,Posgrado,Holding,Soltero,17,5,15,3006,1.0,28.7,84,7.5,7.3,3.9,5.4,8.8,8.5,6.9,8.3,35,3.8,6.9,6.0,1,2,4.7,4.6,4,16.8,42,64,21.6,20.6,15.9,17.1,11.9,9.5,1.5,1.9
SUJ-1095,Finanzas,Medellín,Universitario,E-commerce,Unión libre,28,9,15,10487,1.0,32.7,62,4.9,4.7,9.2,4.4,6.3,5.2,5.78,7.2,32,4.7,6.6,9.5,1,1,4.1,3.9,3,20.5,40,63,27.7,19.0,16.7,11.3,14.2,9.1,0.2,1.8
SUJ-1096,Tecnología,Bucaramanga,Posgrado,Empresa familiar,Soltero,29,4,15,5816,7.13,43.1,59,7.2,4.6,7.0,5.1,6.6,6.9,6.23,7.4,35,8.1,7.8,8.3,1,1,3.2,1.7,12,33.8,39,69,39.1,16.0,11.3,11.5,14.7,4.6,0.8,2.0
SUJ-1097,Finanzas,Barranquilla,Posgrado,Empresa propia,Casado,23,5,13,4940,5.54,65.7,73,7.1,5.5,8.8,5.1,7.4,8.2,7.02,9.4,19,3.9,7.6,9.1,2,1,4.9,3.4,20,34.1,46,64,22.3,14.7,17.2,14.4,11.2,11.3,5.9,3.0
SUJ-1098,Tecnología,Caracas,Doctorado,Empresa familiar,Unión libre,30,1,4,500,2.31,15.1,88,8.7,6.4,9.3,5.3,10.0,8.8,8.08,6.6,19,7.9,7.8,5.9,2,1,4.9,3.8,11,18.9,35,54,20.5,22.8,12.2,15.0,13.7,10.6,2.8,2.4
SUJ-1099,Inmuebles,Bogotá,Posgrado,E-commerce,Casado,17,8,13,26916,4.88,6.6,78,8.1,4.4,8.9,5.8,8.2,8.8,7.37,7.9,10,6.4,6.4,6.6,4,1,6.1,2.7,25,20.2,58,39,18.6,6.9,24.2,12.2,20.6,10.8,4.6,2.1
SUJ-1100,Finanzas,Caracas,Posgrado,Holding,Unión libre,30,3,8,14532,5.1,25.5,63,8.0,5.8,6.9,5.7,7.6,4.7,6.45,6.8,29,6.2,6.5,6.4,2,0,6.2,2.8,2,22.0,46,58,13.3,18.4,13.9,19.6,18.9,13.4,0.6,1.9
SUJ-1101,Tecnología,Lima,Universitario,Empresa propia,Soltero,27,4,13,12615,13.34,68.8,63,6.3,4.7,7.1,6.6,6.4,7.7,6.47,6.5,35,5.7,6.2,9.6,1,4,6.4,2.5,28,40.2,51,67,12.9,17.7,21.3,15.9,16.8,8.6,5.8,1.0
SUJ-1102,Salud/Farma,Cali,Doctorado,Franquicia,Soltero,21,12,21,2909,7.77,36.2,65,8.9,6.4,6.9,6.1,8.6,5.6,7.08,6.4,20,1.3,9.0,7.6,1,1,5.7,3.8,2,27.8,28,63,18.2,28.8,16.6,11.9,15.5,6.6,0.8,1.6
SUJ-1103,Servicios,Monterrey,Maestría,Startup escalada,Soltero,28,4,8,2735,1.9,7.9,67,6.8,6.0,8.0,7.4,6.4,4.8,6.57,6.2,13,4.2,8.0,6.1,2,1,4.2,0.6,45,22.8,22,58,34.0,16.2,9.0,16.1,8.0,11.3,4.4,1.0
SUJ-1104,Agroindustria,Barranquilla,Universitario,Holding,Soltero,20,10,19,6811,3.44,12.7,106,8.6,8.1,10.0,8.2,10.0,10.0,9.15,5.7,9,5.6,9.6,6.6,1,2,5.1,4.1,9,26.1,36,50,20.4,18.2,25.2,19.0,7.7,7.1,2.2,0.2
SUJ-1105,Salud/Farma,Santiago,Maestría,Empresa propia,Soltero,32,11,18,14978,1.47,28.5,74,6.3,5.8,7.9,5.6,8.7,4.8,6.52,10.0,33,5.8,7.4,5.1,0,1,3.7,3.4,38,25.1,72,62,35.1,18.6,25.7,13.6,2.4,1.4,0.0,3.2
SUJ-1106,Tecnología,CDMX,Universitario,E-commerce,Soltero,29,10,18,21821,216.08,66.7,96,8.7,6.2,10.0,9.6,10.0,9.3,8.97,7.4,14,7.3,8.4,9.5,0,0,5.5,2.3,52,57.9,38,65,32.5,11.6,9.0,20.3,10.1,11.5,3.8,1.2
SUJ-1107,Finanzas,Santiago,Maestría,Empresa propia,Casado,28,6,14,2505,5.87,33.9,83,7.6,7.2,9.4,5.9,9.7,8.9,8.12,8.1,12,7.2,6.2,10.0,1,2,6.1,3.7,121,39.1,44,61,36.2,24.7,12.9,10.3,11.7,3.7,0.1,0.4
SUJ-1108,Inmuebles,Buenos Aires,Maestría,Empresa familiar,Unión libre,23,5,14,7480,1.56,33.6,40,5.2,3.9,4.0,4.7,5.1,2.9,4.3,6.5,7,3.2,8.3,4.9,1,2,6.4,1.3,27,32.6,64,59,27.9,18.2,15.5,9.3,16.5,3.2,5.8,3.6
SUJ-1109,Manufactura,Cali,Universitario,Startup escalada,Soltero,30,3,6,10296,1.25,20.0,65,8.0,4.9,5.8,6.9,8.3,5.6,6.58,5.9,28,2.9,6.4,7.2,0,0,5.7,0.1,3,22.1,49,60,29.2,24.3,17.2,9.1,10.0,6.6,3.2,0.4
SUJ-1110,Tecnología,Bogotá,Maestría,Empresa propia,Soltero,33,1,8,2053,3.32,51.0,71,4.7,3.6,8.3,2.6,7.7,7.7,5.77,6.3,50,7.7,8.2,6.7,0,2,4.8,0.6,28,32.5,48,61,28.6,16.9,12.6,16.7,13.2,10.4,1.0,0.6
SUJ-1111,Inmuebles,Bucaramanga,Universitario,Startup escalada,Soltero,35,10,20,4186,2.83,19.1,74,8.7,6.1,6.4,5.9,7.6,6.4,6.85,6.2,29,4.4,8.2,5.9,2,1,5.5,4.3,12,23.0,38,64,25.3,7.4,23.2,16.1,11.3,7.5,7.1,2.1
SUJ-1112,Finanzas,Cali,Universitario,Startup escalada,Soltero,22,9,19,1660,4.43,51.0,73,9.3,6.1,7.9,4.3,7.2,5.9,6.78,7.6,7,8.7,7.9,8.0,1,0,5.8,4.5,22,34.2,45,64,27.2,23.1,11.5,14.2,10.6,9.2,4.1,0.1
SUJ-1113,Finanzas,Monterrey,Universitario,Empresa propia,Casado,30,9,19,9602,8.21,37.1,49,8.2,6.1,4.1,2.7,7.3,4.9,5.55,7.1,16,5.7,6.4,10.0,2,1,6.8,1.1,14,31.5,64,68,30.9,10.3,12.2,16.4,12.8,12.9,4.4,0.1
SUJ-1114,Retail/Comercio,Lima,Maestría,Holding,Soltero,34,1,4,15948,2.93,29.7,48,6.0,4.6,5.1,3.0,7.4,6.5,5.43,10.0,1,8.4,8.1,8.2,0,1,3.9,2.1,6,28.4,61,71,25.7,4.6,20.1,18.9,19.4,6.5,3.9,0.9
SUJ-1115,Manufactura,São Paulo,Universitario,Franquicia,Soltero,24,6,19,16799,30.2,46.7,72,5.6,7.8,3.6,3.3,10.0,9.0,6.55,6.2,35,5.3,7.0,10.0,2,2,4.1,5.3,65,47.8,47,66,25.6,15.7,21.3,15.9,10.7,7.8,2.4,0.6
SUJ-1116,Manufactura,Barranquilla,Bachillerato,Holding,Casado,34,9,21,8871,11.8,39.4,67,5.6,5.1,6.0,6.4,7.4,5.7,6.03,8.1,17,5.8,9.3,8.3,1,3,4.0,0.4,60,37.1,51,62,14.9,25.1,9.3,17.6,14.9,11.4,5.2,1.6
SUJ-1117,Tecnología,Bucaramanga,Maestría,Empresa propia,Unión libre,26,12,15,3411,13.14,71.9,89,10.0,7.1,8.7,6.4,9.1,9.8,8.52,4.3,25,7.9,8.2,7.6,1,0,3.4,1.7,12,41.1,28,54,26.0,14.8,15.5,16.6,6.0,14.0,6.7,0.4
SUJ-1118,Servicios,Bucaramanga,Técnico,Empresa propia,Soltero,19,8,13,8654,1.58,26.5,72,7.5,4.9,6.1,7.1,7.5,8.5,6.93,6.7,22,3.3,6.8,6.3,2,4,5.1,6.6,33,26.9,44,65,18.9,24.3,21.5,12.8,11.9,8.6,1.1,0.9
SUJ-1119,Finanzas,Barranquilla,Técnico,Franquicia,Casado,21,7,15,15976,26.69,64.0,83,7.9,6.7,5.6,6.8,7.4,10.0,7.4,10.0,32,4.7,7.7,9.7,0,0,4.6,3.2,26,38.6,38,57,27.2,21.9,17.5,10.6,10.8,6.6,3.8,1.6
SUJ-1120,Tecnología,Barranquilla,Universitario,Empresa propia,Soltero,17,4,7,7864,1.0,27.2,81,6.3,7.9,6.8,6.2,9.3,7.7,7.37,5.5,22,10.0,9.6,7.3,2,3,5.6,2.1,10,16.9,44,57,34.5,16.3,17.7,7.0,15.2,4.8,2.9,1.6
SUJ-1121,Servicios,Barranquilla,Universitario,Startup escalada,Soltero,25,8,16,4260,1.0,4.0,71,6.0,7.3,6.7,4.5,8.3,8.4,6.87,8.6,31,5.2,8.1,8.6,0,0,5.3,0.0,5,20.4,54,65,29.3,21.8,12.6,20.7,3.1,7.5,4.2,0.8
SUJ-1122,Agroindustria,Barranquilla,Universitario,Empresa propia,Soltero,25,6,13,20186,8.0,5.2,87,9.4,7.6,9.0,6.2,9.0,8.8,8.33,8.0,24,5.8,8.5,7.3,3,1,4.4,1.4,79,32.2,48,60,30.4,28.8,9.8,13.0,8.7,2.0,5.3,2.0
SUJ-1123,Servicios,Barranquilla,Bachillerato,Franquicia,Soltero,27,4,15,14424,6.43,9.0,66,7.7,4.1,6.7,5.8,9.0,6.0,6.55,6.8,14,6.1,5.7,8.7,1,2,3.3,5.6,168,34.5,60,56,25.3,13.3,16.9,17.4,8.5,11.3,6.5,0.8
SUJ-1124,Inmuebles,Bucaramanga,Doctorado,Startup escalada,Unión libre,34,2,10,17126,2.84,46.4,72,8.6,4.4,5.9,5.3,7.1,7.9,6.53,5.2,25,7.5,9.6,4.5,1,3,4.7,3.3,86,33.9,53,61,31.1,8.0,13.5,17.4,8.6,10.3,8.4,2.7
SUJ-1125,Manufactura,Medellín,Maestría,E-commerce,Casado,25,3,2,18680,1.0,4.0,73,9.0,6.0,8.8,5.0,7.1,5.1,6.83,6.9,24,7.6,6.2,9.4,1,3,5.2,3.6,11,15.9,47,52,30.8,8.1,23.8,13.9,12.5,8.7,2.2,-0.0
SUJ-1126,Retail/Comercio,Medellín,Universitario,E-commerce,Soltero,24,8,17,4004,1.0,9.4,61,5.4,4.6,8.8,5.0,8.1,7.6,6.58,6.3,19,5.3,6.4,8.8,3,2,6.1,3.6,4,17.5,37,58,34.5,15.0,18.4,9.3,10.8,6.3,3.8,1.9
SUJ-1127,Tecnología,Santiago,Universitario,Empresa familiar,Soltero,24,1,11,15708,2.32,50.7,57,7.3,6.1,5.0,6.2,7.9,7.9,6.73,5.9,17,7.0,8.0,6.2,0,1,5.6,2.9,14,33.9,62,61,29.0,17.3,19.2,11.2,9.4,5.8,6.0,2.1
SUJ-1128,Retail/Comercio,Medellín,Universitario,Startup escalada,Soltero,17,6,12,6758,7.34,30.3,55,5.3,5.7,8.4,4.8,6.1,6.6,6.15,4.3,41,4.4,8.3,8.2,1,2,5.8,4.1,10,30.4,60,56,23.8,16.5,15.4,16.1,15.5,9.9,1.6,1.2
SUJ-1129,Finanzas,Monterrey,Posgrado,Empresa propia,Casado,30,12,19,500,6.17,60.4,58,6.3,5.7,5.8,6.2,3.5,5.7,5.53,7.2,41,6.9,5.4,7.2,0,1,6.3,6.0,54,37.1,61,55,23.9,25.4,11.1,16.4,9.2,8.2,3.9,1.9
SUJ-1130,Finanzas,Medellín,Técnico,Franquicia,Soltero,25,1,8,8081,5.04,44.4,70,6.5,5.4,7.7,2.7,7.7,6.7,6.12,6.3,14,4.8,9.0,4.3,0,3,5.3,1.8,11,23.8,55,64,21.1,23.4,28.8,8.5,5.6,5.5,5.2,1.9
SUJ-1131,Inmuebles,Bucaramanga,Universitario,Empresa familiar,Soltero,26,8,12,5088,2.23,29.1,76,8.7,6.7,9.3,6.1,7.7,9.2,7.95,5.8,8,9.0,5.9,5.1,0,4,4.0,4.7,6,20.5,41,56,35.2,20.9,13.1,15.4,2.3,10.1,0.7,2.3
SUJ-1132,Retail/Comercio,Barranquilla,Maestría,Empresa propia,Casado,24,9,24,2574,12.31,40.8,55,5.6,5.5,7.7,4.4,9.0,4.3,6.08,5.3,25,10.0,6.6,6.7,3,2,5.6,4.8,104,39.8,43,49,30.3,18.1,21.2,13.0,4.8,6.6,3.9,2.1
SUJ-1133,Tecnología,Caracas,Universitario,Empresa propia,Soltero,26,6,9,28155,3.4,39.8,73,8.3,5.9,6.8,4.5,9.7,8.6,7.3,6.3,26,2.0,10.0,6.3,0,0,6.0,3.2,49,23.8,40,59,13.2,22.7,18.0,18.3,16.5,6.1,3.7,1.5
SUJ-1134,Finanzas,CDMX,Universitario,Empresa propia,Soltero,18,9,18,500,1.0,49.8,69,7.7,5.7,8.7,5.7,7.5,9.0,7.38,8.3,29,10.0,8.6,8.2,1,0,5.0,4.5,24,26.4,46,67,27.2,25.3,6.2,17.5,10.7,8.0,5.1,-0.0
SUJ-1135,Manufactura,CDMX,Maestría,Empresa propia,Soltero,25,6,15,23332,3.41,32.8,85,9.9,7.5,8.9,7.6,9.3,8.9,8.68,7.8,19,5.7,6.8,9.4,2,4,4.9,4.2,11,32.1,36,47,14.7,20.9,8.2,23.2,12.4,15.3,1.7,3.6
SUJ-1136,Tecnología,Monterrey,Posgrado,Holding,Soltero,22,10,14,1387,6.3,47.2,65,7.7,4.3,6.5,5.3,8.3,7.6,6.62,7.6,43,8.3,7.7,6.9,1,3,5.1,1.5,35,34.0,50,55,23.2,22.1,9.4,8.9,13.1,14.1,7.2,2.0
SUJ-1137,Servicios,Buenos Aires,Universitario,Startup escalada,Soltero,26,3,6,3785,2.04,34.1,94,10.0,7.0,7.9,5.5,10.0,4.9,7.55,6.2,39,8.2,7.0,6.8,4,1,5.2,5.6,75,27.2,35,47,32.0,13.1,10.5,16.5,14.4,6.0,4.2,3.3
SUJ-1138,Retail/Comercio,Bucaramanga,Posgrado,Empresa familiar,Soltero,19,14,20,4319,1.8,16.4,83,7.5,6.2,7.8,7.0,9.0,9.3,7.8,9.9,38,2.4,7.7,5.3,1,0,6.0,4.7,3,13.8,48,60,17.0,25.6,19.7,14.9,6.6,7.5,5.2,3.5
SUJ-1139,Retail/Comercio,Bogotá,Bachillerato,Startup escalada,Casado,28,12,20,10504,38.6,50.3,68,8.4,7.2,7.9,6.9,8.9,7.3,7.77,6.5,10,5.5,7.6,7.7,4,0,5.0,6.4,4,41.2,37,64,26.4,15.6,21.3,12.3,11.2,6.8,2.9,3.5
SUJ-1140,Manufactura,Caracas,Maestría,Empresa propia,Casado,26,1,8,1942,1.45,20.4,65,7.3,5.1,6.1,5.4,9.0,7.0,6.65,7.9,0,2.9,8.4,8.6,2,2,6.6,6.0,3,19.3,46,57,26.0,20.6,12.9,16.5,15.1,7.6,0.4,0.9
SUJ-1141,Servicios,Cali,Universitario,Empresa propia,Casado,18,11,23,34207,3.21,16.0,84,7.5,7.1,8.5,6.4,10.0,8.3,7.97,8.9,12,3.0,7.2,6.3,2,3,6.3,0.0,10,20.3,24,74,19.5,22.6,20.3,10.1,8.5,9.2,6.3,3.5
SUJ-1142,Finanzas,Santiago,Maestría,Empresa familiar,Casado,31,5,9,11058,1.0,27.6,68,8.2,6.8,6.2,4.5,8.5,8.4,7.1,7.0,27,9.3,7.0,8.2,1,1,6.8,2.3,13,18.6,47,56,32.8,15.8,6.2,11.3,17.7,9.6,5.7,0.9
SUJ-1143,Manufactura,Bogotá,Doctorado,Empresa propia,Soltero,22,12,16,12483,10.37,9.1,73,8.7,5.3,8.5,6.2,9.0,9.1,7.8,4.3,29,7.9,8.2,8.9,1,2,5.9,1.7,253,35.5,48,58,27.7,12.9,15.5,20.3,13.6,8.2,1.0,0.8
SUJ-1144,Manufactura,Bucaramanga,Doctorado,Empresa propia,Unión libre,23,11,20,900,1.0,13.4,65,6.0,6.9,5.5,4.8,8.2,7.2,6.43,8.1,18,2.4,6.4,4.1,3,0,3.8,1.8,4,12.4,57,60,31.1,23.1,9.0,14.3,13.4,5.8,2.6,0.7
SUJ-1145,Finanzas,Medellín,Maestría,Startup escalada,Soltero,30,3,3,5174,1.99,32.3,65,4.9,7.0,9.8,10.0,7.5,5.0,7.37,7.7,25,2.8,7.7,8.9,3,0,5.0,2.4,19,24.7,59,58,23.0,13.4,18.2,22.1,8.2,8.9,5.0,1.2
SUJ-1146,Servicios,Barranquilla,Posgrado,E-commerce,Soltero,32,9,13,23292,1.0,5.5,56,6.0,2.4,6.3,6.1,7.1,6.5,5.73,5.1,35,8.3,6.5,5.9,1,2,5.9,1.3,19,13.2,54,57,30.7,16.9,12.5,14.6,12.0,5.6,6.0,1.7
SUJ-1147,Inmuebles,São Paulo,Universitario,Empresa propia,Soltero,23,4,10,2518,1.0,32.3,91,8.1,8.0,7.7,7.3,9.1,8.8,8.17,7.9,35,8.3,6.6,8.8,1,0,5.7,2.5,22,27.0,37,61,26.1,21.8,18.0,10.1,12.7,4.6,5.2,1.5
SUJ-1148,Manufactura,Bogotá,Universitario,Startup escalada,Soltero,26,9,15,1256,3.26,33.2,67,7.3,7.2,6.1,6.0,6.1,8.1,6.8,7.2,8,7.0,8.4,10.0,0,4,5.2,3.2,15,31.7,47,60,36.8,17.5,13.9,4.3,9.0,14.7,2.9,0.9
SUJ-1149,Servicios,Cali,Posgrado,Empresa familiar,Unión libre,30,7,11,5314,12.7,26.0,74,7.8,5.9,5.9,5.6,8.6,7.5,6.88,7.9,19,6.2,7.3,5.1,1,1,4.5,2.8,14,28.8,29,61,23.3,21.2,12.5,14.9,9.5,12.7,3.9,2.0
SUJ-1150,Servicios,Buenos Aires,Maestría,Empresa propia,Soltero,33,4,4,21319,4.18,4.0,79,10.0,7.4,9.2,6.7,10.0,8.3,8.6,5.3,10,4.4,9.8,7.2,3,1,6.2,4.2,319,36.2,36,57,17.1,29.7,23.0,2.7,11.7,10.4,3.4,2.0
SUJ-1151,Inmuebles,CDMX,Universitario,Startup escalada,Soltero,26,2,13,5336,1.0,17.1,91,8.0,5.8,9.1,7.7,9.3,7.3,7.87,8.6,0,5.5,6.4,8.0,3,1,4.5,4.1,5,15.1,41,56,28.0,15.3,19.8,20.1,2.4,10.3,2.6,1.5
SUJ-1152,Servicios,Buenos Aires,Maestría,Franquicia,Soltero,28,8,19,4151,3.93,38.0,65,7.6,3.7,7.1,4.2,8.1,6.1,6.13,6.5,24,7.0,9.0,9.5,2,1,6.3,3.2,3,29.4,67,50,16.8,23.4,16.3,18.3,9.3,8.2,4.8,2.9
SUJ-1153,Manufactura,Cali,Maestría,E-commerce,Soltero,20,8,8,8404,1.0,6.0,41,3.3,3.5,5.5,3.3,4.5,3.4,3.92,5.9,4,5.9,6.4,6.1,0,2,4.3,3.4,9,16.7,67,65,33.9,16.1,6.7,20.5,9.3,4.7,6.0,2.8
SUJ-1154,Manufactura,Barranquilla,Doctorado,Startup escalada,Soltero,17,6,14,22102,2.68,23.1,74,6.4,5.1,6.3,6.2,9.2,6.7,6.65,8.6,10,6.2,4.1,6.9,1,0,5.7,3.0,35,20.0,54,64,7.8,22.2,16.4,23.5,17.4,10.2,0.0,2.5
SUJ-1155,Manufactura,Medellín,Maestría,Empresa familiar,Soltero,29,4,10,500,1.0,9.5,79,7.4,7.2,7.3,6.7,8.4,8.1,7.52,8.7,3,10.0,9.1,5.9,0,1,5.0,6.5,142,31.3,56,58,30.0,13.0,24.6,4.5,9.1,10.8,3.4,4.6
SUJ-1156,Inmuebles,Cali,Universitario,Empresa propia,Soltero,21,5,13,1332,5.01,50.0,65,6.0,6.2,4.1,4.9,9.0,7.6,6.3,7.6,32,5.3,6.9,8.5,1,4,4.5,4.5,65,36.9,43,55,30.3,14.7,13.7,20.8,9.5,6.2,4.8,-0.0
SUJ-1157,Tecnología,Santiago,Técnico,Empresa propia,Unión libre,20,3,10,1139,1.0,41.3,80,8.5,9.1,10.0,5.7,8.1,7.3,8.12,8.4,28,3.2,8.5,3.4,1,1,5.7,0.2,19,26.2,57,70,25.2,18.8,19.2,10.6,13.9,3.6,7.9,0.8
SUJ-1158,Servicios,Cali,Técnico,Empresa propia,Soltero,29,9,10,713,1.0,31.7,72,7.3,7.3,5.3,6.4,10.0,8.0,7.38,6.6,47,6.5,6.4,9.1,2,0,4.8,1.7,11,21.5,45,56,26.5,17.6,24.1,11.8,7.4,8.1,1.7,2.8
SUJ-1159,Servicios,São Paulo,Universitario,E-commerce,Soltero,25,1,10,2877,5.94,12.0,68,8.2,5.2,6.1,6.1,8.9,6.8,6.88,6.6,34,6.0,7.0,8.6,2,1,4.6,5.3,29,23.3,55,58,30.9,11.1,16.5,13.2,13.1,9.0,3.0,3.2
SUJ-1160,Tecnología,Bucaramanga,Posgrado,Empresa propia,Casado,27,10,14,2083,8.59,18.4,90,7.8,7.6,8.3,6.3,9.0,8.0,7.83,9.3,16,5.2,8.4,6.6,0,3,5.4,1.0,4,25.4,55,73,21.8,12.1,21.1,21.9,14.5,5.3,1.4,1.9
SUJ-1161,Servicios,Medellín,Maestría,Franquicia,Unión libre,18,6,3,6364,1.0,28.7,68,7.3,6.2,7.2,2.7,7.1,7.6,6.35,3.8,31,5.1,6.9,6.9,4,2,4.2,0.4,4,17.3,60,55,29.9,23.3,9.7,18.1,10.9,4.8,1.6,1.7
SUJ-1162,Tecnología,Barranquilla,Maestría,Empresa propia,Soltero,20,9,16,3171,1.1,25.5,95,8.3,8.5,9.1,7.9,9.5,8.3,8.6,4.2,22,3.6,9.7,7.5,1,4,3.4,2.2,33,24.9,47,54,41.4,16.4,17.4,8.9,8.7,5.9,0.0,1.3
SUJ-1163,Finanzas,Caracas,Posgrado,Franquicia,Soltero,35,9,10,4156,4.15,35.3,73,9.1,3.6,7.9,6.9,9.6,8.2,7.55,6.9,23,6.5,8.2,5.3,0,1,6.4,1.0,6,28.8,54,58,28.3,13.8,18.8,18.6,9.9,9.4,0.0,1.2
SUJ-1164,Inmuebles,CDMX,Bachillerato,Empresa propia,Unión libre,22,7,17,22759,55.41,57.8,61,5.8,4.9,9.2,5.8,5.6,5.4,6.12,6.5,15,8.8,6.9,7.6,1,2,4.9,0.4,8,41.7,60,64,28.5,16.6,20.1,8.0,15.5,8.5,0.0,2.8
SUJ-1165,Tecnología,CDMX,Universitario,Startup escalada,Soltero,24,5,10,1353,10.09,96.2,47,3.5,5.8,5.9,6.3,6.4,8.2,6.02,9.1,29,6.6,7.6,7.6,6,2,4.9,1.7,245,46.9,55,70,30.2,14.8,23.5,10.1,8.8,6.6,5.0,1.0
SUJ-1166,Inmuebles,Caracas,Técnico,Empresa propia,Soltero,27,11,17,3934,1.92,32.0,88,8.0,7.9,6.9,7.8,7.7,10.0,8.05,6.7,18,5.2,6.9,6.1,1,1,4.6,2.3,268,25.6,33,57,24.3,22.6,14.2,13.5,14.2,6.8,3.3,1.1
SUJ-1167,Servicios,Cali,Universitario,Empresa propia,Soltero,19,1,9,2377,1.0,9.6,85,7.1,7.2,10.0,6.9,7.6,7.1,7.65,7.7,17,4.9,8.4,10.0,1,2,4.6,1.1,19,19.6,45,59,21.7,17.9,21.9,17.0,10.3,6.5,1.6,3.1
SUJ-1168,Retail/Comercio,Bucaramanga,Posgrado,Startup escalada,Unión libre,34,12,18,6373,1.0,28.8,83,8.4,6.3,10.0,5.2,7.3,7.9,7.52,8.7,21,6.0,8.9,4.9,1,1,5.5,0.3,6,24.7,46,58,28.6,19.7,12.7,11.6,14.6,8.7,3.1,1.0
SUJ-1169,Tecnología,Bogotá,Bachillerato,Holding,Unión libre,26,2,6,10664,2.56,34.0,90,9.6,7.3,9.0,6.8,9.0,8.1,8.3,8.8,29,7.4,9.2,6.7,1,2,5.5,4.4,189,28.9,33,73,30.4,14.0,18.0,11.6,9.7,8.6,5.2,2.5
SUJ-1170,Finanzas,Buenos Aires,Universitario,Empresa propia,Casado,24,5,15,13585,6.85,42.2,97,10.0,8.0,9.9,7.0,9.1,8.7,8.78,5.7,10,6.8,7.9,10.0,3,0,5.3,2.1,13,30.4,24,56,17.7,20.4,19.1,14.6,11.8,7.3,9.1,-0.0
SUJ-1171,Manufactura,Buenos Aires,Técnico,Empresa propia,Soltero,32,12,18,5793,10.79,47.2,43,2.7,3.0,4.1,4.1,4.6,5.9,4.07,8.0,26,6.6,7.5,5.4,0,1,5.5,1.2,84,40.8,63,80,37.1,18.4,16.2,13.0,3.4,7.0,3.7,1.2
SUJ-1172,Salud/Farma,Buenos Aires,Posgrado,Holding,Soltero,31,15,17,15443,8.54,29.6,48,6.5,4.9,6.9,2.5,5.2,5.9,5.32,4.8,8,3.5,10.0,9.0,2,2,5.6,0.9,18,33.2,79,66,24.7,13.4,21.9,11.5,19.8,6.0,2.7,-0.0
SUJ-1173,Manufactura,São Paulo,Universitario,Franquicia,Soltero,37,7,14,12299,1.0,4.9,69,7.4,6.1,5.8,6.2,7.7,6.3,6.58,8.7,17,9.2,8.5,6.9,3,2,5.1,2.7,90,20.2,46,65,24.5,11.9,17.3,21.1,9.0,13.3,0.6,2.3
SUJ-1174,Finanzas,Bogotá,Universitario,Startup escalada,Unión libre,23,2,8,1366,4.07,53.8,86,9.5,6.7,7.3,5.8,8.4,7.8,7.58,6.8,16,5.6,8.3,9.1,0,3,5.2,4.6,9,29.9,35,59,33.6,21.4,11.8,11.9,14.6,2.8,1.8,2.1
SUJ-1175,Manufactura,Bucaramanga,Universitario,Franquicia,Unión libre,39,10,16,2252,5.27,4.0,76,8.9,6.0,8.5,6.4,7.5,8.4,7.62,8.2,30,10.0,7.3,7.5,2,0,5.3,4.4,13,27.4,41,56,33.3,28.1,5.1,5.1,11.7,10.4,5.2,1.1
SUJ-1176,Retail/Comercio,Buenos Aires,Doctorado,Empresa propia,Soltero,29,7,13,8911,5.44,4.0,76,7.1,4.9,8.9,5.3,10.0,6.4,7.1,6.9,26,7.4,7.2,8.7,1,4,4.7,4.9,14,24.6,41,57,30.2,18.7,11.8,23.2,9.3,6.8,0.0,-0.0
SUJ-1177,Inmuebles,Santiago,Universitario,Franquicia,Casado,36,3,9,29445,2.3,42.4,66,5.9,7.3,5.5,5.1,7.1,7.2,6.35,6.9,31,1.6,6.7,7.5,4,2,4.0,3.8,12,26.2,44,66,22.9,17.5,13.0,19.1,14.3,8.7,2.5,2.0
SUJ-1178,Tecnología,Bogotá,Posgrado,Holding,Soltero,31,8,19,3774,5.79,41.7,61,7.1,6.1,5.8,3.8,4.9,5.4,5.52,7.9,31,2.7,8.5,7.7,1,2,5.3,4.0,2,26.1,70,56,27.3,21.0,18.0,11.3,11.7,6.6,2.9,1.2
SUJ-1179,Inmuebles,Bogotá,Maestría,Startup escalada,Soltero,22,2,5,2088,2.42,53.7,71,8.5,6.5,6.6,4.5,9.0,8.0,7.18,7.8,44,7.2,8.5,7.5,3,2,3.7,0.9,18,27.1,47,46,35.5,25.4,10.9,6.5,4.2,8.9,5.4,3.2
SUJ-1180,Retail/Comercio,Barranquilla,Posgrado,Empresa propia,Casado,20,7,6,16268,2.77,13.6,69,5.7,6.7,8.5,6.1,7.4,6.5,6.82,6.4,6,4.2,6.4,7.9,1,0,5.3,2.4,21,24.6,37,52,22.4,20.8,17.9,10.7,13.9,7.3,3.4,3.6
SUJ-1181,Salud/Farma,Barranquilla,Doctorado,E-commerce,Soltero,17,3,9,1781,1.04,43.9,66,7.0,2.2,6.2,6.5,6.7,6.8,5.9,5.3,16,5.2,10.0,7.2,1,2,5.7,3.8,10,27.4,45,62,23.7,22.6,19.2,5.1,13.9,8.8,4.4,2.3
SUJ-1182,Finanzas,Medellín,Universitario,Empresa propia,Soltero,17,1,10,9562,5.5,71.1,81,7.6,9.1,7.4,6.2,7.8,7.5,7.6,6.6,8,5.2,8.1,7.8,0,0,5.6,3.0,3,29.1,36,54,24.0,21.0,11.2,10.6,12.6,12.7,4.9,3.0
SUJ-1183,Manufactura,Santiago,Universitario,Franquicia,Soltero,22,1,2,500,3.71,27.0,72,6.9,2.8,9.1,7.3,8.7,8.8,7.27,7.7,27,0.0,9.1,6.0,0,1,5.5,3.1,41,33.7,50,55,26.1,21.8,14.9,8.9,10.4,8.8,4.5,4.6
SUJ-1184,Agroindustria,Santiago,Técnico,Startup escalada,Casado,33,4,11,500,1.0,15.1,78,7.4,7.8,5.7,7.4,9.0,8.8,7.68,9.3,25,6.6,5.6,5.6,0,1,5.1,3.9,3,22.6,41,69,23.2,22.8,19.9,11.0,9.8,7.6,2.3,3.4
SUJ-1185,Tecnología,Medellín,Posgrado,Empresa propia,Unión libre,23,9,10,4805,1.94,44.0,71,8.1,6.3,6.3,5.9,7.4,7.5,6.92,7.0,15,6.8,6.7,6.0,1,0,5.8,5.2,107,30.7,59,67,33.8,10.1,11.1,19.2,12.1,5.9,5.3,2.5
SUJ-1186,Agroindustria,Santiago,Universitario,Empresa familiar,Unión libre,21,11,20,8549,1.72,11.8,82,8.9,5.6,4.4,5.0,9.2,9.1,7.03,6.0,26,10.0,7.9,9.5,2,2,5.0,1.9,3,21.5,40,63,25.7,15.8,13.7,28.9,5.2,6.3,1.6,2.8
SUJ-1187,Manufactura,Monterrey,Técnico,Holding,Casado,30,12,18,1229,4.15,4.0,57,5.2,5.3,2.9,5.0,7.1,6.5,5.33,5.5,34,5.3,7.6,7.5,4,2,4.1,4.4,4,19.6,55,51,30.3,17.7,16.8,8.0,13.2,11.5,2.4,0.1
SUJ-1188,Tecnología,Lima,Posgrado,Empresa familiar,Casado,20,1,4,11547,3.37,61.4,53,4.3,5.5,4.9,4.9,6.9,5.0,5.25,7.6,6,5.8,6.4,6.4,0,1,5.4,4.4,60,32.1,68,66,27.5,17.5,18.3,12.7,9.0,13.4,0.4,1.2
SUJ-1189,Finanzas,Buenos Aires,Posgrado,Startup escalada,Soltero,37,6,6,1102,1.96,56.6,68,8.4,5.3,4.5,6.1,6.7,5.9,6.15,6.8,22,5.4,5.9,9.2,3,1,3.5,3.9,17,26.2,48,62,29.9,9.5,15.1,17.5,14.6,5.8,5.5,2.1
SUJ-1190,Inmuebles,Barranquilla,Bachillerato,Empresa propia,Unión libre,24,4,18,6103,3.73,28.5,83,9.3,8.6,6.3,5.9,9.9,8.3,8.05,6.5,24,10.0,8.1,6.4,2,6,4.5,0.0,21,28.6,37,85,25.3,18.8,15.2,18.9,15.1,2.9,2.4,1.4
SUJ-1191,Tecnología,Medellín,Posgrado,Empresa propia,Casado,31,6,20,2948,15.11,52.8,67,8.8,3.9,3.9,4.4,6.7,7.2,5.82,9.6,11,6.6,5.8,4.5,0,2,5.7,3.8,7,36.7,48,58,34.7,16.9,18.8,1.8,13.7,9.2,2.0,2.9
SUJ-1192,Manufactura,Medellín,Posgrado,Franquicia,Casado,24,12,14,11162,1.0,18.4,100,10.0,6.8,8.8,5.4,10.0,9.3,8.38,7.9,12,5.0,7.7,7.8,0,4,5.7,2.7,102,23.8,29,48,42.9,13.4,11.0,13.6,7.2,8.4,2.5,1.0
SUJ-1193,Finanzas,Santiago,Universitario,Empresa propia,Casado,26,7,9,13041,1.0,31.1,59,7.9,3.7,7.2,5.0,6.6,4.8,5.87,8.0,20,6.1,4.4,6.8,3,2,4.7,5.9,103,20.7,68,46,29.6,19.0,13.5,12.4,10.7,4.7,6.1,4.0
SUJ-1194,Manufactura,Bogotá,Universitario,E-commerce,Casado,32,10,16,547,1.0,6.5,70,4.4,4.2,7.0,5.4,8.0,7.4,6.07,6.5,25,5.5,9.0,6.0,1,3,4.0,4.1,96,23.2,54,55,24.3,20.0,17.4,12.3,13.2,3.6,6.8,2.4
SUJ-1195,Tecnología,Caracas,Maestría,Franquicia,Soltero,27,15,20,1711,6.18,44.4,48,5.5,4.8,6.7,5.7,7.5,5.8,6.0,7.2,32,5.4,6.2,9.2,1,3,5.8,1.5,17,31.5,50,58,26.0,30.9,18.2,7.1,5.6,3.1,5.0,4.1
SUJ-1196,Servicios,CDMX,Posgrado,Empresa familiar,Soltero,34,1,6,17852,12.82,16.6,92,8.4,9.7,6.9,5.7,10.0,10.0,8.45,7.5,26,4.6,7.3,9.2,5,4,5.2,3.1,81,32.5,16,58,15.9,26.0,11.8,21.1,11.5,6.4,4.1,3.2
SUJ-1197,Salud/Farma,São Paulo,Universitario,Franquicia,Casado,21,5,12,4297,1.42,42.9,71,9.7,7.3,9.6,5.6,9.1,7.0,8.05,6.5,29,7.9,7.0,7.6,1,1,4.1,0.7,6,22.2,43,61,19.9,12.2,4.7,22.4,25.0,11.6,1.9,2.3
SUJ-1198,Salud/Farma,Cali,Universitario,Startup escalada,Unión libre,18,9,22,5181,12.53,36.1,41,3.7,3.7,4.7,2.2,5.7,3.3,3.88,8.5,32,5.1,8.1,4.7,0,1,6.2,3.5,40,33.9,76,67,31.3,25.6,16.6,9.4,3.5,8.3,4.5,0.8
SUJ-1199,Inmuebles,Cali,Posgrado,Empresa familiar,Casado,17,8,19,1471,7.73,53.3,68,5.7,7.8,5.2,7.5,9.9,7.1,7.2,6.4,38,5.4,5.5,6.8,3,1,5.5,5.0,16,34.7,43,51,18.2,17.8,14.4,13.9,16.8,11.4,6.4,1.1
SUJ-1200,Tecnología,Medellín,Doctorado,Startup escalada,Soltero,33,11,16,42219,96.71,62.1,40,4.6,5.3,4.7,3.1,5.9,4.8,4.73,9.0,23,6.1,6.9,8.3,2,2,5.3,4.3,19,47.7,73,67,21.8,21.8,16.3,16.0,14.0,7.1,0.9,2.1
SUJ-1201,Inmuebles,Buenos Aires,Posgrado,Empresa propia,Soltero,31,5,14,20516,1.0,9.5,89,8.1,6.6,9.0,5.0,8.0,7.9,7.43,8.4,4,6.3,7.2,8.1,3,5,5.0,3.1,35,16.3,33,65,39.0,17.0,10.2,14.7,5.8,6.1,3.8,3.4
SUJ-1202,Tecnología,Monterrey,Bachillerato,E-commerce,Casado,24,7,7,500,3.86,31.6,60,6.1,5.0,7.4,5.0,6.1,5.7,5.88,8.1,37,8.9,7.9,8.6,1,1,5.2,2.9,29,31.5,64,59,27.0,20.1,10.3,10.9,17.4,3.3,6.7,4.3
SUJ-1203,Tecnología,Buenos Aires,Universitario,Empresa propia,Casado,27,4,10,6401,3.73,37.6,73,8.7,6.7,9.1,6.0,7.4,8.5,7.73,7.4,44,5.4,10.0,7.2,3,3,5.0,4.2,36,32.6,35,47,22.6,15.4,17.1,17.7,11.0,12.7,1.8,1.7
SUJ-1204,Finanzas,Medellín,Maestría,Franquicia,Casado,32,11,16,16462,5.93,43.2,62,8.5,4.5,6.6,4.2,6.9,6.1,6.13,7.1,21,6.1,7.3,6.5,0,2,6.1,0.7,3,26.4,56,61,25.6,18.4,15.9,18.0,10.2,7.2,2.7,2.0
SUJ-1205,Retail/Comercio,Buenos Aires,Técnico,Empresa propia,Soltero,24,7,16,4504,1.27,17.5,70,8.4,4.8,7.0,5.5,7.2,7.0,6.65,8.8,41,4.6,8.0,8.1,1,2,5.8,0.3,10,16.6,49,62,29.8,12.0,19.6,18.4,5.7,7.7,4.3,2.5
SUJ-1206,Inmuebles,Barranquilla,Doctorado,Startup escalada,Unión libre,17,12,20,4593,11.54,41.4,83,10.0,8.0,8.5,5.1,7.5,6.9,7.67,6.7,29,6.4,6.5,8.0,1,1,6.0,1.3,17,30.7,45,56,30.3,17.1,20.3,7.5,17.7,4.4,1.1,1.6
SUJ-1207,Manufactura,Buenos Aires,Doctorado,Franquicia,Casado,17,12,19,3815,3.23,41.3,67,8.6,7.2,8.6,4.6,7.6,7.0,7.27,3.8,28,6.4,10.0,7.4,2,0,6.5,4.9,7,27.5,46,48,29.8,12.0,12.4,15.3,18.4,7.4,1.7,3.0
SUJ-1208,Retail/Comercio,Santiago,Bachillerato,E-commerce,Casado,19,2,10,500,5.41,11.5,80,7.4,5.5,6.8,5.5,6.4,7.1,6.45,6.9,24,5.6,6.2,10.0,2,2,6.7,5.2,10,19.3,51,55,29.3,22.2,18.1,11.2,11.4,5.6,1.5,0.7
SUJ-1209,Finanzas,Santiago,Doctorado,Empresa familiar,Soltero,26,13,17,12495,1.12,25.1,40,4.7,4.5,3.6,7.1,7.3,3.7,5.15,6.7,7,5.2,8.3,7.4,0,4,6.3,0.0,2,18.2,66,57,24.3,19.8,23.6,18.0,5.9,4.6,3.7,0.1
SUJ-1210,Salud/Farma,Monterrey,Universitario,Empresa propia,Soltero,20,10,19,4882,12.39,49.7,55,7.2,5.5,5.8,6.0,6.6,4.2,5.88,6.3,23,0.7,9.4,6.1,4,0,4.9,0.8,7,33.8,67,58,34.2,24.0,9.8,8.3,9.7,5.7,7.0,1.3
SUJ-1211,Retail/Comercio,Barranquilla,Maestría,E-commerce,Unión libre,32,6,14,6058,2.36,31.6,73,6.1,4.9,8.8,5.7,10.0,8.0,7.25,8.8,39,3.6,6.8,5.1,2,2,6.6,6.4,3,22.0,53,56,28.3,17.0,18.7,11.0,17.7,5.7,1.4,0.2
SUJ-1212,Retail/Comercio,CDMX,Universitario,Startup escalada,Soltero,18,10,15,2362,1.96,20.9,63,6.3,6.0,5.8,4.9,6.3,5.8,5.85,5.1,29,4.0,6.3,6.9,2,3,4.8,2.1,180,26.9,60,54,33.0,15.8,17.3,12.4,12.1,7.4,1.4,0.6
SUJ-1213,Tecnología,Bogotá,Universitario,Empresa propia,Soltero,21,5,11,12264,6.62,74.5,88,9.6,8.0,9.4,8.3,9.4,7.5,8.7,6.9,21,7.9,8.2,4.7,2,1,4.8,1.1,22,37.9,35,56,36.3,16.7,13.4,17.9,8.8,1.1,5.1,0.7
SUJ-1214,Inmuebles,Caracas,Posgrado,E-commerce,Soltero,17,12,21,12629,56.39,49.1,84,10.0,7.8,8.7,8.0,10.0,8.0,8.75,7.2,7,4.9,8.8,8.6,1,3,5.5,0.8,57,40.6,12,66,25.0,18.8,18.7,21.3,3.8,6.0,2.7,3.7
SUJ-1215,Manufactura,Barranquilla,Maestría,Empresa propia,Casado,23,7,16,6440,4.04,16.5,91,9.1,7.2,8.0,6.5,10.0,9.7,8.42,6.4,32,9.4,6.3,6.1,0,1,5.2,3.6,50,26.1,32,48,34.8,11.8,18.9,12.0,7.9,7.4,7.2,0.0
SUJ-1216,Finanzas,Bucaramanga,Bachillerato,Startup escalada,Soltero,26,10,15,18799,23.26,60.3,74,8.1,6.8,6.5,8.8,8.9,7.9,7.83,8.7,23,6.1,8.2,8.3,3,1,5.9,3.7,7,42.0,42,56,28.2,18.5,12.7,11.8,15.5,6.4,4.3,2.6
SUJ-1217,Tecnología,Lima,Posgrado,Empresa propia,Soltero,32,4,7,985,2.86,68.5,62,7.3,5.8,6.9,4.6,5.9,6.6,6.18,9.8,25,7.0,6.0,8.0,1,3,6.8,3.7,3,27.1,54,74,24.2,25.5,19.6,14.6,8.4,7.2,0.5,-0.0
SUJ-1218,Manufactura,Caracas,Universitario,Empresa propia,Unión libre,26,8,12,12357,6.14,36.5,81,6.2,7.0,6.2,5.9,8.9,9.2,7.23,7.5,19,7.0,6.2,10.0,2,0,6.1,3.7,5,27.1,43,55,23.1,24.1,17.4,15.7,4.1,8.4,5.7,1.5
SUJ-1219,Manufactura,Medellín,Universitario,E-commerce,Casado,30,10,15,6542,6.78,42.6,58,6.0,6.4,8.0,5.5,5.7,7.2,6.47,7.9,29,3.4,6.8,7.5,2,2,6.2,3.0,11,32.8,33,66,26.7,18.6,15.0,11.8,18.4,4.9,4.7,-0.1
SUJ-1220,Finanzas,Caracas,Universitario,Empresa propia,Soltero,32,8,14,2101,1.0,34.8,68,6.0,4.7,9.0,5.6,8.8,7.1,6.87,8.4,33,6.8,7.4,10.0,1,4,4.1,0.0,29,25.2,64,54,25.1,21.5,17.8,8.4,13.1,6.4,4.1,3.6
SUJ-1221,Agroindustria,Bucaramanga,Universitario,Empresa propia,Soltero,28,9,19,1135,3.22,19.7,78,8.9,5.5,7.4,5.4,9.2,8.3,7.45,7.7,25,2.9,3.6,5.4,2,3,5.0,2.9,21,22.1,49,73,25.5,26.6,14.4,14.3,6.0,10.9,0.1,2.2
SUJ-1222,Tecnología,Monterrey,Universitario,Franquicia,Unión libre,20,4,8,2864,3.02,75.4,63,6.2,4.2,9.3,4.7,8.5,7.4,6.72,10.0,36,8.2,7.3,6.6,2,2,4.8,2.1,14,27.4,36,60,36.2,19.6,15.1,10.1,9.5,2.9,5.6,1.0
SUJ-1223,Retail/Comercio,Bucaramanga,Técnico,Empresa propia,Soltero,28,8,15,15521,1.34,22.9,105,10.0,9.8,10.0,7.0,10.0,10.0,9.47,6.8,32,4.5,8.3,7.3,1,1,5.1,2.0,8,24.6,16,58,21.8,22.0,18.5,11.5,17.9,3.3,3.0,2.0
SUJ-1224,Agroindustria,Santiago,Técnico,E-commerce,Casado,34,4,9,12395,1.52,10.3,82,8.7,6.9,7.2,6.4,9.3,9.0,7.92,8.0,26,7.5,8.4,9.2,1,1,6.4,0.9,26,24.0,39,67,25.3,10.4,16.8,23.6,6.7,7.4,7.7,2.1
SUJ-1225,Retail/Comercio,Buenos Aires,Bachillerato,E-commerce,Soltero,24,7,13,8288,1.26,30.0,60,6.2,4.6,5.8,4.7,5.7,5.5,5.42,6.9,19,4.6,9.6,10.0,0,1,4.8,2.2,27,21.9,63,70,25.1,13.7,13.4,21.6,13.9,7.0,2.3,3.0
SUJ-1226,Manufactura,Bogotá,Universitario,E-commerce,Unión libre,29,5,12,757,2.31,4.0,85,7.8,8.8,7.9,7.1,8.9,7.9,8.07,9.3,18,6.6,5.3,4.1,2,3,5.5,4.5,2,15.7,48,73,42.2,8.1,14.7,13.7,9.7,6.2,4.3,1.1
SUJ-1227,Finanzas,Cali,Doctorado,Holding,Casado,29,6,16,24778,26.53,52.7,94,8.7,7.4,8.1,7.4,10.0,9.7,8.55,6.1,4,4.7,7.3,10.0,1,0,6.8,0.0,111,48.5,37,57,25.5,20.4,17.4,16.3,7.5,9.2,2.9,0.8
SUJ-1228,Finanzas,Medellín,Técnico,Empresa propia,Casado,23,1,8,2915,6.32,24.8,52,7.9,2.0,4.5,3.2,5.5,6.0,4.85,6.1,12,8.3,10.0,8.5,3,3,5.8,2.4,27,32.5,77,56,33.4,16.0,14.1,11.2,12.7,9.8,2.8,-0.0
SUJ-1229,Salud/Farma,Caracas,Doctorado,Empresa propia,Soltero,31,7,4,7471,3.88,44.4,90,6.5,6.6,10.0,6.2,8.4,10.0,7.95,7.4,21,6.0,8.3,7.8,2,0,5.5,1.8,8,28.5,37,71,42.5,20.0,19.0,2.9,8.6,4.1,1.1,1.8
SUJ-1230,Retail/Comercio,Cali,Maestría,Startup escalada,Unión libre,23,6,11,13000,2.01,5.7,55,6.0,5.1,5.6,6.0,7.6,7.8,6.35,9.6,25,7.1,7.5,7.4,2,2,5.0,4.1,13,21.8,56,60,35.3,11.7,14.2,15.5,5.2,13.3,4.0,0.8
SUJ-1231,Servicios,Buenos Aires,Posgrado,Startup escalada,Soltero,28,1,12,1140,9.56,34.0,72,7.7,6.7,4.6,5.5,8.2,8.3,6.83,9.7,23,4.9,8.1,6.1,2,2,5.6,2.5,1,27.4,34,70,28.6,17.9,9.8,14.6,15.0,11.4,2.6,0.1
SUJ-1232,Finanzas,Santiago,Posgrado,Empresa propia,Unión libre,24,8,18,8448,5.24,37.9,75,5.1,5.5,10.0,4.6,9.6,5.0,6.63,4.9,31,5.3,8.2,6.9,1,2,5.2,0.3,18,29.0,57,47,22.9,18.1,20.0,8.3,10.4,10.0,8.5,1.8
SUJ-1233,Tecnología,Santiago,Maestría,Franquicia,Soltero,26,10,19,500,2.17,37.6,63,8.3,5.0,7.4,4.7,7.1,7.5,6.67,8.9,25,6.0,10.0,6.9,1,2,4.8,1.7,7,27.1,58,55,21.5,17.4,12.5,21.7,14.5,9.3,0.6,2.5
SUJ-1234,Tecnología,Buenos Aires,Técnico,E-commerce,Casado,31,8,18,858,7.6,52.8,63,7.1,4.9,3.9,5.1,7.6,6.5,5.85,7.6,15,6.4,6.2,5.9,0,0,4.1,0.2,48,35.5,55,59,25.1,13.4,13.1,21.4,15.2,2.7,7.0,2.1
SUJ-1235,Manufactura,Medellín,Posgrado,E-commerce,Soltero,17,10,19,10274,1.91,29.0,61,7.4,6.3,4.3,7.8,7.0,5.3,6.35,6.6,15,3.4,6.5,8.7,4,2,3.8,3.1,3,20.8,54,61,15.5,13.6,20.0,24.0,9.0,9.7,4.4,3.8
SUJ-1236,Finanzas,Cali,Posgrado,Holding,Casado,29,5,15,1348,1.07,49.4,65,7.7,7.5,4.3,4.7,7.8,6.1,6.35,9.5,27,8.6,7.8,6.8,1,4,5.5,2.6,10,20.9,45,67,32.9,19.7,13.8,7.8,11.3,8.5,5.0,1.0
SUJ-1237,Servicios,Barranquilla,Posgrado,Empresa propia,Soltero,30,6,8,4688,4.61,26.9,59,7.6,4.3,6.4,4.4,9.2,4.8,6.12,8.5,11,6.9,8.0,8.2,2,2,5.2,2.3,5,25.1,58,68,33.4,19.1,20.2,9.1,5.7,9.1,1.6,1.8
SUJ-1238,Retail/Comercio,Santiago,Maestría,Holding,Soltero,22,7,13,2283,6.29,38.1,87,9.7,9.1,9.0,6.9,10.0,9.7,9.07,8.5,19,2.9,9.9,8.6,1,2,5.2,2.3,1,29.1,44,57,12.0,24.9,15.6,15.2,18.7,8.6,4.4,0.6
SUJ-1239,Salud/Farma,Cali,Bachillerato,Empresa propia,Soltero,25,7,14,4374,1.0,4.0,52,6.7,5.0,6.1,5.2,7.6,6.3,6.15,8.0,27,5.1,6.5,8.7,1,2,6.5,4.0,133,23.5,44,59,30.4,12.6,16.4,16.2,9.8,9.4,4.3,0.9
SUJ-1240,Tecnología,CDMX,Posgrado,Franquicia,Soltero,20,1,7,642,4.35,54.3,97,10.0,7.7,8.4,9.9,9.1,7.1,8.7,6.8,13,0.7,5.7,7.5,2,1,7.1,4.8,21,30.6,26,50,26.1,19.8,10.3,6.7,15.3,15.2,4.3,2.3
SUJ-1241,Servicios,Caracas,Posgrado,Startup escalada,Soltero,21,3,7,11248,1.67,4.0,70,8.4,5.7,6.2,5.2,7.6,7.3,6.73,7.7,17,3.8,5.6,6.9,0,1,5.5,0.0,16,17.5,53,64,23.0,17.8,15.9,8.0,8.9,12.5,12.0,1.9
SUJ-1242,Inmuebles,Cali,Universitario,Franquicia,Soltero,27,11,18,658,3.66,13.9,44,8.5,3.0,5.3,3.6,5.8,3.5,4.95,7.9,22,8.3,5.6,9.1,2,3,5.2,0.4,1,20.7,52,66,21.6,20.7,15.5,17.9,12.6,4.9,5.4,1.4
SUJ-1243,Inmuebles,CDMX,Universitario,Empresa propia,Unión libre,41,4,4,14557,1.0,16.3,83,7.2,5.9,7.2,4.9,8.6,9.3,7.18,5.8,24,6.4,5.9,8.8,3,2,6.1,3.6,8,12.8,51,56,30.7,17.1,23.5,8.6,4.7,7.8,4.0,3.6
SUJ-1244,Servicios,CDMX,Posgrado,Empresa familiar,Soltero,29,6,14,8692,10.85,4.0,67,7.8,4.5,6.9,3.7,8.5,5.5,6.15,8.4,26,3.5,9.1,7.0,2,2,6.1,2.0,20,31.0,48,63,36.9,13.4,10.2,19.8,7.4,7.1,3.2,2.0
SUJ-1245,Inmuebles,Santiago,Maestría,Startup escalada,Casado,20,7,11,4310,6.48,31.5,56,7.3,3.6,7.1,4.7,7.5,3.2,5.57,9.4,23,6.9,8.0,5.0,0,3,5.8,4.3,27,31.2,52,58,17.9,16.1,19.2,16.6,13.3,12.8,4.2,-0.1
SUJ-1246,Manufactura,Medellín,Universitario,Startup escalada,Soltero,30,2,2,16108,1.58,4.0,68,5.2,6.4,6.0,4.3,6.3,7.4,5.93,9.5,21,4.5,9.0,4.2,1,1,4.3,5.7,28,28.1,68,69,41.4,16.1,11.7,7.6,8.9,7.7,4.8,1.8
SUJ-1247,Tecnología,Monterrey,Maestría,Franquicia,Casado,29,13,19,1647,16.63,58.1,62,9.2,8.2,8.4,3.0,7.1,7.3,7.2,6.1,19,2.9,6.7,10.0,1,1,5.2,3.9,21,41.3,51,66,31.4,26.2,14.9,8.3,8.2,6.6,2.5,1.9
SUJ-1248,Tecnología,Santiago,Universitario,Empresa propia,Soltero,17,7,18,2458,57.69,73.7,90,10.0,6.5,6.6,5.9,8.1,9.8,7.82,7.0,33,7.2,8.9,7.9,0,2,5.2,1.6,4,41.1,48,63,33.5,12.4,20.7,10.8,12.6,5.0,2.9,2.1
SUJ-1249,Agroindustria,Caracas,Técnico,Empresa familiar,Unión libre,24,3,2,1179,1.86,41.2,62,7.0,5.1,5.8,3.4,6.2,6.2,5.62,8.6,14,4.3,6.2,5.8,2,4,6.2,5.5,105,27.0,71,78,26.7,17.6,20.4,12.9,13.1,6.2,1.4,1.7
SUJ-1250,Manufactura,Caracas,Bachillerato,E-commerce,Casado,25,9,14,3844,8.82,9.5,54,5.7,6.2,5.9,4.4,7.3,5.8,5.88,7.2,32,4.8,6.8,4.7,0,2,5.5,2.0,44,31.5,52,57,23.5,15.7,22.7,7.8,16.4,6.2,4.2,3.5
SUJ-1251,Inmuebles,Medellín,Bachillerato,Startup escalada,Soltero,26,6,6,34579,11.38,15.1,63,7.9,4.2,4.7,3.5,8.4,7.2,5.98,6.5,22,5.4,8.9,9.6,1,1,5.8,2.8,9,31.1,48,58,26.7,20.6,13.8,11.8,8.5,11.7,4.5,2.4
SUJ-1252,Retail/Comercio,Medellín,Universitario,Empresa propia,Casado,25,7,14,1404,1.0,39.3,59,5.0,3.4,6.4,4.3,4.7,7.5,5.22,9.2,20,7.6,3.6,7.3,0,4,5.3,4.5,8,17.7,69,80,34.0,12.5,13.6,9.0,12.5,12.6,5.1,0.7
SUJ-1253,Tecnología,Bucaramanga,Universitario,Empresa propia,Soltero,26,12,21,14221,110.71,53.2,87,10.0,4.7,8.9,7.3,9.5,8.3,8.12,7.1,24,7.9,9.0,9.5,3,1,6.5,1.3,4,49.6,46,55,24.1,24.9,12.0,15.0,11.7,6.9,3.3,2.1
SUJ-1254,Tecnología,Buenos Aires,Maestría,Empresa familiar,Casado,20,5,8,8441,1.44,51.4,75,8.9,6.5,5.7,5.6,9.5,7.1,7.22,5.3,14,5.6,7.3,7.1,3,1,6.5,4.4,9,20.9,39,58,24.1,13.9,24.7,11.4,8.6,14.5,1.4,1.4
SUJ-1255,Manufactura,Buenos Aires,Maestría,E-commerce,Soltero,24,11,16,500,2.01,6.5,53,5.8,4.0,4.8,4.3,4.6,2.9,4.4,8.6,31,5.5,10.0,10.0,0,3,5.2,4.9,31,25.3,62,72,30.6,2.0,21.2,13.3,15.1,10.4,5.3,2.1
SUJ-1256,Retail/Comercio,Caracas,Bachillerato,Empresa propia,Soltero,24,5,10,23187,1.0,30.1,58,8.0,3.5,5.2,3.2,6.9,6.2,5.5,9.0,28,6.4,6.7,9.4,3,3,6.6,1.8,99,23.5,54,73,15.7,18.1,16.5,18.7,21.9,1.6,4.9,2.6
SUJ-1257,Tecnología,Buenos Aires,Universitario,Empresa propia,Soltero,32,7,17,28348,134.53,64.5,66,5.4,4.9,4.6,6.1,5.4,8.4,5.8,6.9,17,3.7,7.4,5.5,2,1,4.9,2.9,15,50.8,75,61,26.9,24.6,18.9,9.4,2.4,13.1,1.9,2.8
SUJ-1258,Retail/Comercio,Lima,Universitario,E-commerce,Casado,21,8,9,20711,10.78,17.6,47,4.4,5.5,5.7,4.4,6.0,6.1,5.35,8.5,27,6.1,8.2,10.0,3,1,6.0,4.1,112,42.7,63,52,28.9,11.9,13.8,18.6,8.5,13.2,2.4,2.7
SUJ-1259,Tecnología,São Paulo,Posgrado,Empresa propia,Soltero,24,5,9,5573,4.37,58.9,57,6.4,4.6,5.8,4.5,8.3,7.3,6.15,4.9,16,5.7,6.7,5.7,2,2,5.9,3.2,105,38.2,46,60,25.6,17.2,21.3,8.8,12.0,6.0,6.0,3.1
SUJ-1260,Manufactura,Santiago,Técnico,Franquicia,Casado,23,3,14,1991,6.29,27.0,77,8.1,7.6,6.3,6.3,8.9,8.3,7.58,7.3,12,3.6,8.5,8.2,2,4,5.2,1.9,5,22.9,28,61,28.8,22.5,13.0,11.4,11.1,7.6,2.5,3.1
SUJ-1261,Finanzas,Medellín,Técnico,Franquicia,Soltero,35,8,11,3970,10.79,39.0,97,10.0,8.5,8.7,7.1,9.7,9.7,8.95,6.8,25,5.4,8.3,9.0,1,2,5.0,5.0,12,36.7,37,54,25.9,21.2,15.0,10.2,14.7,6.4,3.3,3.3
SUJ-1262,Inmuebles,Bucaramanga,Doctorado,Startup escalada,Soltero,29,11,16,7619,2.0,31.0,47,5.7,4.6,5.3,4.6,7.2,4.1,5.25,9.6,20,8.1,9.9,6.9,0,3,5.4,1.5,21,24.0,60,64,24.4,25.0,14.6,11.5,9.9,8.8,3.6,2.2
SUJ-1263,Finanzas,CDMX,Maestría,Empresa propia,Casado,20,9,16,3809,3.88,33.4,109,10.0,8.7,6.8,9.0,10.0,9.6,9.02,9.3,21,3.7,10.0,5.5,0,2,6.1,3.3,53,32.3,43,57,31.3,3.1,17.2,6.0,20.0,12.2,6.7,3.5
SUJ-1264,Retail/Comercio,Monterrey,Universitario,Empresa familiar,Casado,28,9,23,9852,24.76,40.4,77,6.4,7.4,7.5,5.5,10.0,6.2,7.17,7.0,32,7.7,9.8,5.1,1,3,5.5,2.5,9,42.1,52,50,24.0,18.4,19.1,13.8,11.0,9.7,2.7,1.3
SUJ-1265,Tecnología,Monterrey,Universitario,Empresa propia,Unión libre,19,5,7,12700,2.53,38.0,57,4.0,5.5,5.0,4.1,7.0,6.9,5.42,7.1,29,4.0,7.0,7.1,1,4,6.4,5.6,54,32.5,41,56,33.0,15.3,14.3,16.9,4.3,9.3,3.3,3.6
SUJ-1266,Tecnología,CDMX,Universitario,E-commerce,Casado,27,9,18,1879,2.04,44.0,93,7.4,7.9,6.3,6.3,9.4,10.0,7.88,10.0,30,5.6,7.6,8.8,1,2,4.8,1.9,6,25.6,56,65,20.3,19.2,16.1,16.5,13.6,6.2,8.1,-0.0
SUJ-1267,Finanzas,Cali,Maestría,Empresa propia,Casado,34,8,10,4152,1.0,60.7,78,6.3,4.0,8.6,5.2,9.0,9.2,7.05,9.6,13,6.9,7.2,8.4,2,2,6.3,1.8,10,20.1,45,76,30.0,10.8,23.9,9.4,16.5,2.1,3.3,4.0
SUJ-1268,Retail/Comercio,Cali,Posgrado,Holding,Casado,17,10,12,25312,1.0,21.1,84,8.4,6.6,7.0,5.3,9.6,7.0,7.32,5.9,21,4.1,7.9,7.9,2,0,3.5,1.0,14,21.0,35,66,40.1,9.3,10.5,17.9,7.3,8.9,3.7,2.3
SUJ-1269,Manufactura,Buenos Aires,Técnico,Empresa familiar,Soltero,19,7,11,2299,2.61,11.7,83,8.2,4.9,10.0,6.3,10.0,7.8,7.87,7.2,29,5.2,7.5,7.6,0,1,5.4,0.3,1,15.2,46,57,34.2,25.8,10.3,13.9,4.7,7.6,0.8,2.7
SUJ-1270,Finanzas,Santiago,Maestría,Startup escalada,Soltero,26,9,17,3402,12.61,50.7,87,9.3,5.8,8.4,6.2,10.0,6.7,7.73,8.4,33,7.4,8.2,7.7,1,1,5.4,2.1,17,31.0,34,73,16.0,16.1,19.2,12.0,14.6,11.4,8.9,1.8
SUJ-1271,Manufactura,Lima,Universitario,E-commerce,Soltero,23,5,9,500,1.0,49.9,55,6.5,6.3,5.9,4.5,7.7,4.6,5.92,8.1,22,6.9,8.9,5.7,3,2,4.2,3.6,15,23.7,44,58,28.9,11.7,23.2,12.1,12.2,7.6,2.2,2.1
SUJ-1272,Servicios,Bucaramanga,Universitario,E-commerce,Soltero,27,9,15,3232,2.52,38.4,83,8.7,6.7,8.8,6.9,9.0,6.8,7.82,8.9,10,7.4,10.0,10.0,0,4,6.3,2.6,15,28.8,36,66,23.8,24.7,12.9,10.1,12.2,9.2,5.4,1.7
SUJ-1273,Inmuebles,Monterrey,Universitario,Startup escalada,Soltero,25,2,5,3708,3.51,40.2,73,5.7,8.4,9.8,6.1,7.7,9.1,7.8,6.7,28,7.2,5.6,8.9,2,1,4.9,1.7,58,32.9,49,57,26.9,20.5,12.4,17.1,7.5,7.6,5.1,2.9
SUJ-1274,Tecnología,São Paulo,Universitario,Empresa familiar,Unión libre,17,5,11,841,2.28,66.3,80,7.8,7.6,7.0,7.9,8.8,7.5,7.77,8.4,29,7.4,9.2,9.1,0,1,5.5,3.9,8,37.3,35,61,19.2,17.2,9.4,19.4,17.3,9.1,5.7,2.7
SUJ-1275,Retail/Comercio,Caracas,Universitario,Empresa familiar,Soltero,29,4,5,500,7.29,35.6,63,6.3,4.6,8.2,5.2,8.3,5.0,6.27,7.7,22,6.7,10.0,6.7,2,3,4.3,4.2,16,35.6,45,61,25.5,20.0,12.4,15.7,8.4,13.6,3.4,1.0
SUJ-1276,Tecnología,Buenos Aires,Universitario,Franquicia,Casado,17,20,22,6852,115.37,55.6,64,8.8,5.0,6.1,4.8,8.0,5.7,6.4,9.1,27,6.0,7.3,7.4,1,2,5.3,4.4,3,43.9,66,64,32.4,17.3,16.6,10.7,14.0,4.5,1.7,2.8
SUJ-1277,Finanzas,Bogotá,Universitario,Empresa familiar,Casado,27,9,13,2870,1.46,60.9,64,7.2,6.4,6.2,5.3,6.7,7.9,6.62,6.6,9,10.0,5.7,7.0,1,0,4.5,2.6,5,19.7,64,51,25.6,12.8,17.6,20.2,10.7,8.2,2.7,2.2
SUJ-1278,Salud/Farma,Buenos Aires,Bachillerato,Empresa propia,Soltero,23,3,11,500,1.46,31.6,82,10.0,7.5,7.8,7.2,7.8,8.3,8.1,6.3,31,9.2,6.7,7.8,1,2,6.1,3.1,18,23.4,43,59,28.1,19.9,12.7,15.0,11.8,6.6,5.0,0.9
SUJ-1279,Tecnología,Caracas,Maestría,Empresa propia,Soltero,40,2,9,15725,3.1,51.7,71,6.2,7.3,6.8,8.3,8.8,6.0,7.23,8.2,27,10.0,7.8,9.4,0,1,5.2,2.2,41,31.3,44,54,21.8,27.3,23.8,6.1,9.9,2.0,7.8,1.3
SUJ-1280,Retail/Comercio,Bogotá,Técnico,Empresa propia,Casado,25,1,4,7024,1.0,31.0,65,6.5,2.8,6.2,5.7,9.4,8.3,6.48,8.0,15,5.8,7.1,8.4,1,0,4.7,4.8,733,28.8,42,64,34.0,11.2,17.7,11.4,12.7,10.4,2.5,0.1
SUJ-1281,Manufactura,Barranquilla,Bachillerato,Empresa propia,Casado,28,2,4,1501,1.0,29.4,68,8.2,3.8,4.8,5.7,7.7,7.5,6.28,7.1,36,5.8,6.3,4.7,3,2,6.0,2.6,59,21.9,55,60,22.7,31.8,12.0,11.4,10.7,6.7,4.2,0.5
SUJ-1282,Inmuebles,Medellín,Posgrado,Startup escalada,Unión libre,29,3,13,16034,5.77,36.0,89,8.4,6.5,8.4,8.1,10.0,7.8,8.2,7.7,7,2.9,9.2,8.9,2,2,5.3,2.1,38,39.1,35,55,23.6,20.6,14.3,17.7,12.8,3.5,4.1,3.4
SUJ-1283,Retail/Comercio,São Paulo,Maestría,Startup escalada,Soltero,28,3,14,2339,1.0,33.5,79,8.4,7.5,7.3,5.5,7.4,7.8,7.32,7.4,23,2.2,9.7,4.0,4,2,5.6,3.3,18,24.9,42,57,23.7,24.1,15.9,6.3,17.6,5.7,3.8,2.9
SUJ-1284,Tecnología,CDMX,Maestría,Startup escalada,Unión libre,25,5,13,2064,1.9,38.6,78,7.2,7.6,9.2,5.9,9.6,8.9,8.07,8.8,35,5.3,6.8,7.7,3,1,5.7,4.8,83,31.1,49,61,17.7,27.6,14.7,13.7,10.0,9.9,3.5,2.9
SUJ-1285,Finanzas,Medellín,Universitario,Holding,Soltero,20,10,17,18002,19.47,45.2,76,9.5,2.7,7.4,6.3,8.3,6.8,6.83,7.4,42,9.6,7.7,7.1,0,3,5.2,2.6,229,45.4,40,60,25.1,17.0,16.0,13.9,14.4,5.7,6.5,1.4
SUJ-1286,Retail/Comercio,Buenos Aires,Universitario,E-commerce,Casado,25,6,5,1582,2.85,10.7,87,7.0,6.0,5.8,5.6,10.0,9.1,7.25,7.7,12,8.3,8.3,6.5,1,2,4.7,1.2,53,26.9,45,57,21.2,11.7,13.3,22.6,10.9,10.2,7.8,2.3
SUJ-1287,Tecnología,Medellín,Maestría,Holding,Casado,17,9,17,16894,34.84,56.1,58,9.0,5.9,5.6,3.0,9.4,6.5,6.57,6.6,24,5.4,9.0,4.2,1,0,5.4,3.6,9,45.2,54,66,24.2,12.8,14.9,17.7,11.6,9.7,6.4,2.7
SUJ-1288,Finanzas,Bucaramanga,Posgrado,Franquicia,Soltero,28,3,15,12995,8.92,52.9,84,9.5,5.6,8.9,7.3,10.0,7.3,8.1,8.7,21,7.1,9.3,7.3,0,2,5.4,1.1,18,37.5,40,56,24.7,19.9,18.5,13.1,6.6,10.1,5.5,1.6
SUJ-1289,Tecnología,Barranquilla,Universitario,Startup escalada,Soltero,43,5,15,2965,11.39,70.9,73,8.4,6.6,5.1,4.5,7.3,6.3,6.37,7.4,22,3.9,7.8,7.2,1,1,6.6,4.0,50,42.3,44,73,30.4,15.0,16.0,9.2,8.7,12.6,6.3,1.8
SUJ-1290,Tecnología,Lima,Maestría,Holding,Soltero,27,3,13,500,4.15,56.6,60,7.1,5.9,3.4,6.2,5.9,3.6,5.35,10.0,23,7.4,8.8,6.0,0,2,5.8,1.5,39,34.9,59,74,33.0,28.0,9.2,8.4,10.0,10.3,0.0,1.1
SUJ-1291,Finanzas,Barranquilla,Técnico,Holding,Soltero,28,8,8,689,5.2,42.9,72,6.7,5.5,7.9,5.2,6.2,6.8,6.38,6.7,26,6.3,6.2,7.6,1,3,4.0,1.4,2,22.2,40,65,38.2,13.2,7.6,9.4,15.0,8.9,4.7,3.0
SUJ-1292,Tecnología,Caracas,Doctorado,E-commerce,Casado,17,6,10,928,3.19,46.5,69,8.1,6.0,8.3,5.3,7.9,4.8,6.73,7.6,45,9.0,8.2,6.7,0,2,4.1,6.1,6,28.4,61,66,42.7,13.0,22.5,10.3,2.4,5.2,3.9,-0.0
SUJ-1293,Manufactura,Monterrey,Maestría,Startup escalada,Soltero,21,13,18,17716,8.03,33.8,77,7.4,6.3,8.6,3.7,7.6,5.6,6.53,7.6,34,6.3,8.9,8.1,1,1,7.4,5.3,4,32.4,57,57,29.2,14.0,12.6,15.9,16.0,6.4,3.3,2.6
SUJ-1294,Manufactura,Bucaramanga,Posgrado,Empresa propia,Casado,31,4,8,4140,1.0,15.3,84,5.8,7.7,9.5,7.0,7.2,5.7,7.15,7.2,7,0.0,5.9,7.9,1,4,5.5,1.6,2,16.8,43,61,36.2,15.6,16.1,15.6,8.7,2.5,2.8,2.5
SUJ-1295,Inmuebles,São Paulo,Doctorado,Franquicia,Soltero,17,3,5,500,1.0,33.8,57,6.3,4.8,4.6,5.3,8.2,5.6,5.8,9.7,14,5.7,5.3,7.9,1,0,5.3,2.3,13,22.9,46,51,24.5,20.7,20.4,16.8,4.0,3.5,9.6,0.5
SUJ-1296,Tecnología,Medellín,Maestría,Startup escalada,Casado,21,8,15,6505,16.77,65.8,95,8.7,5.4,9.3,7.9,10.0,10.0,8.55,4.5,30,5.7,10.0,9.5,5,3,6.1,2.6,27,44.3,39,55,26.7,14.2,16.7,14.7,13.2,9.7,2.7,2.1
SUJ-1297,Tecnología,São Paulo,Universitario,E-commerce,Casado,29,6,15,1865,14.25,80.7,50,6.1,5.4,6.1,5.3,6.6,4.1,5.6,8.7,11,5.9,6.4,4.5,0,2,5.2,4.6,11,40.6,67,67,27.8,20.1,14.5,12.4,12.7,6.0,5.1,1.4
SUJ-1298,Tecnología,Caracas,Universitario,Startup escalada,Casado,30,9,10,2144,6.7,68.6,62,6.8,5.4,8.0,2.7,6.2,7.8,6.15,7.3,11,1.9,8.9,6.8,2,1,5.1,3.1,12,35.1,38,62,27.5,11.4,14.6,19.2,8.5,10.3,5.1,3.4
SUJ-1299,Manufactura,Lima,Bachillerato,Empresa propia,Casado,25,6,16,1402,2.32,17.4,99,7.9,8.8,10.0,5.8,10.0,10.0,8.75,8.1,18,10.0,6.5,6.2,6,1,4.2,2.2,2,17.8,47,53,30.8,24.2,12.6,6.2,9.6,7.7,4.7,4.2
SUJ-1300,Inmuebles,Medellín,Universitario,Empresa propia,Soltero,26,6,13,11484,2.09,21.3,52,7.8,3.7,6.7,2.7,6.0,4.4,5.22,6.8,30,6.4,8.6,7.6,2,2,6.4,2.0,4,26.2,56,61,27.9,16.3,12.3,20.5,11.1,7.5,4.0,0.4
SUJ-1301,Tecnología,Santiago,Maestría,Startup escalada,Casado,26,4,16,500,5.49,61.2,64,6.1,5.3,5.7,4.6,6.4,4.2,5.38,7.6,32,5.7,6.4,9.3,2,2,6.4,1.7,9,28.9,60,66,25.9,17.2,13.6,13.5,9.1,10.3,7.4,3.0
SUJ-1302,Agroindustria,Santiago,Universitario,Franquicia,Soltero,18,6,15,4624,4.1,16.3,62,8.0,4.8,3.9,3.9,7.7,7.7,6.0,7.6,13,5.0,7.8,9.9,1,5,4.6,1.6,13,28.2,55,77,22.9,17.7,17.0,17.8,8.1,10.5,4.9,1.1
SUJ-1303,Tecnología,Cali,Universitario,E-commerce,Soltero,25,1,7,727,3.66,31.7,40,4.1,5.1,1.9,4.0,4.9,6.1,4.35,6.5,3,4.9,9.7,6.4,3,3,4.6,5.9,64,28.6,69,51,31.7,17.9,17.6,6.9,15.7,3.8,4.5,1.9
SUJ-1304,Retail/Comercio,Barranquilla,Posgrado,Empresa propia,Soltero,27,11,17,6430,34.56,64.7,71,7.8,7.0,7.9,5.6,9.6,7.2,7.52,6.9,32,2.9,7.9,7.8,1,0,5.1,3.9,10,43.4,45,62,29.0,16.9,19.7,6.9,10.9,11.6,3.2,1.8
SUJ-1305,Inmuebles,Lima,Maestría,Empresa propia,Casado,25,12,18,3397,2.84,34.1,78,8.3,8.6,8.8,6.6,8.9,7.9,8.18,10.0,30,8.7,4.9,9.5,1,3,5.7,3.5,57,33.1,40,64,25.2,21.5,18.5,13.4,9.5,5.7,6.0,0.2
SUJ-1306,Servicios,Santiago,Bachillerato,Holding,Casado,17,10,22,500,8.6,39.6,78,5.7,6.5,6.6,6.7,6.3,7.8,6.6,7.4,23,6.2,7.5,5.3,3,1,4.7,3.4,26,34.2,43,53,20.7,8.4,21.7,13.1,22.4,7.5,3.6,2.6
SUJ-1307,Inmuebles,Cali,Universitario,Empresa propia,Casado,35,5,13,4943,6.75,27.0,64,6.2,4.0,7.5,2.6,8.0,7.1,5.9,7.4,21,6.3,7.3,4.2,2,2,5.0,2.3,25,27.9,47,75,20.8,22.4,22.8,5.0,8.8,13.0,5.4,1.8
SUJ-1308,Inmuebles,Bucaramanga,Técnico,Startup escalada,Soltero,19,4,9,6762,1.28,31.3,46,5.7,3.0,6.0,5.1,8.9,6.1,5.8,9.4,22,8.6,6.5,8.3,1,0,5.8,2.1,2,18.2,63,64,30.8,24.7,15.0,8.3,10.0,7.7,2.0,1.5
SUJ-1309,Finanzas,São Paulo,Posgrado,Startup escalada,Soltero,26,9,17,2276,7.19,50.2,63,7.0,6.7,5.0,4.6,6.4,6.0,5.95,8.5,23,5.1,7.4,8.7,0,2,5.5,6.2,13,35.5,64,71,21.1,19.1,15.4,20.3,11.6,7.6,4.7,0.2
SUJ-1310,Inmuebles,Lima,Técnico,Empresa propia,Unión libre,27,3,11,11602,6.83,27.9,60,6.7,7.1,7.9,6.1,5.4,5.0,6.37,7.5,16,9.1,9.2,6.7,0,5,6.1,2.5,57,33.6,44,68,29.4,20.0,14.8,9.9,13.9,5.7,4.2,2.1
SUJ-1311,Tecnología,Cali,Posgrado,Holding,Soltero,23,11,16,3709,3.88,41.8,76,8.9,4.7,8.0,4.0,10.0,7.0,7.1,7.2,35,5.1,10.0,9.2,1,1,5.0,0.3,2,23.8,52,46,29.8,24.1,11.3,11.3,14.3,2.3,4.0,2.9
SUJ-1312,Servicios,CDMX,Universitario,E-commerce,Soltero,27,1,4,11069,2.49,52.9,64,5.9,5.0,3.8,5.9,6.6,6.7,5.65,7.0,2,4.4,9.0,9.7,3,3,5.0,3.0,63,35.8,50,57,15.6,13.5,23.9,25.6,13.4,5.7,2.3,0.0
SUJ-1313,Retail/Comercio,São Paulo,Universitario,Empresa propia,Casado,21,5,15,6921,3.86,33.4,78,8.1,5.2,7.0,6.2,8.8,8.4,7.28,10.0,33,5.4,6.3,7.7,0,3,4.3,1.2,363,33.8,53,60,34.1,20.1,15.5,10.9,2.5,13.9,0.7,2.3
SUJ-1314,Inmuebles,Lima,Doctorado,Empresa propia,Soltero,38,3,8,16275,1.0,9.6,46,3.7,7.0,6.7,6.0,4.5,6.3,5.7,6.1,14,5.8,6.0,7.9,2,1,5.2,2.9,2,14.8,56,59,18.2,3.6,22.3,18.6,18.4,14.3,2.4,2.2
SUJ-1315,Retail/Comercio,Buenos Aires,Bachillerato,Franquicia,Soltero,24,11,16,6333,1.0,29.8,81,7.5,7.3,6.8,6.5,8.0,8.9,7.5,5.9,2,8.7,6.1,6.1,1,3,3.5,4.4,3,16.8,57,44,26.3,27.1,12.6,9.1,8.9,5.4,7.6,3.0
SUJ-1316,Manufactura,São Paulo,Universitario,Holding,Soltero,31,11,19,1642,5.15,4.7,79,9.6,5.5,9.2,7.3,8.3,8.2,8.02,6.6,26,6.7,7.9,9.0,1,2,4.5,0.0,35,23.5,38,49,22.5,15.4,22.7,17.4,7.3,9.6,3.9,1.2
SUJ-1317,Retail/Comercio,Cali,Bachillerato,Holding,Soltero,19,9,13,13834,2.66,16.6,57,6.3,3.9,7.8,2.5,7.2,5.4,5.52,5.8,28,6.9,7.9,8.0,0,3,5.1,1.5,21,27.0,77,49,21.1,18.5,16.6,17.2,15.0,5.2,3.5,2.9
SUJ-1318,Inmuebles,Medellín,Universitario,E-commerce,Soltero,30,14,21,12224,5.42,33.2,62,6.2,7.4,5.4,5.0,6.2,4.3,5.75,7.8,20,3.4,8.0,10.0,2,4,3.8,0.5,3,28.1,51,61,21.5,18.7,12.2,24.6,12.1,5.4,4.2,1.3
SUJ-1319,Tecnología,Buenos Aires,Posgrado,Startup escalada,Unión libre,21,7,12,28706,9.63,59.9,67,6.3,6.7,5.4,4.3,7.8,7.9,6.4,8.7,28,6.5,7.6,5.8,3,2,4.8,2.3,84,39.6,43,52,29.9,2.7,18.5,15.1,16.0,10.7,3.6,3.5
SUJ-1320,Tecnología,CDMX,Universitario,Startup escalada,Casado,17,9,6,786,1.06,17.1,86,6.9,7.2,9.2,6.1,8.2,10.0,7.93,6.8,3,2.6,6.4,7.9,2,0,6.5,2.5,6,15.8,41,61,22.9,16.8,15.1,16.9,12.4,13.5,1.5,0.9
SUJ-1321,Finanzas,Caracas,Técnico,E-commerce,Soltero,19,1,8,7156,6.8,72.1,68,8.4,5.4,7.6,5.3,8.1,6.5,6.88,6.4,35,4.7,6.9,9.0,2,1,5.9,5.5,2,30.6,42,50,12.3,20.3,27.8,15.3,11.6,8.7,1.4,2.6
SUJ-1322,Tecnología,Santiago,Universitario,Startup escalada,Casado,20,5,12,5412,2.53,43.2,76,10.0,5.9,8.3,4.9,8.2,8.9,7.7,8.8,11,6.2,7.5,9.5,1,0,5.5,3.6,10,29.5,33,68,26.0,20.2,21.4,3.0,15.3,12.2,1.8,0.1
SUJ-1323,Servicios,Bogotá,Posgrado,Empresa propia,Unión libre,26,7,14,8890,2.69,19.0,72,7.0,4.4,7.0,6.5,8.0,5.5,6.4,7.8,30,3.3,9.6,7.1,0,1,5.5,2.7,98,33.8,44,61,28.2,28.3,5.5,9.4,14.4,6.9,4.4,2.9
SUJ-1324,Tecnología,Cali,Maestría,Startup escalada,Soltero,43,3,2,31368,1.0,73.9,84,6.2,6.1,10.0,7.6,8.6,7.7,7.7,3.4,23,10.0,6.8,7.1,3,1,5.7,4.7,7,25.3,48,34,28.3,22.8,11.8,3.7,16.0,9.5,2.7,5.2
SUJ-1325,Salud/Farma,Bucaramanga,Posgrado,E-commerce,Casado,42,8,9,6078,5.06,50.7,74,9.6,5.7,8.6,4.5,9.2,5.9,7.25,4.8,23,5.0,7.4,8.1,2,1,6.6,3.8,26,29.5,56,57,35.6,15.6,11.7,10.5,13.1,8.4,4.8,0.3
SUJ-1326,Finanzas,Cali,Posgrado,Startup escalada,Casado,24,1,11,9260,8.34,39.4,55,5.2,4.8,5.3,4.9,7.6,7.8,5.93,8.3,5,8.7,10.0,9.2,2,1,5.0,1.9,3,31.5,57,57,30.3,13.8,18.7,18.0,13.3,1.4,4.0,0.5
SUJ-1327,Tecnología,Bogotá,Universitario,E-commerce,Soltero,31,9,15,3412,12.4,67.3,68,7.8,5.8,7.9,3.0,7.4,6.1,6.33,9.7,41,8.1,8.5,6.9,2,1,6.3,4.6,105,47.1,59,57,19.0,26.0,8.2,17.8,12.1,12.4,3.2,1.3
SUJ-1328,Inmuebles,CDMX,Universitario,Empresa propia,Soltero,18,5,4,2841,2.05,33.9,85,9.1,8.3,8.4,7.8,8.8,8.5,8.48,7.7,34,7.7,7.2,6.8,1,1,5.9,4.2,3,17.9,44,62,30.1,11.4,20.2,12.3,8.3,7.0,7.0,3.7
SUJ-1329,Manufactura,CDMX,Técnico,E-commerce,Soltero,17,4,10,3267,5.81,62.0,76,9.2,5.5,5.5,6.0,10.0,8.0,7.37,7.8,14,7.2,6.0,9.1,3,2,5.2,2.7,11,33.9,36,71,19.0,17.6,22.4,10.9,16.4,9.3,0.5,3.9
SUJ-1330,Retail/Comercio,Buenos Aires,Universitario,Empresa propia,Casado,26,10,11,500,1.0,19.0,55,5.7,6.8,3.8,4.4,7.2,8.1,6.0,7.6,37,4.0,9.6,7.5,1,3,5.1,1.1,140,22.1,44,60,13.6,14.3,22.4,25.2,13.5,4.6,4.4,2.0
SUJ-1331,Retail/Comercio,Caracas,Universitario,Holding,Soltero,29,12,16,2680,2.43,51.5,96,9.9,7.7,9.0,9.4,10.0,8.2,9.03,8.5,18,7.4,8.1,5.5,0,2,5.4,0.9,3,28.0,35,57,20.8,19.7,18.3,21.4,6.4,7.6,5.3,0.5
SUJ-1332,Inmuebles,Lima,Posgrado,Franquicia,Casado,30,10,17,1519,1.78,23.5,64,6.4,6.1,5.8,5.6,9.0,7.7,6.77,5.7,18,5.9,8.1,7.6,2,2,5.7,2.7,11,22.2,46,64,21.3,17.3,18.9,17.5,14.8,6.5,1.5,2.2
SUJ-1333,Finanzas,Bucaramanga,Posgrado,Startup escalada,Casado,32,4,11,4891,1.0,33.1,85,6.0,8.5,6.7,10.0,8.9,7.3,7.9,7.9,9,2.1,8.9,7.2,2,3,5.2,5.0,7,20.6,44,74,16.6,15.6,18.6,21.3,13.2,8.7,6.0,0.0
SUJ-1334,Salud/Farma,Buenos Aires,Doctorado,Holding,Soltero,24,9,19,4941,1.13,22.5,91,8.4,8.2,8.1,5.5,10.0,8.7,8.15,7.5,20,7.5,7.9,9.4,1,1,5.4,3.6,47,26.4,45,55,34.5,16.1,16.3,10.9,7.0,9.3,2.8,3.1
SUJ-1335,Salud/Farma,Caracas,Universitario,Holding,Unión libre,26,6,14,11593,2.66,4.0,86,9.0,8.1,9.0,5.3,7.2,10.0,8.1,7.1,22,5.8,7.0,6.4,1,1,5.0,3.9,7,17.9,33,68,22.9,20.1,20.8,15.3,15.2,3.2,2.4,0.1
SUJ-1336,Manufactura,Bucaramanga,Posgrado,Empresa propia,Unión libre,30,11,19,5581,1.6,11.8,60,5.2,4.6,6.7,6.0,9.0,6.4,6.32,6.6,14,2.3,8.4,8.3,1,3,6.0,1.0,45,25.4,57,43,22.8,26.8,7.3,22.3,12.2,5.8,1.6,1.2
SUJ-1337,Tecnología,Bucaramanga,Maestría,Empresa familiar,Soltero,33,8,13,4975,6.83,47.9,87,8.9,7.0,8.3,6.3,8.7,9.6,8.13,7.6,29,10.0,6.0,7.9,0,6,5.2,3.4,7,32.4,39,54,26.5,21.7,21.3,7.4,9.8,11.3,0.6,1.4
SUJ-1338,Manufactura,Bogotá,Posgrado,Startup escalada,Unión libre,20,1,4,2107,1.0,21.3,75,7.9,7.4,5.1,7.4,9.0,7.8,7.43,6.2,38,10.0,6.3,7.8,1,2,6.6,1.3,13,13.6,43,48,40.3,13.0,11.2,13.6,14.6,5.4,1.9,-0.0
SUJ-1339,Tecnología,Buenos Aires,Universitario,Startup escalada,Soltero,27,6,12,15310,23.55,65.2,54,7.9,5.9,3.2,3.2,7.3,6.1,5.6,6.8,29,7.0,8.3,10.0,0,2,4.5,4.3,165,49.9,48,64,31.1,14.8,9.1,18.7,11.7,8.7,2.1,3.8
SUJ-1340,Tecnología,Bucaramanga,Universitario,Empresa propia,Soltero,29,4,14,763,2.11,63.9,71,6.2,6.4,9.0,7.2,7.5,8.1,7.4,8.3,6,6.9,10.0,10.0,2,2,5.1,5.7,13,31.3,42,62,22.2,18.7,16.0,11.3,11.3,8.1,7.1,5.3
SUJ-1341,Finanzas,Monterrey,Bachillerato,E-commerce,Soltero,26,4,13,32271,7.27,47.6,59,6.8,6.2,6.1,4.8,8.1,5.2,6.2,7.6,7,6.5,9.1,8.7,3,2,4.7,2.7,125,41.1,40,66,28.2,16.7,12.0,15.9,12.8,6.6,5.1,2.7
SUJ-1342,Retail/Comercio,Caracas,Universitario,Empresa propia,Casado,22,5,10,5171,1.0,4.1,78,6.5,5.6,8.8,6.1,9.6,8.2,7.47,5.2,24,1.2,6.7,7.4,1,0,5.8,4.2,32,18.1,37,58,39.2,17.6,9.5,5.3,15.4,8.6,3.6,0.8
SUJ-1343,Servicios,Bogotá,Maestría,E-commerce,Casado,26,8,14,1646,2.6,4.0,83,5.7,7.9,8.2,4.8,9.0,6.3,6.98,9.0,32,7.2,9.4,8.0,2,3,5.5,0.7,56,29.0,46,68,32.8,15.4,18.6,10.9,15.2,2.7,2.9,1.5
SUJ-1344,Inmuebles,São Paulo,Bachillerato,Empresa propia,Soltero,29,10,13,3499,9.81,24.3,87,8.2,8.5,7.3,8.2,8.4,7.3,7.98,6.7,20,6.9,8.6,8.8,1,0,4.6,2.7,20,33.1,29,65,27.4,18.7,17.2,9.6,12.0,10.7,3.3,1.1
SUJ-1345,Inmuebles,CDMX,Universitario,E-commerce,Soltero,21,5,15,500,4.16,20.0,71,6.8,6.2,6.6,6.2,9.6,8.8,7.37,8.1,23,7.1,8.7,8.0,3,2,6.9,5.4,3,23.4,53,53,28.2,22.7,9.0,7.3,19.1,6.8,6.9,-0.0
SUJ-1346,Retail/Comercio,Bogotá,Maestría,Holding,Soltero,18,11,23,1457,1.0,20.1,60,6.8,5.6,7.9,5.7,7.5,5.3,6.47,7.0,23,4.7,9.8,8.3,3,0,5.8,1.9,1,18.2,56,56,32.1,16.9,18.3,8.6,8.9,7.1,5.9,2.2
SUJ-1347,Finanzas,São Paulo,Maestría,Franquicia,Casado,38,1,9,3267,2.16,70.8,56,7.5,2.5,6.8,2.8,8.1,7.0,5.78,7.4,19,5.7,7.2,5.2,2,0,5.4,2.8,4,24.2,49,47,32.8,21.0,16.1,8.0,6.2,10.7,2.1,3.1
SUJ-1348,Finanzas,Medellín,Universitario,E-commerce,Unión libre,27,4,4,6466,1.69,39.6,81,8.3,8.7,6.8,6.0,6.3,3.5,6.6,9.2,26,6.7,7.1,9.2,0,2,4.1,3.3,35,24.3,58,64,27.5,13.3,17.7,14.7,13.7,8.0,3.7,1.4
SUJ-1349,Salud/Farma,Medellín,Posgrado,Startup escalada,Casado,31,14,22,1109,1.0,14.6,85,7.6,7.6,9.4,6.5,9.9,7.6,8.1,6.2,25,5.8,8.4,10.0,2,4,5.8,1.1,7,21.2,44,52,21.1,23.2,20.1,9.5,10.2,7.1,6.6,2.2
SUJ-1350,Tecnología,Bucaramanga,Universitario,Empresa propia,Casado,27,2,14,9015,9.8,52.4,80,7.3,7.5,6.7,4.5,8.2,7.3,6.92,7.5,32,6.1,8.3,8.6,2,2,3.9,5.7,2,31.9,60,68,5.8,25.1,24.2,16.9,9.5,10.7,3.7,4.1
SUJ-1351,Servicios,Buenos Aires,Técnico,Startup escalada,Casado,32,11,13,14877,1.53,14.8,61,7.9,5.9,6.9,5.9,7.1,5.7,6.57,6.2,11,6.9,8.3,8.0,0,4,3.0,4.7,2,19.7,44,68,26.8,15.1,19.0,19.5,9.6,4.9,2.7,2.4
SUJ-1352,Manufactura,CDMX,Universitario,Empresa propia,Soltero,26,7,16,6795,2.71,33.2,64,7.6,6.3,4.3,6.4,8.4,6.5,6.58,7.9,5,6.8,7.8,10.0,2,2,5.3,4.3,286,36.4,54,68,21.2,22.8,15.6,16.7,8.9,10.7,4.0,0.1
SUJ-1353,Retail/Comercio,Bogotá,Posgrado,Empresa propia,Soltero,29,6,11,2818,1.09,31.8,65,5.8,6.2,6.4,3.3,5.5,7.2,5.73,4.5,22,6.6,9.3,6.1,1,2,5.4,3.9,25,25.4,49,57,30.3,23.2,12.2,4.4,19.8,5.5,4.3,0.3
SUJ-1354,Inmuebles,Buenos Aires,Doctorado,Empresa propia,Casado,19,10,20,1035,9.86,57.7,52,4.4,6.8,6.1,4.3,5.7,5.2,5.42,6.0,18,7.0,6.5,9.6,1,1,4.7,1.6,76,41.1,39,53,21.8,18.9,17.7,16.2,10.6,8.9,4.0,1.9
SUJ-1355,Retail/Comercio,Bogotá,Bachillerato,Startup escalada,Casado,17,10,12,500,6.98,24.3,79,7.1,9.9,6.9,7.3,9.1,8.4,8.12,9.8,16,3.8,9.5,6.5,4,3,6.4,4.8,8,30.9,36,52,37.1,10.3,8.0,27.1,6.5,7.1,1.2,2.7
SUJ-1356,Servicios,Bogotá,Posgrado,Franquicia,Soltero,23,12,16,10528,6.39,49.1,70,8.6,7.5,8.1,7.8,6.1,7.1,7.53,4.7,13,5.0,8.9,9.9,3,1,4.5,2.7,72,41.1,42,57,32.6,13.5,13.5,14.9,11.5,5.9,5.9,2.2
SUJ-1357,Servicios,Monterrey,Universitario,Startup escalada,Unión libre,17,6,7,7921,1.59,31.9,92,7.9,9.3,7.0,8.0,10.0,10.0,8.7,6.8,32,3.5,5.7,5.0,2,3,4.4,0.7,58,23.4,30,59,24.0,26.1,8.8,13.8,13.9,7.5,3.6,2.3
SUJ-1358,Retail/Comercio,Medellín,Posgrado,E-commerce,Casado,17,7,14,5174,4.31,35.8,59,7.0,4.7,7.3,3.5,5.7,8.0,6.03,6.7,21,4.6,7.1,9.9,2,1,4.0,1.9,191,31.9,57,67,18.8,28.2,13.6,15.6,13.0,5.1,4.4,1.3
SUJ-1359,Finanzas,Bogotá,Bachillerato,Empresa propia,Soltero,27,6,14,860,1.12,20.3,70,9.2,5.8,7.5,4.4,9.9,7.6,7.4,7.8,45,5.9,6.0,8.4,4,3,5.2,1.2,28,21.2,46,61,31.2,9.5,14.9,13.2,16.0,10.9,1.8,2.5
SUJ-1360,Manufactura,Monterrey,Universitario,Holding,Casado,17,2,9,1855,1.77,4.0,55,5.1,5.5,4.8,4.9,7.3,7.2,5.8,6.3,19,4.0,7.3,6.6,1,1,5.4,5.6,57,24.4,38,53,29.8,22.1,21.0,10.7,2.8,4.9,6.2,2.5
SUJ-1361,Agroindustria,Medellín,Maestría,Empresa propia,Unión libre,31,7,11,13506,2.51,4.0,67,6.6,6.6,4.5,6.3,8.5,7.0,6.58,7.6,15,10.0,8.3,5.9,0,2,5.7,5.2,18,24.6,51,74,26.7,19.8,17.6,10.1,12.9,4.9,5.3,2.7
SUJ-1362,Tecnología,Monterrey,Posgrado,Startup escalada,Soltero,34,6,10,5229,16.37,55.4,83,8.5,7.5,10.0,6.4,8.0,9.5,8.32,6.7,31,9.7,6.8,9.3,0,1,5.3,5.9,9,33.7,47,51,42.6,13.3,12.4,8.6,14.0,3.6,2.3,3.2
SUJ-1363,Manufactura,Buenos Aires,Universitario,Empresa propia,Soltero,17,1,6,26338,4.42,35.4,73,5.7,5.1,7.2,5.1,8.2,7.6,6.48,5.8,42,3.2,7.9,10.0,4,2,4.5,3.0,94,33.8,55,45,27.9,25.9,7.3,11.5,9.2,12.1,2.5,3.6
SUJ-1364,Manufactura,Lima,Universitario,Empresa propia,Soltero,27,11,20,83908,32.89,32.3,59,5.9,4.8,5.5,5.9,6.6,6.0,5.78,6.4,17,6.2,6.2,8.0,2,1,6.6,1.0,52,40.0,63,63,30.9,22.5,15.0,11.6,13.2,1.1,3.4,2.3
SUJ-1365,Inmuebles,Medellín,Universitario,Startup escalada,Soltero,37,7,8,12903,3.66,32.2,52,6.1,4.4,5.2,5.8,7.0,3.2,5.28,7.3,31,9.8,9.9,7.1,0,5,4.1,2.4,29,30.9,69,61,32.1,16.4,10.3,11.0,16.0,10.3,2.3,1.6
SUJ-1366,Tecnología,São Paulo,Universitario,Empresa familiar,Casado,23,4,9,2389,1.16,65.0,68,5.9,6.6,5.5,5.0,8.6,7.4,6.5,8.2,9,4.6,8.7,9.1,1,3,3.5,3.0,21,30.4,39,51,40.4,12.3,9.2,13.7,11.2,5.8,3.9,3.5
SUJ-1367,Inmuebles,Santiago,Maestría,Empresa propia,Soltero,29,8,9,2102,1.09,48.4,75,10.0,6.0,8.3,5.9,8.2,8.0,7.73,6.1,19,7.7,6.9,3.4,2,6,3.6,1.9,9,26.4,45,50,34.2,21.2,8.2,10.6,12.5,9.9,2.5,0.9
SUJ-1368,Servicios,Lima,Doctorado,Startup escalada,Soltero,40,5,10,2340,5.2,17.8,83,7.8,6.7,8.2,7.3,9.2,6.8,7.67,6.9,11,9.5,8.6,10.0,2,1,4.3,3.5,15,28.0,32,66,23.0,26.0,12.5,13.1,12.4,6.3,5.9,0.8
SUJ-1369,Tecnología,Caracas,Universitario,Empresa propia,Soltero,17,7,13,34611,17.52,60.2,62,6.7,5.2,4.5,4.5,7.0,5.8,5.62,8.2,27,7.0,8.5,8.6,2,3,6.4,2.5,15,41.1,56,49,25.6,11.1,18.3,12.8,19.1,6.7,5.2,1.2
SUJ-1370,Finanzas,Buenos Aires,Universitario,Startup escalada,Soltero,19,12,25,3267,148.23,53.5,62,6.5,6.4,6.5,6.2,9.2,4.6,6.57,6.3,20,8.5,5.0,9.4,3,3,5.5,2.9,15,43.2,44,64,27.3,19.1,16.9,17.7,7.2,4.8,3.9,3.1
SUJ-1371,Salud/Farma,Bogotá,Maestría,Holding,Soltero,29,8,12,9805,9.17,38.0,101,9.6,9.8,7.5,7.0,9.4,10.0,8.88,6.6,15,3.2,7.6,8.8,1,1,3.8,1.6,15,28.8,21,53,21.3,22.3,4.2,17.2,16.4,9.5,6.8,2.3
SUJ-1372,Tecnología,CDMX,Universitario,Empresa propia,Casado,39,5,15,25556,22.22,57.0,72,6.9,5.2,8.3,7.0,6.6,6.5,6.75,6.7,32,4.9,8.4,9.0,0,0,5.7,2.9,7,38.6,60,59,32.1,15.5,21.9,2.3,11.0,6.4,8.3,2.5
SUJ-1373,Servicios,Buenos Aires,Posgrado,Empresa propia,Soltero,21,3,3,13700,2.26,25.8,85,6.0,8.1,7.1,5.6,9.6,9.3,7.62,8.3,10,6.0,7.5,7.0,1,1,5.3,2.9,5,24.0,46,67,26.3,18.5,15.0,20.3,8.4,7.6,3.8,0.1
SUJ-1374,Retail/Comercio,Monterrey,Universitario,Empresa propia,Casado,40,4,10,7282,4.52,19.9,55,5.7,3.9,7.6,7.6,6.0,5.3,6.02,7.0,43,5.8,10.0,6.1,3,2,6.9,2.3,103,34.1,56,64,33.4,13.4,16.6,15.5,8.2,7.1,4.0,1.8
SUJ-1375,Finanzas,Monterrey,Maestría,Franquicia,Casado,26,10,16,1480,5.08,51.0,77,10.0,7.4,9.6,5.9,7.4,6.6,7.82,9.5,28,8.4,9.1,5.0,2,1,6.5,3.4,21,36.3,46,59,29.2,14.7,12.6,21.3,13.5,4.2,3.6,0.9
SUJ-1376,Servicios,Monterrey,Posgrado,Empresa propia,Soltero,17,6,15,1538,1.39,17.3,82,10.0,5.3,7.4,7.2,9.4,9.4,8.12,8.1,32,6.8,6.9,8.8,1,1,6.0,0.3,8,24.3,34,58,27.1,12.3,18.6,16.6,12.6,5.8,3.6,3.4
SUJ-1377,Retail/Comercio,Monterrey,Maestría,Holding,Casado,35,9,13,5424,2.33,13.4,73,6.3,8.1,6.2,7.4,7.0,6.6,6.93,6.3,35,6.3,5.2,5.6,0,0,3.1,2.8,77,20.1,34,42,21.5,20.6,16.5,18.1,8.9,5.5,6.2,2.7
SUJ-1378,Retail/Comercio,Buenos Aires,Maestría,Empresa familiar,Casado,23,6,9,24283,1.0,32.6,49,3.6,4.3,3.4,4.1,6.3,6.6,4.72,8.0,31,1.7,8.5,8.9,0,1,4.4,6.6,243,31.5,68,60,22.7,22.3,16.3,14.5,16.0,0.9,5.8,1.5
SUJ-1379,Finanzas,CDMX,Universitario,Empresa propia,Soltero,28,3,2,18788,2.33,33.8,60,4.0,5.7,3.6,5.4,6.9,5.4,5.17,8.4,4,5.7,4.9,7.7,1,1,4.3,3.3,18,26.6,48,62,18.0,24.7,23.4,8.8,11.7,7.2,3.1,3.1
SUJ-1380,Manufactura,Caracas,Maestría,E-commerce,Soltero,17,9,16,1454,2.72,24.2,77,6.7,6.7,5.5,6.2,8.4,7.5,6.83,6.0,6,3.5,8.1,5.1,0,0,6.3,2.1,1579,39.4,48,61,25.1,19.2,14.3,12.0,15.9,8.7,4.8,0.0
SUJ-1381,Tecnología,Cali,Maestría,E-commerce,Casado,21,4,8,2714,6.29,47.3,51,5.2,6.5,4.9,7.1,5.4,7.1,6.03,8.3,12,4.5,7.6,6.2,3,0,4.7,5.4,3,33.3,48,62,21.6,19.5,17.7,7.9,17.2,9.6,4.9,1.6
SUJ-1382,Finanzas,Monterrey,Universitario,Startup escalada,Unión libre,17,5,15,7109,1.84,40.2,106,10.0,7.8,6.4,10.0,10.0,10.0,9.03,6.7,18,5.1,5.9,10.0,5,0,6.7,1.4,79,32.2,33,64,22.6,18.6,16.4,17.1,13.5,6.8,2.2,2.8
SUJ-1383,Salud/Farma,Cali,Técnico,E-commerce,Soltero,17,2,10,5191,5.47,46.4,88,8.3,7.3,9.4,5.9,9.1,9.7,8.28,7.1,36,7.5,5.3,8.8,1,2,4.3,0.1,1,14.8,34,51,19.8,20.8,18.2,14.0,8.9,11.8,3.9,2.6
SUJ-1384,Finanzas,CDMX,Bachillerato,E-commerce,Soltero,26,3,13,1016,4.88,71.0,52,7.0,5.0,6.4,3.1,8.2,8.2,6.32,8.9,8,6.1,6.8,4.5,0,0,5.8,4.7,8,30.9,49,55,34.7,10.0,19.6,3.6,18.2,12.6,0.0,1.3
SUJ-1385,Manufactura,CDMX,Universitario,Franquicia,Soltero,29,10,13,3687,3.33,20.6,76,8.5,7.8,8.2,6.7,6.8,7.5,7.58,6.0,12,9.4,6.5,7.4,1,3,4.0,3.0,3,26.0,46,57,26.5,11.0,15.6,18.3,16.5,6.4,4.7,1.0
SUJ-1386,Finanzas,Lima,Universitario,Empresa propia,Soltero,22,11,18,24758,149.35,62.1,73,8.5,5.3,8.9,6.0,8.7,8.5,7.65,7.0,16,7.8,8.2,7.3,0,3,6.9,3.8,2,52.5,35,55,28.8,30.2,17.2,11.7,2.4,1.2,5.9,2.6
SUJ-1387,Inmuebles,Medellín,Posgrado,Empresa propia,Casado,17,11,18,24200,1.5,9.6,87,8.5,4.5,6.7,8.8,8.1,8.5,7.52,7.4,23,5.3,5.8,6.9,4,3,5.9,1.7,8,11.7,37,60,35.2,18.4,17.0,10.2,9.0,5.4,3.8,1.0
SUJ-1388,Tecnología,Santiago,Universitario,Franquicia,Soltero,18,11,15,6557,4.3,35.9,40,6.1,2.5,3.2,4.2,5.6,4.9,4.42,8.5,27,2.9,10.0,3.8,0,0,4.9,1.6,15,34.8,56,75,23.5,16.9,14.4,12.8,16.8,11.2,2.2,2.2
SUJ-1389,Salud/Farma,Bucaramanga,Maestría,Empresa propia,Soltero,28,5,15,8068,14.14,25.8,75,8.7,7.4,9.0,5.9,8.4,7.0,7.73,6.2,12,5.7,5.0,8.6,2,1,5.4,4.1,2,28.1,17,55,25.0,17.0,18.1,20.0,9.9,4.3,5.4,0.3
SUJ-1390,Retail/Comercio,Santiago,Universitario,E-commerce,Soltero,26,9,18,2007,1.58,13.5,56,4.4,5.2,5.2,3.5,7.0,6.2,5.25,8.1,38,8.4,8.8,8.8,1,3,5.1,1.8,12,21.7,57,64,16.2,18.5,19.9,13.7,10.8,14.0,6.2,0.7
SUJ-1391,Finanzas,Buenos Aires,Universitario,Empresa propia,Soltero,28,11,24,10836,319.9,53.4,78,9.2,6.6,8.2,5.5,10.0,6.5,7.67,9.7,27,4.2,8.5,6.1,2,4,5.6,1.6,36,60.0,47,77,20.5,16.4,19.1,19.9,14.0,5.8,4.3,0.0
SUJ-1392,Tecnología,Bucaramanga,Universitario,E-commerce,Soltero,35,3,11,500,2.72,56.4,58,5.6,4.2,3.1,3.9,7.9,7.6,5.38,7.7,25,5.0,9.1,2.4,4,3,5.2,3.3,56,37.9,59,53,24.2,24.0,13.1,9.2,6.2,13.0,6.6,3.7
SUJ-1393,Tecnología,CDMX,Universitario,Empresa propia,Soltero,29,7,20,1994,14.39,51.7,91,10.0,7.7,10.0,6.5,9.7,10.0,8.98,4.9,23,4.5,3.9,7.6,3,3,6.0,6.4,47,33.0,46,56,20.4,13.5,21.2,15.4,12.8,12.1,1.3,3.3
SUJ-1394,Retail/Comercio,São Paulo,Universitario,Empresa familiar,Soltero,28,6,18,500,3.53,61.5,76,8.6,7.2,8.0,5.5,10.0,7.9,7.87,9.5,7,6.4,6.9,10.0,1,3,4.7,2.3,20,37.3,42,73,30.4,27.6,13.1,9.8,11.5,3.4,1.1,3.1
SUJ-1395,Finanzas,Santiago,Universitario,Startup escalada,Casado,40,1,5,3898,4.34,53.3,48,7.7,4.4,3.3,3.7,5.0,4.8,4.82,7.5,21,4.9,6.7,7.4,0,2,3.7,0.4,3,27.5,62,65,30.5,21.4,14.9,13.0,10.4,5.1,2.9,1.8
SUJ-1396,Servicios,Barranquilla,Técnico,Empresa propia,Unión libre,24,8,9,15190,5.57,30.2,40,2.6,5.7,6.9,3.7,4.1,6.8,4.97,10.0,23,4.9,7.8,5.9,0,3,5.3,2.9,36,30.7,67,74,32.8,21.0,13.9,10.7,10.5,4.0,6.2,0.9
SUJ-1397,Retail/Comercio,Medellín,Maestría,Empresa propia,Soltero,40,4,16,32367,9.39,35.2,79,8.5,7.8,7.9,6.9,10.0,7.5,8.1,7.3,30,5.8,8.4,10.0,3,3,5.4,4.8,6,29.4,40,43,18.7,27.9,12.4,14.7,10.9,8.6,6.1,0.7
SUJ-1398,Finanzas,Santiago,Maestría,E-commerce,Casado,34,11,19,8815,7.44,35.5,63,6.1,5.4,9.2,6.4,7.5,6.1,6.78,9.1,30,6.1,7.5,10.0,0,0,6.2,2.4,3,26.2,49,60,31.6,11.5,18.4,16.6,12.1,4.1,2.0,3.7
SUJ-1399,Manufactura,Medellín,Universitario,Empresa propia,Soltero,24,4,12,10927,2.76,52.1,80,10.0,7.7,4.9,7.2,9.6,8.3,7.95,10.0,37,7.2,7.2,6.7,1,3,5.7,0.8,6,24.1,41,68,25.3,19.4,7.1,19.8,11.9,9.2,4.9,2.4
SUJ-1400,Inmuebles,Cali,Maestría,Empresa propia,Soltero,30,8,12,2438,2.22,12.0,63,3.1,5.7,7.0,3.3,6.2,6.1,5.23,4.8,25,6.0,8.3,8.7,1,2,6.3,4.0,17,19.7,79,49,34.7,9.6,14.2,10.5,9.7,10.1,7.1,4.1
SUJ-1401,Tecnología,Buenos Aires,Maestría,Empresa propia,Soltero,24,7,14,5877,4.15,56.4,89,9.4,7.8,7.6,5.2,8.9,10.0,8.15,6.7,10,9.1,9.2,7.5,2,1,5.4,5.8,20,30.2,43,71,19.5,14.5,22.5,19.4,17.4,3.9,1.8,1.0
SUJ-1402,Tecnología,Medellín,Técnico,Startup escalada,Soltero,17,1,11,10671,3.53,62.8,86,9.3,6.9,7.8,6.1,10.0,6.5,7.77,7.1,34,5.7,6.6,7.8,1,0,4.6,0.0,15,35.9,44,65,27.4,24.9,14.9,13.8,5.0,10.9,2.7,0.4
SUJ-1403,Tecnología,Cali,Doctorado,Startup escalada,Casado,25,5,13,5501,5.14,66.2,78,5.4,6.9,7.9,4.6,6.5,8.1,6.57,9.5,39,2.1,6.0,7.2,2,1,4.8,5.6,92,40.7,65,60,30.2,12.8,8.0,21.7,12.9,6.8,4.9,2.7
SUJ-1404,Inmuebles,Monterrey,Maestría,E-commerce,Soltero,17,8,12,741,1.02,27.3,60,7.0,3.5,3.8,5.5,7.4,8.2,5.9,6.3,28,5.3,10.0,5.9,3,1,3.6,4.8,53,23.0,59,57,41.5,11.4,17.0,4.6,12.8,8.5,2.3,1.9
SUJ-1405,Manufactura,Cali,Universitario,E-commerce,Soltero,27,11,22,10803,11.77,35.2,64,4.6,4.6,9.6,5.1,8.8,3.7,6.07,9.2,39,4.8,9.8,5.7,1,2,4.7,2.0,48,40.7,51,76,32.8,14.2,15.1,14.7,10.6,11.3,0.0,1.3
SUJ-1406,Retail/Comercio,Buenos Aires,Universitario,Empresa familiar,Casado,30,7,13,1983,3.16,13.7,69,6.4,7.6,9.4,5.7,5.9,9.0,7.33,7.3,25,7.2,7.7,6.0,1,2,5.4,3.1,5,26.0,37,46,32.0,17.6,14.3,16.3,8.4,5.3,4.7,1.4
SUJ-1407,Servicios,Lima,Técnico,Empresa familiar,Casado,24,10,18,822,1.39,45.5,58,6.8,4.8,6.5,6.5,6.9,6.5,6.33,6.6,18,7.0,9.6,7.4,1,2,7.3,2.5,8,25.2,46,52,26.4,22.9,11.8,12.9,10.9,6.8,5.9,2.4
SUJ-1408,Inmuebles,São Paulo,Técnico,Empresa familiar,Soltero,27,9,18,5201,4.07,29.4,81,7.1,5.5,6.0,5.8,6.4,10.0,6.8,6.5,17,6.8,10.0,8.8,0,1,5.0,2.4,7,33.9,55,50,18.3,11.6,19.9,12.8,15.9,10.9,7.9,2.7
SUJ-1409,Manufactura,Monterrey,Maestría,Empresa propia,Soltero,27,9,22,620,1.05,17.8,68,7.1,8.1,6.5,4.0,7.6,9.0,7.05,9.0,8,7.7,5.7,10.0,1,1,5.4,1.4,96,25.6,57,68,31.2,16.7,16.0,19.5,3.2,7.1,4.4,1.9
SUJ-1410,Servicios,CDMX,Universitario,Empresa propia,Soltero,31,9,16,7941,1.0,13.2,70,7.2,5.7,7.4,5.3,8.3,5.5,6.57,8.1,20,7.4,6.4,8.0,3,2,3.0,0.4,2,18.5,55,68,21.9,15.3,19.9,13.1,17.6,7.8,2.5,1.9
SUJ-1411,Tecnología,Bogotá,Maestría,Holding,Soltero,26,6,12,8183,5.91,56.6,65,7.6,6.4,5.7,2.5,7.8,9.3,6.55,6.6,10,8.5,8.4,6.3,0,2,5.4,4.3,16,37.6,49,56,28.2,6.3,18.0,17.0,14.0,8.9,4.1,3.5
SUJ-1412,Tecnología,Cali,Maestría,E-commerce,Soltero,24,3,16,2373,1.52,30.3,72,6.1,5.6,8.4,5.5,9.3,6.0,6.82,10.0,46,7.5,8.1,6.9,3,2,5.5,4.9,20,25.3,51,79,15.9,21.1,19.0,14.1,15.7,9.1,3.4,1.7
SUJ-1413,Finanzas,Cali,Posgrado,Empresa propia,Soltero,30,13,23,26713,980.0,60.5,75,9.6,7.7,7.6,2.7,8.6,8.1,7.38,7.9,13,6.3,7.8,9.7,1,3,5.7,2.9,55,64.2,41,58,45.3,2.9,15.7,6.4,8.4,14.5,4.5,2.3
SUJ-1414,Tecnología,Medellín,Posgrado,Empresa propia,Casado,26,10,17,13918,7.52,44.0,65,3.6,5.8,6.6,5.3,7.7,3.8,5.47,8.5,33,8.5,7.2,10.0,3,2,5.6,3.7,157,40.7,61,65,31.7,22.5,14.2,8.3,13.5,7.7,1.0,1.1
SUJ-1415,Retail/Comercio,CDMX,Bachillerato,Startup escalada,Casado,17,6,13,928,2.99,46.7,69,9.1,3.9,8.1,6.9,8.3,7.9,7.37,10.0,7,7.1,5.4,5.7,1,0,4.1,4.9,20,22.6,42,62,30.8,21.5,14.2,16.2,5.8,7.7,1.9,1.9
SUJ-1416,Agroindustria,Santiago,Universitario,Startup escalada,Casado,23,9,8,11042,1.0,4.0,66,6.6,8.5,4.3,6.0,7.2,7.4,6.67,8.6,18,7.3,8.5,6.3,1,0,4.7,0.5,26,19.1,55,63,21.7,29.3,15.7,9.1,11.7,9.9,1.6,1.0
SUJ-1417,Tecnología,Barranquilla,Posgrado,Empresa propia,Soltero,22,8,14,3484,2.04,54.2,66,6.8,5.1,5.6,5.7,7.7,8.8,6.62,9.0,20,4.7,6.5,7.6,2,1,5.3,0.0,19,30.1,47,63,20.7,16.0,18.8,15.7,13.7,8.5,4.9,1.7
SUJ-1418,Tecnología,Caracas,Bachillerato,Startup escalada,Soltero,26,3,4,11099,1.54,60.2,73,7.8,5.9,7.1,6.4,6.8,8.2,7.03,7.1,19,4.1,8.8,10.0,2,2,5.0,3.6,34,27.7,46,59,18.5,25.8,12.5,11.3,13.2,10.8,6.8,1.1
SUJ-1419,Retail/Comercio,Bucaramanga,Bachillerato,E-commerce,Soltero,26,5,2,12907,4.71,37.7,40,5.2,2.4,3.8,2.7,9.4,3.2,4.45,7.6,22,5.5,7.5,9.1,1,2,4.9,1.2,8,22.3,71,56,29.5,17.8,7.0,15.8,16.2,8.2,0.7,4.8
SUJ-1420,Agroindustria,Cali,Maestría,Startup escalada,Casado,17,12,16,1313,1.0,12.1,91,8.9,5.2,6.6,4.3,10.0,9.8,7.47,6.8,32,8.2,7.7,7.5,0,2,3.7,0.0,153,23.5,46,59,20.1,20.7,17.8,18.6,10.5,9.6,0.5,2.2
SUJ-1421,Finanzas,São Paulo,Posgrado,Franquicia,Soltero,17,7,8,8673,1.0,30.8,83,9.7,8.4,6.4,4.8,8.3,7.6,7.53,7.2,39,5.8,8.4,8.8,2,3,5.7,2.5,21,25.9,48,60,22.1,21.2,11.5,16.0,17.0,7.9,3.8,0.5
SUJ-1422,Retail/Comercio,Santiago,Universitario,Empresa propia,Unión libre,20,8,13,15886,1.0,22.0,74,5.7,6.7,7.3,6.6,10.0,10.0,7.72,7.9,25,5.0,7.2,9.3,4,1,3.9,4.2,10,16.7,51,64,32.4,15.6,7.9,15.4,17.3,6.7,2.5,2.2
SUJ-1423,Tecnología,Barranquilla,Posgrado,Franquicia,Casado,26,11,18,3125,39.89,68.7,84,7.6,4.6,8.5,7.7,10.0,8.9,7.88,6.0,20,4.9,6.5,6.6,0,2,5.7,5.7,3,42.5,34,72,31.3,16.8,19.5,10.3,10.6,5.6,4.6,1.3
SUJ-1424,Tecnología,Bucaramanga,Maestría,Franquicia,Unión libre,32,7,15,669,6.19,81.7,54,6.6,4.5,9.1,6.2,6.0,5.5,6.32,9.1,12,8.8,7.9,6.9,1,2,4.1,0.0,24,29.7,44,57,16.4,13.5,15.8,7.5,24.5,8.0,10.7,3.6
SUJ-1425,Salud/Farma,Bogotá,Universitario,E-commerce,Casado,17,3,9,500,1.04,4.0,49,5.1,5.1,7.0,2.5,5.5,6.8,5.33,8.2,21,2.8,9.6,8.8,1,1,4.7,0.0,93,27.4,61,51,29.5,26.3,14.7,14.4,6.5,5.5,2.4,0.7
SUJ-1426,Salud/Farma,São Paulo,Bachillerato,Empresa propia,Unión libre,21,7,8,932,12.05,16.4,47,7.2,5.3,3.8,5.6,8.0,5.4,5.88,7.7,8,3.5,6.9,6.4,1,3,5.5,0.7,10,26.3,61,59,23.0,20.5,14.4,16.2,12.1,2.6,7.7,3.5
SUJ-1427,Tecnología,Caracas,Doctorado,Empresa familiar,Casado,25,5,11,500,1.0,28.1,78,10.0,5.5,9.4,4.4,7.4,10.0,7.78,8.0,20,3.8,6.4,8.7,1,1,4.5,3.5,32,19.8,32,62,25.2,2.0,27.1,13.1,15.8,9.3,7.6,-0.1
SUJ-1428,Agroindustria,Medellín,Universitario,Empresa propia,Unión libre,20,1,3,3167,1.84,11.6,74,7.6,5.7,7.4,6.4,8.9,6.1,7.02,7.2,46,4.8,7.6,9.3,2,4,5.0,4.9,25,29.8,46,55,17.0,16.8,18.9,15.7,13.4,10.3,5.2,2.7
SUJ-1429,Manufactura,Caracas,Técnico,Empresa propia,Soltero,26,10,21,2845,12.95,15.9,77,6.0,5.7,7.4,6.8,8.3,7.1,6.88,5.2,40,7.3,6.5,7.1,0,3,5.3,0.1,30,32.8,52,62,21.7,23.0,17.0,18.0,11.6,2.4,4.1,2.2
SUJ-1430,Servicios,Santiago,Universitario,E-commerce,Soltero,29,6,11,935,1.0,5.4,85,7.3,6.7,7.2,5.7,10.0,9.6,7.75,5.0,25,4.8,7.9,7.0,0,1,3.0,5.3,3,12.2,42,50,35.3,20.8,17.5,5.1,7.8,8.4,3.7,1.4
SUJ-1431,Retail/Comercio,Medellín,Maestría,E-commerce,Casado,21,1,3,8424,3.61,51.7,40,2.5,4.3,2.6,4.7,6.2,4.2,4.08,6.4,32,2.9,7.5,6.8,0,2,7.2,5.5,16,32.8,64,58,29.3,18.1,7.3,17.7,10.4,12.6,2.2,2.4
SUJ-1432,Retail/Comercio,Bucaramanga,Universitario,Franquicia,Unión libre,27,8,10,38533,2.92,44.5,56,6.9,6.2,6.0,1.8,7.0,7.1,5.83,9.3,16,7.7,5.5,9.1,0,2,5.3,0.0,18,25.2,47,76,41.4,18.4,13.9,4.5,6.4,6.3,5.9,3.2
SUJ-1433,Retail/Comercio,Lima,Universitario,Startup escalada,Soltero,25,8,14,18495,7.98,31.8,63,5.7,5.9,4.7,3.8,7.7,7.3,5.85,5.9,14,7.1,8.8,9.8,1,2,4.6,2.9,13,31.9,53,66,32.7,18.1,16.5,13.2,7.8,5.4,4.7,1.6
SUJ-1434,Manufactura,Cali,Universitario,E-commerce,Soltero,19,14,20,2331,7.44,23.3,81,8.1,7.2,7.5,5.3,7.8,7.1,7.17,6.6,14,9.1,6.3,8.0,3,4,4.2,2.0,5,26.2,45,65,30.4,18.2,14.7,11.8,12.1,12.2,0.6,-0.0
SUJ-1435,Tecnología,Monterrey,Doctorado,E-commerce,Casado,25,7,12,11756,6.22,64.9,74,7.4,6.1,9.0,6.7,8.3,7.9,7.57,10.0,20,10.0,6.0,6.3,1,1,4.0,2.2,12,35.6,48,78,32.1,18.7,14.0,12.5,10.5,5.6,4.0,2.6
SUJ-1436,Tecnología,Barranquilla,Universitario,Holding,Casado,28,11,20,22099,15.44,38.4,108,10.0,7.2,10.0,8.8,10.0,10.0,9.33,6.9,32,5.1,9.2,6.7,2,2,4.4,5.5,57,39.8,22,55,36.6,18.5,10.8,13.3,7.6,12.6,0.6,-0.0
SUJ-1437,Finanzas,São Paulo,Posgrado,Empresa propia,Soltero,34,9,12,18946,4.42,51.4,58,6.5,5.1,5.8,5.1,6.3,5.4,5.7,3.9,11,8.5,5.3,8.2,2,1,4.9,5.3,13,25.5,55,48,26.5,14.7,21.9,13.9,13.6,5.4,1.2,2.8
SUJ-1438,Inmuebles,CDMX,Doctorado,E-commerce,Casado,35,4,14,17271,10.4,23.2,79,7.9,6.2,9.1,6.4,8.0,8.7,7.72,6.8,28,4.2,5.9,4.1,1,1,6.2,2.1,16,28.1,28,45,26.8,16.5,19.6,10.4,13.8,4.4,5.4,3.1
SUJ-1439,Tecnología,Buenos Aires,Técnico,Startup escalada,Unión libre,22,8,14,12351,69.96,85.2,85,7.8,6.3,8.6,8.2,8.4,7.4,7.78,6.3,31,6.8,7.4,4.9,1,2,4.5,1.6,20,50.9,44,61,23.9,15.2,19.7,18.3,12.6,6.4,3.3,0.6
SUJ-1440,Manufactura,Cali,Doctorado,Empresa propia,Unión libre,22,6,15,2773,11.95,5.8,92,10.0,7.7,10.0,6.5,10.0,9.1,8.88,7.2,24,2.7,7.6,6.9,2,0,5.3,5.0,17,28.5,37,60,24.5,27.7,13.2,6.9,14.1,10.2,3.0,0.4
SUJ-1441,Salud/Farma,Monterrey,Doctorado,Franquicia,Soltero,26,4,8,698,5.14,22.9,70,6.1,4.1,5.4,5.0,8.0,9.5,6.35,7.6,15,6.3,10.0,9.9,1,0,4.6,4.3,44,32.0,56,61,18.3,22.7,12.9,17.4,12.7,7.9,7.1,1.0
SUJ-1442,Tecnología,Caracas,Maestría,Startup escalada,Soltero,22,5,14,5352,1.27,34.3,55,4.5,4.4,5.8,4.4,5.6,6.2,5.15,10.0,26,8.8,7.2,6.7,1,1,3.0,3.2,6,22.9,66,75,31.1,26.1,17.9,10.7,2.9,6.7,3.4,1.2
SUJ-1443,Manufactura,Buenos Aires,Universitario,Empresa propia,Soltero,33,4,7,500,4.7,35.3,81,7.5,6.0,7.2,5.0,9.8,7.4,7.15,7.7,24,10.0,7.0,4.6,1,1,6.1,3.2,10,26.6,62,61,11.9,18.3,29.9,12.2,20.7,4.3,1.3,1.4
SUJ-1444,Retail/Comercio,Santiago,Posgrado,Franquicia,Soltero,26,7,19,51879,26.84,38.9,76,10.0,5.4,8.1,6.7,9.7,5.8,7.62,6.5,29,6.3,9.5,8.5,1,2,5.3,1.6,4,34.2,33,60,23.7,14.3,16.1,17.4,13.3,8.2,3.3,3.7
SUJ-1445,Servicios,São Paulo,Maestría,Empresa familiar,Soltero,26,7,13,3549,2.4,12.3,80,8.0,7.6,8.3,4.6,8.5,6.1,7.18,6.8,34,3.9,5.6,10.0,2,5,5.5,3.6,3,20.0,50,59,12.5,18.9,18.1,13.9,18.8,8.5,7.9,1.4
SUJ-1446,Tecnología,Buenos Aires,Doctorado,Empresa propia,Casado,29,5,9,25425,1.71,35.0,91,8.9,7.7,8.6,6.7,9.0,7.6,8.08,6.9,10,8.9,6.2,7.7,3,2,5.6,0.1,28,24.8,36,54,29.8,20.6,10.7,6.3,13.8,9.3,6.0,3.5
SUJ-1447,Manufactura,Bogotá,Universitario,Empresa propia,Soltero,26,6,8,11866,1.72,19.4,69,7.6,6.6,10.0,6.7,9.4,6.7,7.83,8.8,26,8.0,8.8,6.2,2,3,6.5,1.5,48,28.7,38,46,24.9,9.5,16.6,18.5,17.3,9.2,1.5,2.5
SUJ-1448,Servicios,Cali,Maestría,Startup escalada,Unión libre,27,1,8,4238,1.93,12.3,58,6.6,5.8,4.5,4.4,8.9,3.2,5.57,9.0,28,6.8,6.5,6.7,3,4,7.2,4.4,11,20.0,62,74,28.6,17.4,20.2,5.9,13.8,6.3,5.2,2.6
SUJ-1449,Agroindustria,Medellín,Universitario,Startup escalada,Unión libre,27,3,8,1007,2.1,20.2,80,7.8,5.5,6.6,4.8,10.0,7.8,7.08,6.1,27,5.1,7.5,5.8,0,6,6.4,3.6,8,20.9,41,59,24.2,15.9,26.4,19.8,2.8,7.1,1.2,2.6
SUJ-1450,Manufactura,Lima,Técnico,Franquicia,Soltero,25,6,7,2166,3.24,47.5,76,6.6,7.9,8.9,6.4,8.4,5.9,7.35,7.5,27,4.2,9.1,10.0,1,1,5.4,2.9,11,26.2,54,70,23.8,23.4,20.6,13.5,3.2,8.9,5.9,0.7
SUJ-1451,Retail/Comercio,CDMX,Universitario,E-commerce,Unión libre,20,13,16,8943,5.07,37.7,68,6.7,5.3,7.4,6.4,7.0,6.8,6.6,6.2,19,6.5,7.7,6.1,1,1,5.5,3.8,2,27.5,44,61,27.3,16.5,11.6,17.4,15.4,7.0,4.5,0.3
SUJ-1452,Manufactura,Medellín,Maestría,Startup escalada,Casado,36,9,8,14172,11.31,35.4,59,6.3,6.8,5.0,5.4,4.8,6.2,5.75,6.6,11,7.1,10.0,7.9,1,0,5.8,0.3,14,35.0,61,67,20.7,10.2,17.3,19.0,15.3,15.1,1.9,0.5
SUJ-1453,Servicios,Monterrey,Universitario,Holding,Casado,20,3,5,31075,4.4,22.0,77,6.2,6.1,9.4,6.7,9.9,8.2,7.75,8.2,7,5.7,7.8,7.0,0,0,3.9,6.6,3,19.2,45,55,20.8,25.1,15.4,9.9,12.8,11.4,3.3,1.3
SUJ-1454,Manufactura,Cali,Posgrado,Empresa propia,Soltero,35,13,19,1134,14.09,61.8,84,8.4,5.4,8.2,5.5,7.5,8.3,7.22,8.0,33,6.8,6.3,9.4,0,2,4.5,2.3,3,30.9,53,71,16.4,16.1,25.9,10.7,14.7,8.6,4.6,3.0
SUJ-1455,Tecnología,Lima,Doctorado,Empresa propia,Soltero,28,7,14,1356,2.07,54.0,51,6.0,3.4,5.7,7.2,5.4,4.7,5.4,6.5,22,6.3,9.0,7.4,1,1,4.3,3.4,15,32.2,64,65,30.0,9.9,18.9,22.4,14.6,2.1,1.4,0.7
SUJ-1456,Agroindustria,Buenos Aires,Universitario,Franquicia,Soltero,22,2,7,500,1.0,29.5,73,6.8,7.5,6.4,7.1,7.7,6.2,6.95,10.0,26,9.8,6.1,6.5,2,1,5.3,3.8,62,28.6,45,63,37.4,13.0,12.3,11.2,9.1,12.7,2.3,2.0
SUJ-1457,Manufactura,Cali,Posgrado,Startup escalada,Casado,29,6,14,2412,1.0,40.2,80,9.5,7.5,8.4,5.3,9.4,6.3,7.73,8.4,24,8.0,10.0,10.0,1,1,5.7,2.7,11,24.0,54,63,20.5,17.1,25.4,8.7,11.2,9.3,5.2,2.6
SUJ-1458,Manufactura,Buenos Aires,Universitario,Startup escalada,Soltero,30,10,13,13765,2.18,24.1,97,9.8,7.0,7.4,7.6,7.2,10.0,8.17,9.0,20,10.0,7.0,6.3,0,0,6.9,2.4,179,28.8,43,61,23.8,18.7,23.9,8.0,12.6,7.8,3.3,1.9
SUJ-1459,Tecnología,Santiago,Universitario,Empresa familiar,Casado,36,2,10,1767,3.45,55.3,73,6.6,6.6,6.2,6.0,8.3,8.6,7.05,7.4,33,4.2,10.0,8.3,1,1,3.3,3.1,40,36.9,47,60,32.4,20.3,16.3,2.8,9.8,12.0,4.2,2.2
SUJ-1460,Manufactura,Bogotá,Posgrado,Startup escalada,Soltero,18,3,9,6350,3.18,16.8,93,8.7,9.0,10.0,7.3,10.0,8.5,8.92,7.6,19,7.6,7.6,6.9,4,2,5.4,2.6,13,27.9,35,56,31.0,15.9,16.6,13.7,11.2,7.2,2.5,1.9
SUJ-1461,Finanzas,Bucaramanga,Doctorado,E-commerce,Soltero,25,14,19,4730,17.72,48.4,84,10.0,9.2,4.4,7.0,8.4,8.3,7.88,8.3,29,6.1,6.4,6.6,2,2,4.5,3.2,197,42.8,46,57,18.6,30.0,13.6,8.9,15.3,4.5,5.1,4.0
SUJ-1462,Manufactura,Cali,Posgrado,Franquicia,Casado,34,8,14,3154,2.04,45.3,84,7.6,7.3,7.3,6.5,9.9,8.2,7.8,7.7,21,7.1,8.9,5.6,1,4,5.4,5.2,1,23.7,37,54,29.3,21.6,13.0,7.9,7.1,17.1,3.1,0.9
SUJ-1463,Tecnología,Monterrey,Maestría,Startup escalada,Casado,30,5,9,7705,3.82,68.7,61,5.7,5.9,7.2,5.7,6.7,7.9,6.52,8.4,0,5.1,10.0,6.7,4,6,5.8,2.1,43,37.9,47,60,31.2,13.2,23.2,13.5,9.8,6.3,2.8,-0.0
SUJ-1464,Manufactura,Buenos Aires,Técnico,Holding,Soltero,28,6,7,5582,6.61,34.4,106,9.3,8.4,10.0,9.0,10.0,9.6,9.38,8.7,16,4.1,9.2,7.9,1,1,5.5,2.9,72,35.1,24,63,19.3,18.6,16.5,19.8,15.2,5.9,3.4,1.3
SUJ-1465,Salud/Farma,Medellín,Universitario,E-commerce,Soltero,34,8,10,3260,1.64,39.4,73,7.6,6.3,7.5,6.3,8.0,4.8,6.75,5.4,33,3.9,6.7,5.7,3,1,6.1,1.4,8,19.7,57,61,29.9,19.9,14.2,9.3,8.3,11.0,5.6,1.8
SUJ-1466,Tecnología,Santiago,Posgrado,Empresa propia,Unión libre,24,6,7,9339,2.12,51.9,75,7.9,7.2,8.6,5.1,7.3,8.2,7.38,7.5,13,8.5,8.7,9.0,1,2,5.7,2.3,102,35.8,43,62,28.1,14.1,15.9,13.9,18.5,7.0,1.4,1.1
SUJ-1467,Salud/Farma,Monterrey,Bachillerato,Startup escalada,Casado,17,12,17,2627,8.49,40.0,73,8.5,4.9,8.2,7.3,8.8,5.6,7.22,6.0,29,5.1,3.8,7.9,1,1,4.7,0.0,6,22.7,53,60,33.7,17.1,9.7,10.2,14.2,7.9,4.4,2.8
SUJ-1468,Retail/Comercio,CDMX,Universitario,Franquicia,Soltero,23,7,15,8244,2.67,26.3,89,7.9,8.3,7.5,6.7,9.8,10.0,8.37,5.9,25,6.9,9.6,5.7,2,1,4.1,3.8,13,30.5,34,58,24.6,27.2,12.3,12.2,7.6,14.4,0.5,1.2
SUJ-1469,Servicios,Bucaramanga,Posgrado,Empresa propia,Soltero,38,9,20,25218,4.88,4.0,99,10.0,7.6,8.7,7.7,10.0,8.3,8.72,8.7,23,2.0,8.2,7.9,3,1,4.8,3.7,26,27.5,27,57,27.0,22.0,11.4,17.5,11.6,7.1,0.7,2.7
SUJ-1470,Inmuebles,Santiago,Bachillerato,E-commerce,Soltero,27,7,11,10443,9.76,57.4,81,8.9,5.9,8.0,5.7,10.0,8.5,7.83,8.0,24,4.8,5.4,8.3,0,2,5.8,1.9,10,33.6,54,63,27.2,12.2,22.2,14.3,10.2,8.8,1.9,3.2
SUJ-1471,Manufactura,Bogotá,Universitario,Holding,Soltero,20,7,12,4335,2.59,21.9,67,6.6,4.9,9.6,7.0,7.6,6.6,7.05,8.8,28,6.7,8.0,8.4,1,0,6.5,5.5,8,23.9,39,67,23.1,20.3,18.0,10.5,10.6,8.7,5.1,3.7
SUJ-1472,Inmuebles,Bucaramanga,Posgrado,Empresa propia,Casado,34,10,23,11012,72.15,46.5,95,10.0,10.0,9.5,6.4,10.0,8.9,9.13,7.4,25,5.0,8.1,7.5,2,1,6.8,3.4,7,46.9,22,58,23.6,27.1,20.5,11.8,7.5,6.6,2.9,0.0
SUJ-1473,Servicios,São Paulo,Posgrado,Startup escalada,Casado,31,10,15,13253,5.31,17.0,55,8.5,6.7,5.7,4.4,5.9,6.6,6.3,7.4,12,4.7,10.0,8.7,1,2,6.8,2.6,11,30.4,49,74,22.9,18.8,9.2,19.7,11.6,9.5,6.3,2.0
SUJ-1474,Retail/Comercio,Buenos Aires,Doctorado,Empresa propia,Casado,26,1,5,3154,5.11,4.0,63,7.4,4.5,4.7,8.4,8.1,6.7,6.63,8.2,33,7.7,8.4,6.8,1,1,5.4,0.0,65,28.9,40,63,24.9,15.4,14.0,18.1,15.3,7.9,3.7,0.7
SUJ-1475,Finanzas,São Paulo,Posgrado,Empresa propia,Soltero,29,7,13,9769,1.84,47.1,54,8.1,5.3,5.3,2.2,5.3,5.3,5.25,8.6,41,5.6,8.8,6.9,3,5,5.1,1.0,147,29.0,54,85,25.4,19.4,15.6,12.8,14.8,6.9,1.9,3.2
SUJ-1476,Manufactura,Monterrey,Universitario,Franquicia,Unión libre,19,14,19,4558,2.39,4.0,67,5.8,6.2,6.3,4.2,7.8,6.5,6.13,6.3,9,6.6,9.0,6.7,1,2,7.0,4.5,1,20.5,63,52,27.4,20.1,17.7,5.5,15.1,8.7,3.5,2.0
SUJ-1477,Inmuebles,CDMX,Doctorado,Holding,Soltero,23,5,9,13652,2.33,42.3,86,6.2,9.5,9.2,8.0,8.8,6.9,8.1,8.0,17,5.9,8.3,6.1,1,3,5.8,0.7,42,32.2,35,53,38.5,16.0,14.7,9.4,6.6,10.5,0.6,3.7
SUJ-1478,Inmuebles,Caracas,Maestría,Empresa familiar,Unión libre,25,8,9,2800,5.66,28.5,69,7.9,5.5,6.1,5.6,8.3,7.2,6.77,6.8,38,7.8,8.5,7.5,2,1,6.7,4.5,6,25.1,41,52,28.7,21.1,19.3,11.1,12.6,2.9,4.2,0.1
SUJ-1479,Inmuebles,Barranquilla,Universitario,Startup escalada,Soltero,32,11,23,22214,208.21,48.8,73,9.5,3.4,7.4,6.5,7.3,7.8,6.98,6.8,16,3.2,7.9,9.2,1,2,5.4,1.9,69,51.2,53,54,27.5,18.0,11.6,18.8,13.6,5.5,3.8,1.2
SUJ-1480,Retail/Comercio,Caracas,Técnico,Empresa familiar,Soltero,22,2,10,6841,1.77,31.7,77,6.2,6.4,7.8,4.3,9.1,10.0,7.3,8.6,27,8.6,9.6,5.7,1,0,5.7,2.2,51,27.0,44,67,21.1,13.0,13.5,16.3,14.7,12.8,7.7,0.9
SUJ-1481,Inmuebles,Bogotá,Posgrado,Empresa propia,Casado,25,5,17,3487,2.84,17.3,69,8.7,5.7,7.2,5.2,7.9,7.2,6.98,7.7,21,7.5,4.7,10.0,1,0,3.4,3.1,5,17.6,56,65,6.1,22.7,23.5,26.1,10.1,1.5,4.6,5.4
SUJ-1482,Tecnología,São Paulo,Posgrado,Empresa propia,Soltero,34,1,10,4349,2.72,61.8,57,5.7,5.8,5.2,4.5,8.3,5.9,5.9,7.5,36,7.2,7.9,5.4,2,5,5.5,2.5,8,28.3,59,61,36.6,14.0,11.7,17.2,8.5,10.7,0.0,1.3
SUJ-1483,Retail/Comercio,Lima,Maestría,E-commerce,Casado,41,7,13,3419,9.31,6.6,50,6.6,5.8,4.8,4.3,4.3,4.2,5.0,4.9,19,7.5,10.0,8.3,1,3,5.8,3.3,11,24.0,58,60,33.8,19.9,15.1,2.0,14.4,8.1,6.7,0.0
SUJ-1484,Tecnología,Buenos Aires,Maestría,Empresa propia,Casado,20,8,8,1264,9.74,48.1,90,9.4,9.0,9.0,7.0,8.6,8.3,8.55,6.8,5,3.9,7.7,10.0,2,1,5.3,3.9,47,36.5,26,45,32.1,20.5,15.2,3.1,14.4,7.5,4.8,2.4
SUJ-1485,Finanzas,Barranquilla,Posgrado,Startup escalada,Soltero,26,9,12,567,1.0,22.0,64,7.3,7.1,5.8,2.4,6.8,6.7,6.02,8.2,28,6.7,6.3,10.0,2,0,5.7,3.2,17,15.3,62,64,35.6,13.6,16.8,10.9,9.3,4.9,6.8,2.1
SUJ-1486,Finanzas,Cali,Doctorado,Holding,Casado,17,13,18,3106,7.62,53.0,63,7.5,6.5,4.1,4.9,7.6,5.4,6.0,8.6,33,7.0,6.8,8.8,2,3,4.5,3.0,6,30.8,50,75,34.1,18.6,21.9,2.1,2.7,9.8,6.8,4.0
SUJ-1487,Finanzas,Caracas,Posgrado,Empresa familiar,Soltero,25,7,10,4910,1.0,51.6,52,5.7,6.2,6.0,6.3,6.9,6.5,6.27,7.2,26,4.7,9.5,9.1,2,0,3.0,1.2,9,26.0,61,64,30.7,25.8,17.3,2.4,12.9,2.0,5.8,3.1
SUJ-1488,Manufactura,CDMX,Técnico,Empresa propia,Soltero,24,2,2,3593,1.63,26.6,70,6.7,4.3,4.3,5.2,8.6,6.9,6.0,7.0,14,7.6,8.8,7.2,1,3,6.1,3.1,45,29.1,52,70,31.3,12.6,12.0,26.7,9.9,5.0,0.5,2.0
SUJ-1489,Finanzas,Caracas,Maestría,E-commerce,Unión libre,33,3,6,500,3.26,35.0,80,8.5,6.5,7.6,5.0,9.0,8.7,7.55,5.5,19,6.2,9.8,8.9,2,1,4.1,2.1,57,28.8,27,51,37.9,19.7,9.6,13.8,12.9,1.4,2.1,2.6
SUJ-1490,Retail/Comercio,Medellín,Universitario,E-commerce,Unión libre,18,4,9,6921,2.14,47.3,67,6.7,5.9,5.3,4.6,7.6,5.9,6.0,6.6,25,9.0,10.0,7.7,1,1,7.0,2.0,2,25.8,48,49,26.6,13.0,17.6,16.7,16.3,7.0,2.7,0.1
SUJ-1491,Finanzas,Lima,Maestría,Empresa propia,Soltero,18,7,19,1251,10.6,60.8,77,7.2,7.2,7.2,7.6,8.0,8.0,7.53,7.2,28,7.6,8.4,7.3,0,0,5.5,4.5,22,35.8,60,58,30.4,22.4,11.7,13.1,9.8,6.0,4.2,2.4
SUJ-1492,Finanzas,Monterrey,Doctorado,E-commerce,Casado,35,16,20,1895,8.24,51.4,46,5.9,3.6,7.6,0.7,6.7,4.9,4.9,7.6,30,7.6,8.4,7.4,3,3,7.2,1.6,3,31.5,57,72,39.4,19.1,10.8,16.3,2.1,8.2,1.9,2.2
SUJ-1493,Finanzas,CDMX,Posgrado,Franquicia,Soltero,22,6,14,1029,1.0,40.0,75,6.9,5.6,8.3,6.7,7.5,9.1,7.35,8.4,20,5.0,5.6,7.6,4,2,4.2,6.3,30,23.1,42,67,26.6,15.4,5.7,22.6,9.7,17.3,2.4,0.3
SUJ-1494,Tecnología,Bucaramanga,Posgrado,Franquicia,Casado,27,12,15,5878,4.15,47.5,67,6.9,5.4,6.0,5.8,8.1,6.9,6.52,8.6,27,9.4,7.7,8.1,1,3,5.0,6.4,16,31.7,47,68,26.4,15.9,15.3,16.2,15.7,6.3,2.0,2.2
SUJ-1495,Manufactura,Santiago,Universitario,Empresa propia,Unión libre,27,6,11,799,3.41,24.6,53,5.3,5.5,3.9,3.4,6.7,4.2,4.83,5.1,15,6.4,6.7,5.1,1,1,4.9,5.2,30,29.0,62,70,28.0,20.7,12.1,12.0,15.2,7.7,3.0,1.3
SUJ-1496,Manufactura,Bucaramanga,Universitario,Empresa propia,Soltero,21,2,8,2369,1.15,9.4,50,7.5,0.3,2.9,8.2,4.5,5.2,4.77,7.5,38,5.8,5.2,9.4,2,1,6.7,3.9,4,12.4,55,78,25.0,16.7,11.1,23.2,9.7,8.3,4.6,1.4
SUJ-1497,Manufactura,São Paulo,Universitario,E-commerce,Casado,21,4,16,4807,1.13,36.7,61,6.6,5.4,4.5,6.2,7.6,4.3,5.77,7.0,3,8.1,8.3,7.6,2,2,4.8,3.1,147,32.7,56,61,37.1,16.5,14.9,8.6,8.8,10.7,1.6,1.8
SUJ-1498,Retail/Comercio,Bucaramanga,Posgrado,Empresa propia,Soltero,32,4,2,1468,4.81,46.0,56,4.3,4.2,4.7,4.9,9.7,6.4,5.7,7.8,41,5.0,6.3,5.7,1,2,5.2,1.3,48,27.4,47,59,27.2,18.6,23.5,2.3,11.0,9.8,5.1,2.5
SUJ-1499,Finanzas,Cali,Maestría,Empresa propia,Soltero,30,6,9,4728,6.49,72.0,77,9.5,5.5,5.8,7.5,10.0,9.4,7.95,7.9,7,9.5,8.4,8.4,1,2,4.6,0.0,17,36.8,23,53,38.2,12.2,18.1,14.2,3.1,8.2,4.1,1.9
SUJ-1500,Servicios,São Paulo,Posgrado,Empresa propia,Unión libre,25,8,15,3357,1.01,17.3,78,5.7,7.1,8.2,6.9,9.9,8.1,7.65,5.6,17,10.0,6.6,9.2,3,1,6.0,2.3,100,20.7,52,47,23.9,21.0,11.3,17.1,9.0,9.2,5.3,3.2
SUJ-1501,Retail/Comercio,Bogotá,Universitario,Empresa propia,Soltero,25,4,11,15763,2.79,47.7,75,10.0,6.6,7.3,6.4,9.1,7.9,7.88,10.0,6,3.0,9.5,5.8,0,2,4.1,2.9,184,39.0,28,69,28.8,25.1,9.0,17.5,8.8,4.8,5.1,0.9
SUJ-1502,Retail/Comercio,Medellín,Universitario,Franquicia,Soltero,27,10,12,12674,1.71,48.5,77,7.9,6.9,9.8,6.3,7.3,8.2,7.73,8.0,27,10.0,8.1,8.8,3,3,6.2,1.2,9,24.1,39,62,31.8,2.8,12.4,19.1,14.8,11.8,4.7,2.6
SUJ-1503,Tecnología,Lima,Maestría,Empresa propia,Casado,28,11,17,39530,19.33,43.6,51,5.3,5.0,4.1,3.6,6.8,4.5,4.88,6.2,26,6.5,8.9,6.7,3,2,5.0,1.3,12,39.7,68,47,27.9,20.3,21.3,9.5,9.6,7.2,1.7,2.5
SUJ-1504,Finanzas,Bogotá,Universitario,E-commerce,Soltero,33,6,12,6021,4.57,34.0,79,7.6,8.6,7.2,7.5,10.0,7.0,7.98,6.8,16,4.1,7.5,7.7,1,2,5.8,1.8,47,28.6,45,45,32.2,20.9,23.2,9.9,6.9,4.6,1.4,0.9
SUJ-1505,Finanzas,CDMX,Posgrado,Holding,Soltero,25,10,21,6852,204.85,63.3,81,6.9,8.4,5.4,6.1,8.3,8.7,7.3,5.8,9,3.4,8.5,7.8,1,2,4.3,2.6,2,54.2,42,53,23.7,14.3,15.1,20.3,14.5,5.2,5.9,1.0
SUJ-1506,Finanzas,Bucaramanga,Maestría,Holding,Unión libre,28,1,8,23446,3.14,40.4,76,7.7,4.7,7.6,7.4,6.8,7.4,6.93,7.2,32,1.0,7.7,7.3,0,2,4.6,1.2,8,27.6,38,58,29.7,19.9,15.6,9.9,13.7,8.0,3.0,0.2
SUJ-1507,Manufactura,Cali,Posgrado,Startup escalada,Casado,30,1,7,4081,8.78,14.5,71,7.0,5.5,4.4,7.1,9.0,9.8,7.13,7.4,19,3.8,7.9,6.9,1,1,4.9,6.2,6,20.7,50,61,7.7,25.3,27.2,18.2,8.8,4.6,5.3,2.9
SUJ-1508,Retail/Comercio,Caracas,Universitario,Franquicia,Casado,30,10,14,6489,4.56,39.8,62,6.6,5.1,4.8,6.3,6.4,8.2,6.23,8.2,23,6.7,8.5,8.2,0,1,5.8,2.8,23,28.2,54,70,32.7,18.7,14.5,11.4,11.8,10.3,0.7,-0.1
SUJ-1509,Manufactura,Caracas,Maestría,E-commerce,Soltero,34,5,13,3812,1.82,5.4,77,8.9,4.6,7.5,5.5,7.4,6.8,6.78,6.8,12,4.3,6.1,5.5,0,3,3.9,3.0,4,11.9,69,65,29.3,17.9,15.5,16.1,6.6,10.8,1.6,2.2
SUJ-1510,Inmuebles,São Paulo,Técnico,Startup escalada,Casado,25,15,20,6314,1.96,25.5,67,7.4,9.4,2.6,4.3,8.1,6.0,6.3,10.0,29,4.0,8.8,7.0,1,5,4.5,6.1,5,22.6,65,69,31.1,19.5,14.0,10.3,7.0,11.3,5.8,1.0
SUJ-1511,Inmuebles,CDMX,Doctorado,Franquicia,Unión libre,22,6,10,673,1.0,5.6,85,7.0,7.3,7.2,6.5,10.0,6.7,7.45,6.5,19,4.4,6.5,4.6,3,1,7.5,3.3,159,22.5,55,59,22.8,20.1,18.6,15.2,11.2,3.4,7.5,1.2
SUJ-1512,Inmuebles,Santiago,Técnico,Holding,Soltero,23,3,6,12252,4.27,19.9,76,6.6,5.0,6.8,5.9,8.6,6.7,6.6,6.6,25,5.6,5.5,6.5,2,3,5.7,3.8,181,34.4,47,67,37.1,17.9,14.1,11.2,3.6,9.6,5.6,0.9
SUJ-1513,Agroindustria,Medellín,Bachillerato,Franquicia,Soltero,29,13,18,33748,1.0,10.1,70,7.5,7.5,8.2,5.1,8.9,6.8,7.33,7.4,15,5.0,10.0,5.9,2,0,5.5,5.5,123,27.1,28,65,22.5,8.9,24.1,16.5,9.7,14.5,3.8,-0.0
SUJ-1514,Tecnología,Lima,Maestría,Franquicia,Soltero,25,9,17,544,1.0,41.9,68,7.6,6.1,7.6,6.7,9.3,7.3,7.43,6.3,26,4.6,6.8,6.6,2,1,5.8,6.8,2,20.3,50,68,16.0,19.0,15.7,13.3,20.7,10.6,2.7,2.0
SUJ-1515,Tecnología,Santiago,Universitario,Startup escalada,Soltero,39,13,17,12917,8.75,46.4,70,7.4,5.1,7.0,6.7,8.5,7.0,6.95,8.6,20,8.5,10.0,7.6,1,0,3.3,5.7,13,36.2,47,60,29.2,17.5,18.7,17.5,11.0,1.2,3.3,1.6
SUJ-1516,Tecnología,São Paulo,Maestría,Empresa propia,Soltero,26,4,10,2213,1.0,23.6,70,7.9,7.0,5.9,6.5,8.6,9.6,7.58,5.9,5,8.8,8.8,8.4,1,2,4.9,0.0,13,17.5,39,48,26.8,16.2,23.5,14.5,11.1,7.1,0.0,0.8
SUJ-1517,Manufactura,Cali,Maestría,Empresa propia,Unión libre,20,8,12,1760,2.97,10.7,71,7.6,7.4,6.7,7.5,7.7,8.3,7.53,8.3,25,0.0,9.8,10.0,0,1,5.5,0.2,169,32.4,43,62,30.6,24.7,14.3,14.0,6.8,4.7,3.9,1.0
SUJ-1518,Servicios,Medellín,Maestría,Empresa propia,Unión libre,27,3,10,9456,6.22,40.9,55,6.4,5.9,6.8,4.9,8.8,6.5,6.55,7.1,28,6.0,6.9,8.0,1,0,4.5,5.3,34,33.3,44,62,27.6,23.1,7.8,7.8,16.0,9.8,5.7,2.2
SUJ-1519,Finanzas,CDMX,Doctorado,Empresa propia,Casado,35,1,7,500,14.74,52.3,76,9.0,7.2,7.9,4.5,9.1,8.3,7.67,10.0,12,6.1,5.9,5.1,1,2,5.0,0.4,2,34.4,41,70,18.5,24.2,11.5,20.1,12.1,9.0,2.8,1.8
SUJ-1520,Agroindustria,Bucaramanga,Universitario,Empresa propia,Casado,21,10,13,4977,3.97,12.1,75,10.0,5.5,9.3,7.7,8.9,5.1,7.75,6.4,36,2.0,6.1,6.5,2,2,6.0,1.8,34,26.0,40,50,29.6,15.5,19.7,11.1,15.9,3.2,3.3,1.7
SUJ-1521,Tecnología,Bucaramanga,Maestría,E-commerce,Casado,20,5,14,500,1.0,43.2,56,6.4,3.0,5.9,5.3,6.4,3.2,5.03,9.5,12,5.3,9.4,6.1,0,3,5.4,3.4,5,27.2,53,70,22.7,28.8,16.2,9.4,12.8,6.2,2.3,1.6
SUJ-1522,Agroindustria,Buenos Aires,Técnico,Startup escalada,Casado,24,3,4,6466,1.0,30.0,75,10.0,4.9,7.7,7.3,7.6,7.5,7.5,7.8,27,5.4,7.3,5.5,4,2,3.5,7.0,14,21.4,48,63,29.2,20.6,11.4,9.8,13.8,9.4,3.9,1.9
SUJ-1523,Finanzas,Bucaramanga,Universitario,Startup escalada,Soltero,22,1,11,4960,1.0,49.3,72,7.5,5.6,5.6,6.3,7.3,8.4,6.78,8.3,39,7.4,7.5,9.5,1,1,4.7,6.9,9,24.0,49,56,27.4,17.7,19.1,17.4,10.3,5.4,0.6,2.1
SUJ-1524,Tecnología,Barranquilla,Maestría,Empresa propia,Soltero,17,7,14,19766,1.94,36.7,61,6.7,3.2,6.0,4.2,6.8,5.8,5.45,5.2,42,4.8,5.7,8.0,5,3,4.9,1.4,23,24.5,58,59,29.5,19.4,14.3,12.9,10.8,7.2,4.4,1.5
SUJ-1525,Retail/Comercio,Bucaramanga,Universitario,Empresa familiar,Soltero,17,7,15,10191,2.69,20.9,80,10.0,9.1,8.0,4.7,8.9,8.4,8.18,7.3,11,3.6,6.9,8.4,3,5,4.6,0.8,35,30.4,37,57,21.4,17.6,23.6,12.4,7.8,10.1,5.3,1.8
SUJ-1526,Finanzas,Barranquilla,Posgrado,E-commerce,Soltero,27,5,5,1077,7.12,30.8,90,8.8,6.2,8.4,8.1,10.0,9.7,8.53,7.1,30,9.4,7.5,5.2,0,2,6.0,5.8,24,29.6,29,59,36.8,24.0,12.2,8.4,6.6,6.6,0.6,4.8
SUJ-1527,Finanzas,Monterrey,Posgrado,Franquicia,Soltero,30,4,10,3502,3.55,38.4,65,4.8,5.5,9.1,4.7,5.6,8.0,6.28,8.7,18,5.4,7.8,8.0,0,1,6.3,5.6,8,28.6,69,64,33.7,13.7,18.5,8.4,14.7,6.7,2.4,1.9
SUJ-1528,Finanzas,Barranquilla,Posgrado,Startup escalada,Soltero,21,10,21,21456,311.04,57.7,74,7.0,6.6,5.5,7.2,9.8,6.9,7.17,6.9,13,5.2,8.3,8.7,2,5,4.5,0.0,18,62.2,60,58,47.1,4.9,18.3,2.4,16.2,8.1,3.0,0.0
SUJ-1529,Inmuebles,Medellín,Doctorado,Holding,Soltero,25,1,6,10337,2.21,39.9,89,9.9,8.9,7.9,4.2,9.4,8.4,8.12,9.9,25,2.6,7.1,7.8,4,1,4.7,2.0,4,24.1,23,70,29.4,13.8,20.1,9.7,12.3,8.0,5.1,1.6
SUJ-1530,Retail/Comercio,Santiago,Bachillerato,Holding,Soltero,27,9,15,7216,3.45,42.8,43,5.7,4.8,7.2,4.7,7.4,4.5,5.72,7.1,32,5.3,6.8,7.0,1,2,5.6,1.8,12,28.5,62,71,19.2,20.7,18.3,8.3,14.8,12.5,4.9,1.3
SUJ-1531,Finanzas,Medellín,Posgrado,Empresa propia,Casado,19,8,10,6550,8.7,50.1,98,8.6,8.3,10.0,8.1,10.0,8.6,8.93,4.5,21,6.9,10.0,9.7,1,3,5.7,4.1,7,40.7,32,55,25.7,30.2,9.4,8.7,18.8,5.6,1.0,0.6
SUJ-1532,Manufactura,Santiago,Maestría,Franquicia,Soltero,31,2,3,4061,3.84,4.0,73,5.2,9.3,7.5,7.8,8.6,7.6,7.67,6.9,7,5.8,6.4,9.4,2,2,5.9,6.8,1,18.6,55,56,25.7,17.6,6.1,18.3,17.4,6.7,7.0,1.2
SUJ-1533,Inmuebles,Buenos Aires,Universitario,Startup escalada,Casado,27,1,8,7039,1.87,14.3,83,7.8,9.1,6.2,5.9,10.0,6.9,7.65,7.6,9,3.8,6.5,7.4,4,1,4.8,2.1,21,32.7,47,48,28.8,11.8,18.0,10.5,10.8,13.2,4.6,2.3
SUJ-1534,Finanzas,Monterrey,Bachillerato,E-commerce,Soltero,29,9,13,11815,4.65,54.7,49,7.1,5.1,5.7,4.2,7.8,7.0,6.15,8.3,30,5.3,8.8,8.1,0,0,5.0,0.3,6,26.2,51,60,26.8,19.9,12.2,11.8,14.7,8.7,4.6,1.3
SUJ-1535,Retail/Comercio,Santiago,Posgrado,Holding,Casado,30,2,6,1091,1.0,29.8,54,5.8,5.4,5.5,6.6,6.6,5.7,5.93,7.2,27,5.4,4.9,7.4,3,2,4.7,3.2,3,16.9,68,66,28.5,18.0,19.0,14.3,7.2,8.9,1.3,2.8
SUJ-1536,Tecnología,Santiago,Universitario,E-commerce,Unión libre,40,13,19,28007,15.08,36.2,59,6.2,5.2,7.7,6.7,8.7,6.0,6.75,10.0,27,5.9,6.8,5.1,2,4,5.1,5.3,86,38.2,43,68,32.4,16.6,20.7,10.4,6.8,10.1,2.0,1.0
SUJ-1537,Tecnología,Cali,Técnico,Startup escalada,Casado,19,15,23,2188,17.5,47.6,58,5.3,6.2,6.3,4.1,7.1,4.2,5.53,8.0,9,9.3,9.0,5.9,0,1,4.4,1.5,5,40.0,66,62,16.8,23.1,24.3,8.8,5.6,13.1,5.1,3.2
SUJ-1538,Manufactura,Bogotá,Maestría,Empresa propia,Casado,20,8,16,4749,5.79,51.4,41,4.7,3.6,7.1,2.3,5.4,3.2,4.38,6.8,16,7.8,10.0,5.7,2,1,5.3,4.3,94,36.1,61,49,28.4,19.0,13.8,17.1,13.2,2.9,4.7,0.9
SUJ-1539,Tecnología,Bogotá,Posgrado,E-commerce,Unión libre,36,6,12,500,3.25,65.4,56,6.8,4.2,8.8,4.8,6.6,7.2,6.4,6.3,16,8.6,5.9,8.9,1,2,5.3,2.3,7,24.1,54,53,25.0,22.5,17.0,15.0,9.9,6.1,2.7,1.8
SUJ-1540,Retail/Comercio,Cali,Doctorado,Empresa propia,Soltero,29,6,15,6394,6.73,49.4,61,6.5,7.3,6.8,6.3,5.8,10.0,7.12,9.5,10,1.3,7.5,5.7,4,2,5.7,1.8,2,31.5,51,75,29.7,19.7,10.8,12.5,14.4,8.2,3.1,1.6
SUJ-1541,Inmuebles,Bucaramanga,Maestría,Holding,Unión libre,26,1,11,3848,1.0,15.2,53,5.6,3.9,6.3,5.4,3.7,6.7,5.27,7.1,23,5.5,7.4,6.8,2,6,5.6,2.4,15,20.0,71,47,31.4,18.0,16.5,11.2,12.8,7.6,0.3,2.2
SUJ-1542,Tecnología,Cali,Posgrado,Holding,Casado,23,6,12,2298,2.03,75.8,92,10.0,7.6,8.5,6.8,9.2,8.6,8.45,8.2,15,6.9,7.0,8.0,0,1,6.1,1.8,25,34.4,29,65,24.5,19.8,12.2,18.7,11.0,6.5,4.7,2.6
SUJ-1543,Manufactura,Caracas,Bachillerato,Empresa propia,Casado,24,5,17,33882,4.2,17.5,81,7.3,6.4,5.6,9.1,9.3,7.3,7.5,9.1,20,5.0,8.0,6.6,2,2,4.8,0.1,38,27.9,42,63,28.0,14.2,14.7,15.0,9.3,7.4,7.9,3.5
SUJ-1544,Finanzas,Santiago,Universitario,Holding,Soltero,24,4,6,4470,1.93,70.1,62,7.2,5.5,4.3,4.7,7.9,5.1,5.78,6.7,14,4.5,6.9,8.9,0,0,5.8,4.6,6,29.0,67,56,32.9,6.5,16.9,20.7,16.2,1.1,5.3,0.4
SUJ-1545,Salud/Farma,Santiago,Universitario,Franquicia,Casado,17,8,9,4279,1.0,31.7,80,7.8,7.1,9.1,6.8,6.9,6.1,7.3,6.9,10,7.0,7.2,7.4,0,2,4.7,3.5,6,21.4,45,57,23.6,19.1,16.7,19.7,7.7,8.0,2.1,3.1
SUJ-1546,Retail/Comercio,Cali,Maestría,Empresa propia,Casado,31,7,18,4975,13.53,37.2,77,10.0,6.6,9.5,4.5,9.2,8.1,7.98,9.5,10,5.4,8.9,5.9,2,2,3.6,2.6,31,34.2,26,68,30.3,17.1,12.2,16.2,11.6,7.1,3.8,1.7
SUJ-1547,Inmuebles,Cali,Técnico,Franquicia,Casado,17,10,14,987,4.83,41.4,49,6.7,3.5,4.7,3.3,5.0,5.5,4.78,5.9,13,5.8,6.5,10.0,2,2,4.1,4.8,26,23.1,55,58,37.4,7.4,15.5,12.5,15.7,4.9,4.7,1.9
SUJ-1548,Retail/Comercio,Caracas,Universitario,Empresa propia,Casado,20,5,2,3995,2.6,29.8,78,9.5,6.1,7.2,6.1,9.7,6.9,7.58,8.5,25,7.4,8.3,8.8,0,2,5.4,3.8,82,29.2,45,62,23.1,11.0,16.3,11.3,17.6,13.0,5.7,2.0
SUJ-1549,Tecnología,Bucaramanga,Posgrado,Franquicia,Soltero,23,9,14,3280,6.12,60.6,67,7.9,6.7,6.4,6.1,8.3,6.8,7.03,9.3,13,10.0,8.8,8.6,1,2,5.6,5.2,4,35.8,51,68,35.1,10.2,19.7,15.6,7.3,6.0,3.8,2.3
SUJ-1550,Manufactura,Medellín,Universitario,Franquicia,Soltero,38,7,17,5005,1.0,10.5,82,7.6,7.2,6.8,3.5,7.7,8.4,6.87,6.8,24,5.8,6.2,7.8,0,2,5.3,4.6,3,10.5,43,55,37.2,19.5,13.9,6.8,14.9,6.1,0.0,1.6
SUJ-1551,Agroindustria,Monterrey,Universitario,Holding,Soltero,25,9,14,15538,9.98,17.5,58,8.2,5.8,9.3,3.8,6.4,4.1,6.27,9.4,34,7.7,9.7,7.9,2,1,4.9,5.6,8,29.2,48,65,37.5,20.0,3.0,15.1,7.7,13.5,3.0,0.2
SUJ-1552,Manufactura,CDMX,Posgrado,Startup escalada,Soltero,27,6,6,1713,16.86,35.7,80,8.8,8.0,7.3,3.4,7.3,9.2,7.33,7.5,22,8.2,9.1,7.8,1,1,5.8,6.3,63,43.5,56,53,27.0,22.9,13.0,12.0,9.0,13.9,1.2,1.0
SUJ-1553,Inmuebles,Santiago,Técnico,E-commerce,Soltero,20,13,18,7486,4.44,33.2,86,8.9,7.9,9.8,4.5,10.0,10.0,8.52,6.6,9,8.7,5.8,6.4,2,4,7.7,0.0,5,26.0,42,52,18.7,23.5,15.3,14.0,12.1,7.8,6.0,2.6
SUJ-1554,Servicios,Monterrey,Bachillerato,Empresa propia,Soltero,31,1,6,500,3.31,17.2,78,7.0,5.9,4.5,8.1,8.6,7.8,6.98,6.4,17,5.0,10.0,6.6,4,2,4.2,4.0,5,24.5,52,49,20.5,18.3,28.5,7.1,11.2,9.3,4.4,0.7
SUJ-1555,Finanzas,Cali,Universitario,Empresa familiar,Soltero,43,9,14,3047,4.67,51.4,48,6.5,5.0,7.1,3.3,5.7,7.7,5.88,9.0,33,7.3,10.0,7.6,0,2,6.5,5.0,11,32.1,64,73,20.1,14.5,20.4,19.8,13.8,8.8,2.5,0.1
SUJ-1556,Tecnología,Caracas,Maestría,Holding,Soltero,28,10,13,5119,3.5,33.3,105,9.6,8.9,10.0,10.0,10.0,10.0,9.75,7.0,22,6.9,7.3,7.7,0,3,6.1,3.7,30,26.5,29,38,35.9,20.8,13.3,15.1,9.8,1.8,1.5,1.8
SUJ-1557,Manufactura,Bucaramanga,Posgrado,Empresa propia,Soltero,23,2,6,617,1.74,39.4,80,7.4,4.7,8.3,4.6,10.0,9.9,7.48,7.6,14,5.3,7.4,9.0,1,1,5.9,0.7,57,28.8,42,51,26.1,18.5,19.3,10.8,14.4,7.3,3.6,0.0
SUJ-1558,Retail/Comercio,Barranquilla,Universitario,Startup escalada,Unión libre,17,14,23,6281,2.35,4.0,69,7.6,3.9,8.0,6.6,8.0,6.8,6.82,7.9,17,5.6,7.2,6.5,0,3,5.7,3.8,7,28.9,52,49,27.4,25.5,9.9,9.0,12.0,10.2,3.9,2.1
SUJ-1559,Servicios,Bucaramanga,Posgrado,Empresa propia,Casado,30,7,11,2972,1.02,21.8,81,7.3,7.4,9.3,6.6,9.7,9.3,8.27,5.0,36,6.3,7.9,10.0,0,1,4.4,4.6,134,24.4,36,53,29.0,19.5,12.8,15.1,11.7,6.8,4.6,0.5
SUJ-1560,Servicios,Lima,Universitario,E-commerce,Casado,20,6,13,39480,3.34,32.7,101,8.9,7.5,10.0,7.6,10.0,10.0,9.0,7.2,32,4.0,6.2,8.7,2,3,4.1,0.9,5,24.5,24,64,26.0,8.7,19.6,15.6,16.4,9.6,3.2,0.9
SUJ-1561,Finanzas,Lima,Doctorado,Franquicia,Soltero,21,8,15,7975,4.94,49.2,53,4.9,4.3,5.5,2.6,6.2,4.8,4.72,8.8,21,6.4,7.4,7.9,0,1,5.1,3.2,22,31.7,63,77,23.5,17.3,13.0,18.5,9.9,12.7,2.9,2.2
SUJ-1562,Finanzas,Monterrey,Bachillerato,Franquicia,Casado,31,10,14,2239,1.31,41.5,87,9.8,7.6,7.2,6.2,10.0,9.4,8.37,5.5,20,6.4,8.0,6.9,0,7,3.7,1.4,8,25.8,21,45,27.4,18.9,10.0,17.5,10.4,10.6,2.6,2.6
SUJ-1563,Inmuebles,Bogotá,Posgrado,Startup escalada,Casado,23,7,10,866,4.68,47.1,70,9.1,6.1,8.1,5.6,6.6,8.4,7.32,6.7,26,4.1,5.3,6.3,2,3,5.9,1.1,36,34.5,35,59,24.9,25.1,11.4,12.2,9.2,12.2,2.8,2.2
SUJ-1564,Finanzas,Lima,Maestría,Franquicia,Unión libre,25,7,13,500,1.62,38.5,68,9.4,5.9,5.2,5.0,6.8,7.1,6.57,7.3,15,5.4,9.3,8.3,2,1,4.1,3.2,200,35.3,49,60,29.5,20.7,16.8,6.6,9.4,8.4,6.7,1.9
SUJ-1565,Servicios,Lima,Maestría,Empresa propia,Casado,30,10,10,761,2.44,45.7,69,8.3,8.0,7.9,6.1,8.1,7.0,7.57,7.5,32,7.9,5.4,7.3,1,2,6.4,1.1,5,26.8,26,61,25.6,16.1,19.7,21.6,9.7,1.9,3.4,2.0
SUJ-1566,Retail/Comercio,Medellín,Universitario,Empresa familiar,Casado,21,10,23,9116,2.2,25.5,44,2.4,4.0,3.7,3.2,4.1,6.4,3.97,7.7,23,3.6,7.7,7.8,2,1,4.3,1.7,12,26.9,73,66,25.2,25.9,9.4,12.6,10.7,10.2,5.9,0.1
SUJ-1567,Manufactura,Barranquilla,Universitario,Startup escalada,Casado,18,8,12,15447,2.09,21.4,79,8.4,7.1,6.2,5.5,6.9,6.6,6.78,8.3,10,8.6,7.6,8.0,2,2,5.2,3.6,30,27.2,39,63,29.0,7.0,12.5,14.1,22.9,13.6,0.9,0.0
SUJ-1568,Tecnología,Caracas,Maestría,Holding,Soltero,28,1,6,1363,4.32,62.6,40,4.7,3.2,1.9,3.6,5.2,3.9,3.75,9.2,31,8.4,9.3,6.4,2,0,6.4,3.3,9,33.6,71,68,37.4,21.6,3.1,15.2,7.5,7.9,5.2,2.1
SUJ-1569,Manufactura,Medellín,Técnico,Franquicia,Soltero,30,3,12,4115,1.8,20.5,65,9.7,7.1,6.0,6.5,6.5,6.3,7.02,8.4,13,6.6,8.4,7.5,1,2,5.7,2.5,22,28.2,45,63,18.2,19.5,16.1,13.4,11.1,10.6,4.8,6.3
SUJ-1570,Retail/Comercio,Barranquilla,Maestría,Empresa propia,Casado,22,11,16,3498,2.67,29.7,66,7.4,6.3,8.2,8.0,8.8,6.4,7.52,7.2,4,7.6,7.1,8.6,2,5,5.4,5.2,50,27.7,46,56,25.9,23.5,21.9,7.7,9.3,3.8,7.3,0.6
SUJ-1571,Manufactura,Caracas,Maestría,Startup escalada,Soltero,22,6,11,8274,3.82,32.8,67,6.1,8.2,7.7,4.4,8.4,5.5,6.72,7.6,33,6.6,7.7,8.4,6,0,4.9,3.7,21,30.9,38,52,17.4,23.0,16.8,8.0,19.8,6.9,6.9,1.2
SUJ-1572,Tecnología,Buenos Aires,Maestría,Empresa propia,Soltero,19,4,5,1613,1.49,35.2,43,4.2,4.4,4.4,0.9,6.2,3.7,3.97,9.0,31,4.0,10.0,6.5,4,1,6.1,0.3,2,21.0,62,82,26.6,16.2,12.9,12.4,20.3,6.5,3.0,2.1
SUJ-1573,Inmuebles,CDMX,Técnico,Empresa propia,Casado,30,8,14,24515,4.11,40.3,84,6.4,7.5,6.9,7.5,9.4,9.2,7.82,7.9,15,4.6,8.8,8.2,1,3,5.3,2.1,7,31.5,51,49,35.0,12.2,14.5,11.8,16.6,6.0,3.4,0.5
SUJ-1574,Servicios,Santiago,Maestría,E-commerce,Soltero,37,8,12,10432,1.0,4.0,47,5.3,4.4,7.6,5.8,3.9,4.8,5.3,8.5,42,5.7,10.0,7.7,1,0,6.4,2.6,4,19.2,61,67,25.3,27.2,16.8,7.8,13.8,8.1,1.0,-0.0
SUJ-1575,Tecnología,Lima,Posgrado,Empresa propia,Casado,31,6,19,24821,75.18,52.2,60,5.1,7.4,3.2,3.3,6.8,4.2,5.0,7.9,31,7.9,8.8,8.2,1,2,4.5,4.6,2,40.0,66,56,27.1,18.2,19.2,13.6,7.2,7.9,3.9,2.9
SUJ-1576,Tecnología,Caracas,Maestría,Empresa propia,Unión libre,25,10,15,2598,4.56,47.4,65,4.5,6.2,6.6,6.9,8.7,6.9,6.63,6.9,1,3.9,9.4,6.8,0,0,3.9,0.0,82,38.6,49,53,33.4,18.0,16.1,11.1,9.7,7.5,1.6,2.6
SUJ-1577,Tecnología,Santiago,Bachillerato,Franquicia,Soltero,30,2,2,7088,2.62,34.0,68,6.0,5.9,5.3,6.2,7.1,7.7,6.37,5.4,14,8.9,10.0,8.2,1,1,6.9,2.6,12,28.8,49,51,30.1,17.1,21.8,14.1,6.1,9.6,1.1,0.1
SUJ-1578,Manufactura,Lima,Bachillerato,Empresa propia,Soltero,21,1,10,10542,1.55,48.5,77,6.6,5.4,7.8,4.5,10.0,8.6,7.15,6.7,35,3.1,10.0,7.2,2,2,6.3,4.1,3,24.6,43,60,28.4,25.0,17.9,15.6,8.1,1.4,3.2,0.4
SUJ-1579,Manufactura,Medellín,Universitario,Empresa propia,Soltero,28,12,14,9929,1.2,27.1,73,7.5,3.4,7.5,2.3,9.1,9.7,6.58,7.8,44,6.5,7.7,7.2,2,1,4.1,3.2,80,27.4,46,73,12.1,30.9,10.5,11.9,20.4,9.3,2.6,2.3
SUJ-1580,Retail/Comercio,CDMX,Técnico,Empresa propia,Soltero,19,2,8,500,1.0,19.3,98,9.9,8.2,10.0,6.5,10.0,9.0,8.93,7.1,21,7.9,7.3,9.9,3,5,4.6,0.0,38,22.1,28,56,28.9,12.2,20.1,15.7,11.3,7.9,2.7,1.2
SUJ-1581,Finanzas,Medellín,Posgrado,Empresa propia,Soltero,25,1,12,50966,6.81,50.1,77,8.0,6.2,9.3,7.4,8.8,7.3,7.83,6.9,30,5.8,5.6,7.8,2,1,6.2,3.9,2,27.9,29,72,26.6,19.9,20.2,13.0,12.7,1.1,3.2,3.3
SUJ-1582,Finanzas,Caracas,Maestría,Holding,Soltero,32,5,10,21055,10.49,82.9,76,7.8,2.4,4.8,5.2,9.5,8.4,6.35,6.7,17,7.0,7.9,7.2,1,4,3.8,1.4,27,37.4,48,39,26.3,19.4,18.8,10.6,15.5,3.8,4.0,1.6
SUJ-1583,Manufactura,São Paulo,Universitario,Startup escalada,Soltero,30,7,12,1020,1.0,10.9,65,7.3,5.2,5.6,5.3,7.0,6.8,6.2,7.8,26,1.1,5.9,9.9,2,0,5.2,1.1,39,20.6,42,65,25.4,23.1,13.1,15.6,11.5,4.9,4.7,1.7
SUJ-1584,Retail/Comercio,Medellín,Maestría,Franquicia,Soltero,29,5,14,6274,4.07,37.6,76,9.2,5.2,7.6,3.7,10.0,7.4,7.18,8.2,19,6.8,5.8,7.3,0,1,6.8,3.0,5,21.4,52,66,23.9,21.7,14.1,18.6,6.3,7.4,6.8,1.2
SUJ-1585,Salud/Farma,Barranquilla,Bachillerato,E-commerce,Casado,28,6,17,3021,9.82,13.9,66,5.9,8.0,8.3,6.4,6.2,6.9,6.95,6.4,6,4.0,8.4,9.0,1,2,5.3,0.0,7,25.3,42,47,32.9,16.8,10.3,19.3,9.6,5.7,3.4,2.0
SUJ-1586,Tecnología,Bogotá,Técnico,Empresa propia,Unión libre,21,1,7,16888,1.0,59.2,66,7.3,5.7,7.6,4.8,6.2,7.4,6.5,7.5,20,2.0,7.6,9.0,1,2,5.0,3.5,25,26.9,53,68,15.4,26.0,19.6,14.2,17.3,0.9,4.9,1.7
SUJ-1587,Manufactura,Bucaramanga,Bachillerato,Empresa propia,Casado,26,9,22,9565,6.94,15.6,115,10.0,10.0,8.7,9.7,10.0,10.0,9.73,8.6,50,4.5,5.4,7.2,2,0,6.6,3.4,44,25.7,28,58,22.6,22.9,18.6,21.5,7.3,5.3,0.0,1.8
SUJ-1588,Retail/Comercio,Monterrey,Universitario,Empresa propia,Casado,30,1,2,2023,3.22,26.1,93,9.6,8.3,9.1,5.6,8.6,9.2,8.4,9.6,18,10.0,8.9,5.6,1,2,5.3,3.1,22,27.8,28,65,14.6,23.2,20.9,11.1,16.6,5.6,5.7,2.3
SUJ-1589,Retail/Comercio,Santiago,Maestría,E-commerce,Soltero,24,7,10,500,5.91,30.6,61,6.4,6.8,7.5,2.7,5.8,4.6,5.63,8.9,23,7.8,9.0,10.0,4,1,4.4,3.6,1,24.8,62,62,22.8,16.9,17.2,15.1,14.2,5.7,5.3,2.8
SUJ-1590,Inmuebles,Buenos Aires,Técnico,Holding,Casado,24,8,12,2759,1.0,50.2,81,7.0,9.9,6.6,7.4,9.2,8.6,8.12,8.3,26,8.4,7.1,7.4,1,0,4.4,4.2,3,20.9,39,67,19.8,27.4,9.0,11.7,17.1,8.8,6.1,0.1
SUJ-1591,Manufactura,Lima,Posgrado,E-commerce,Soltero,23,9,19,500,7.11,4.2,76,7.7,7.6,6.5,6.9,7.8,5.1,6.93,6.7,21,8.4,9.2,9.2,1,1,4.7,5.9,18,30.3,47,59,24.9,23.7,16.3,7.9,13.6,6.8,4.0,2.8
SUJ-1592,Salud/Farma,Medellín,Universitario,Franquicia,Soltero,24,8,15,1218,10.06,50.5,63,6.0,9.8,5.7,4.3,7.8,5.9,6.58,7.9,15,4.8,8.4,7.2,2,2,4.7,0.7,1,31.0,53,52,12.3,8.0,36.4,11.7,14.5,12.0,2.0,3.1
SUJ-1593,Tecnología,Bogotá,Doctorado,Empresa propia,Casado,21,3,7,8087,7.16,25.5,100,8.6,9.0,8.3,10.0,10.0,9.0,9.15,8.8,26,7.5,8.8,7.6,2,4,8.0,1.3,24,29.1,30,55,39.7,13.1,10.1,13.8,3.9,14.0,4.1,1.3
SUJ-1594,Tecnología,Medellín,Técnico,Startup escalada,Soltero,26,5,7,10934,4.88,57.0,70,8.8,7.7,6.7,5.8,7.1,6.5,7.1,6.2,27,9.1,8.1,6.2,3,4,4.5,4.8,5,34.5,57,63,27.0,21.3,17.0,12.3,11.3,9.0,0.0,2.1
SUJ-1595,Inmuebles,CDMX,Universitario,Empresa propia,Soltero,24,4,5,5049,1.0,32.5,91,9.1,7.1,8.6,6.8,10.0,9.9,8.58,5.9,23,6.2,9.4,5.4,4,1,3.2,3.3,33,25.5,37,51,33.3,14.5,14.1,16.1,8.5,7.7,4.6,1.2
SUJ-1596,Manufactura,Barranquilla,Bachillerato,Holding,Unión libre,17,1,9,7336,1.0,23.0,63,4.3,3.8,6.5,5.7,7.2,5.6,5.52,7.7,16,3.1,7.4,10.0,2,0,5.0,2.8,49,23.1,73,68,29.1,23.1,13.5,10.3,13.1,5.6,4.9,0.4
SUJ-1597,Finanzas,Buenos Aires,Universitario,E-commerce,Unión libre,41,8,13,1355,7.56,48.6,87,4.8,4.0,9.0,7.3,9.7,10.0,7.47,5.2,19,5.3,8.5,10.0,1,2,5.5,3.6,50,34.2,44,60,25.4,17.1,30.2,10.8,10.6,3.9,2.0,-0.0
SUJ-1598,Tecnología,Bucaramanga,Universitario,Holding,Soltero,19,4,14,3047,2.92,59.7,90,8.7,8.6,8.1,8.3,10.0,7.6,8.55,6.7,14,6.0,6.4,8.0,3,1,5.5,6.0,1,24.9,45,61,21.1,23.9,16.3,9.6,14.8,10.4,0.6,3.3
SUJ-1599,Tecnología,Caracas,Maestría,Startup escalada,Soltero,25,7,8,9982,1.69,58.9,59,5.6,4.7,4.8,4.1,9.4,7.4,6.0,6.5,28,8.6,8.4,10.0,1,3,5.7,2.7,7,27.3,58,61,28.6,17.7,14.4,10.2,19.2,2.8,5.0,2.1
SUJ-1600,Servicios,CDMX,Posgrado,Startup escalada,Casado,26,6,13,3631,1.0,19.6,68,7.1,5.5,5.6,5.6,8.2,9.5,6.92,8.0,25,2.0,4.7,5.4,1,2,4.8,1.1,34,20.3,47,74,22.6,26.3,18.2,2.3,15.1,8.7,5.0,1.8
SUJ-1601,Tecnología,Cali,Posgrado,E-commerce,Casado,22,2,8,3431,3.13,62.2,71,7.7,5.7,7.8,5.5,8.9,5.8,6.9,6.9,23,6.2,8.4,10.0,1,1,4.9,3.2,9,30.9,48,63,22.1,20.4,16.6,15.3,13.8,1.5,9.0,1.3
SUJ-1602,Finanzas,Buenos Aires,Posgrado,E-commerce,Soltero,25,2,6,1725,2.5,44.9,94,9.2,6.9,7.8,7.4,10.0,8.6,8.32,7.5,12,5.5,10.0,5.6,0,2,5.1,2.1,201,37.8,28,63,33.3,5.5,12.6,22.0,12.7,8.8,3.0,2.1
SUJ-1603,Finanzas,Medellín,Técnico,Empresa propia,Casado,21,5,9,7227,10.06,49.4,93,8.4,9.9,9.3,9.2,10.0,9.0,9.3,6.5,10,7.0,8.5,7.7,0,1,5.2,1.9,59,37.3,29,54,24.0,19.6,13.7,13.3,10.0,8.7,7.1,3.6
SUJ-1604,Finanzas,CDMX,Universitario,Empresa familiar,Unión libre,30,2,8,13266,7.39,64.3,67,8.3,4.7,7.5,5.1,8.2,7.4,6.87,7.8,21,6.2,7.6,10.0,1,0,4.7,2.5,33,37.9,47,62,15.6,19.1,24.2,17.2,6.8,10.2,2.7,4.2
SUJ-1605,Tecnología,Bucaramanga,Doctorado,Franquicia,Soltero,25,10,16,5070,24.56,69.0,67,5.9,6.5,8.3,5.1,8.3,6.8,6.82,7.3,1,7.0,7.7,7.1,1,0,6.3,3.7,2,43.2,55,62,23.9,12.0,25.3,20.7,6.6,9.1,2.1,0.3
SUJ-1606,Retail/Comercio,Bogotá,Maestría,Empresa propia,Unión libre,30,12,15,982,3.03,43.1,76,9.2,7.2,6.2,6.0,7.6,7.8,7.33,5.8,27,6.0,10.0,6.4,1,2,4.6,0.6,17,33.4,53,54,50.3,11.8,10.4,2.7,11.0,11.5,2.2,0.1
SUJ-1607,Tecnología,Bogotá,Maestría,Franquicia,Unión libre,34,10,18,14579,6.4,38.0,51,6.6,2.8,4.5,4.2,6.5,5.9,5.08,7.8,20,4.6,8.6,8.1,1,0,6.6,4.6,3,32.9,57,63,32.2,24.4,20.3,10.9,6.5,0.9,1.8,3.0
SUJ-1608,Inmuebles,Santiago,Maestría,Empresa propia,Soltero,24,8,18,592,1.0,37.7,89,7.9,8.2,9.7,6.6,9.0,7.7,8.18,7.9,14,5.1,7.4,9.7,1,3,5.4,4.7,23,26.4,46,58,40.5,15.2,10.9,19.0,3.8,5.6,2.6,2.4
SUJ-1609,Finanzas,Bucaramanga,Técnico,E-commerce,Casado,30,7,12,5105,7.02,54.6,61,7.2,4.0,3.8,5.5,6.1,6.9,5.58,8.6,7,6.3,8.7,8.3,2,1,3.3,0.9,15,38.5,76,67,38.9,15.2,19.6,9.9,9.7,2.8,2.9,1.0
SUJ-1610,Retail/Comercio,Bogotá,Universitario,E-commerce,Soltero,35,3,11,2420,2.65,53.1,74,7.2,6.3,8.2,5.9,8.1,8.6,7.38,8.4,23,3.5,7.8,8.1,1,2,5.0,6.5,44,33.2,42,62,28.3,16.8,19.2,18.8,6.9,3.8,5.4,0.8
SUJ-1611,Servicios,CDMX,Bachillerato,Empresa propia,Casado,25,10,15,22030,3.29,33.2,91,10.0,7.1,10.0,7.2,8.8,9.6,8.78,8.8,26,7.7,8.8,4.4,0,0,5.7,2.2,33,32.0,24,49,17.8,23.9,18.3,17.4,9.5,8.7,4.4,0.0
SUJ-1612,Manufactura,Santiago,Universitario,Empresa propia,Casado,30,12,26,10701,1.0,16.0,78,7.1,6.7,5.1,6.9,6.7,9.5,7.0,6.9,36,7.0,7.1,6.3,0,0,4.3,2.7,2,17.1,38,56,22.4,19.0,22.2,11.4,7.6,11.5,3.5,2.4
SUJ-1613,Retail/Comercio,São Paulo,Técnico,Empresa familiar,Soltero,23,5,11,6685,3.35,23.1,67,8.0,6.7,7.0,6.5,7.0,6.0,6.87,8.1,17,4.1,7.2,7.1,1,1,6.8,4.3,29,29.0,49,66,23.2,18.9,16.4,13.0,14.7,5.4,6.3,2.1
SUJ-1614,Finanzas,Bogotá,Universitario,Startup escalada,Casado,33,7,15,8815,1.58,12.5,58,4.8,4.1,5.5,6.1,7.6,7.6,5.95,5.5,36,6.6,6.9,6.7,0,2,5.5,0.8,12,22.9,43,67,23.3,31.8,11.9,11.1,11.7,6.0,3.3,0.9
SUJ-1615,Finanzas,Buenos Aires,Posgrado,Startup escalada,Casado,23,4,14,6086,2.22,47.0,72,7.8,5.5,9.3,6.9,7.6,8.9,7.67,4.7,23,6.6,7.3,5.9,0,0,5.8,5.6,4,27.3,39,57,30.9,15.3,20.5,3.7,17.6,7.4,4.7,-0.1
SUJ-1616,Manufactura,Barranquilla,Maestría,Empresa propia,Soltero,30,5,9,1277,6.29,19.6,68,7.6,3.8,9.3,6.2,7.1,6.3,6.72,6.0,24,6.6,6.8,7.2,0,0,6.3,3.7,11,30.4,49,53,19.9,21.6,12.1,15.0,14.8,6.7,7.0,2.9
SUJ-1617,Salud/Farma,Cali,Maestría,Startup escalada,Soltero,31,2,10,9878,1.0,19.4,108,10.0,7.3,10.0,6.5,10.0,10.0,8.97,4.6,41,1.6,10.0,7.4,0,2,4.7,3.2,11,19.3,45,56,26.4,26.8,5.6,13.7,13.0,10.3,2.0,2.2
SUJ-1618,Manufactura,Bucaramanga,Doctorado,E-commerce,Soltero,18,6,15,5428,2.21,13.9,61,7.1,6.5,8.5,4.1,5.9,4.7,6.13,7.9,27,9.3,9.3,6.0,3,3,5.7,1.6,49,24.8,61,66,26.7,17.2,17.6,14.6,10.6,7.7,3.7,1.9
SUJ-1619,Retail/Comercio,CDMX,Bachillerato,Empresa propia,Casado,21,8,16,8047,9.99,49.9,65,6.7,5.3,8.7,4.7,6.4,6.1,6.32,7.7,26,9.9,5.5,9.3,1,2,5.0,4.1,57,36.8,59,54,24.4,7.0,20.2,20.0,14.2,5.1,5.0,4.1
SUJ-1620,Inmuebles,Lima,Bachillerato,Empresa propia,Unión libre,21,8,17,500,5.67,4.0,59,4.2,6.5,9.9,4.7,6.7,5.6,6.27,5.1,17,3.9,5.0,7.0,3,2,5.5,7.0,27,25.3,49,60,22.9,27.0,21.6,14.8,4.2,6.9,2.6,-0.0
SUJ-1621,Retail/Comercio,Medellín,Posgrado,Empresa propia,Casado,32,8,12,1225,5.13,10.6,69,5.7,4.8,7.2,4.6,8.2,7.3,6.3,9.5,9,4.8,7.9,8.1,2,0,4.5,1.9,46,24.3,58,71,31.5,9.7,25.1,8.9,12.4,6.1,4.5,1.8
SUJ-1622,Tecnología,CDMX,Universitario,Empresa propia,Soltero,18,1,15,7120,84.11,85.8,79,6.0,5.7,8.6,5.1,6.5,6.6,6.42,7.6,26,8.7,6.6,7.2,1,2,4.9,4.8,17,46.3,44,62,23.6,22.9,14.6,17.5,12.1,3.2,5.5,0.6
SUJ-1623,Manufactura,Bogotá,Universitario,Empresa familiar,Casado,27,7,5,4921,1.0,38.6,60,6.1,6.8,8.5,3.1,6.4,5.2,6.02,5.4,26,9.5,6.2,8.3,0,0,5.7,4.5,7,20.6,57,65,35.1,19.7,13.5,5.8,14.3,6.8,2.5,2.3
SUJ-1624,Agroindustria,CDMX,Universitario,Empresa propia,Soltero,30,9,12,2058,8.49,23.6,77,9.4,6.9,7.5,5.6,7.0,7.0,7.23,9.2,20,4.6,10.0,4.8,2,1,4.4,2.7,98,41.7,50,73,28.0,22.0,18.2,11.4,10.1,4.8,3.5,2.0
SUJ-1625,Tecnología,Lima,Universitario,Franquicia,Soltero,27,7,8,2203,1.0,52.3,56,5.2,3.2,4.9,4.8,6.6,4.5,4.87,6.3,19,7.2,7.2,6.7,2,1,4.7,6.5,85,25.6,60,65,27.1,18.9,12.7,10.6,10.5,10.4,6.3,3.5
SUJ-1626,Manufactura,Medellín,Posgrado,Franquicia,Soltero,33,11,23,7989,1.16,16.6,85,7.9,6.4,7.3,6.2,10.0,7.4,7.53,7.9,9,6.6,6.2,5.2,0,0,6.3,0.0,60,25.3,54,66,33.4,12.8,17.2,21.5,4.0,7.3,2.8,1.0
SUJ-1627,Tecnología,Santiago,Universitario,Empresa propia,Soltero,17,6,12,500,1.0,34.5,66,6.2,6.9,6.3,4.9,6.9,9.0,6.7,7.9,17,4.6,6.0,6.6,1,3,6.5,1.6,237,32.6,56,57,31.5,21.2,20.0,4.7,2.1,10.6,7.3,2.6
SUJ-1628,Retail/Comercio,Bogotá,Posgrado,E-commerce,Casado,29,8,11,4556,8.84,33.5,68,7.6,5.7,6.8,5.7,7.2,6.2,6.53,5.5,31,8.9,10.0,5.5,2,1,5.9,3.7,10,37.9,59,62,27.5,17.3,24.0,12.8,9.0,4.9,2.8,1.7
SUJ-1629,Tecnología,Monterrey,Posgrado,Empresa propia,Unión libre,24,3,7,5923,1.84,63.6,91,9.1,9.2,7.7,7.7,10.0,10.0,8.95,9.4,22,4.5,7.2,8.3,1,6,5.3,2.4,26,32.3,26,68,11.6,23.7,17.6,18.1,10.4,13.8,3.5,1.3
SUJ-1630,Retail/Comercio,Bogotá,Universitario,Startup escalada,Casado,17,9,10,2947,1.15,18.7,66,6.4,4.1,4.4,5.6,8.8,7.2,6.08,10.0,9,5.9,8.5,8.8,2,2,4.2,2.1,6,22.6,64,68,37.5,16.1,19.0,7.9,7.2,5.3,6.7,0.3
SUJ-1631,Inmuebles,Cali,Universitario,Empresa propia,Casado,19,10,18,13742,1.0,6.3,78,6.7,8.2,9.4,6.5,8.3,8.4,7.92,5.9,23,2.8,8.4,9.0,1,0,4.1,4.1,26,17.7,45,44,29.1,18.2,8.4,18.1,11.1,8.2,3.7,3.2
SUJ-1632,Finanzas,São Paulo,Técnico,E-commerce,Soltero,35,4,13,500,1.0,57.4,82,8.9,5.4,10.0,7.3,10.0,7.8,8.23,8.0,44,5.0,7.4,6.9,1,4,4.7,1.7,48,28.2,36,67,32.9,14.3,13.3,15.4,11.7,7.6,3.8,1.0
SUJ-1633,Manufactura,Monterrey,Universitario,Holding,Unión libre,29,1,8,16066,3.04,35.7,90,10.0,7.8,6.5,6.2,7.8,7.3,7.6,7.9,42,7.2,10.0,7.8,4,3,4.2,4.0,3,26.3,53,66,11.7,25.6,17.2,16.7,11.4,13.2,3.0,1.2
SUJ-1634,Inmuebles,Cali,Maestría,Startup escalada,Casado,30,5,8,10277,1.0,43.3,77,8.7,7.8,5.9,7.4,10.0,9.8,8.27,7.8,11,9.8,7.2,7.3,1,1,4.4,3.6,4,18.3,35,53,37.2,15.2,9.0,15.3,6.8,8.9,4.1,3.5
SUJ-1635,Agroindustria,Lima,Maestría,Startup escalada,Unión libre,31,3,14,4728,2.75,17.1,68,5.8,6.1,6.0,4.8,8.4,5.8,6.15,10.0,10,6.5,5.8,5.3,3,2,5.8,2.5,10,19.9,46,67,24.6,17.2,23.5,9.2,11.4,11.8,2.2,0.1
SUJ-1636,Finanzas,Bucaramanga,Posgrado,E-commerce,Soltero,17,9,18,20665,4.87,17.9,65,4.2,6.5,4.9,4.8,6.1,7.0,5.58,7.7,16,7.5,5.8,9.9,4,3,4.1,3.2,96,28.6,63,77,27.1,25.4,18.1,11.9,8.2,6.6,1.3,1.4
SUJ-1637,Finanzas,Medellín,Universitario,Franquicia,Soltero,27,5,5,9691,2.79,30.9,77,7.6,7.9,7.0,3.1,7.0,8.2,6.8,8.2,17,7.5,8.0,4.7,1,2,5.9,1.4,85,33.2,53,57,31.9,17.8,15.9,10.0,7.2,10.6,4.7,1.9
SUJ-1638,Tecnología,Barranquilla,Posgrado,E-commerce,Casado,32,9,14,21394,42.48,70.4,62,8.7,6.2,6.4,4.3,6.6,4.2,6.07,9.0,19,7.3,9.6,5.5,0,0,4.9,3.1,22,49.1,49,59,25.3,11.2,21.1,11.1,15.2,9.2,3.3,3.6
SUJ-1639,Salud/Farma,Santiago,Posgrado,Startup escalada,Soltero,23,1,3,5118,1.0,7.8,80,5.6,6.4,8.5,4.5,9.1,6.5,6.77,10.0,6,5.1,8.0,5.6,0,4,6.4,3.3,15,16.9,44,64,35.2,19.4,18.1,5.5,9.4,7.9,3.1,1.4
SUJ-1640,Agroindustria,Barranquilla,Universitario,Startup escalada,Casado,34,4,15,4826,1.0,29.1,75,7.1,6.2,6.9,7.4,10.0,8.3,7.65,6.4,25,4.9,5.9,8.7,0,1,7.8,1.8,17,22.1,35,61,24.7,18.0,23.2,2.6,12.7,14.7,2.3,1.8
SUJ-1641,Retail/Comercio,Buenos Aires,Posgrado,Empresa propia,Unión libre,22,4,8,6052,3.85,14.1,57,8.2,4.1,8.2,5.8,6.5,6.6,6.57,7.1,14,0.0,7.5,5.1,2,2,5.3,5.8,35,25.1,58,45,33.3,25.1,12.4,3.4,13.6,6.2,5.1,0.9
SUJ-1642,Servicios,Buenos Aires,Universitario,Franquicia,Soltero,26,8,9,541,5.28,6.4,56,7.4,3.5,4.6,3.8,7.0,6.1,5.4,7.9,22,6.5,6.2,7.3,0,3,4.9,4.5,154,31.5,54,65,15.0,18.9,23.2,3.6,18.1,14.7,4.9,1.6
SUJ-1643,Retail/Comercio,Lima,Posgrado,Startup escalada,Soltero,28,1,6,19130,2.34,54.0,73,7.8,8.0,6.5,5.2,9.6,8.2,7.55,6.2,18,5.9,6.9,9.1,1,0,5.8,2.6,22,31.0,41,51,25.5,16.1,12.1,22.9,11.0,5.1,5.2,2.1
SUJ-1644,Manufactura,Bucaramanga,Maestría,Franquicia,Casado,30,6,18,8814,19.66,50.9,68,6.0,6.8,10.0,3.5,7.3,7.0,6.77,9.0,17,7.4,6.6,7.0,1,1,5.4,2.6,3,34.8,60,68,14.5,17.9,21.4,12.8,18.3,9.5,4.0,1.6
SUJ-1645,Tecnología,São Paulo,Técnico,Empresa propia,Soltero,24,5,14,7690,5.29,54.7,83,10.0,8.9,8.4,5.3,9.6,7.3,8.25,7.6,7,8.9,6.4,5.7,1,2,4.8,7.0,5,31.2,31,56,24.3,18.1,23.7,4.2,16.8,10.1,0.0,2.8
SUJ-1646,Inmuebles,São Paulo,Maestría,Franquicia,Casado,32,8,12,20879,1.0,24.9,60,6.2,6.2,7.0,5.6,7.7,7.2,6.65,5.8,17,5.4,6.8,6.6,2,2,6.8,2.5,21,23.3,54,65,28.2,18.2,18.5,10.2,12.9,8.0,1.7,2.3
SUJ-1647,Tecnología,Buenos Aires,Técnico,E-commerce,Casado,28,7,12,40458,20.69,66.8,82,5.8,6.5,6.8,7.9,8.2,6.3,6.92,7.2,10,8.1,6.8,5.3,2,1,5.5,0.0,6,39.0,56,65,13.5,14.2,28.4,11.6,13.8,13.5,3.1,1.9
SUJ-1648,Servicios,Bogotá,Bachillerato,Empresa familiar,Soltero,17,3,12,1427,1.0,4.0,83,10.0,5.5,8.3,6.2,10.0,7.5,7.92,5.9,10,4.7,7.1,5.9,0,1,5.2,3.8,18,18.6,50,53,32.6,16.4,16.2,5.5,14.0,9.1,2.0,4.2
SUJ-1649,Inmuebles,CDMX,Doctorado,E-commerce,Casado,37,1,12,11058,3.21,48.7,56,5.0,4.5,6.1,4.7,6.1,7.1,5.58,6.9,9,4.9,7.0,9.1,1,4,5.2,0.0,22,31.9,60,67,23.0,24.5,13.3,17.6,7.1,6.5,5.7,2.3
SUJ-1650,Inmuebles,Cali,Doctorado,Empresa propia,Casado,20,4,5,6938,1.0,60.0,69,10.0,6.9,7.1,5.6,8.2,8.0,7.63,4.3,24,2.9,9.5,7.6,0,3,5.4,4.4,8,24.2,41,45,19.1,19.9,17.3,23.4,6.0,6.8,5.6,1.9
SUJ-1651,Tecnología,Buenos Aires,Bachillerato,Empresa propia,Unión libre,37,2,9,4944,1.0,60.5,91,8.7,6.6,9.1,6.2,9.9,9.4,8.32,8.7,3,6.0,6.2,8.9,2,1,5.0,4.1,13,25.8,44,54,23.0,17.0,19.8,9.2,15.8,7.7,6.8,0.7
SUJ-1652,Finanzas,Lima,Universitario,Empresa propia,Casado,25,2,7,30394,6.64,31.8,78,8.6,8.4,9.5,6.4,7.3,10.0,8.37,6.7,33,8.0,5.5,8.3,2,0,5.5,3.5,75,34.7,35,61,13.7,20.9,23.1,10.7,17.3,6.9,5.0,2.4
SUJ-1653,Finanzas,Caracas,Universitario,E-commerce,Unión libre,23,4,8,15190,1.4,69.4,71,7.4,5.7,5.4,5.2,6.4,7.5,6.27,6.0,32,5.7,8.2,9.8,0,0,4.3,6.6,4,28.1,43,56,25.0,13.5,23.9,17.5,9.3,4.6,4.5,1.7
SUJ-1654,Finanzas,Cali,Universitario,E-commerce,Soltero,28,10,21,9545,68.13,52.5,84,8.5,5.5,8.9,7.3,10.0,8.2,8.07,7.2,42,7.5,7.8,6.1,0,2,3.8,4.2,1,43.7,37,63,33.7,18.9,10.9,13.1,3.5,11.6,7.3,1.0
SUJ-1655,Tecnología,Bogotá,Maestría,Empresa propia,Soltero,21,2,3,3858,16.24,50.4,66,8.2,5.4,7.1,5.2,8.1,8.5,7.08,9.2,12,6.5,5.9,6.1,0,1,6.0,4.0,47,38.1,45,53,23.2,32.0,13.1,5.4,8.3,10.9,4.4,2.7
SUJ-1656,Agroindustria,Bucaramanga,Doctorado,Holding,Soltero,17,1,10,8773,2.59,5.7,68,7.4,6.3,7.9,3.5,9.6,7.6,7.05,8.3,21,5.6,10.0,6.1,1,3,5.7,4.0,20,26.2,47,51,24.0,28.6,11.8,9.2,12.7,7.8,2.4,3.5
SUJ-1657,Retail/Comercio,Medellín,Posgrado,Holding,Soltero,25,4,2,6069,2.65,12.4,75,7.8,8.7,8.8,6.5,9.3,7.5,8.1,10.0,18,7.9,8.0,7.7,2,1,4.5,1.8,56,22.8,41,63,37.1,19.0,19.6,8.2,2.2,9.3,3.3,1.3
SUJ-1658,Finanzas,São Paulo,Universitario,Empresa propia,Unión libre,28,6,9,2294,5.79,64.2,91,7.8,7.7,8.3,7.1,10.0,9.6,8.42,5.4,12,4.3,9.6,10.0,1,1,3.1,4.3,13,38.6,47,48,19.3,32.9,15.2,14.1,6.5,7.4,3.7,0.9
SUJ-1659,Finanzas,Barranquilla,Posgrado,Empresa propia,Soltero,35,5,11,4788,2.56,47.0,60,6.3,4.6,6.0,4.3,7.5,7.1,5.97,5.3,14,7.0,7.8,5.7,2,2,5.0,4.0,202,35.2,50,55,20.7,15.0,26.3,6.9,15.8,9.3,5.7,0.3
SUJ-1660,Retail/Comercio,Bogotá,Universitario,Empresa familiar,Casado,18,4,5,1908,1.0,27.2,79,6.5,8.6,8.6,6.1,10.0,7.4,7.87,7.0,34,6.2,9.6,8.0,2,1,4.9,1.6,7,20.9,43,59,15.4,21.5,23.5,15.4,7.8,10.6,3.6,2.2
SUJ-1661,Manufactura,Santiago,Maestría,Empresa propia,Soltero,29,6,20,5551,2.27,26.6,67,7.5,7.4,5.7,4.1,7.8,5.6,6.35,9.8,31,8.1,10.0,7.7,4,1,5.2,1.5,10,24.6,69,74,27.6,26.6,13.6,16.9,12.0,2.9,0.0,0.4
SUJ-1662,Retail/Comercio,Monterrey,Maestría,Startup escalada,Soltero,25,8,11,10190,4.24,4.0,89,9.3,7.3,8.3,5.4,9.2,8.5,8.0,8.6,15,5.7,5.9,6.6,2,1,6.7,3.8,27,22.7,38,55,36.3,12.7,20.5,2.4,14.3,6.8,1.7,5.3
SUJ-1663,Agroindustria,Lima,Posgrado,Franquicia,Unión libre,26,3,6,500,6.18,19.0,83,8.6,4.9,8.2,5.9,10.0,10.0,7.93,8.7,26,4.5,6.2,6.2,0,3,5.0,4.5,58,26.9,35,66,34.5,13.4,14.6,11.1,8.7,9.9,6.5,1.3
SUJ-1664,Retail/Comercio,São Paulo,Universitario,Startup escalada,Soltero,31,11,15,11598,1.44,28.3,71,8.8,5.4,8.6,6.0,6.6,9.8,7.53,5.9,28,7.1,7.3,6.3,0,1,3.6,1.0,29,24.9,44,48,40.3,9.0,10.3,17.7,5.7,8.6,6.8,1.6
SUJ-1665,Salud/Farma,Barranquilla,Universitario,Startup escalada,Casado,22,6,14,500,1.03,47.6,80,9.0,7.7,8.0,6.7,9.3,7.3,8.0,6.8,8,8.1,7.8,2.5,2,2,5.6,2.1,7,28.8,26,42,22.3,23.4,15.3,15.0,7.9,11.6,3.6,0.9
SUJ-1666,Servicios,Santiago,Bachillerato,Holding,Soltero,27,10,19,5826,2.64,33.7,65,9.4,7.4,6.9,3.7,8.7,6.3,7.07,6.8,19,9.1,9.0,6.9,2,1,5.2,1.0,16,29.4,44,56,28.8,24.7,18.6,11.8,9.3,4.2,0.8,1.8
SUJ-1667,Tecnología,Medellín,Maestría,Startup escalada,Unión libre,32,8,12,6816,2.98,35.4,64,8.0,5.9,6.3,5.1,6.1,7.0,6.4,8.0,31,6.0,8.1,9.4,2,2,4.6,1.6,36,30.3,40,72,32.7,12.5,18.4,10.9,8.3,10.7,3.0,3.5
SUJ-1668,Agroindustria,Santiago,Universitario,Empresa familiar,Casado,32,2,9,11458,1.02,13.8,106,10.0,8.5,10.0,6.5,10.0,9.8,9.13,8.6,0,7.0,8.0,6.8,1,1,6.7,1.2,25,20.2,25,55,24.7,16.4,25.4,11.7,9.0,6.2,5.0,1.6
SUJ-1669,Tecnología,Caracas,Universitario,E-commerce,Casado,18,1,8,11451,7.4,67.0,67,6.8,5.2,7.1,5.4,5.9,9.0,6.57,7.4,18,10.0,7.9,5.8,2,2,5.9,2.6,98,37.2,58,62,24.9,20.1,20.9,11.0,11.1,7.3,2.6,2.1
SUJ-1670,Inmuebles,Bucaramanga,Universitario,Empresa propia,Soltero,22,11,12,4322,11.47,13.5,75,6.2,7.4,6.5,5.6,7.1,7.6,6.73,5.8,22,7.1,9.3,4.1,1,3,5.2,1.6,4,31.0,43,53,31.5,21.4,13.7,9.1,8.1,6.4,7.7,2.1
SUJ-1671,Finanzas,Monterrey,Maestría,Franquicia,Soltero,25,3,9,549,3.48,71.8,67,8.7,4.6,7.7,5.6,8.0,6.6,6.87,6.3,17,9.5,7.3,9.9,3,0,6.5,2.6,18,36.4,48,63,20.1,21.7,5.5,22.8,11.5,12.7,4.3,1.4
SUJ-1672,Servicios,Cali,Técnico,Startup escalada,Unión libre,30,6,10,9460,10.62,21.5,55,7.0,4.3,4.1,3.6,9.3,4.5,5.47,8.3,16,9.3,9.5,9.0,1,0,5.9,1.0,8,35.3,64,59,31.3,18.2,15.7,5.9,13.0,10.1,4.4,1.4
SUJ-1673,Servicios,Barranquilla,Maestría,Holding,Unión libre,24,4,5,5722,1.04,29.6,59,5.8,7.1,6.4,6.5,5.4,8.5,6.62,9.5,26,9.4,8.2,8.2,1,4,7.2,4.3,33,18.3,50,62,23.7,17.2,14.6,12.1,12.0,12.6,7.8,-0.0
SUJ-1674,Inmuebles,Monterrey,Maestría,Empresa propia,Soltero,26,12,19,3240,5.31,25.5,77,8.3,7.9,10.0,8.5,8.6,7.7,8.5,8.1,22,5.5,7.8,3.9,2,1,4.7,0.7,3,20.6,33,59,24.6,10.1,31.2,11.6,8.7,9.4,3.8,0.6
SUJ-1675,Inmuebles,CDMX,Doctorado,Empresa propia,Soltero,33,6,16,2141,3.48,25.3,53,6.1,6.8,3.8,4.1,5.7,6.2,5.45,6.7,0,4.6,6.2,9.3,1,2,4.2,2.7,7,20.0,51,58,28.6,27.0,9.1,10.1,17.1,5.4,1.2,1.5
SUJ-1676,Finanzas,Bogotá,Universitario,Holding,Soltero,23,1,7,1020,1.0,35.2,63,6.5,4.8,5.2,4.1,7.9,7.5,6.0,6.5,18,7.2,8.3,7.6,1,2,4.9,2.0,6,21.2,51,47,22.2,14.0,27.3,15.8,8.1,6.5,4.7,1.4
SUJ-1677,Tecnología,CDMX,Universitario,Empresa propia,Soltero,34,6,3,2798,1.16,73.9,81,9.2,5.2,9.6,4.8,9.6,8.1,7.75,6.9,6,2.5,7.3,5.8,1,0,4.1,4.9,25,28.8,34,50,38.5,20.6,10.6,14.9,5.5,6.2,3.6,0.1
SUJ-1678,Retail/Comercio,Bogotá,Universitario,E-commerce,Casado,17,11,15,4907,2.55,36.7,75,5.8,8.4,8.6,4.2,7.2,7.1,6.88,9.6,23,7.4,7.9,3.8,0,3,3.7,4.0,3,26.5,54,64,19.9,25.5,14.5,8.6,17.3,8.0,4.7,1.5
SUJ-1679,Tecnología,Bucaramanga,Universitario,Holding,Soltero,23,3,6,5194,4.74,38.9,67,8.1,6.8,5.4,6.7,8.1,6.8,6.98,6.5,13,3.0,7.0,10.0,0,1,4.8,6.6,135,35.3,55,58,38.1,13.8,11.8,15.4,4.8,8.0,5.5,2.6
SUJ-1680,Manufactura,Monterrey,Técnico,E-commerce,Soltero,17,1,13,6992,6.51,34.7,66,8.7,7.2,5.1,4.6,8.5,7.7,6.97,6.1,27,6.7,9.2,8.9,1,3,6.4,1.4,224,39.2,33,65,25.4,17.2,26.2,12.7,8.4,5.7,3.3,1.1
SUJ-1681,Finanzas,Medellín,Posgrado,Empresa propia,Casado,26,9,14,3601,5.92,61.3,58,5.1,6.2,3.0,3.0,9.0,7.2,5.58,6.7,0,5.5,9.5,7.1,0,2,6.6,2.7,16,32.1,41,59,27.5,20.8,13.2,8.3,10.9,11.6,3.9,3.8
SUJ-1682,Salud/Farma,Buenos Aires,Universitario,Empresa propia,Soltero,30,3,3,20195,3.89,41.8,102,7.5,10.0,6.9,6.1,10.0,6.8,7.88,7.6,19,5.3,6.8,4.1,5,2,5.1,4.4,18,28.0,53,53,23.5,20.0,16.3,9.1,13.3,9.2,4.8,3.8
SUJ-1683,Manufactura,Santiago,Maestría,Empresa propia,Casado,25,1,7,5479,1.0,28.7,59,6.9,6.3,5.9,3.2,9.3,6.3,6.32,6.8,21,4.2,7.9,6.3,0,0,3.3,1.8,61,23.2,47,68,45.8,2.6,5.2,8.0,15.8,15.0,7.6,-0.0
SUJ-1684,Servicios,Buenos Aires,Bachillerato,Empresa propia,Unión libre,23,3,11,4409,4.1,24.5,86,9.8,7.5,9.9,8.2,8.7,9.0,8.85,6.7,5,6.4,6.4,5.9,2,2,5.6,1.2,73,24.6,43,50,29.5,10.4,20.9,12.7,10.4,7.3,6.2,2.6
SUJ-1685,Tecnología,Monterrey,Posgrado,E-commerce,Soltero,17,8,14,500,2.84,39.4,42,4.0,4.6,6.4,5.6,6.3,6.3,5.53,8.1,28,10.0,6.7,7.6,2,1,5.3,1.6,11,27.8,58,69,26.1,14.0,22.7,13.0,8.3,9.4,4.4,2.1
SUJ-1686,Servicios,CDMX,Maestría,E-commerce,Casado,36,8,11,7310,1.07,40.7,84,6.7,7.4,9.2,6.2,8.1,9.5,7.85,5.4,30,6.4,7.4,8.0,3,2,7.1,3.3,17,19.3,49,47,28.9,26.4,11.7,15.5,2.2,11.0,4.2,0.1
SUJ-1687,Agroindustria,Buenos Aires,Maestría,Empresa propia,Soltero,25,8,12,7387,9.15,28.6,85,6.4,9.2,6.2,6.1,9.8,9.3,7.83,6.7,24,9.5,9.1,8.1,1,2,4.9,2.0,11,33.3,38,68,23.0,16.3,18.4,9.6,22.0,5.3,4.1,1.3
SUJ-1688,Retail/Comercio,Lima,Maestría,Empresa propia,Soltero,23,3,12,7002,2.64,42.2,60,7.8,7.0,8.2,2.1,4.4,7.1,6.1,7.2,13,6.6,5.8,8.7,2,1,5.5,7.0,14,28.9,50,61,26.3,17.8,17.0,18.1,5.1,8.5,5.6,1.6
SUJ-1689,Manufactura,São Paulo,Maestría,Empresa propia,Soltero,35,10,16,17485,4.78,4.0,64,6.8,7.7,7.5,3.3,7.7,8.8,6.97,8.0,3,4.1,6.6,8.2,0,1,4.6,3.5,20,23.5,63,70,22.8,14.6,20.7,14.4,14.7,9.7,1.9,1.2
SUJ-1690,Inmuebles,Buenos Aires,Doctorado,Empresa familiar,Soltero,23,9,22,11514,43.72,45.1,87,10.0,4.7,6.3,5.5,10.0,10.0,7.75,6.5,15,6.2,8.3,10.0,1,1,5.0,1.5,10,43.3,43,55,21.3,16.4,19.9,10.8,10.6,13.1,4.3,3.6
SUJ-1691,Tecnología,Bogotá,Universitario,Franquicia,Soltero,20,8,14,16163,14.22,52.8,57,3.1,4.9,4.3,5.5,6.4,5.5,4.95,5.5,25,3.4,6.0,8.2,1,0,5.1,4.6,7,31.4,64,56,34.7,18.3,16.4,9.2,9.7,6.8,4.2,0.7
SUJ-1692,Retail/Comercio,Lima,Posgrado,Startup escalada,Soltero,21,3,4,500,1.0,40.0,78,7.9,5.5,8.8,9.2,9.8,8.8,8.33,8.1,37,8.7,9.4,8.9,0,6,3.6,2.3,10,25.6,45,56,24.2,13.8,17.6,23.5,6.6,7.5,3.3,3.5
SUJ-1693,Finanzas,Barranquilla,Bachillerato,Startup escalada,Unión libre,20,4,9,3063,2.41,31.3,63,8.1,8.1,7.7,6.0,6.6,5.0,6.92,10.0,26,6.5,9.1,10.0,0,1,6.2,4.5,68,32.6,45,57,21.7,21.9,12.8,8.8,11.3,15.2,6.9,1.4
SUJ-1694,Tecnología,Buenos Aires,Bachillerato,E-commerce,Casado,19,8,12,3070,3.14,77.8,84,7.3,6.1,7.5,6.2,10.0,9.6,7.78,7.2,2,6.1,8.6,8.5,1,1,6.1,3.0,23,31.9,34,53,26.1,18.8,16.2,13.4,11.9,4.3,6.9,2.4
SUJ-1695,Finanzas,Lima,Universitario,Holding,Unión libre,21,9,10,8561,1.0,39.0,97,10.0,8.8,8.4,7.5,9.1,8.9,8.78,8.0,21,7.9,7.9,6.6,0,0,5.1,4.0,135,30.7,41,58,14.5,19.6,18.1,20.8,8.9,12.7,1.8,3.6
SUJ-1696,Tecnología,Monterrey,Técnico,Empresa propia,Casado,40,3,9,4762,1.51,68.5,59,5.1,7.9,6.9,5.0,7.1,8.1,6.68,7.2,24,4.9,6.3,8.5,0,3,5.5,1.6,2,20.6,48,53,23.7,19.2,13.2,16.8,13.8,3.8,6.9,2.6
SUJ-1697,Tecnología,São Paulo,Universitario,Holding,Soltero,19,13,18,12021,18.65,49.5,80,7.2,7.3,8.1,5.8,8.2,7.8,7.4,6.8,4,7.9,6.0,6.5,1,0,4.3,4.6,5,37.0,48,58,24.3,22.2,17.1,13.7,7.9,5.9,7.6,1.3
SUJ-1698,Tecnología,Santiago,Técnico,Empresa propia,Soltero,17,6,13,3881,12.29,78.3,86,8.9,6.8,9.1,6.4,10.0,7.7,8.15,8.3,18,6.4,6.3,6.4,1,2,4.3,1.6,26,38.8,52,60,21.3,15.7,18.7,13.6,15.1,7.3,4.9,3.4
SUJ-1699,Salud/Farma,São Paulo,Bachillerato,Startup escalada,Soltero,27,10,22,2004,2.63,30.9,45,4.6,4.7,3.2,1.7,5.2,4.2,3.93,7.0,31,6.7,8.4,8.9,2,1,4.9,3.5,33,25.4,65,64,32.4,16.6,7.5,18.1,6.9,13.6,4.0,0.9
SUJ-1700,Retail/Comercio,Barranquilla,Maestría,Empresa propia,Soltero,25,2,8,2750,2.56,54.8,86,10.0,5.5,8.2,5.6,9.0,9.5,7.97,5.9,24,7.2,6.6,4.5,3,4,6.6,5.4,118,33.7,49,58,30.0,18.8,13.1,16.3,10.2,6.6,4.0,1.0
SUJ-1701,Salud/Farma,Medellín,Bachillerato,Startup escalada,Casado,29,7,17,1611,7.81,25.7,77,8.0,4.7,8.1,5.5,5.6,7.8,6.62,7.4,11,6.6,7.9,7.3,0,1,5.0,4.1,13,31.3,51,64,42.8,13.4,23.0,3.7,6.7,3.7,4.6,2.1
SUJ-1702,Retail/Comercio,Medellín,Maestría,Empresa propia,Casado,22,2,7,1764,4.24,12.8,81,9.9,7.6,8.1,4.8,9.1,8.6,8.02,5.5,28,5.9,5.1,8.2,1,2,3.9,4.4,30,17.0,46,59,33.2,23.8,6.7,14.6,9.1,6.2,5.9,0.5
SUJ-1703,Finanzas,Bucaramanga,Técnico,Startup escalada,Soltero,20,7,14,1955,1.0,52.2,48,6.3,1.4,5.4,4.4,6.4,4.3,4.7,8.7,21,6.0,7.9,8.2,1,4,5.0,5.0,3,23.6,47,69,26.6,28.5,11.3,15.9,8.9,1.3,3.0,4.5
SUJ-1704,Retail/Comercio,Buenos Aires,Maestría,Empresa propia,Soltero,36,8,14,500,1.0,26.5,82,7.1,6.9,6.9,7.0,8.5,8.4,7.47,8.6,34,7.1,7.6,7.7,2,5,4.7,5.0,14,23.0,46,67,46.8,14.7,9.1,13.1,9.0,3.2,1.7,2.4
SUJ-1705,Retail/Comercio,Santiago,Maestría,Holding,Soltero,17,9,16,10072,1.0,19.9,70,7.5,6.0,7.5,7.2,5.6,7.9,6.95,9.0,6,6.1,7.2,6.4,4,2,5.0,1.5,265,25.3,54,67,27.3,20.1,19.6,7.8,13.4,6.1,4.3,1.4
SUJ-1706,Tecnología,Caracas,Posgrado,E-commerce,Soltero,28,4,10,4081,1.03,69.8,57,5.2,7.8,3.6,4.1,6.2,8.9,5.97,5.7,17,4.0,8.1,10.0,2,2,5.9,3.9,19,29.1,56,54,32.3,15.5,13.4,15.9,11.1,4.9,4.7,2.2
SUJ-1707,Manufactura,Cali,Posgrado,Empresa propia,Soltero,30,1,12,500,1.24,5.9,82,9.6,7.7,8.3,3.8,9.5,6.5,7.57,7.4,3,6.0,10.0,7.2,0,0,6.0,1.3,6,20.0,42,56,33.4,6.3,17.5,12.4,13.3,12.4,1.2,3.5
SUJ-1708,Tecnología,Lima,Bachillerato,Holding,Casado,30,8,16,3696,45.7,79.2,83,10.0,6.7,10.0,8.5,7.2,8.4,8.47,10.0,13,3.8,8.2,6.8,0,2,3.6,1.7,109,49.8,29,54,19.9,26.5,13.1,8.7,13.0,7.6,9.7,1.5
SUJ-1709,Manufactura,Barranquilla,Doctorado,Empresa familiar,Soltero,24,5,11,18862,1.01,22.2,71,5.2,7.4,7.4,4.3,5.2,6.3,5.97,5.4,31,10.0,7.0,9.5,1,4,7.7,3.4,20,17.2,43,61,36.1,16.1,15.3,14.3,10.0,3.4,4.8,-0.0
SUJ-1710,Manufactura,Monterrey,Maestría,Empresa propia,Casado,18,5,14,5727,1.51,5.7,77,8.5,6.9,6.3,8.7,9.6,7.8,7.97,6.7,32,9.2,6.2,5.7,0,1,6.0,2.1,4,16.3,48,58,35.2,20.9,18.8,8.8,8.0,5.6,2.7,-0.0
SUJ-1711,Tecnología,Buenos Aires,Maestría,Startup escalada,Soltero,34,3,9,34591,3.61,57.9,70,8.8,4.7,6.6,7.5,7.9,7.7,7.2,7.4,42,10.0,6.8,7.6,3,1,6.9,4.2,119,34.1,41,54,29.2,4.2,20.2,13.0,18.7,11.7,2.7,0.3
SUJ-1712,Tecnología,Monterrey,Posgrado,E-commerce,Soltero,23,6,16,6211,9.57,55.0,54,7.2,5.4,4.7,4.1,8.3,7.3,6.17,6.7,15,5.3,7.6,5.5,2,2,4.1,6.4,3,31.2,57,56,35.2,13.1,16.7,11.4,8.7,6.2,5.2,3.5
SUJ-1713,Inmuebles,Cali,Universitario,Startup escalada,Casado,35,7,9,26331,6.97,29.5,70,7.3,6.3,7.3,5.1,7.6,6.8,6.73,6.7,40,6.8,8.2,5.9,3,2,6.5,1.8,124,35.9,44,48,21.1,25.4,18.5,15.8,2.3,10.2,4.3,2.4
SUJ-1714,Retail/Comercio,Bucaramanga,Maestría,Franquicia,Casado,28,11,24,1803,12.4,19.6,88,10.0,7.5,8.4,5.1,8.9,9.6,8.25,6.8,33,5.0,7.3,7.1,0,0,4.5,1.3,3,27.8,52,66,36.4,20.8,19.3,8.6,4.7,4.3,5.1,0.8
SUJ-1715,Tecnología,Caracas,Universitario,Franquicia,Soltero,23,1,8,2739,2.98,70.8,89,9.1,8.0,7.2,3.8,7.4,10.0,7.58,5.4,19,9.7,6.4,8.0,2,1,5.7,3.3,24,30.0,41,60,28.9,26.1,16.2,7.4,11.4,4.2,5.1,0.7
SUJ-1716,Salud/Farma,Cali,Posgrado,Startup escalada,Unión libre,28,2,4,9630,2.14,34.3,61,4.8,6.9,7.9,5.6,9.7,5.2,6.68,5.8,24,5.2,5.7,9.0,1,1,6.3,1.3,43,23.0,33,59,19.9,21.6,18.4,17.5,12.7,7.4,1.4,1.1
SUJ-1717,Tecnología,São Paulo,Técnico,Franquicia,Soltero,32,8,17,34633,24.01,45.6,76,8.9,7.0,7.1,5.7,8.5,5.6,7.13,6.6,17,6.5,7.6,6.0,3,0,3.9,3.5,9,37.2,48,51,29.4,22.0,19.2,14.9,5.2,4.3,2.7,2.3
SUJ-1718,Manufactura,São Paulo,Doctorado,E-commerce,Soltero,26,1,12,13957,3.65,30.4,73,8.9,4.7,7.9,7.2,7.5,5.8,7.0,2.7,30,6.8,6.8,10.0,4,1,4.6,3.6,14,23.6,42,48,42.0,17.4,10.2,13.6,8.7,3.2,2.9,2.0
SUJ-1719,Salud/Farma,Bogotá,Técnico,Empresa propia,Casado,21,4,6,6454,2.24,15.8,79,8.7,4.8,9.9,7.8,7.8,6.7,7.62,5.7,7,9.4,8.1,7.5,0,5,3.3,7.0,6,21.3,43,53,23.2,19.0,11.5,15.2,19.2,4.7,2.9,4.3
SUJ-1720,Finanzas,CDMX,Universitario,Empresa propia,Casado,17,16,20,711,14.76,61.8,73,8.0,5.8,5.6,3.4,10.0,7.3,6.68,7.4,14,8.0,7.0,6.9,3,0,5.1,3.8,3,32.2,46,63,23.3,17.0,16.2,14.9,16.1,8.8,2.5,1.2
SUJ-1721,Tecnología,Barranquilla,Posgrado,Holding,Soltero,23,6,16,3625,53.65,81.8,82,7.0,6.4,10.0,6.4,9.2,8.7,7.95,6.6,24,6.1,6.0,9.1,2,0,6.3,2.1,4,45.8,32,50,30.8,8.1,17.4,18.2,11.5,7.6,5.1,1.3
SUJ-1722,Tecnología,CDMX,Maestría,Holding,Soltero,30,9,17,723,21.77,67.9,67,5.3,6.4,6.0,8.1,8.9,5.4,6.68,6.0,24,9.9,6.4,8.4,2,2,6.1,2.3,60,43.7,45,44,22.1,19.3,16.9,16.7,11.1,8.3,2.8,2.8
SUJ-1723,Finanzas,Cali,Posgrado,E-commerce,Casado,19,1,5,2983,1.0,38.9,87,7.4,9.0,10.0,5.3,9.9,10.0,8.6,7.1,23,6.5,9.7,6.8,0,1,6.4,2.2,112,30.7,42,49,23.7,23.0,16.0,14.1,14.8,2.9,4.0,1.5
SUJ-1724,Tecnología,Caracas,Universitario,Empresa propia,Soltero,30,9,14,2395,2.0,38.9,65,4.0,7.8,8.3,6.7,9.0,8.8,7.43,7.0,11,8.8,9.3,8.2,2,2,5.3,4.0,23,22.6,39,54,31.9,12.9,17.7,15.7,8.0,10.1,1.6,2.1
SUJ-1725,Manufactura,São Paulo,Bachillerato,Franquicia,Soltero,26,5,7,3935,1.54,26.2,75,9.5,5.6,6.5,6.3,8.3,7.2,7.23,8.3,10,3.7,9.5,7.5,2,4,5.5,0.0,146,33.4,50,64,25.0,16.1,12.3,16.9,12.0,9.9,6.1,1.7
SUJ-1726,Tecnología,Bucaramanga,Maestría,Empresa propia,Soltero,30,8,11,14525,4.67,29.9,81,8.3,4.6,7.7,6.6,9.0,6.4,7.1,7.7,18,10.0,8.6,7.2,1,5,4.5,4.0,131,29.0,54,63,25.7,24.1,10.3,13.3,15.6,3.5,7.3,0.2
SUJ-1727,Retail/Comercio,Bucaramanga,Doctorado,E-commerce,Unión libre,17,9,9,1303,1.0,41.2,75,7.2,6.5,4.8,5.8,8.2,8.6,6.85,7.1,2,6.1,8.5,5.0,0,2,4.2,2.6,212,28.4,42,50,29.5,16.3,16.9,14.3,11.7,8.3,2.5,0.5
SUJ-1728,Salud/Farma,Medellín,Maestría,Startup escalada,Soltero,17,5,10,2923,1.77,36.0,41,3.2,5.5,4.4,2.0,6.9,4.9,4.48,5.8,31,7.5,8.0,6.9,4,1,3.3,3.8,69,31.3,50,55,32.0,10.2,11.3,26.0,2.0,11.6,6.0,0.9
SUJ-1729,Inmuebles,São Paulo,Universitario,Startup escalada,Casado,23,8,16,2420,3.74,29.6,76,6.3,6.0,6.1,3.8,9.1,6.6,6.32,7.1,30,4.6,9.2,8.8,1,2,5.3,2.3,217,33.6,52,51,24.2,13.4,27.2,14.1,12.3,3.3,4.5,1.0
SUJ-1730,Manufactura,Buenos Aires,Maestría,Empresa propia,Casado,37,2,7,2809,2.78,20.7,82,8.3,7.0,6.9,5.5,10.0,10.0,7.95,4.6,27,3.8,8.0,8.4,0,3,5.9,4.0,4,24.1,44,57,19.5,10.7,22.0,19.5,13.0,9.4,4.0,1.9
SUJ-1731,Finanzas,Caracas,Universitario,Startup escalada,Soltero,21,7,17,3578,4.75,46.6,76,7.5,6.3,7.6,4.4,8.3,6.8,6.82,10.0,22,6.5,9.4,8.5,3,2,5.6,1.8,73,37.9,54,82,42.8,17.4,9.3,4.7,13.9,2.5,6.5,2.9
SUJ-1732,Manufactura,Medellín,Posgrado,Franquicia,Casado,25,9,13,2241,2.04,46.7,85,8.6,9.2,8.8,7.2,8.2,9.6,8.6,5.0,19,7.3,9.6,7.4,1,0,4.5,0.4,5,26.5,39,51,31.6,4.0,15.5,20.7,14.2,8.1,4.8,1.1
SUJ-1733,Retail/Comercio,Barranquilla,Universitario,Holding,Unión libre,38,5,6,22859,4.26,22.7,88,7.2,10.0,7.5,9.4,10.0,8.1,8.7,7.5,4,3.9,7.3,9.6,2,4,6.3,2.9,201,32.4,48,67,23.8,17.7,21.0,15.2,13.7,6.0,2.4,0.2
SUJ-1734,Retail/Comercio,Barranquilla,Universitario,Empresa propia,Soltero,28,3,13,4359,3.14,11.7,63,7.2,6.5,6.6,7.0,7.7,7.6,7.1,6.7,30,6.3,9.0,7.5,1,2,4.9,2.9,2,20.7,59,64,21.7,22.1,19.4,12.9,14.1,5.0,2.3,2.5
SUJ-1735,Tecnología,Barranquilla,Maestría,Holding,Soltero,31,5,12,969,6.29,41.5,49,7.3,5.5,4.8,3.5,5.5,4.6,5.2,7.2,24,1.4,7.1,6.5,1,0,5.7,2.9,229,34.4,67,67,36.9,11.7,11.9,13.0,8.0,10.3,5.7,2.5
SUJ-1736,Servicios,Monterrey,Posgrado,Empresa propia,Unión libre,22,11,21,5043,7.18,36.0,56,6.0,3.3,6.6,6.1,5.4,7.1,5.75,7.6,38,4.5,7.6,8.7,2,2,5.5,0.0,20,33.2,57,47,21.0,20.6,16.4,14.6,13.7,6.3,4.4,3.0
SUJ-1737,Retail/Comercio,Medellín,Universitario,Franquicia,Casado,33,10,15,1630,1.0,14.9,73,8.4,5.8,6.9,6.8,8.6,6.6,7.18,5.8,22,5.2,6.7,8.3,2,4,5.8,3.4,114,24.0,50,53,34.1,17.3,16.7,14.7,2.0,5.2,6.8,3.2
SUJ-1738,Tecnología,Monterrey,Universitario,Empresa propia,Soltero,33,9,21,1948,124.8,69.2,81,8.5,8.0,6.3,6.5,6.5,10.0,7.63,8.4,20,1.8,9.0,7.7,3,1,5.6,2.9,17,57.0,52,58,19.2,23.4,12.8,13.2,18.8,6.8,2.6,3.2
SUJ-1739,Finanzas,CDMX,Bachillerato,Empresa propia,Casado,29,12,14,2684,1.0,45.3,71,6.8,6.7,6.1,7.8,7.7,7.5,7.1,8.6,13,7.3,8.1,10.0,0,2,4.8,3.5,9,25.3,52,51,31.8,20.7,17.9,7.5,12.0,8.3,1.2,0.6
SUJ-1740,Retail/Comercio,São Paulo,Posgrado,Empresa propia,Casado,25,7,12,1066,1.47,4.0,54,6.5,5.6,5.5,2.1,7.7,4.2,5.27,7.0,27,10.0,8.6,10.0,1,2,3.0,2.6,5,17.1,68,66,29.3,15.1,19.2,12.9,12.6,7.3,2.1,1.5
SUJ-1741,Servicios,Buenos Aires,Universitario,Empresa propia,Casado,29,7,14,10215,2.12,32.6,76,7.2,4.3,8.4,5.1,8.5,7.3,6.8,8.3,27,8.3,9.2,8.6,2,3,5.7,6.7,65,30.9,48,63,22.3,25.5,15.4,13.4,9.8,7.5,2.3,3.8
SUJ-1742,Inmuebles,Cali,Técnico,Empresa propia,Unión libre,17,1,5,12559,5.83,27.9,72,6.8,3.5,9.3,6.7,6.8,7.1,6.7,10.0,35,4.0,7.1,7.9,1,2,4.2,2.9,46,34.8,52,58,24.9,12.3,16.8,12.6,14.0,8.7,7.3,3.4
SUJ-1743,Inmuebles,São Paulo,Posgrado,Holding,Soltero,32,3,10,4010,1.0,36.9,74,8.8,8.9,6.5,6.2,8.2,5.7,7.38,8.0,31,6.1,7.2,6.9,1,3,4.9,4.4,8,20.7,27,51,25.4,10.1,15.9,17.7,10.7,11.4,5.6,3.2
SUJ-1744,Tecnología,Caracas,Posgrado,Empresa propia,Soltero,20,9,19,9343,12.26,43.7,97,7.5,7.8,6.6,6.4,9.9,10.0,8.03,8.0,18,6.5,8.3,7.4,2,4,4.7,5.9,61,41.2,22,57,18.1,17.9,17.5,20.7,8.9,9.9,5.5,1.5
SUJ-1745,Retail/Comercio,Lima,Maestría,E-commerce,Casado,24,10,17,3940,2.98,45.6,83,8.5,4.8,9.8,4.6,10.0,9.0,7.78,4.9,8,6.5,7.4,9.0,1,2,5.7,4.2,2,21.8,40,65,18.1,28.0,13.8,12.4,14.1,9.0,4.4,0.2
SUJ-1746,Retail/Comercio,Medellín,Posgrado,Empresa propia,Soltero,33,2,7,1433,8.92,34.6,70,6.2,5.9,7.8,3.6,10.0,5.2,6.45,8.6,32,6.2,7.8,6.2,2,2,5.4,3.3,19,37.7,47,65,26.6,25.5,16.8,6.8,9.9,7.8,5.4,1.2
SUJ-1747,Tecnología,São Paulo,Maestría,Empresa familiar,Casado,32,6,16,4048,64.64,82.7,54,8.6,3.1,6.3,4.3,7.1,6.5,5.98,6.9,18,5.7,9.6,6.9,1,2,5.5,6.0,130,59.6,59,67,29.0,19.9,8.8,15.2,13.8,6.4,4.2,2.7
SUJ-1748,Finanzas,Lima,Doctorado,Empresa familiar,Soltero,17,15,23,6513,245.18,58.0,90,10.0,6.0,6.7,7.8,10.0,7.4,7.98,8.7,18,4.8,6.3,7.4,3,3,6.4,1.2,35,55.8,38,54,14.7,2.8,26.9,21.8,18.5,8.0,6.1,1.2
SUJ-1749,Inmuebles,São Paulo,Maestría,Empresa propia,Soltero,20,6,12,500,3.13,28.4,48,7.1,3.6,5.3,5.8,5.0,5.0,5.3,7.7,19,7.6,6.6,6.2,1,0,5.4,4.3,2,21.1,71,64,21.7,18.2,16.4,15.4,17.7,7.0,3.0,0.6
SUJ-1750,Tecnología,Bucaramanga,Posgrado,E-commerce,Soltero,29,12,18,8501,4.86,40.3,68,7.4,4.1,7.9,4.0,6.6,6.2,6.03,5.5,41,9.2,7.3,4.8,1,3,5.7,1.1,2,22.6,47,65,27.6,14.5,17.5,19.3,10.0,7.1,3.9,0.1
SUJ-1751,Retail/Comercio,Medellín,Universitario,Empresa propia,Casado,17,8,13,10857,6.98,8.6,56,7.0,0.7,4.0,4.3,6.7,5.6,4.72,7.0,27,4.8,8.5,3.4,0,1,4.9,3.3,1,24.7,76,76,22.1,16.6,18.3,16.2,11.9,5.4,5.0,4.5
SUJ-1752,Tecnología,CDMX,Doctorado,Empresa familiar,Casado,34,9,18,15727,27.93,50.6,67,7.6,6.9,8.1,4.1,7.9,6.1,6.78,9.1,30,3.5,7.9,7.1,2,1,3.9,1.4,77,43.7,58,70,22.0,14.8,12.3,16.2,15.1,9.8,5.0,4.8
SUJ-1753,Tecnología,Medellín,Universitario,E-commerce,Soltero,26,3,12,867,2.26,51.1,71,6.7,5.4,7.7,6.2,8.5,8.5,7.17,10.0,37,8.5,8.9,6.8,2,2,5.2,0.0,4,26.1,49,57,24.9,16.6,15.8,15.7,11.0,9.1,5.9,1.0
SUJ-1754,Finanzas,Monterrey,Universitario,Empresa propia,Soltero,34,1,11,500,2.43,70.4,55,8.2,6.3,7.6,5.3,5.7,6.8,6.65,6.1,25,6.2,7.6,8.1,0,3,7.2,0.1,71,35.2,51,67,13.6,18.1,27.0,19.8,3.5,9.4,6.1,2.5
SUJ-1755,Salud/Farma,Buenos Aires,Universitario,Empresa propia,Soltero,21,9,17,608,6.66,20.9,40,5.8,4.0,5.9,2.4,6.0,5.2,4.88,5.1,17,3.0,8.2,5.2,0,2,4.5,5.7,35,32.2,58,61,11.9,20.6,15.3,23.3,12.1,10.8,4.4,1.6
SUJ-1756,Inmuebles,Cali,Bachillerato,Empresa propia,Casado,22,8,12,20628,2.1,45.9,59,5.4,3.0,3.1,3.1,5.4,5.5,4.25,7.3,9,4.8,8.7,5.1,3,1,5.1,1.2,7,26.0,73,58,24.4,11.9,16.0,14.1,12.7,13.3,4.7,2.9
SUJ-1757,Agroindustria,Santiago,Doctorado,Franquicia,Soltero,32,7,14,11604,1.59,17.8,54,4.1,4.9,4.4,6.8,6.1,6.4,5.45,7.8,18,9.6,8.1,8.8,2,1,4.6,2.6,45,25.2,57,64,17.2,31.3,17.6,14.7,9.7,3.1,5.1,1.3
SUJ-1758,Retail/Comercio,Cali,Posgrado,Holding,Casado,24,2,6,14435,5.73,54.9,59,5.3,7.2,7.2,4.9,7.5,6.2,6.38,8.3,25,5.9,7.0,6.8,4,1,3.2,1.8,3,27.7,53,71,13.1,20.3,19.9,21.2,10.6,9.7,4.2,1.0
SUJ-1759,Tecnología,São Paulo,Posgrado,Franquicia,Soltero,18,5,12,5822,1.0,30.5,68,7.1,5.8,5.2,5.5,5.4,7.0,6.0,8.9,27,7.9,10.0,7.6,3,3,6.1,5.1,8,21.0,62,76,32.4,21.3,12.2,13.8,3.9,8.6,6.0,1.8
SUJ-1760,Retail/Comercio,Caracas,Posgrado,Franquicia,Soltero,29,4,15,5984,5.05,47.3,93,8.4,6.8,7.7,5.5,8.9,9.6,7.82,8.1,19,2.5,10.0,9.8,0,4,4.6,0.1,3,28.0,30,61,32.0,12.4,18.6,11.4,12.0,8.6,2.6,2.4
SUJ-1761,Retail/Comercio,Caracas,Universitario,Empresa propia,Casado,17,5,15,2836,1.6,21.4,64,7.9,3.8,6.4,4.9,7.4,6.9,6.22,6.2,15,4.4,9.5,5.2,0,1,4.7,1.6,6,23.2,53,61,23.8,18.9,16.2,19.0,11.5,4.2,4.9,1.5
SUJ-1762,Servicios,Cali,Bachillerato,Empresa propia,Soltero,34,8,17,14799,3.0,34.6,65,7.2,5.0,6.0,4.3,7.4,8.4,6.38,7.9,19,9.1,6.7,8.4,0,1,4.1,7.0,26,23.6,52,73,20.6,16.2,18.8,13.6,12.2,11.5,5.8,1.3
SUJ-1763,Tecnología,Bucaramanga,Posgrado,Empresa propia,Casado,27,9,15,14164,62.32,74.4,71,7.5,4.7,4.3,4.8,6.8,8.1,6.03,5.6,18,5.9,8.3,6.9,0,1,7.9,5.4,9,52.5,61,57,12.2,28.2,14.6,20.1,15.3,7.5,1.4,0.7
SUJ-1764,Retail/Comercio,CDMX,Maestría,Startup escalada,Soltero,20,8,17,3982,5.48,23.5,81,8.3,6.2,8.5,5.0,7.6,9.5,7.52,5.2,34,7.9,8.9,6.2,1,1,6.3,1.3,3,30.3,50,49,21.4,17.7,18.9,12.6,16.5,9.0,3.9,-0.0
SUJ-1765,Tecnología,Lima,Universitario,Empresa propia,Soltero,32,7,11,3195,1.99,37.1,80,7.9,4.0,7.5,7.7,9.1,7.3,7.25,9.2,33,8.3,8.4,8.1,0,3,6.4,5.0,4,23.5,47,55,24.7,22.0,14.0,16.0,11.4,6.0,4.2,1.7
SUJ-1766,Finanzas,Caracas,Maestría,E-commerce,Soltero,32,7,8,10726,1.0,31.4,46,5.0,2.8,5.6,3.1,4.2,7.3,4.67,8.9,26,6.0,7.1,8.0,0,4,6.0,2.3,4,17.2,67,68,30.2,21.8,20.7,11.7,6.1,7.4,1.6,0.5
SUJ-1767,Inmuebles,São Paulo,Universitario,Empresa propia,Soltero,26,6,13,500,1.1,19.7,58,6.7,6.0,5.9,5.9,6.3,5.9,6.12,4.2,17,6.4,8.4,9.0,4,2,5.1,3.9,17,19.4,54,53,31.4,15.4,21.7,2.9,12.1,8.5,6.5,1.5
SUJ-1768,Retail/Comercio,CDMX,Universitario,Empresa propia,Casado,39,4,9,15725,11.97,4.0,87,8.2,7.5,5.1,5.1,9.8,10.0,7.62,9.2,24,4.7,7.2,7.3,0,1,5.2,1.0,9,27.1,53,68,24.7,24.2,16.8,9.9,10.0,9.4,5.0,-0.0
SUJ-1769,Finanzas,Santiago,Técnico,Holding,Casado,39,7,19,4728,5.79,44.9,65,5.6,5.3,5.8,7.0,7.2,7.6,6.42,7.6,33,1.6,5.5,6.2,2,5,4.4,2.6,6,27.1,55,58,18.7,18.6,15.2,18.4,13.8,9.1,5.6,0.6
SUJ-1770,Finanzas,Bucaramanga,Universitario,Franquicia,Casado,27,10,22,4657,98.26,57.2,85,9.9,5.5,6.9,6.7,9.0,8.8,7.8,9.0,23,8.9,9.4,5.2,2,3,4.6,4.0,64,51.7,45,50,25.2,16.7,22.8,10.5,9.2,11.7,3.8,0.1
SUJ-1771,Retail/Comercio,Buenos Aires,Maestría,Franquicia,Soltero,32,6,10,8846,14.01,31.8,82,7.5,9.1,8.0,7.2,9.8,8.3,8.32,4.9,25,10.0,9.6,5.8,1,3,5.3,1.1,89,42.6,32,42,23.4,11.8,20.1,13.3,18.0,9.1,2.3,2.0
SUJ-1772,Inmuebles,São Paulo,Maestría,E-commerce,Casado,33,3,11,8302,6.52,26.4,42,6.7,7.0,5.9,1.5,4.5,7.4,5.5,6.5,26,4.7,8.2,6.4,0,0,4.8,2.4,296,36.3,61,73,32.0,18.6,19.1,10.2,13.4,4.0,2.7,-0.0
SUJ-1773,Servicios,Cali,Universitario,E-commerce,Casado,19,2,2,2473,3.69,9.7,50,5.5,3.1,5.0,5.1,5.4,7.7,5.3,6.3,22,10.0,3.5,4.9,3,2,4.9,3.3,21,22.9,72,68,32.1,15.0,15.5,14.8,13.0,4.8,3.5,1.3
SUJ-1774,Agroindustria,Monterrey,Posgrado,Empresa propia,Soltero,27,3,10,22956,1.0,11.3,68,6.5,7.1,7.8,8.3,7.8,7.3,7.47,7.1,27,8.0,9.9,6.0,1,2,4.9,4.2,7,19.1,42,68,25.8,18.8,7.6,20.3,8.6,13.4,4.1,1.4
SUJ-1775,Inmuebles,Bucaramanga,Maestría,E-commerce,Casado,21,2,9,34340,1.36,35.7,78,6.7,5.1,9.6,6.3,7.9,8.1,7.28,7.5,8,1.5,7.0,7.8,2,2,4.3,3.6,14,22.6,46,52,23.7,20.1,21.3,16.3,7.6,6.2,3.5,1.3
SUJ-1776,Finanzas,Caracas,Universitario,Holding,Unión libre,21,18,21,5972,111.65,59.7,69,7.4,6.7,7.8,8.8,7.6,6.2,7.42,4.1,17,3.3,6.1,5.2,3,3,5.0,4.1,65,51.1,42,48,29.9,23.8,13.7,5.7,10.2,7.6,6.6,2.5
SUJ-1777,Manufactura,Barranquilla,Técnico,Empresa propia,Soltero,26,3,10,6592,3.0,4.0,70,7.7,3.0,9.7,3.2,7.0,6.0,6.1,6.6,33,0.3,6.4,9.6,1,2,6.3,0.0,13,22.0,69,65,31.9,17.7,11.1,13.3,9.8,12.5,2.7,1.0
SUJ-1778,Retail/Comercio,Caracas,Doctorado,Franquicia,Unión libre,27,7,10,6465,1.62,30.6,73,6.5,5.5,5.6,4.5,7.6,7.0,6.12,6.7,21,7.6,7.9,8.9,4,1,5.7,0.0,13,28.5,43,49,23.3,28.4,16.8,10.3,7.6,10.2,2.8,0.6
SUJ-1779,Finanzas,Medellín,Posgrado,Empresa propia,Soltero,17,6,15,5320,2.93,51.8,71,8.3,6.4,8.6,6.2,8.8,7.2,7.58,6.4,30,5.0,8.6,7.7,0,3,4.0,2.6,6,29.2,53,43,21.2,25.2,14.7,18.0,13.1,7.1,0.7,-0.0
SUJ-1780,Servicios,CDMX,Doctorado,Empresa propia,Soltero,28,12,19,23230,1.15,8.9,72,6.0,6.7,6.5,4.4,7.4,8.4,6.57,7.0,17,5.6,8.2,10.0,2,2,6.9,4.9,62,25.8,46,50,16.4,27.6,16.2,13.4,10.0,9.6,5.3,1.5
SUJ-1781,Tecnología,Bucaramanga,Universitario,E-commerce,Soltero,24,8,19,2245,23.08,60.1,40,6.3,2.7,5.2,6.4,6.2,7.1,5.65,10.0,26,5.2,7.7,5.4,0,1,5.6,2.1,69,50.9,38,64,27.3,13.4,19.8,12.3,10.5,9.5,4.4,2.8
SUJ-1782,Servicios,Barranquilla,Maestría,Startup escalada,Casado,34,8,9,913,4.78,35.2,68,7.3,6.7,4.8,4.0,8.7,4.5,6.0,7.2,13,6.2,9.9,6.4,2,1,5.6,1.0,17,32.0,60,68,24.2,22.3,11.3,14.2,11.0,6.1,7.0,3.9
SUJ-1783,Retail/Comercio,Caracas,Universitario,Startup escalada,Soltero,32,7,10,21222,3.23,20.4,68,6.6,5.8,9.6,6.4,6.6,5.5,6.75,5.0,23,7.5,7.8,4.9,2,2,5.5,0.0,59,24.5,69,57,31.2,16.8,13.7,18.3,5.9,7.7,3.6,2.8
SUJ-1784,Manufactura,Lima,Universitario,Empresa propia,Unión libre,20,8,12,1916,1.0,12.7,58,6.7,3.4,5.1,3.9,7.8,6.7,5.6,8.4,8,8.7,7.5,6.5,0,2,6.4,2.9,5,13.1,64,69,28.2,24.0,22.6,9.7,2.4,1.4,8.2,3.5
SUJ-1785,Manufactura,Santiago,Posgrado,Franquicia,Casado,33,8,16,11063,18.71,55.0,62,8.8,4.1,7.6,2.5,5.6,4.7,5.55,8.7,36,4.7,8.3,7.2,1,0,4.4,0.1,4,38.2,48,62,33.5,12.1,23.9,12.9,11.8,4.4,0.0,1.4
SUJ-1786,Servicios,Santiago,Universitario,E-commerce,Casado,29,4,11,1823,2.34,33.3,50,7.1,6.8,8.1,4.1,3.7,7.0,6.13,8.4,30,3.7,7.0,7.6,0,2,5.2,1.5,23,21.6,57,55,18.2,20.5,17.8,13.8,14.0,9.5,4.8,1.4
SUJ-1787,Manufactura,Cali,Técnico,Empresa propia,Soltero,24,3,10,25788,2.34,27.3,78,8.4,6.9,7.6,5.6,9.9,8.9,7.88,6.3,30,7.2,5.5,10.0,2,0,4.6,1.7,65,25.1,39,55,31.1,2.2,20.2,16.2,12.9,8.7,3.8,4.9
SUJ-1788,Manufactura,Cali,Universitario,Startup escalada,Unión libre,22,7,11,12528,8.22,15.4,57,7.5,4.6,7.8,5.2,7.0,7.0,6.52,9.1,17,5.6,7.9,7.3,2,4,6.6,0.0,19,26.1,58,62,23.5,16.7,17.7,17.9,11.7,6.5,2.6,3.4
SUJ-1789,Tecnología,Bucaramanga,Bachillerato,Holding,Casado,19,5,4,20078,1.0,41.6,71,6.8,4.2,5.4,6.7,7.8,5.6,6.08,8.3,23,6.5,8.5,8.7,0,1,6.2,2.2,5,21.6,49,61,32.9,11.4,14.7,19.4,10.7,5.5,3.0,2.4
SUJ-1790,Retail/Comercio,Bucaramanga,Maestría,Startup escalada,Soltero,18,7,10,24125,2.97,36.4,66,6.2,5.1,8.0,4.3,8.0,5.6,6.2,8.5,21,8.2,7.5,7.0,3,1,4.7,6.2,2,24.1,50,68,27.5,25.0,14.2,14.4,10.7,5.0,2.6,0.6
SUJ-1791,Tecnología,Buenos Aires,Universitario,Empresa propia,Casado,17,3,14,705,4.79,40.9,70,8.2,6.4,7.3,6.7,6.7,8.5,7.3,8.1,0,4.8,8.3,8.4,0,1,4.3,6.8,12,30.0,29,61,41.5,27.6,10.2,2.1,12.1,4.2,2.4,-0.1
SUJ-1792,Inmuebles,Medellín,Técnico,Empresa propia,Casado,26,1,5,4544,1.0,19.6,85,8.7,7.7,7.9,6.6,9.0,6.1,7.67,8.9,14,1.3,7.5,6.7,4,1,4.4,5.7,9,20.8,24,58,23.8,16.3,16.0,13.7,13.5,10.0,5.9,0.8
SUJ-1793,Retail/Comercio,Bogotá,Técnico,Startup escalada,Casado,17,2,9,8355,1.39,26.5,62,6.2,5.7,5.6,3.9,8.3,6.9,6.1,7.6,19,5.4,7.1,6.6,3,2,4.5,1.0,152,31.5,68,62,26.4,11.5,19.4,18.0,8.9,8.7,5.4,1.7
SUJ-1794,Manufactura,Lima,Técnico,Holding,Soltero,20,6,12,12974,11.8,33.7,71,8.5,5.3,5.1,4.7,10.0,6.4,6.67,8.0,24,10.0,7.1,9.9,1,1,4.5,6.2,42,35.6,41,54,32.4,12.4,17.6,9.7,8.8,12.5,5.9,0.7
SUJ-1795,Tecnología,Cali,Posgrado,Startup escalada,Soltero,29,1,8,2211,1.0,77.1,81,8.1,4.4,8.1,6.3,9.0,6.6,7.08,6.8,18,6.0,7.0,8.8,2,1,6.4,2.2,4,27.5,46,52,24.2,11.3,18.4,22.8,8.0,10.9,2.5,1.9
SUJ-1796,Tecnología,Bogotá,Técnico,Empresa propia,Soltero,34,14,15,19683,17.5,55.8,74,9.4,6.3,6.8,6.4,9.6,7.2,7.62,6.8,28,4.5,5.5,7.7,2,2,5.4,0.9,35,42.2,44,55,32.6,17.2,14.6,10.5,12.2,7.4,3.9,1.6
SUJ-1797,Inmuebles,Bogotá,Maestría,E-commerce,Soltero,19,14,23,1997,4.25,20.2,62,4.2,5.5,7.3,4.9,6.5,9.8,6.37,9.9,16,5.7,8.5,10.0,1,2,5.0,2.0,35,31.6,49,56,20.1,16.8,21.7,18.6,10.9,5.1,5.3,1.5
SUJ-1798,Tecnología,São Paulo,Bachillerato,E-commerce,Casado,29,10,16,16089,10.68,48.7,51,5.3,3.6,6.0,4.0,7.5,6.0,5.4,6.6,32,7.8,6.0,7.1,2,2,3.8,4.1,6,31.3,55,64,22.3,22.0,21.0,14.8,8.0,6.1,2.8,3.0
SUJ-1799,Tecnología,Medellín,Universitario,Empresa propia,Unión libre,24,5,19,5751,150.23,70.7,61,8.2,5.2,6.8,4.0,7.1,7.3,6.43,6.9,26,4.1,10.0,8.2,0,1,4.2,1.3,8,60.4,53,48,21.9,14.2,22.2,15.0,8.5,11.0,5.4,1.8
SUJ-1800,Tecnología,Monterrey,Maestría,E-commerce,Unión libre,22,5,10,5795,1.31,69.2,75,9.6,6.6,8.3,6.0,8.4,7.2,7.68,6.8,24,10.0,5.1,6.9,0,2,4.0,3.0,7,25.6,47,49,29.5,15.1,8.3,13.5,17.1,11.6,2.3,2.6
SUJ-1801,Agroindustria,Monterrey,Maestría,E-commerce,Casado,26,8,17,3747,1.4,36.8,72,9.0,6.7,5.7,6.0,7.9,8.6,7.32,7.9,11,4.1,7.1,6.7,3,0,4.5,1.4,58,25.0,51,56,29.6,14.7,19.4,11.0,9.7,9.9,3.3,2.4
SUJ-1802,Inmuebles,Cali,Bachillerato,Empresa propia,Casado,22,9,14,874,6.55,45.9,81,7.5,7.9,5.8,8.8,7.6,9.6,7.87,5.2,30,4.4,10.0,7.0,3,5,5.9,5.6,126,37.5,55,54,36.7,15.7,19.0,10.0,8.0,9.6,0.0,1.0
SUJ-1803,Finanzas,Caracas,Maestría,Empresa propia,Soltero,25,8,21,3410,433.01,74.9,68,9.4,2.8,5.6,4.2,6.7,7.0,5.95,6.2,33,10.0,7.4,8.5,0,2,5.2,3.7,6,59.3,54,57,24.7,28.4,5.2,8.8,13.8,9.9,8.0,1.2
SUJ-1804,Finanzas,Barranquilla,Universitario,Holding,Casado,26,2,11,4451,1.5,51.0,62,4.4,6.1,6.0,6.7,7.6,5.7,6.08,7.1,33,7.4,6.8,2.3,1,0,6.4,1.8,5,22.1,54,42,32.0,16.6,15.2,11.1,9.1,8.9,3.8,3.3
SUJ-1805,Finanzas,Caracas,Maestría,Franquicia,Soltero,32,6,8,5216,1.65,58.6,52,4.7,2.7,4.4,5.3,5.4,6.2,4.78,7.5,21,10.0,5.9,6.4,1,2,3.0,1.3,1,20.8,64,59,42.6,14.8,13.4,6.7,11.9,4.4,2.8,3.4
SUJ-1806,Inmuebles,Medellín,Posgrado,Startup escalada,Soltero,34,9,20,10748,2.18,20.4,56,5.8,3.8,4.3,4.5,7.3,7.1,5.47,5.6,25,9.8,7.9,10.0,0,0,4.3,4.4,99,26.2,78,68,23.3,20.6,21.0,11.8,14.4,1.2,4.9,2.8
SUJ-1807,Manufactura,Medellín,Posgrado,Empresa propia,Casado,22,1,10,3471,1.31,28.1,58,6.8,6.7,4.0,7.2,5.5,6.8,6.17,8.0,23,7.9,6.3,10.0,2,0,6.4,3.8,4,19.9,56,66,19.4,27.1,23.1,3.3,7.2,9.4,7.6,2.9
SUJ-1808,Tecnología,CDMX,Doctorado,Empresa propia,Soltero,24,2,6,4174,3.24,56.2,90,7.7,5.9,8.3,6.7,8.5,8.3,7.57,6.4,2,2.5,7.8,5.9,1,1,7.1,1.6,1,24.1,37,48,30.7,13.5,19.9,10.1,11.1,7.6,5.7,1.4
SUJ-1809,Tecnología,Bogotá,Universitario,Empresa familiar,Soltero,30,9,9,18924,1.61,63.4,56,6.0,6.3,5.6,5.0,7.1,6.8,6.13,7.5,30,5.0,9.2,6.6,2,3,5.0,1.4,5,29.5,53,57,16.7,15.9,23.8,22.1,8.5,11.0,0.4,1.6
SUJ-1810,Tecnología,CDMX,Posgrado,Startup escalada,Casado,24,6,16,11172,10.02,43.6,57,8.1,4.4,6.1,4.2,7.6,5.8,6.03,9.0,19,3.8,7.2,10.0,1,1,6.8,0.0,53,37.7,56,71,25.9,17.4,19.0,6.8,16.9,10.0,3.2,0.8
SUJ-1811,Manufactura,Caracas,Universitario,Empresa propia,Soltero,30,6,18,500,1.07,4.0,63,5.2,7.6,7.6,6.0,9.1,8.4,7.32,7.7,23,5.2,8.9,6.9,2,4,4.7,3.0,14,24.2,57,56,30.8,17.2,12.0,13.8,8.2,7.1,5.1,5.8
SUJ-1812,Inmuebles,Caracas,Bachillerato,Startup escalada,Soltero,31,11,21,13374,7.32,23.6,86,7.2,5.4,8.3,6.6,8.8,8.5,7.47,8.2,12,4.1,7.5,9.4,0,1,4.8,3.5,6,22.4,37,53,14.8,24.7,17.9,20.6,9.3,6.8,3.4,2.5
SUJ-1813,Finanzas,Bogotá,Bachillerato,Empresa propia,Soltero,32,6,15,36796,57.87,63.0,79,7.5,6.6,8.5,5.0,9.7,6.0,7.22,5.7,5,4.4,10.0,8.8,2,2,4.7,1.2,20,49.0,49,49,34.1,15.3,15.4,10.1,11.8,7.3,2.6,3.4
SUJ-1814,Tecnología,Monterrey,Técnico,Empresa propia,Soltero,26,5,13,22476,8.64,49.4,69,10.0,2.4,7.8,6.0,7.5,8.0,6.95,5.1,28,9.2,9.1,7.8,1,0,4.2,1.6,1,27.5,67,56,18.4,26.0,19.2,12.5,7.5,11.7,3.1,1.6
SUJ-1815,Tecnología,Cali,Posgrado,Empresa propia,Soltero,19,6,16,14460,29.37,59.0,51,6.6,4.9,3.9,6.4,8.3,5.9,6.0,8.7,30,8.2,9.9,7.0,1,2,5.3,5.4,17,43.9,45,67,26.5,15.4,17.9,20.6,7.2,9.9,2.5,0.0
SUJ-1816,Salud/Farma,Lima,Posgrado,Empresa propia,Casado,24,6,11,7936,1.13,18.3,71,6.3,4.0,10.0,4.8,7.0,6.9,6.5,9.7,20,2.8,8.2,9.6,2,5,5.5,2.7,6,18.0,50,75,17.8,17.7,21.3,14.2,11.8,10.8,5.9,0.5
SUJ-1817,Finanzas,Monterrey,Posgrado,Startup escalada,Soltero,22,4,4,2607,3.09,62.7,82,9.4,6.6,6.8,7.5,8.8,8.1,7.87,9.5,25,7.1,9.9,6.2,1,2,4.2,3.0,100,40.5,33,64,13.3,31.4,15.5,14.6,12.3,10.7,2.1,0.1
SUJ-1818,Inmuebles,São Paulo,Bachillerato,Holding,Casado,30,6,15,8500,3.25,30.2,89,6.6,6.3,8.3,6.0,8.6,7.2,7.17,5.8,10,2.6,7.0,7.6,1,3,5.0,0.6,19,28.7,31,59,31.7,30.4,11.4,5.2,10.3,6.9,3.1,1.0
SUJ-1819,Manufactura,Medellín,Universitario,Empresa familiar,Soltero,35,2,9,9515,2.0,23.1,41,4.8,6.4,4.0,4.2,6.3,3.7,4.9,6.5,22,6.7,7.5,8.0,1,3,4.7,1.5,2,20.3,74,58,37.1,13.4,7.8,13.0,11.3,11.4,3.8,2.2
SUJ-1820,Finanzas,Lima,Doctorado,Holding,Soltero,35,5,6,2645,1.96,66.7,60,6.6,4.8,6.1,5.6,7.8,5.6,6.08,4.4,25,4.0,8.6,7.6,2,4,6.6,3.4,20,34.0,39,48,36.6,21.9,9.1,14.7,11.0,1.0,3.1,2.6
SUJ-1821,Tecnología,Bucaramanga,Universitario,Franquicia,Casado,31,5,3,2358,1.1,74.5,71,8.6,8.3,8.9,7.2,9.8,8.1,8.48,6.1,35,5.3,6.1,9.0,1,0,5.8,4.0,77,33.8,45,46,29.6,22.5,22.7,2.8,14.6,3.9,2.7,1.2
SUJ-1822,Tecnología,Lima,Posgrado,Holding,Casado,20,8,14,4045,8.69,71.3,87,7.1,6.0,9.9,5.6,10.0,9.3,7.98,7.2,23,3.5,7.3,7.8,0,0,5.7,3.6,3,35.7,25,55,32.4,18.1,13.3,19.1,7.1,6.2,3.1,0.7
SUJ-1823,Manufactura,Lima,Maestría,Empresa familiar,Casado,34,12,17,8198,2.57,20.2,52,7.4,0.5,5.1,4.1,6.2,4.1,4.57,8.0,9,7.7,8.3,7.6,1,4,6.3,1.4,15,26.4,66,63,21.2,27.8,11.2,12.4,14.4,7.6,2.3,3.1
SUJ-1824,Inmuebles,Monterrey,Maestría,Holding,Unión libre,28,8,13,2774,1.0,23.4,55,7.2,6.0,3.9,3.9,5.6,5.7,5.38,7.5,40,4.7,7.1,7.9,1,2,5.5,3.6,19,19.9,60,54,28.7,21.7,12.9,9.3,14.3,6.6,3.8,2.7
SUJ-1825,Manufactura,Medellín,Posgrado,Startup escalada,Soltero,21,7,15,6489,8.17,12.0,64,8.6,4.1,9.3,6.1,9.4,6.8,7.38,8.8,27,5.6,10.0,6.4,1,2,5.4,1.4,6,30.3,39,56,38.8,14.2,13.2,6.5,9.4,8.2,7.1,2.6
SUJ-1826,Retail/Comercio,Lima,Maestría,Empresa familiar,Soltero,31,8,11,18359,3.19,7.6,51,4.4,6.2,7.6,5.2,7.1,6.6,6.18,8.8,27,4.0,8.7,7.6,3,2,7.6,1.7,8,29.1,59,78,38.4,18.8,7.9,9.9,14.3,6.4,4.4,-0.1
SUJ-1827,Tecnología,São Paulo,Universitario,Empresa propia,Unión libre,24,3,11,2797,1.87,39.3,43,7.2,4.0,1.8,4.0,6.0,1.9,4.15,7.4,20,5.2,8.5,6.3,2,3,4.8,3.4,6,27.4,72,59,35.0,20.0,8.9,13.3,6.8,11.4,2.2,2.4
SUJ-1828,Salud/Farma,Monterrey,Maestría,Holding,Soltero,17,9,17,27044,1.0,14.8,99,7.3,8.9,9.5,7.3,9.8,7.8,8.43,8.4,8,6.8,6.9,4.3,1,1,6.5,4.2,13,16.7,42,58,32.4,12.1,11.6,16.0,9.2,11.4,4.6,2.7
SUJ-1829,Inmuebles,Monterrey,Universitario,Startup escalada,Soltero,20,8,5,5129,2.99,14.0,66,5.5,7.0,4.8,6.4,6.7,6.0,6.07,7.4,22,5.0,9.2,9.1,2,2,3.9,6.6,12,20.9,48,42,31.9,15.7,16.8,15.1,12.7,2.3,5.0,0.5
SUJ-1830,Finanzas,Lima,Universitario,Empresa familiar,Soltero,25,7,13,850,1.0,26.9,61,6.7,8.4,6.1,3.3,7.5,3.5,5.92,9.0,18,1.9,5.7,7.6,0,1,6.6,7.0,10,16.8,53,63,29.0,19.7,15.3,13.9,5.6,6.6,7.5,2.4
SUJ-1831,Salud/Farma,Bogotá,Bachillerato,Empresa propia,Casado,25,8,15,500,3.42,8.4,54,5.6,6.4,6.1,4.7,7.3,7.4,6.25,9.3,30,7.7,8.3,7.3,0,1,5.3,2.0,50,22.9,68,72,18.6,20.8,7.5,17.9,17.9,11.0,5.8,0.5
SUJ-1832,Manufactura,Medellín,Maestría,E-commerce,Soltero,19,8,17,3308,1.0,24.1,69,5.5,6.3,7.7,6.8,9.1,7.4,7.13,7.8,16,7.6,9.3,9.0,3,1,5.5,5.4,16,20.4,39,57,27.4,23.3,9.5,15.6,8.9,8.1,6.5,0.7
SUJ-1833,Manufactura,Caracas,Universitario,Holding,Soltero,30,8,16,2395,3.38,31.0,62,9.5,6.7,4.0,3.3,8.8,7.3,6.6,8.0,13,5.1,7.8,5.6,1,2,5.3,4.0,2,23.3,67,55,17.8,18.2,23.3,23.9,5.3,5.3,2.5,3.7
SUJ-1834,Inmuebles,Caracas,Universitario,Empresa propia,Soltero,29,10,10,14848,1.9,36.6,81,6.1,7.9,10.0,5.7,9.1,7.3,7.68,8.0,24,7.9,6.0,8.0,0,0,6.2,0.5,18,24.1,30,52,32.1,24.4,11.2,6.6,13.5,5.2,4.1,2.9
SUJ-1835,Inmuebles,Santiago,Universitario,E-commerce,Casado,17,4,10,10704,3.35,24.4,55,4.0,5.7,4.5,4.0,6.3,6.2,5.12,7.0,18,5.2,8.3,9.6,0,1,5.3,2.6,1,25.2,56,65,22.6,18.2,21.6,17.0,7.2,8.0,2.6,2.8
SUJ-1836,Manufactura,São Paulo,Maestría,Empresa propia,Soltero,41,12,17,17271,1.0,19.9,70,7.6,8.7,6.3,5.0,10.0,7.5,7.52,9.2,18,3.6,5.5,10.0,0,4,6.1,4.8,14,19.6,65,70,24.3,20.9,15.9,8.6,8.3,15.0,5.8,1.2
SUJ-1837,Tecnología,Caracas,Maestría,Empresa propia,Soltero,18,1,11,7118,1.43,57.5,69,7.1,5.7,7.2,7.8,7.9,6.6,7.05,4.9,18,7.1,5.8,6.7,1,2,5.9,3.0,12,25.8,34,70,38.3,12.0,6.0,11.7,20.7,4.2,5.8,1.3
SUJ-1838,Finanzas,Lima,Posgrado,Franquicia,Casado,23,9,11,4573,1.27,50.8,77,6.0,6.8,6.8,3.3,6.8,9.0,6.45,7.7,31,8.8,9.9,7.3,1,0,6.0,4.7,55,30.5,58,42,34.2,13.6,14.9,9.5,12.0,8.7,4.1,3.0
SUJ-1839,Agroindustria,Caracas,Posgrado,E-commerce,Unión libre,28,7,13,2523,1.65,27.2,67,9.6,5.1,7.5,4.8,7.0,7.5,6.92,8.2,10,6.9,9.1,7.9,1,0,5.0,2.6,18,30.6,48,56,24.2,13.3,22.0,17.1,12.6,4.1,5.2,1.5
SUJ-1840,Finanzas,CDMX,Universitario,Franquicia,Casado,23,3,12,6999,1.12,34.6,78,8.0,10.0,8.2,6.8,7.2,8.0,8.03,7.3,21,8.0,5.3,5.8,1,4,4.5,2.1,10,21.3,41,57,22.3,27.1,16.8,11.2,6.3,11.6,2.8,1.9
SUJ-1841,Finanzas,CDMX,Universitario,E-commerce,Casado,34,11,20,7699,414.43,72.4,74,7.6,6.0,8.1,6.9,8.3,7.2,7.35,6.7,15,5.3,6.2,8.4,2,0,5.3,1.8,3,57.2,50,63,20.8,21.8,14.7,18.9,10.8,5.6,5.2,2.2
SUJ-1842,Retail/Comercio,Bucaramanga,Maestría,Empresa propia,Soltero,24,1,6,3993,1.21,37.2,81,8.1,7.3,8.3,7.6,10.0,7.2,8.08,9.1,15,5.9,8.8,8.2,2,3,5.2,0.2,21,26.6,44,71,26.5,20.0,13.0,14.9,11.9,10.4,0.6,2.7
SUJ-1843,Retail/Comercio,Medellín,Técnico,Empresa propia,Soltero,20,13,23,22065,45.23,38.8,78,6.4,5.4,5.7,4.2,9.6,7.8,6.52,5.4,13,9.0,9.4,7.8,2,1,6.1,6.0,69,52.0,41,50,29.5,11.7,34.9,10.4,7.2,3.1,3.0,0.2
SUJ-1844,Manufactura,São Paulo,Universitario,Empresa propia,Soltero,29,15,18,8172,2.67,9.9,67,8.4,5.4,7.5,6.9,8.7,7.4,7.38,8.5,37,8.1,8.0,9.2,0,1,4.7,0.7,14,16.2,40,59,26.2,16.8,14.2,22.0,10.8,5.3,4.1,0.6
SUJ-1845,Agroindustria,Monterrey,Universitario,Empresa propia,Casado,17,6,15,14535,9.94,4.1,92,9.5,9.0,10.0,8.4,10.0,8.9,9.3,6.8,16,8.2,7.1,6.4,2,3,5.8,5.3,1,22.9,11,49,30.6,22.6,12.4,20.9,3.8,5.4,1.3,3.0
SUJ-1846,Finanzas,Buenos Aires,Universitario,E-commerce,Soltero,29,3,12,7748,2.1,38.3,63,6.4,5.4,5.6,4.1,9.3,8.3,6.52,5.4,23,5.1,8.5,6.6,2,1,5.1,4.3,12,32.4,51,58,19.4,17.1,20.0,17.0,11.2,8.3,6.3,0.7
SUJ-1847,Tecnología,Cali,Universitario,Startup escalada,Casado,33,5,6,3044,1.27,62.7,91,8.9,9.1,8.5,5.7,10.0,8.4,8.43,7.7,37,5.8,9.6,10.0,0,3,5.5,3.0,18,25.5,43,63,17.1,13.1,17.3,18.5,14.7,12.8,5.4,1.1
SUJ-1848,Tecnología,Barranquilla,Posgrado,Empresa propia,Unión libre,17,10,21,10673,10.56,36.2,85,7.6,8.2,9.6,5.0,10.0,9.2,8.27,5.5,25,6.7,7.1,6.3,1,2,5.3,4.7,21,36.0,38,59,30.6,15.0,14.5,15.2,10.5,7.6,4.4,2.2
SUJ-1849,Servicios,Buenos Aires,Técnico,Empresa propia,Soltero,23,5,5,2093,1.6,28.4,79,9.3,6.6,9.1,3.2,8.5,6.4,7.18,5.8,3,3.7,9.3,7.6,3,2,4.9,3.5,28,25.3,60,57,24.7,21.9,17.4,17.7,1.9,12.2,2.5,1.7
SUJ-1850,Manufactura,Caracas,Posgrado,Holding,Soltero,17,1,8,7262,3.03,45.2,70,6.5,4.9,6.0,8.1,5.9,6.4,6.3,7.1,29,2.3,6.8,9.4,3,0,4.7,2.4,1,24.8,64,53,14.7,27.1,15.9,10.1,13.3,11.5,3.2,4.2
SUJ-1851,Finanzas,São Paulo,Universitario,Empresa propia,Soltero,26,8,12,4118,8.97,38.2,62,6.1,5.9,5.2,5.1,5.1,4.8,5.37,9.0,12,8.0,6.6,9.3,2,1,4.4,2.2,37,35.8,59,71,30.0,16.4,14.5,17.5,11.7,6.3,3.6,0.0
SUJ-1852,Inmuebles,Medellín,Universitario,Empresa familiar,Soltero,39,10,20,1299,2.11,18.6,74,7.8,6.8,7.4,3.5,7.3,6.8,6.6,8.8,3,3.2,8.6,9.4,1,5,5.4,4.9,28,26.8,64,80,20.8,26.5,17.6,12.8,10.9,6.6,3.6,1.2
SUJ-1853,Servicios,Medellín,Bachillerato,Holding,Soltero,27,9,16,4265,2.09,11.9,74,5.2,6.4,7.8,2.9,10.0,9.0,6.88,7.9,26,5.8,9.0,7.8,3,0,5.4,0.1,10,24.7,41,70,29.4,10.3,14.7,23.9,5.3,10.6,3.7,2.1
SUJ-1854,Servicios,Caracas,Maestría,Empresa propia,Unión libre,24,9,21,2971,4.61,19.8,70,8.0,6.5,8.2,4.3,6.9,5.8,6.62,8.3,21,8.0,8.5,7.4,0,1,5.3,0.0,26,26.3,63,56,35.6,20.6,9.9,10.3,11.3,4.2,6.3,1.8
SUJ-1855,Agroindustria,Lima,Universitario,Empresa propia,Soltero,17,13,23,952,4.86,32.6,78,8.0,5.7,4.7,5.5,9.8,9.6,7.22,8.4,20,5.0,7.5,6.6,0,4,6.5,4.0,102,32.9,61,68,16.3,20.2,15.5,18.9,12.5,6.8,9.4,0.4
SUJ-1856,Finanzas,Lima,Posgrado,E-commerce,Soltero,19,6,12,13890,6.82,62.3,83,9.1,7.9,7.7,7.3,9.5,7.7,8.2,5.7,24,5.0,8.3,7.4,0,2,6.1,2.5,414,44.9,32,71,30.1,11.8,23.8,14.0,6.7,6.3,6.5,0.8
SUJ-1857,Inmuebles,Buenos Aires,Maestría,Empresa propia,Soltero,25,13,23,5522,20.52,42.9,60,6.5,6.0,6.4,6.2,8.1,5.0,6.37,10.0,17,8.2,7.8,9.0,2,1,5.6,3.9,12,42.5,58,78,38.5,13.7,13.7,11.0,10.1,5.5,2.2,5.3
SUJ-1858,Retail/Comercio,Monterrey,Posgrado,Empresa propia,Unión libre,26,6,12,3401,11.86,4.0,62,5.8,4.5,4.1,5.4,7.7,6.4,5.65,6.5,25,8.1,8.0,7.8,1,2,4.3,0.9,10,30.1,40,55,35.3,13.5,18.5,11.1,7.7,5.2,4.6,4.1
SUJ-1859,Servicios,Bucaramanga,Universitario,Empresa propia,Casado,28,11,13,5625,1.48,19.5,54,6.1,4.4,6.1,4.6,5.2,5.7,5.35,5.1,30,9.6,9.0,6.8,4,2,6.6,1.8,18,26.8,66,54,28.4,24.0,15.4,10.2,11.7,5.8,2.6,1.9
SUJ-1860,Inmuebles,Lima,Universitario,Startup escalada,Unión libre,30,6,10,11238,1.21,19.3,76,8.9,6.4,6.5,6.3,9.9,7.7,7.62,4.8,20,5.8,6.5,8.1,1,3,4.8,4.7,11,13.3,33,55,45.5,14.5,14.6,8.7,4.9,5.5,2.1,4.2
SUJ-1861,Inmuebles,Barranquilla,Universitario,E-commerce,Unión libre,20,14,20,500,12.27,37.4,92,8.6,7.0,10.0,8.6,10.0,7.3,8.58,4.1,18,1.8,8.9,6.1,1,2,6.2,2.5,4,31.5,40,42,18.9,7.0,28.4,20.5,18.4,3.4,3.4,-0.0
SUJ-1862,Manufactura,São Paulo,Posgrado,Empresa propia,Soltero,26,9,4,6330,6.19,37.4,53,7.0,3.9,5.3,4.5,7.4,5.6,5.62,6.0,14,6.3,9.9,7.9,2,0,4.1,1.4,4,29.1,53,58,22.8,12.2,19.6,15.1,18.8,6.1,5.5,-0.1
SUJ-1863,Tecnología,Barranquilla,Universitario,Holding,Soltero,23,6,17,5218,4.23,45.4,61,6.3,6.8,6.2,5.6,8.1,4.6,6.27,6.9,27,6.2,6.6,5.9,3,4,5.0,0.0,18,27.6,50,60,34.6,18.7,12.9,9.9,9.8,10.9,3.1,0.1
SUJ-1864,Retail/Comercio,Bucaramanga,Maestría,Franquicia,Soltero,20,2,8,17884,1.71,55.3,53,5.3,6.1,4.0,2.9,7.0,5.2,5.08,6.6,33,3.6,9.6,8.1,0,2,4.7,5.2,12,29.5,56,64,19.5,17.7,14.8,13.6,17.5,10.2,4.9,1.8
SUJ-1865,Salud/Farma,Bogotá,Maestría,E-commerce,Soltero,20,7,16,6494,3.88,14.0,64,7.9,6.5,8.4,5.4,7.1,5.8,6.85,6.8,20,6.9,8.1,8.1,1,5,6.4,3.3,41,31.2,53,54,28.5,12.1,24.0,2.5,14.0,9.1,7.3,2.5
SUJ-1866,Agroindustria,Bogotá,Técnico,Empresa propia,Casado,29,4,11,1181,1.24,26.7,43,5.5,2.7,6.3,3.1,6.4,3.9,4.65,6.0,27,3.5,8.7,8.8,1,1,6.9,3.8,12,25.5,52,77,23.5,16.4,18.6,14.3,14.4,7.2,3.2,2.4
SUJ-1867,Tecnología,Medellín,Técnico,E-commerce,Soltero,17,8,9,3937,1.75,82.4,87,7.0,9.7,8.4,7.1,9.6,9.4,8.53,8.0,17,10.0,6.0,9.0,2,3,4.3,4.4,12,32.2,49,56,26.4,21.0,18.5,10.6,13.7,3.2,6.2,0.4
SUJ-1868,Tecnología,Lima,Posgrado,Empresa familiar,Soltero,17,9,15,7763,26.28,65.3,81,8.2,7.3,7.5,5.8,8.2,9.7,7.78,8.4,19,4.9,8.7,7.4,1,0,7.4,0.6,23,46.1,28,71,26.8,12.6,15.2,17.9,13.4,7.9,3.3,2.9
SUJ-1869,Tecnología,CDMX,Universitario,Empresa propia,Casado,45,11,17,500,4.09,60.7,75,6.4,6.3,8.7,6.4,9.0,7.9,7.45,8.1,35,0.9,4.8,8.0,1,2,3.8,1.9,112,32.7,39,69,22.7,18.7,9.7,17.1,15.3,7.3,5.9,3.3
SUJ-1870,Inmuebles,Buenos Aires,Bachillerato,Empresa propia,Casado,22,9,13,17278,4.8,29.3,84,9.1,8.2,9.1,5.4,10.0,7.1,8.15,4.0,16,7.5,6.1,7.0,1,0,5.9,1.1,140,31.1,32,49,16.6,15.0,25.5,19.1,4.9,14.5,4.1,0.3
SUJ-1871,Inmuebles,Santiago,Maestría,Empresa propia,Casado,34,7,12,561,3.78,40.3,84,7.4,6.9,7.0,5.1,9.3,8.1,7.3,7.7,29,7.8,5.7,7.4,0,0,4.1,2.5,5,21.6,28,45,26.4,21.1,24.7,9.7,7.7,3.6,5.0,1.8
SUJ-1872,Tecnología,Bucaramanga,Universitario,Empresa propia,Soltero,25,12,18,500,4.61,44.7,71,7.6,2.4,6.0,4.5,8.4,8.6,6.25,6.9,17,4.3,6.4,7.4,1,2,5.0,0.0,10,28.7,45,56,20.4,20.8,10.7,26.5,12.2,4.6,2.5,2.3
SUJ-1873,Retail/Comercio,Medellín,Doctorado,Empresa propia,Casado,22,12,9,500,7.02,44.2,54,6.8,5.3,4.6,3.5,6.1,6.6,5.48,6.6,3,3.3,7.0,7.3,1,3,6.4,0.8,46,31.7,40,61,16.7,30.5,14.1,22.0,9.4,3.7,1.5,2.1
SUJ-1874,Servicios,CDMX,Maestría,Startup escalada,Casado,29,3,10,9209,2.11,12.0,62,7.3,7.0,6.3,5.4,7.1,9.3,7.07,9.3,32,10.0,7.8,9.4,2,0,4.1,5.3,1,16.4,66,71,27.1,12.0,19.6,19.2,13.1,7.9,0.2,0.9
SUJ-1875,Inmuebles,Lima,Maestría,Startup escalada,Soltero,26,13,21,4869,5.1,28.2,71,6.8,6.7,6.6,6.6,7.4,5.6,6.62,8.2,36,10.0,5.0,8.9,2,0,4.7,0.6,5,21.8,53,59,32.1,13.2,22.3,7.7,9.5,5.7,8.0,1.5
SUJ-1876,Retail/Comercio,Caracas,Universitario,Empresa propia,Casado,24,11,19,867,4.8,16.6,62,6.8,3.1,8.1,5.2,6.2,5.3,5.78,5.1,18,8.1,8.4,5.6,0,1,5.3,2.0,23,29.1,63,53,21.7,21.4,23.2,10.0,16.2,1.7,3.1,2.7
SUJ-1877,Manufactura,CDMX,Universitario,E-commerce,Unión libre,25,3,8,15515,8.84,20.0,96,8.7,9.0,10.0,7.4,9.0,10.0,9.02,9.2,33,5.6,7.3,7.2,2,2,5.9,3.9,36,37.3,25,57,27.5,20.6,14.9,13.9,6.0,8.7,7.8,0.6
SUJ-1878,Retail/Comercio,CDMX,Posgrado,Holding,Soltero,28,1,14,1812,3.78,22.0,74,7.1,6.7,7.2,6.0,8.6,7.7,7.22,5.9,12,5.0,9.0,9.3,2,1,6.6,4.7,18,29.4,52,57,16.3,27.6,21.8,10.7,11.9,4.1,4.9,2.7
SUJ-1879,Finanzas,Caracas,Técnico,E-commerce,Soltero,21,11,19,3160,6.79,19.9,74,6.6,6.8,8.2,7.2,9.2,6.3,7.38,6.7,35,6.9,8.6,6.0,1,2,6.5,4.8,18,26.9,42,60,20.8,8.4,26.8,19.9,10.6,9.4,4.1,0.0
SUJ-1880,Manufactura,Bucaramanga,Universitario,Franquicia,Soltero,23,7,12,1565,1.0,25.3,85,8.5,5.2,9.6,5.1,9.4,7.5,7.55,7.2,19,7.4,9.0,6.1,2,3,3.7,3.7,3,15.0,36,55,23.1,15.7,26.9,12.5,7.9,7.1,5.0,1.8
SUJ-1881,Manufactura,Medellín,Universitario,Empresa propia,Soltero,20,5,7,20911,1.0,18.0,76,8.3,5.8,10.0,6.3,9.5,7.9,7.97,4.9,15,5.6,7.7,9.5,0,0,3.9,1.7,6,16.2,39,48,27.6,23.4,8.9,18.4,8.0,7.1,3.8,2.8
SUJ-1882,Servicios,Monterrey,Técnico,E-commerce,Unión libre,18,8,9,11352,1.0,4.0,69,6.1,4.6,8.1,5.7,7.8,7.4,6.62,6.9,12,5.1,8.5,9.2,1,2,5.7,1.9,12,20.3,55,56,25.1,19.6,22.1,8.2,15.0,2.3,5.8,1.9
SUJ-1883,Manufactura,Barranquilla,Universitario,Franquicia,Soltero,37,11,18,10297,1.0,15.2,93,8.0,8.9,9.7,8.2,10.0,9.6,9.07,5.6,39,5.0,8.0,8.0,1,4,5.2,2.7,6,18.1,21,53,37.2,15.1,9.1,11.5,12.2,7.1,6.4,1.4
SUJ-1884,Inmuebles,Buenos Aires,Maestría,Startup escalada,Casado,20,1,10,500,1.0,36.8,78,9.8,7.3,4.3,5.0,9.3,9.9,7.6,6.9,22,3.4,8.4,5.9,0,1,5.1,4.4,6,21.9,49,66,25.6,31.6,12.8,2.6,3.3,16.9,5.2,2.0
SUJ-1885,Tecnología,Medellín,Técnico,Startup escalada,Casado,31,7,13,5916,1.0,27.6,66,5.9,5.0,8.3,7.3,7.5,9.1,7.18,8.4,35,6.2,7.5,6.9,2,2,3.1,0.8,48,19.4,42,76,22.5,22.2,17.8,7.6,17.5,8.0,4.4,-0.0
SUJ-1886,Retail/Comercio,Caracas,Bachillerato,Empresa propia,Casado,23,7,13,6853,16.64,26.2,75,8.8,5.5,7.6,5.7,6.2,6.3,6.68,10.0,20,6.8,4.4,4.7,2,1,4.7,4.6,73,37.1,60,69,23.3,20.6,14.1,18.6,9.8,9.2,2.7,1.7
SUJ-1887,Tecnología,Santiago,Posgrado,Empresa propia,Soltero,29,12,17,3856,28.11,68.4,65,8.4,5.3,5.7,3.6,8.0,7.5,6.42,9.9,22,7.1,8.6,9.4,0,3,5.9,0.0,29,47.2,56,68,27.5,16.1,17.6,17.7,9.5,7.2,2.6,1.8
SUJ-1888,Finanzas,CDMX,Doctorado,Startup escalada,Soltero,25,10,18,3105,3.66,42.0,61,7.0,5.8,5.3,4.3,6.2,5.8,5.73,5.9,11,5.0,8.3,8.5,1,2,4.7,2.8,63,34.1,62,62,32.7,21.2,19.5,11.5,11.0,3.3,0.0,0.8
SUJ-1889,Inmuebles,Monterrey,Universitario,E-commerce,Soltero,17,10,13,15281,8.77,52.2,83,8.9,8.2,8.6,7.3,8.6,10.0,8.6,10.0,38,8.4,8.7,8.1,2,1,4.7,0.8,2,31.1,33,73,21.5,17.8,18.0,11.4,13.4,9.9,5.9,2.1
SUJ-1890,Salud/Farma,Caracas,Técnico,Startup escalada,Soltero,26,5,11,500,1.0,41.8,66,7.0,4.6,4.8,5.0,9.5,6.2,6.18,6.1,17,6.7,7.6,6.2,3,1,5.2,3.4,12,21.8,50,39,25.7,16.8,21.0,12.4,9.8,7.7,5.5,1.1
SUJ-1891,Tecnología,Bucaramanga,Posgrado,Empresa propia,Soltero,29,9,15,7854,8.3,57.5,62,5.2,6.0,5.0,4.1,7.8,5.1,5.53,5.4,26,8.3,10.0,6.9,2,3,6.8,3.6,27,40.4,51,48,28.5,24.8,10.1,10.9,13.1,7.8,0.7,4.1
SUJ-1892,Retail/Comercio,Cali,Maestría,E-commerce,Casado,20,5,13,4010,1.0,28.1,75,8.9,6.0,8.5,7.7,7.7,8.8,7.93,7.1,8,6.0,7.6,8.4,2,2,5.3,1.3,21,25.9,32,67,28.2,20.3,22.5,6.2,7.9,9.2,4.7,1.0
SUJ-1893,Inmuebles,Caracas,Maestría,E-commerce,Soltero,39,6,9,8771,1.0,31.8,86,7.9,3.4,9.7,7.3,9.9,10.0,8.03,6.7,20,6.1,7.6,6.6,2,0,5.8,4.7,5,22.4,34,49,26.6,24.4,11.7,14.4,12.1,5.9,3.6,1.3
SUJ-1894,Tecnología,Buenos Aires,Posgrado,Startup escalada,Casado,30,9,11,1764,10.01,59.3,44,6.4,3.6,7.2,3.6,5.6,4.0,5.07,6.3,25,7.9,8.0,10.0,3,1,5.6,2.3,6,36.7,71,60,19.8,17.7,17.2,17.0,18.3,6.0,4.0,-0.0
SUJ-1895,Retail/Comercio,Buenos Aires,Universitario,Empresa propia,Soltero,30,7,13,2181,6.59,56.4,63,6.8,6.1,5.0,5.4,6.4,7.8,6.25,6.3,20,5.3,8.7,6.1,3,2,3.6,0.6,8,35.9,63,60,33.0,13.1,22.3,12.8,12.1,3.4,2.5,0.8
SUJ-1896,Inmuebles,Barranquilla,Posgrado,Empresa propia,Casado,31,8,15,7071,7.3,38.7,42,5.8,3.1,3.9,4.9,4.9,3.6,4.37,9.0,16,5.8,6.4,7.6,5,1,4.4,0.3,7,26.3,69,69,32.2,21.2,19.0,14.0,6.7,1.1,4.1,1.7
SUJ-1897,Manufactura,Cali,Técnico,Franquicia,Unión libre,17,12,18,31271,33.13,45.6,40,5.6,4.5,5.1,5.1,6.2,3.9,5.07,7.2,0,5.8,9.3,8.1,4,0,6.5,4.0,3,37.5,60,60,30.5,20.7,14.4,10.1,12.0,8.1,3.2,1.0
SUJ-1898,Tecnología,Caracas,Posgrado,Startup escalada,Soltero,30,5,2,29410,1.0,36.2,73,6.9,7.2,8.7,5.0,8.4,5.1,6.88,6.2,24,5.7,8.4,6.4,0,1,5.0,1.7,133,25.1,45,45,22.2,17.7,11.0,18.8,12.7,12.9,4.3,0.4
SUJ-1899,Finanzas,São Paulo,Maestría,Empresa familiar,Unión libre,39,3,10,2290,4.68,40.5,55,7.1,6.5,6.5,5.6,5.3,7.0,6.33,5.2,21,5.6,10.0,9.4,1,0,5.3,2.5,13,29.6,47,49,26.1,15.2,3.0,17.4,13.4,13.4,6.3,5.2
SUJ-1900,Inmuebles,Lima,Doctorado,Empresa familiar,Casado,30,3,18,863,4.03,31.9,83,6.8,5.6,8.3,8.9,9.6,8.7,7.98,5.9,11,5.0,8.2,7.1,4,0,5.0,3.8,17,27.6,45,59,18.7,20.5,15.7,13.9,20.6,9.1,0.0,1.5
SUJ-1901,Retail/Comercio,Cali,Universitario,Empresa familiar,Casado,24,2,11,7139,8.29,47.2,56,7.8,6.6,5.2,3.8,6.4,5.5,5.88,6.7,25,10.0,8.0,8.6,4,2,5.1,0.0,19,34.2,50,60,34.3,10.0,13.6,16.3,13.1,7.9,2.8,2.0
SUJ-1902,Tecnología,CDMX,Bachillerato,Empresa propia,Casado,19,13,12,4357,1.0,27.3,80,9.3,6.8,6.2,6.7,8.5,7.6,7.52,7.3,34,9.2,6.0,8.6,0,3,3.5,1.6,21,22.4,46,68,25.4,12.1,17.1,17.7,17.0,6.0,3.5,1.2
SUJ-1903,Inmuebles,CDMX,Posgrado,Empresa propia,Soltero,18,9,14,11473,28.14,73.9,76,7.8,4.5,5.4,6.6,9.5,7.8,6.93,7.9,10,5.1,7.7,4.7,2,1,6.9,3.6,9,44.9,48,66,20.9,23.7,21.7,8.8,13.4,6.6,0.7,4.2
SUJ-1904,Tecnología,CDMX,Maestría,Empresa propia,Soltero,18,11,16,6005,6.13,52.4,60,6.9,5.1,5.8,4.7,8.0,6.5,6.17,7.4,5,5.6,6.2,8.2,1,2,6.2,2.5,122,37.5,69,58,27.0,29.6,7.7,15.6,7.6,5.8,6.4,0.3
SUJ-1905,Inmuebles,CDMX,Maestría,Empresa propia,Soltero,23,10,15,5716,2.98,48.2,65,6.6,5.4,5.7,4.1,7.7,7.3,6.13,8.2,6,9.7,5.0,5.2,0,2,6.4,3.5,12,25.5,62,67,20.5,29.8,12.0,13.5,7.9,10.2,1.2,4.9
SUJ-1906,Tecnología,Medellín,Universitario,Startup escalada,Casado,19,6,8,8318,3.41,52.2,75,6.7,5.7,6.6,4.7,9.1,6.3,6.52,7.1,19,8.6,5.2,8.2,6,2,5.8,1.7,53,32.5,50,61,34.1,10.7,13.8,20.1,8.6,8.6,1.0,3.1
SUJ-1907,Agroindustria,Buenos Aires,Universitario,Startup escalada,Unión libre,25,13,16,1081,1.0,7.9,79,7.8,5.1,7.9,5.9,8.6,8.6,7.32,7.7,13,7.1,6.8,7.6,0,4,5.6,3.3,44,18.8,38,60,21.5,24.8,6.2,24.7,13.5,8.6,0.0,0.7
SUJ-1908,Finanzas,Cali,Posgrado,Empresa propia,Casado,27,4,13,9044,12.38,72.1,91,9.5,7.9,9.3,5.9,9.1,8.9,8.43,5.9,33,6.5,7.2,5.4,0,0,4.6,4.1,116,42.3,34,45,21.6,18.2,16.0,13.0,15.2,7.4,6.8,1.8
SUJ-1909,Finanzas,Buenos Aires,Universitario,E-commerce,Soltero,17,14,23,5363,32.52,45.4,75,9.6,6.4,6.6,4.0,6.1,5.8,6.42,8.3,11,5.7,7.5,6.2,1,2,5.0,0.0,3,39.9,47,50,15.1,22.5,11.6,18.6,17.1,8.8,6.4,-0.1
SUJ-1910,Tecnología,Santiago,Maestría,Startup escalada,Casado,21,7,13,13724,1.77,42.3,72,7.2,5.5,7.7,4.1,9.1,9.6,7.2,8.0,24,6.2,8.7,10.0,2,1,4.1,5.5,93,31.6,40,59,30.9,15.7,15.1,13.4,15.6,5.6,3.5,0.2
SUJ-1911,Finanzas,Cali,Universitario,Franquicia,Casado,22,13,22,1194,15.73,53.5,73,7.8,5.1,8.0,5.1,9.3,6.2,6.92,9.0,13,5.8,5.6,8.2,2,2,6.1,6.4,2,30.9,36,58,23.8,19.8,19.4,12.3,9.2,9.0,4.4,2.1
SUJ-1912,Servicios,Medellín,Maestría,Empresa propia,Soltero,22,3,7,2861,10.29,30.4,69,9.0,3.6,6.2,5.3,9.2,5.9,6.53,9.2,18,4.9,5.3,9.7,3,1,6.4,1.2,8,31.4,48,64,24.9,26.9,19.8,11.7,5.5,8.8,0.0,2.4
SUJ-1913,Salud/Farma,Santiago,Posgrado,Franquicia,Soltero,26,5,10,24005,5.13,31.4,66,7.7,7.8,5.9,4.5,6.7,5.8,6.4,10.0,12,10.0,7.4,6.9,0,3,5.6,3.3,12,29.5,48,66,26.8,21.8,13.4,6.6,14.3,10.3,6.0,0.8
SUJ-1914,Finanzas,Buenos Aires,Maestría,Empresa propia,Soltero,26,1,6,6442,3.48,53.9,60,4.8,5.1,6.4,3.7,7.0,5.5,5.42,9.8,27,7.7,7.4,7.3,3,3,5.4,2.8,16,30.0,43,79,23.1,23.6,17.7,15.9,4.3,8.5,4.9,2.0
SUJ-1915,Retail/Comercio,Santiago,Universitario,E-commerce,Unión libre,23,11,12,21194,6.5,33.7,78,8.0,7.7,6.3,7.4,7.0,6.7,7.18,7.9,27,7.6,7.8,6.6,0,1,5.4,4.5,8,30.1,47,60,29.1,12.4,18.4,18.6,10.7,7.5,2.1,1.2
SUJ-1916,Inmuebles,Barranquilla,Maestría,Franquicia,Casado,21,8,13,9344,1.71,49.0,61,7.5,6.9,10.0,3.5,7.8,5.8,6.92,9.5,28,3.1,7.3,7.6,2,7,6.4,2.6,4,26.0,59,64,17.9,19.5,17.7,20.0,14.4,6.7,1.5,2.3
SUJ-1917,Servicios,Caracas,Universitario,Empresa propia,Soltero,25,14,26,20876,4.46,22.9,75,10.0,7.8,7.8,5.9,8.3,8.3,8.02,10.0,19,8.0,5.8,5.6,1,1,4.8,4.3,12,26.4,43,70,20.3,8.9,22.1,13.2,15.7,9.4,7.9,2.5
SUJ-1918,Manufactura,Santiago,Posgrado,Empresa familiar,Soltero,34,5,16,3059,1.0,15.7,72,7.6,7.1,5.6,7.2,8.1,7.5,7.18,6.6,4,1.6,8.2,8.8,3,2,4.9,0.6,3,16.6,42,70,21.0,21.2,19.2,7.0,9.7,15.8,4.4,1.7
SUJ-1919,Finanzas,Cali,Universitario,E-commerce,Casado,17,12,18,759,4.97,58.2,81,5.7,7.2,8.5,6.4,10.0,6.9,7.45,5.9,15,3.5,10.0,8.5,3,2,5.2,0.4,124,33.7,46,46,30.2,12.0,20.7,14.5,9.5,9.6,1.3,2.2
SUJ-1920,Retail/Comercio,CDMX,Universitario,Franquicia,Unión libre,32,7,12,12965,2.55,4.0,75,5.5,4.2,6.8,8.8,8.6,8.3,7.03,5.0,40,7.9,6.8,7.3,0,1,4.5,0.2,12,19.6,48,58,28.5,15.6,13.3,11.9,12.4,8.1,7.6,2.6
SUJ-1921,Manufactura,CDMX,Universitario,Empresa familiar,Casado,17,6,18,13056,2.64,33.2,62,5.8,7.6,7.8,5.7,9.0,7.9,7.3,7.3,20,7.8,6.8,7.2,2,1,4.9,3.0,1,20.7,39,65,39.0,13.7,16.1,12.5,11.3,1.3,3.7,2.4
SUJ-1922,Tecnología,São Paulo,Universitario,Empresa propia,Casado,28,6,11,7716,3.53,73.5,57,5.1,3.7,6.5,4.4,7.4,5.7,5.47,5.8,18,1.6,5.9,7.5,0,4,5.6,0.0,132,32.1,55,66,21.9,24.5,19.1,13.8,9.5,6.5,3.5,1.2
SUJ-1923,Manufactura,Lima,Doctorado,Empresa propia,Soltero,32,3,7,6931,5.34,35.5,86,9.7,9.2,8.9,6.0,9.7,8.3,8.63,10.0,36,7.9,8.9,7.3,0,1,5.5,1.5,1,24.6,27,67,24.3,28.7,12.2,12.0,14.2,5.4,2.5,0.7
SUJ-1924,Finanzas,Buenos Aires,Técnico,Startup escalada,Casado,18,8,17,19712,2.86,25.9,67,9.3,5.5,3.0,6.3,6.1,6.4,6.1,4.3,23,9.2,10.0,9.0,1,1,5.8,3.2,50,32.7,57,54,17.5,11.3,22.1,19.5,12.3,10.9,5.4,1.0
SUJ-1925,Inmuebles,Barranquilla,Maestría,Empresa propia,Soltero,28,8,8,1553,14.72,51.9,91,10.0,8.9,9.0,7.7,8.9,7.8,8.72,6.6,20,4.1,9.3,10.0,1,4,4.0,0.3,17,38.1,34,46,23.8,17.9,10.1,16.9,15.3,8.7,4.1,3.2
SUJ-1926,Tecnología,Cali,Doctorado,Startup escalada,Casado,19,1,7,7668,1.0,44.7,40,5.9,5.1,7.0,4.3,4.1,2.1,4.75,9.1,27,7.8,7.8,6.6,1,0,5.0,5.6,8,26.5,76,80,32.3,15.9,14.8,13.6,10.2,6.8,4.4,2.0
SUJ-1927,Manufactura,Cali,Bachillerato,Empresa propia,Soltero,33,1,7,500,3.13,27.6,75,8.5,6.9,9.6,5.0,8.7,7.2,7.65,7.6,37,6.3,7.9,10.0,1,4,4.4,3.3,4,30.8,36,66,32.9,20.0,21.1,8.1,11.0,2.5,3.7,0.7
SUJ-1928,Retail/Comercio,Caracas,Posgrado,Empresa propia,Casado,17,6,14,1214,5.15,46.5,84,8.9,7.5,10.0,6.1,6.7,10.0,8.2,8.6,11,6.7,6.7,7.3,0,2,5.6,3.3,368,37.7,45,45,23.5,19.9,22.4,7.4,10.2,6.4,7.2,3.0
SUJ-1929,Manufactura,Bucaramanga,Universitario,E-commerce,Soltero,20,11,15,4599,6.23,16.1,73,6.7,6.1,9.2,3.9,10.0,7.0,7.15,5.8,9,6.7,6.3,4.7,0,7,5.2,5.0,7,24.6,41,60,29.2,14.1,14.7,16.9,11.5,6.1,4.9,2.6
SUJ-1930,Tecnología,São Paulo,Bachillerato,Empresa propia,Casado,26,8,13,13772,4.97,54.3,75,8.7,6.5,7.4,5.7,8.7,6.1,7.18,5.2,16,5.6,9.1,8.7,1,3,4.5,0.3,14,38.7,29,56,36.4,12.0,18.7,12.0,5.2,12.4,2.1,1.2
SUJ-1931,Manufactura,Bogotá,Universitario,Startup escalada,Soltero,30,2,8,10568,1.0,6.5,80,7.6,6.9,9.1,6.7,7.4,8.7,7.73,8.3,22,10.0,7.8,6.5,1,0,5.0,5.9,31,24.2,50,48,31.4,12.0,14.7,14.2,11.0,9.6,5.7,1.4
SUJ-1932,Manufactura,Buenos Aires,Doctorado,Holding,Soltero,26,1,6,29217,1.0,22.2,83,9.2,7.2,8.0,5.5,8.8,8.0,7.78,8.1,27,8.9,5.2,8.0,2,1,4.7,0.3,6,14.5,35,63,22.0,19.2,7.9,12.1,19.1,11.9,1.8,6.0
SUJ-1933,Manufactura,Cali,Bachillerato,Startup escalada,Casado,28,11,16,500,3.3,8.5,80,8.6,6.6,8.6,5.7,10.0,8.7,8.03,8.5,35,9.9,6.6,4.2,3,1,4.4,4.1,15,21.3,31,52,21.8,19.1,17.5,22.4,9.9,7.7,0.9,0.7
SUJ-1934,Manufactura,Monterrey,Posgrado,Startup escalada,Soltero,22,1,10,3841,2.28,31.6,89,8.8,5.7,9.8,6.4,9.5,9.2,8.23,7.2,16,6.3,5.2,7.4,1,2,6.5,1.9,38,25.8,24,58,23.8,22.1,8.9,17.7,13.1,6.0,5.1,3.3
SUJ-1935,Manufactura,Cali,Posgrado,Empresa propia,Unión libre,19,10,18,1383,2.74,4.5,66,6.1,5.3,6.9,5.7,6.9,6.5,6.23,10.0,17,5.8,6.4,10.0,1,5,5.7,4.0,6,16.7,70,70,22.5,9.3,18.0,15.7,17.9,8.2,7.9,0.5
SUJ-1936,Inmuebles,Bucaramanga,Maestría,Startup escalada,Casado,34,9,17,500,1.0,30.4,95,9.1,8.4,10.0,5.7,10.0,9.3,8.75,7.7,34,7.0,9.9,6.1,1,1,4.2,6.3,9,22.4,44,51,20.5,16.9,16.2,13.9,18.1,8.6,3.9,1.9
SUJ-1937,Finanzas,Santiago,Técnico,Holding,Soltero,28,13,13,2456,1.69,40.2,58,5.6,5.1,5.4,4.0,6.8,8.0,5.82,8.5,25,8.5,8.8,8.0,3,2,5.3,1.5,6,26.3,69,66,9.8,20.5,25.3,18.7,12.3,5.9,7.3,0.2
SUJ-1938,Servicios,Medellín,Posgrado,Holding,Casado,23,4,12,2242,1.12,12.1,85,6.3,7.2,9.1,4.8,9.5,8.2,7.52,8.1,19,6.7,7.8,8.3,2,2,6.4,3.3,62,28.0,53,59,27.4,8.5,22.1,15.2,14.4,9.0,3.2,0.2
SUJ-1939,Retail/Comercio,São Paulo,Posgrado,Startup escalada,Unión libre,17,10,13,4358,6.47,43.8,78,6.7,5.9,7.9,5.7,8.1,9.5,7.3,4.4,20,6.3,8.6,7.1,2,3,5.4,4.7,119,38.2,61,58,24.7,18.6,20.3,7.8,11.7,11.4,5.6,-0.1
SUJ-1940,Tecnología,Medellín,Posgrado,E-commerce,Casado,33,12,25,1207,7.89,37.4,103,10.0,9.2,8.8,8.1,10.0,10.0,9.35,8.1,36,6.3,8.7,8.8,2,2,4.7,2.9,16,39.3,45,56,26.9,4.2,22.0,16.0,17.2,7.1,3.9,2.7
SUJ-1941,Tecnología,Caracas,Doctorado,Franquicia,Unión libre,33,2,8,5364,1.79,44.8,76,4.6,7.3,8.8,6.6,8.8,8.7,7.47,8.4,49,7.7,7.7,8.3,1,0,3.7,0.4,12,25.2,49,55,15.1,22.6,13.3,16.3,14.0,10.5,6.2,2.0
SUJ-1942,Finanzas,Monterrey,Maestría,Holding,Soltero,24,7,12,20215,5.78,50.8,82,10.0,3.9,6.0,7.1,9.6,9.0,7.6,8.9,38,6.3,9.3,6.3,3,2,3.6,3.4,3,31.6,44,54,37.7,20.6,11.4,10.8,7.8,5.7,5.7,0.3
SUJ-1943,Inmuebles,Monterrey,Bachillerato,Empresa propia,Soltero,22,7,18,11032,5.3,40.7,50,5.2,2.7,5.2,3.6,7.3,5.2,4.87,6.4,23,5.1,7.0,5.5,3,1,5.4,1.4,6,27.4,66,75,24.8,24.7,11.2,17.9,14.3,3.3,2.9,0.9
SUJ-1944,Inmuebles,São Paulo,Universitario,Empresa propia,Casado,24,3,13,14770,3.08,6.4,84,9.5,6.8,8.1,7.8,7.9,9.9,8.33,8.9,26,5.0,8.0,6.2,1,3,4.7,4.8,11,19.8,27,49,27.5,14.5,19.7,13.3,7.5,10.2,5.2,2.1
SUJ-1945,Inmuebles,São Paulo,Universitario,E-commerce,Soltero,24,8,13,13066,1.0,29.2,76,5.1,7.2,9.6,8.3,7.3,8.2,7.62,5.5,31,5.1,7.9,5.9,1,2,5.2,1.7,236,29.2,37,53,38.9,13.0,19.2,10.0,10.9,5.3,2.0,0.7
SUJ-1946,Retail/Comercio,Lima,Universitario,Empresa propia,Soltero,30,2,4,3949,3.77,39.0,82,7.1,7.3,7.8,6.0,8.0,7.5,7.28,7.9,7,3.1,7.8,8.0,3,2,4.3,7.0,87,35.4,53,76,23.2,17.4,18.0,18.0,11.4,8.4,1.6,2.0
SUJ-1947,Retail/Comercio,Caracas,Universitario,Empresa propia,Soltero,19,8,8,9874,2.84,51.7,59,7.7,5.1,6.1,5.0,9.4,4.7,6.33,6.5,19,4.2,9.4,9.2,1,2,5.7,3.4,27,33.5,49,53,31.2,11.5,12.3,11.0,17.4,11.1,3.3,2.2
SUJ-1948,Tecnología,São Paulo,Universitario,Empresa propia,Soltero,22,15,17,11227,16.22,52.8,66,7.7,6.9,8.3,5.0,6.4,7.7,7.0,5.5,16,10.0,8.2,8.0,4,2,5.8,4.7,17,43.4,52,69,29.8,18.7,9.3,20.2,6.3,9.6,5.5,0.6
SUJ-1949,Finanzas,Medellín,Universitario,E-commerce,Casado,24,6,13,1841,1.44,28.5,75,7.2,7.2,7.6,5.4,9.1,5.7,7.03,5.9,26,7.3,6.7,7.8,1,3,5.7,2.5,2,20.3,63,71,27.3,26.0,10.3,14.4,10.8,3.5,5.2,2.5
SUJ-1950,Retail/Comercio,Santiago,Doctorado,Empresa propia,Casado,27,6,11,15743,1.0,28.2,71,9.7,5.9,6.0,4.8,7.1,6.2,6.62,9.0,10,7.4,9.0,10.0,2,3,4.7,6.3,5,23.4,48,59,13.5,16.1,18.2,19.0,14.0,12.1,3.4,3.7
SUJ-1951,Tecnología,Medellín,Técnico,Startup escalada,Unión libre,31,12,15,4896,2.56,45.7,76,6.1,6.3,10.0,6.6,8.3,6.1,7.23,9.0,40,5.3,10.0,4.4,1,1,5.5,3.2,30,33.7,47,68,30.1,16.7,4.2,12.6,19.4,9.8,4.5,2.7
SUJ-1952,Finanzas,Bogotá,Doctorado,Empresa propia,Casado,27,11,16,500,10.67,52.9,75,9.2,4.7,8.7,7.4,8.4,8.6,7.83,6.5,24,1.6,8.7,7.4,3,0,5.7,6.5,16,36.6,24,50,24.8,13.9,17.8,14.7,9.9,12.5,4.6,1.8
SUJ-1953,Manufactura,Buenos Aires,Universitario,E-commerce,Soltero,36,4,16,8248,7.77,50.6,66,6.6,6.0,6.3,3.6,5.2,7.4,5.85,7.1,19,7.4,9.2,9.2,0,0,5.4,2.3,8,32.1,46,55,29.0,21.6,24.6,11.5,3.7,7.0,0.6,2.0
SUJ-1954,Inmuebles,Medellín,Posgrado,Franquicia,Soltero,20,9,19,9034,2.06,15.3,69,6.2,6.8,6.8,6.2,9.4,7.4,7.13,5.4,21,7.0,5.6,7.5,1,0,4.6,3.5,7,17.6,51,60,24.2,17.1,17.0,18.9,8.7,7.2,4.4,2.5
SUJ-1955,Salud/Farma,Caracas,Maestría,Holding,Soltero,34,1,13,6419,3.59,42.1,62,4.3,4.6,4.9,3.9,8.0,6.8,5.42,9.0,30,7.3,8.2,7.7,4,1,4.6,1.3,41,34.9,52,67,27.9,19.6,18.2,12.7,8.1,8.9,3.6,1.0
SUJ-1956,Agroindustria,CDMX,Universitario,Empresa propia,Casado,20,3,7,1910,2.0,31.9,110,8.3,9.0,10.0,8.6,10.0,10.0,9.32,8.9,8,6.6,7.3,6.6,4,1,3.5,3.0,31,30.2,19,55,21.4,19.6,13.0,21.6,11.8,8.6,4.0,-0.0
SUJ-1957,Manufactura,Lima,Universitario,Empresa familiar,Soltero,23,11,20,5266,3.15,34.0,77,8.0,7.0,8.9,6.4,9.5,9.7,8.25,5.3,14,3.1,6.2,9.1,1,1,5.6,2.0,15,26.1,45,59,35.7,17.5,18.3,7.9,8.8,5.8,2.6,3.4
SUJ-1958,Retail/Comercio,Bucaramanga,Universitario,Empresa familiar,Soltero,28,5,13,4088,1.0,32.1,96,9.4,9.1,6.5,7.9,8.9,7.7,8.25,4.6,30,9.9,6.3,6.9,2,1,5.4,0.6,12,21.8,43,51,28.8,19.8,13.2,15.1,12.5,6.5,3.4,0.7
SUJ-1959,Manufactura,Monterrey,Universitario,Startup escalada,Unión libre,33,6,17,29411,47.32,53.8,58,5.8,4.9,6.4,5.1,5.7,7.7,5.93,10.0,15,9.2,9.0,9.2,1,0,4.6,6.9,29,40.7,60,59,21.6,21.6,12.5,19.2,10.3,5.4,6.2,3.2
SUJ-1960,Inmuebles,Caracas,Doctorado,Startup escalada,Casado,23,3,9,13929,4.68,49.8,71,7.2,5.1,5.1,5.2,8.0,7.1,6.28,8.6,33,9.5,8.8,10.0,2,3,4.7,5.5,16,33.6,56,62,22.8,21.1,18.6,11.9,12.9,4.2,6.5,2.0
SUJ-1961,Tecnología,Bogotá,Maestría,Franquicia,Soltero,28,3,6,11480,7.8,44.2,66,6.9,5.4,6.3,5.1,8.1,8.9,6.78,7.7,20,2.0,6.6,7.0,2,1,5.8,2.2,6,30.2,55,64,34.1,14.7,13.6,19.8,5.8,7.8,3.9,0.3
SUJ-1962,Retail/Comercio,Monterrey,Técnico,E-commerce,Soltero,24,1,4,1598,1.0,29.1,78,7.3,7.0,7.9,7.8,6.8,8.4,7.53,6.5,20,7.2,9.5,6.6,2,2,5.6,3.4,37,28.5,56,56,13.4,21.0,17.7,16.2,19.8,4.6,5.2,2.1
SUJ-1963,Servicios,Caracas,Técnico,Holding,Unión libre,17,5,11,3216,1.0,6.9,75,6.4,6.8,7.7,6.0,9.8,8.7,7.57,6.6,16,8.5,8.0,6.2,3,3,4.8,4.0,6,22.4,43,61,27.0,32.7,18.5,7.4,3.2,6.7,3.7,0.8
SUJ-1964,Finanzas,Lima,Universitario,Holding,Unión libre,25,8,14,3820,12.12,67.5,57,7.1,3.2,9.4,5.5,8.0,6.5,6.62,7.4,29,7.4,8.9,8.6,1,1,5.5,3.2,36,42.9,52,65,18.7,26.8,21.1,8.8,13.2,6.5,3.9,1.0
SUJ-1965,Manufactura,Cali,Técnico,Startup escalada,Soltero,18,8,15,5428,3.16,25.5,79,9.5,6.3,8.1,5.8,7.8,6.7,7.37,9.3,26,6.1,5.9,8.6,1,2,4.9,0.9,24,23.6,52,63,31.4,11.9,12.5,23.7,8.6,8.2,0.7,3.0
SUJ-1966,Manufactura,São Paulo,Posgrado,Holding,Soltero,33,4,5,500,9.5,4.0,76,8.4,5.2,6.7,5.9,9.2,7.7,7.18,6.4,19,7.4,6.0,8.1,2,2,6.6,3.3,11,17.0,57,59,34.9,11.3,16.6,20.4,6.9,2.5,2.8,4.6
SUJ-1967,Tecnología,Bogotá,Técnico,Empresa familiar,Casado,33,1,12,7191,1.74,18.0,76,8.3,6.6,6.2,7.3,8.2,7.7,7.38,9.0,31,7.8,6.0,7.0,2,1,3.9,2.7,1,18.7,34,70,28.4,12.6,14.8,22.2,8.6,7.4,1.3,4.7
SUJ-1968,Finanzas,São Paulo,Posgrado,Empresa propia,Casado,20,5,6,3543,1.64,40.3,88,9.6,7.8,7.6,5.5,9.0,9.4,8.15,6.3,10,7.5,9.3,8.7,3,1,6.7,2.7,2,18.9,40,49,20.0,15.2,17.0,23.7,14.8,4.3,1.5,3.5
SUJ-1969,Finanzas,Barranquilla,Bachillerato,Startup escalada,Casado,20,2,13,6598,1.64,36.3,85,8.2,8.5,8.7,6.5,9.2,9.2,8.38,5.2,17,3.8,7.1,9.5,2,1,5.7,1.0,25,27.6,39,54,17.3,17.0,26.8,23.5,4.2,9.9,0.7,0.6
SUJ-1970,Tecnología,Bogotá,Universitario,Holding,Soltero,22,4,9,500,1.0,46.2,94,8.4,9.4,6.4,6.9,8.5,10.0,8.27,7.4,17,9.4,8.8,3.6,3,0,4.3,0.4,2,24.6,48,47,33.9,19.5,14.6,12.4,8.2,8.6,0.6,2.2
SUJ-1971,Tecnología,Lima,Posgrado,Holding,Unión libre,29,7,19,3102,7.88,49.5,77,5.6,7.2,5.9,7.6,9.1,8.4,7.3,8.5,13,9.3,10.0,10.0,1,4,6.5,6.7,58,37.4,36,73,24.2,8.6,22.2,18.5,12.8,3.8,6.6,3.3
SUJ-1972,Servicios,Bucaramanga,Universitario,Empresa propia,Soltero,29,3,3,11711,1.0,40.2,85,7.7,6.6,8.6,8.7,10.0,8.3,8.32,8.8,24,7.5,5.6,5.6,1,2,5.8,3.2,2,18.8,34,63,36.7,19.7,14.4,9.4,11.3,5.1,2.4,1.0
SUJ-1973,Finanzas,Bogotá,Doctorado,Startup escalada,Soltero,46,12,22,5562,505.68,68.0,70,7.3,5.4,6.8,6.5,8.6,6.1,6.78,5.7,9,7.7,7.8,8.4,1,1,6.5,3.1,10,58.6,58,58,23.9,25.3,17.0,11.8,10.0,5.6,4.4,2.0
SUJ-1974,Retail/Comercio,Lima,Maestría,Startup escalada,Casado,24,3,5,12442,5.77,59.7,75,6.5,7.1,8.1,7.7,10.0,8.5,7.98,9.7,13,3.4,6.8,9.0,2,1,5.5,0.6,13,30.7,45,58,28.6,16.7,20.3,13.1,11.9,5.7,3.0,0.7
SUJ-1975,Finanzas,Santiago,Universitario,Empresa propia,Casado,26,4,6,9604,1.41,72.0,80,8.3,7.8,6.7,4.9,7.8,6.5,7.0,5.9,21,5.8,9.3,7.9,2,1,3.0,0.7,129,33.8,43,47,37.9,4.9,19.0,8.9,13.9,11.7,2.6,1.1
SUJ-1976,Agroindustria,Buenos Aires,Bachillerato,E-commerce,Casado,37,10,22,15443,3.89,28.1,66,6.8,4.2,5.9,1.8,8.2,7.3,5.7,8.0,10,3.2,7.5,7.4,1,1,6.4,5.8,51,24.0,61,77,16.8,28.5,17.3,17.2,12.2,1.0,4.1,2.9
SUJ-1977,Finanzas,Medellín,Maestría,Franquicia,Soltero,27,9,18,500,10.97,28.5,73,8.2,9.4,8.8,6.3,10.0,8.6,8.55,5.6,28,10.0,9.3,6.4,3,2,5.1,5.8,4,32.4,45,42,35.5,20.0,13.9,15.5,7.8,4.4,1.7,1.2
SUJ-1978,Retail/Comercio,Santiago,Maestría,Empresa familiar,Casado,19,9,10,2423,1.0,39.6,55,4.7,5.6,6.8,5.6,8.4,6.4,6.25,7.9,36,7.0,7.9,8.3,0,1,4.8,2.5,76,28.2,64,62,24.3,19.0,15.7,12.9,9.2,10.8,4.5,3.6
SUJ-1979,Servicios,Lima,Maestría,Franquicia,Soltero,28,4,11,6366,2.27,4.0,89,7.0,8.5,6.3,6.3,10.0,7.7,7.63,7.1,28,7.9,5.8,8.7,3,2,5.1,2.2,28,20.9,59,52,20.5,18.7,15.3,17.9,17.7,5.6,4.3,0.0
SUJ-1980,Servicios,CDMX,Técnico,Empresa propia,Casado,30,9,20,22644,7.54,26.7,89,9.7,8.0,6.0,6.0,10.0,8.5,8.03,7.1,20,5.9,7.2,7.9,2,2,6.5,5.1,5,24.2,35,44,36.9,17.6,17.7,8.6,8.3,4.2,6.7,0.0
SUJ-1981,Tecnología,Cali,Doctorado,Franquicia,Soltero,23,10,18,9110,2.15,31.6,56,7.1,3.8,4.5,5.1,6.9,6.0,5.57,8.7,12,0.0,8.5,4.8,4,2,5.7,3.2,87,31.9,47,63,44.6,12.9,8.9,16.5,8.5,0.9,5.6,2.1
SUJ-1982,Inmuebles,Medellín,Universitario,Holding,Casado,30,8,14,4879,8.72,58.9,88,7.9,6.8,7.6,8.5,9.7,8.6,8.18,8.5,16,4.0,7.8,8.7,1,1,6.3,0.0,7,33.2,40,63,30.0,20.4,15.1,11.7,9.8,8.8,3.4,0.8
SUJ-1983,Retail/Comercio,CDMX,Maestría,Empresa propia,Casado,30,7,17,1115,2.6,33.8,85,8.1,6.1,9.5,6.9,9.3,8.8,8.12,8.4,13,3.4,6.4,7.4,1,2,6.3,7.0,1,19.4,51,68,24.2,15.6,22.2,16.2,11.0,6.5,1.2,3.1
SUJ-1984,Retail/Comercio,Bucaramanga,Maestría,E-commerce,Soltero,23,9,16,5437,1.42,25.5,77,8.1,4.4,5.8,7.2,9.4,8.7,7.27,4.2,34,6.6,8.0,7.5,1,0,5.0,2.6,7,26.8,47,45,30.2,16.0,17.9,10.7,9.9,13.2,2.1,-0.0
SUJ-1985,Tecnología,Monterrey,Universitario,Empresa familiar,Soltero,35,6,6,4654,6.07,46.1,77,8.6,5.0,8.6,7.2,9.6,7.4,7.73,7.3,26,4.9,5.0,7.8,1,1,4.4,4.8,18,29.9,44,66,37.1,13.5,10.3,11.2,10.2,7.5,7.3,2.9
SUJ-1986,Tecnología,Barranquilla,Maestría,Startup escalada,Casado,21,8,14,12056,7.12,51.9,80,6.1,9.1,7.3,6.9,7.4,8.7,7.58,9.4,20,8.8,4.7,7.5,0,1,6.8,1.9,112,37.0,36,64,26.0,12.5,16.1,17.1,12.5,10.2,2.7,2.9
SUJ-1987,Inmuebles,Medellín,Universitario,Empresa propia,Casado,28,7,15,4266,2.95,21.5,55,7.3,4.8,5.7,6.1,5.7,6.5,6.02,6.6,29,4.7,9.1,5.2,0,2,4.9,5.9,9,26.2,51,59,23.6,22.0,16.4,10.8,13.1,8.2,3.8,2.1
SUJ-1988,Retail/Comercio,Santiago,Doctorado,Empresa familiar,Soltero,22,1,8,3071,2.12,23.8,103,8.3,9.5,8.9,6.9,9.7,10.0,8.88,9.8,4,6.6,9.4,6.9,3,0,4.4,6.3,3,23.5,40,53,23.2,29.2,8.0,11.2,14.6,7.8,4.2,1.8
SUJ-1989,Retail/Comercio,Cali,Universitario,Holding,Soltero,17,4,9,752,1.0,4.0,43,3.4,3.5,5.5,3.0,5.2,4.5,4.18,8.8,20,4.5,10.0,7.9,4,5,5.2,2.7,23,25.3,80,68,27.7,19.3,16.0,15.2,10.6,6.7,3.1,1.4
SUJ-1990,Inmuebles,Caracas,Doctorado,Empresa propia,Soltero,28,15,23,500,1.12,18.8,53,5.4,4.0,7.2,3.7,6.4,6.0,5.45,6.8,44,8.7,9.6,6.4,0,3,4.6,0.0,8,23.5,52,64,13.3,17.8,23.4,13.6,16.0,12.6,3.3,0.0
SUJ-1991,Inmuebles,CDMX,Bachillerato,Empresa propia,Unión libre,37,1,8,4626,1.0,15.4,87,8.0,9.2,7.3,7.0,9.7,8.0,8.2,6.9,26,7.6,6.9,9.2,2,2,6.3,3.0,90,25.6,30,52,30.2,18.2,13.7,15.1,9.4,9.5,3.2,0.7
SUJ-1992,Tecnología,Lima,Maestría,Empresa propia,Soltero,25,13,12,3407,1.78,59.7,85,8.5,6.9,9.7,8.2,9.8,8.2,8.55,4.3,3,4.1,8.5,9.8,4,2,3.8,4.4,190,42.8,31,46,35.4,17.8,12.5,10.4,9.4,11.3,1.0,2.2
SUJ-1993,Manufactura,Medellín,Posgrado,Startup escalada,Soltero,17,9,10,6483,1.04,25.3,95,9.4,7.6,10.0,8.1,10.0,8.6,8.95,7.4,18,6.0,7.9,10.0,2,3,5.8,2.9,1,18.4,37,53,31.3,16.9,20.0,16.3,5.1,6.0,4.4,0.0
SUJ-1994,Tecnología,Monterrey,Universitario,Empresa propia,Casado,27,7,14,9956,10.76,64.5,74,9.8,6.7,7.0,2.5,8.5,6.6,6.85,5.9,21,4.5,8.4,9.8,4,2,4.9,1.0,13,36.0,41,50,35.5,20.9,15.3,5.6,7.7,10.7,1.3,3.0
SUJ-1995,Inmuebles,São Paulo,Universitario,Empresa propia,Casado,21,1,10,500,1.0,25.8,60,5.3,6.2,5.4,8.8,7.0,8.1,6.8,5.0,30,9.2,8.6,5.2,0,3,6.7,5.9,8,22.8,48,53,37.7,10.8,12.3,14.0,11.9,5.1,6.2,2.0
SUJ-1996,Manufactura,Lima,Maestría,Startup escalada,Soltero,32,7,10,5484,1.0,26.4,73,8.7,5.6,9.2,6.4,7.3,8.0,7.53,9.7,5,4.6,10.0,7.7,1,1,5.1,3.2,4,21.5,29,68,22.4,14.7,18.7,14.2,17.1,4.0,5.1,3.8
SUJ-1997,Agroindustria,CDMX,Universitario,E-commerce,Unión libre,24,4,13,15842,3.42,4.0,84,6.7,4.2,7.7,8.1,8.6,7.1,7.07,6.2,23,7.9,8.1,9.0,1,1,6.3,2.6,33,25.8,49,51,30.5,23.3,13.4,18.3,6.5,0.9,5.0,2.1
SUJ-1998,Tecnología,São Paulo,Posgrado,Startup escalada,Casado,17,11,19,4858,68.01,65.2,63,5.7,7.1,6.2,5.7,6.8,6.4,6.32,10.0,17,6.7,9.2,8.0,0,4,6.1,1.7,153,52.2,54,80,13.9,18.1,19.7,19.4,17.0,4.4,5.4,2.1
SUJ-1999,Tecnología,Cali,Universitario,Holding,Soltero,29,4,9,5892,2.92,70.1,58,5.2,5.8,6.7,3.1,7.8,5.0,5.6,4.7,24,4.8,7.9,10.0,1,1,5.3,1.2,26,36.5,59,60,24.9,17.3,17.6,16.7,14.5,3.3,4.3,1.4
SUJ-2000,Finanzas,Bogotá,Doctorado,Empresa propia,Soltero,27,6,13,5336,4.04,57.2,73,5.3,5.2,8.4,6.5,8.8,7.5,6.95,4.8,30,9.6,6.5,4.5,1,2,5.2,3.2,29,32.1,50,61,22.5,11.4,21.8,26.8,14.0,1.2,1.8,0.5
SUJ-2001,Finanzas,Monterrey,Bachillerato,Startup escalada,Unión libre,24,8,15,3951,5.78,35.8,63,7.4,5.4,8.4,3.6,7.6,6.3,6.45,8.0,28,5.6,7.4,8.7,4,1,5.2,2.9,3,23.7,57,74,18.1,22.4,15.3,14.8,13.0,12.1,4.4,-0.1
SUJ-2002,Finanzas,Lima,Universitario,Empresa propia,Soltero,19,4,13,933,3.12,55.9,70,8.8,7.8,7.8,6.1,8.5,7.3,7.72,8.4,26,3.2,7.5,5.7,2,0,4.3,1.0,9,30.3,45,56,27.3,17.6,18.0,17.1,11.2,5.7,1.4,1.7
SUJ-2003,Servicios,Monterrey,Universitario,E-commerce,Soltero,36,10,19,1080,7.54,24.6,64,8.0,7.7,6.8,5.9,7.2,4.4,6.67,10.0,0,6.2,6.0,8.1,4,2,3.9,2.1,33,34.5,57,59,33.6,17.6,12.0,14.8,8.8,7.5,5.8,-0.1
SUJ-2004,Finanzas,Bucaramanga,Universitario,Holding,Soltero,23,6,8,1578,2.97,20.7,80,6.3,6.4,8.1,7.6,8.2,6.0,7.1,6.4,11,4.7,5.9,3.4,1,1,4.0,3.6,170,30.4,57,58,28.5,22.6,14.1,8.3,9.7,9.4,4.9,2.5
SUJ-2005,Finanzas,São Paulo,Universitario,Empresa propia,Casado,31,1,4,12583,1.0,65.5,66,9.6,7.8,5.0,4.9,5.7,6.7,6.62,7.1,11,10.0,9.1,8.5,0,5,4.0,2.8,125,33.8,50,76,34.0,9.0,14.9,16.4,7.4,9.4,6.6,2.3
SUJ-2006,Inmuebles,Caracas,Universitario,Empresa familiar,Casado,23,7,18,2576,1.48,16.8,65,7.0,5.8,6.3,2.2,7.0,7.7,6.0,9.3,45,7.9,8.5,10.0,1,4,3.6,4.2,35,22.5,42,55,21.9,17.9,23.2,9.0,15.4,5.6,5.6,1.4
SUJ-2007,Retail/Comercio,Lima,Maestría,E-commerce,Casado,30,10,19,23671,12.35,36.5,82,10.0,6.0,6.6,6.1,7.3,8.2,7.37,6.9,26,8.8,8.5,8.3,0,1,3.0,2.9,4,32.8,40,58,21.5,27.7,6.7,18.5,7.5,11.3,5.9,0.9
SUJ-2008,Inmuebles,Medellín,Maestría,Empresa propia,Soltero,26,12,20,13293,5.41,32.1,57,6.2,4.5,7.2,5.6,7.1,5.2,5.97,7.9,18,3.0,9.3,8.5,3,0,5.3,0.7,16,27.4,62,71,33.9,18.5,16.5,17.6,7.0,1.0,3.4,2.1
SUJ-2009,Tecnología,Caracas,Posgrado,Empresa familiar,Casado,26,9,18,9229,150.49,71.3,60,6.9,7.7,5.4,5.1,6.0,5.2,6.05,4.8,28,9.7,8.9,7.0,1,3,5.6,5.3,7,59.9,55,50,24.8,14.1,23.1,15.3,11.5,3.5,5.4,2.3
SUJ-2010,Retail/Comercio,Bogotá,Técnico,E-commerce,Casado,21,11,21,10194,3.58,16.3,77,7.4,7.3,9.2,6.0,8.3,9.2,7.9,9.1,14,5.6,9.9,9.2,0,3,3.6,5.6,15,27.1,31,82,30.5,12.8,13.8,15.6,13.7,7.1,3.6,2.9
SUJ-2011,Tecnología,Bogotá,Posgrado,Holding,Soltero,29,9,15,500,1.15,45.3,60,8.9,4.2,5.6,4.5,6.8,5.2,5.87,10.0,23,4.2,7.1,8.6,2,2,5.0,4.8,50,29.1,59,81,23.9,15.1,20.7,15.2,14.0,3.4,5.0,2.7
SUJ-2012,Tecnología,Barranquilla,Técnico,E-commerce,Casado,34,3,8,6721,7.51,62.0,90,10.0,8.8,7.6,8.0,7.2,9.1,8.45,6.2,32,7.5,9.2,7.4,3,1,5.8,0.1,6,37.9,40,59,36.4,15.0,14.1,14.0,6.7,7.7,5.9,0.2
SUJ-2013,Servicios,Monterrey,Maestría,Startup escalada,Soltero,19,4,12,22649,1.7,13.7,58,6.2,6.7,5.1,6.8,4.8,4.7,5.72,10.0,29,5.3,6.8,7.2,2,1,5.2,2.9,19,24.0,54,71,17.6,14.1,15.5,19.7,18.0,9.5,4.8,0.8
SUJ-2014,Tecnología,Santiago,Universitario,Empresa propia,Casado,21,1,7,500,3.02,72.3,71,7.0,5.6,5.1,5.5,8.7,6.9,6.47,9.2,42,5.0,6.9,9.0,1,1,4.3,1.5,6,36.1,47,62,29.7,12.8,8.0,22.7,10.6,9.9,4.0,2.3
SUJ-2015,Retail/Comercio,Bogotá,Universitario,Empresa propia,Soltero,43,6,17,2751,12.15,17.8,61,7.7,6.1,5.2,6.1,7.3,7.4,6.63,8.9,25,8.8,5.8,7.3,1,0,5.1,2.7,48,29.7,47,56,26.9,30.9,7.1,14.5,6.6,6.1,5.3,2.6
SUJ-2016,Retail/Comercio,Caracas,Universitario,Franquicia,Casado,19,9,20,500,4.87,36.6,92,6.9,9.5,7.7,8.3,10.0,7.3,8.28,7.8,23,2.8,8.6,9.8,0,2,5.3,3.6,24,30.1,43,55,28.7,16.7,18.9,11.3,13.8,9.8,0.0,0.8
SUJ-2017,Finanzas,Bogotá,Maestría,Empresa propia,Unión libre,22,1,10,6746,2.62,48.0,58,3.7,3.8,7.5,3.8,7.5,5.2,5.25,7.6,41,4.8,9.0,7.1,0,2,5.6,1.8,33,39.0,54,70,22.5,20.4,21.9,12.8,13.6,4.2,4.3,0.3
SUJ-2018,Servicios,Bucaramanga,Técnico,Holding,Unión libre,34,12,14,988,5.89,12.9,98,8.4,5.7,8.7,6.3,9.7,10.0,8.13,8.2,17,7.0,7.4,7.5,1,2,5.9,5.3,73,33.3,57,66,34.9,14.8,16.2,9.1,16.2,7.0,0.5,1.3
SUJ-2019,Tecnología,Buenos Aires,Posgrado,Franquicia,Soltero,34,6,8,5219,2.84,70.8,73,8.0,5.4,7.0,7.3,6.0,9.0,7.12,7.8,48,7.3,6.4,8.5,0,1,3.6,2.6,13,29.3,55,47,37.4,12.8,13.7,14.7,12.2,5.4,1.2,2.6
SUJ-2020,Manufactura,Bucaramanga,Técnico,Empresa propia,Soltero,17,3,4,10182,1.76,10.1,70,8.5,3.8,6.5,4.7,8.8,8.5,6.8,3.9,20,2.8,9.6,8.5,1,4,7.0,3.7,4,14.3,54,52,27.5,24.1,19.7,9.7,4.2,9.1,3.2,2.5
SUJ-2021,Salud/Farma,Bucaramanga,Maestría,Empresa propia,Soltero,30,1,8,1437,6.22,34.1,44,3.8,2.7,6.5,3.6,7.3,5.5,4.9,7.8,22,7.6,8.0,7.7,2,1,6.7,3.8,49,32.7,61,73,29.7,19.7,20.7,11.1,10.0,4.0,3.4,1.4
SUJ-2022,Manufactura,Buenos Aires,Maestría,Holding,Unión libre,24,13,22,11263,1.0,4.0,95,10.0,9.3,9.2,7.8,7.9,7.1,8.55,10.0,25,7.3,7.6,7.5,2,3,4.7,3.9,29,21.6,35,75,33.4,18.2,15.1,13.0,11.5,5.4,3.5,-0.1
SUJ-2023,Agroindustria,Monterrey,Universitario,Startup escalada,Casado,25,11,16,500,1.59,23.8,79,7.3,5.6,6.4,5.0,8.9,6.9,6.68,8.4,7,3.9,9.2,9.8,0,2,7.1,3.1,11,23.5,53,72,27.0,20.6,11.5,22.9,9.6,4.7,3.5,0.2
SUJ-2024,Tecnología,Lima,Universitario,Franquicia,Soltero,32,5,9,1296,1.41,69.5,56,6.6,5.0,4.2,4.5,6.5,6.5,5.55,5.2,20,1.4,10.0,5.2,0,0,4.9,2.5,18,33.0,60,62,27.3,32.0,11.4,5.2,10.4,6.0,5.6,2.1
SUJ-2025,Retail/Comercio,Cali,Doctorado,E-commerce,Soltero,23,10,16,2629,3.87,26.3,65,6.3,6.7,5.9,5.8,5.1,5.4,5.87,6.8,13,3.5,8.1,9.7,3,1,6.0,1.3,8,24.5,52,52,20.9,24.6,11.8,16.6,11.9,11.1,0.9,2.2
SUJ-2026,Finanzas,Santiago,Posgrado,Empresa propia,Unión libre,22,6,9,12720,1.0,51.1,50,5.5,6.2,7.2,1.9,4.9,4.2,4.98,9.4,28,8.2,8.6,4.5,1,1,5.1,3.8,23,24.5,72,71,19.7,33.4,17.3,6.6,6.9,10.1,2.7,3.3
SUJ-2027,Inmuebles,Bogotá,Universitario,E-commerce,Casado,24,4,11,15184,5.21,55.6,62,8.9,6.0,6.2,5.2,7.7,7.9,6.98,8.1,18,5.9,9.1,8.4,1,5,6.5,1.4,7,33.1,65,67,25.7,21.9,16.6,11.9,12.7,9.3,0.6,1.3
SUJ-2028,Salud/Farma,Barranquilla,Posgrado,Empresa propia,Soltero,23,4,9,1991,1.32,41.5,71,6.7,3.4,8.8,3.9,9.6,6.1,6.42,9.3,22,4.3,6.4,7.1,2,0,6.3,0.7,16,26.5,69,69,28.8,17.5,11.4,16.8,7.9,5.3,9.5,2.8
SUJ-2029,Finanzas,Santiago,Posgrado,E-commerce,Soltero,28,6,10,805,1.0,16.9,94,8.0,7.7,10.0,6.6,10.0,10.0,8.72,8.2,20,8.1,4.8,6.5,3,1,5.4,2.8,8,18.4,35,63,30.3,16.1,17.8,14.3,10.9,7.9,0.0,2.7
SUJ-2030,Manufactura,Lima,Técnico,Holding,Soltero,33,5,11,15068,11.87,17.2,106,10.0,9.6,10.0,7.7,10.0,10.0,9.55,9.2,14,4.9,8.3,10.0,0,2,3.9,2.6,43,33.2,21,61,26.0,29.2,7.7,5.5,15.3,11.0,3.7,1.6
SUJ-2031,Tecnología,Buenos Aires,Maestría,Startup escalada,Casado,28,7,16,8384,5.35,48.4,79,9.3,6.9,7.3,3.5,8.6,8.6,7.37,8.4,31,8.3,8.4,6.1,1,1,4.7,0.9,23,37.7,42,62,29.8,2.4,21.0,16.7,13.4,5.1,7.3,4.3
SUJ-2032,Manufactura,Santiago,Universitario,Franquicia,Unión libre,25,13,14,1374,1.34,29.2,51,3.9,5.5,4.4,3.9,7.0,5.6,5.05,7.8,34,6.2,7.9,5.9,1,1,3.0,5.4,11,24.4,56,62,27.8,15.5,13.4,13.2,9.1,12.4,5.2,3.4
SUJ-2033,Retail/Comercio,Bogotá,Bachillerato,Startup escalada,Casado,29,15,22,6526,2.06,27.5,104,10.0,7.6,10.0,5.9,10.0,10.0,8.92,8.5,9,2.5,8.6,6.4,1,1,4.6,4.9,19,22.2,26,52,18.8,27.1,20.8,7.4,12.4,9.0,3.6,0.9
SUJ-2034,Salud/Farma,Santiago,Maestría,E-commerce,Soltero,30,2,2,16469,3.28,19.4,48,6.2,4.7,3.9,2.3,6.3,5.9,4.88,3.7,19,7.7,8.9,10.0,1,2,5.4,1.2,3,17.9,58,54,22.7,13.6,18.2,13.8,11.9,9.3,5.9,4.6
SUJ-2035,Manufactura,Cali,Universitario,Startup escalada,Casado,29,8,13,576,4.58,16.6,84,10.0,7.9,8.1,6.5,10.0,7.9,8.4,6.3,21,6.5,7.3,8.0,2,2,4.4,1.7,3,21.5,46,59,34.1,18.7,12.9,15.4,4.8,10.5,1.6,2.0
SUJ-2036,Finanzas,São Paulo,Técnico,Franquicia,Soltero,21,7,15,699,5.94,28.0,73,7.1,8.2,6.0,7.1,7.0,7.2,7.1,8.7,3,7.2,7.9,7.7,2,3,5.5,2.3,9,26.1,49,69,19.1,24.0,14.4,12.5,17.4,6.2,4.1,2.3
SUJ-2037,Tecnología,Caracas,Posgrado,Empresa propia,Soltero,28,9,19,2557,2.33,38.3,89,10.0,6.6,7.9,7.8,9.7,9.1,8.52,4.9,23,5.3,5.9,6.3,1,2,6.9,5.4,6,19.2,41,53,36.0,17.8,14.4,6.4,17.1,4.0,4.3,0.0
SUJ-2038,Tecnología,Buenos Aires,Maestría,Startup escalada,Unión libre,17,5,9,8450,2.96,64.2,62,6.9,4.7,6.3,4.2,7.0,6.8,5.98,9.1,27,4.2,9.2,4.9,2,3,5.1,3.2,4,27.6,60,63,32.9,16.4,12.0,11.8,14.2,8.1,3.5,1.1
SUJ-2039,Finanzas,Santiago,Maestría,Empresa propia,Soltero,35,9,13,1568,3.33,33.4,86,8.2,9.3,7.6,5.1,8.9,8.9,8.0,7.6,24,8.3,8.7,6.6,2,3,3.1,5.7,2,24.0,44,49,29.2,12.8,14.3,18.7,11.2,8.4,4.5,0.9
SUJ-2040,Finanzas,Bogotá,Doctorado,Empresa propia,Soltero,35,1,6,13558,3.07,36.9,92,8.2,7.2,9.7,6.7,9.3,9.5,8.43,5.9,19,7.1,6.4,7.2,1,1,7.1,4.2,12,20.3,32,55,23.6,15.6,15.6,17.3,10.2,10.9,5.9,0.9
SUJ-2041,Servicios,Bogotá,Maestría,Empresa propia,Unión libre,31,20,22,11104,3.8,4.0,78,8.6,6.9,8.0,7.1,8.5,8.4,7.92,7.6,28,5.6,7.1,7.1,3,1,5.2,2.4,10,20.3,38,53,21.5,24.2,19.9,11.9,15.0,4.3,2.6,0.6
SUJ-2042,Manufactura,Santiago,Bachillerato,Startup escalada,Soltero,33,8,15,6586,4.75,30.2,72,6.1,6.6,5.8,6.3,7.9,5.4,6.35,5.9,25,6.5,7.7,7.7,1,1,4.4,5.2,5,27.2,45,56,10.1,18.8,30.0,15.1,8.6,10.7,3.0,3.7
SUJ-2043,Retail/Comercio,São Paulo,Universitario,Empresa propia,Casado,25,9,11,986,1.0,41.8,86,7.2,7.2,7.0,5.3,8.7,9.0,7.4,8.6,6,4.6,8.0,8.2,0,1,5.0,0.5,16,24.6,36,72,23.3,29.3,14.6,15.6,2.1,9.7,4.9,0.5
SUJ-2044,Tecnología,Monterrey,Maestría,Startup escalada,Unión libre,21,2,10,35530,7.19,68.7,90,9.7,10.0,7.6,6.3,10.0,10.0,8.93,9.5,31,6.8,6.8,6.0,2,2,3.8,1.9,55,38.2,25,71,28.1,15.1,15.1,12.1,17.6,3.9,6.2,1.9
SUJ-2045,Servicios,Barranquilla,Universitario,Franquicia,Soltero,18,4,7,5387,3.99,16.7,66,9.2,5.5,8.6,4.3,7.2,6.9,6.95,7.3,25,8.3,8.3,8.0,0,3,6.4,0.7,3,24.6,34,52,35.3,19.2,22.5,5.2,11.3,4.0,2.5,0.0
SUJ-2046,Inmuebles,CDMX,Posgrado,Empresa propia,Soltero,32,1,6,4812,1.97,30.8,64,5.1,6.7,7.6,1.6,6.8,6.9,5.78,9.9,33,10.0,9.4,6.5,1,5,8.5,5.7,75,31.1,54,69,33.5,16.1,17.9,8.8,10.3,9.2,3.1,1.1
SUJ-2047,Tecnología,Bucaramanga,Posgrado,Franquicia,Soltero,21,12,20,43353,210.35,52.8,64,6.5,5.1,3.8,6.6,6.6,6.7,5.88,8.6,19,6.3,6.2,7.2,2,1,4.1,4.0,2,47.5,48,65,21.6,24.9,16.4,17.3,5.5,9.1,1.8,3.4
SUJ-2048,Inmuebles,Buenos Aires,Universitario,Empresa propia,Soltero,23,2,10,15953,1.98,25.8,42,5.4,6.6,5.4,4.5,6.4,4.9,5.53,8.4,41,8.2,5.0,10.0,2,1,5.7,4.1,17,26.2,53,49,28.4,18.7,14.6,11.4,7.6,10.5,5.4,3.4
SUJ-2049,Retail/Comercio,CDMX,Maestría,E-commerce,Soltero,27,6,14,4875,1.66,33.0,85,7.8,6.1,10.0,8.5,7.6,9.0,8.17,8.3,27,7.6,9.0,5.4,0,0,4.5,0.0,67,30.1,31,41,33.9,2.2,21.1,13.4,16.8,9.9,2.1,0.6
SUJ-2050,Tecnología,Lima,Posgrado,Holding,Casado,25,6,13,4341,6.43,68.2,72,5.3,7.0,7.6,7.5,8.4,7.3,7.18,6.8,34,7.0,7.5,9.7,1,2,5.8,1.4,49,36.8,48,55,15.8,18.5,19.8,28.3,7.9,7.2,1.8,0.7
SUJ-2051,Retail/Comercio,Lima,Universitario,E-commerce,Soltero,27,8,10,806,1.2,42.3,68,6.0,2.9,6.8,5.7,8.3,7.0,6.12,7.6,19,5.3,7.3,9.4,1,1,4.5,3.2,25,25.3,53,63,24.6,23.7,20.5,2.8,13.6,9.0,1.8,4.0
SUJ-2052,Retail/Comercio,Bogotá,Doctorado,Empresa propia,Soltero,17,2,8,20885,3.17,26.1,66,7.6,5.4,5.9,6.6,5.0,6.5,6.17,7.7,30,4.4,6.3,5.0,0,2,5.5,1.3,33,25.1,53,71,30.1,15.4,11.1,17.9,10.8,7.7,4.5,2.5
SUJ-2053,Tecnología,Lima,Universitario,Holding,Casado,24,10,15,14851,4.55,44.9,78,7.7,7.4,6.3,5.7,7.7,6.9,6.95,7.5,26,5.1,8.9,6.4,1,4,4.7,2.6,18,33.8,50,65,25.1,25.3,13.6,4.4,10.6,13.6,4.6,2.8
SUJ-2054,Agroindustria,Monterrey,Técnico,Startup escalada,Casado,30,11,16,2968,4.26,4.0,63,7.2,3.7,6.9,5.5,8.4,4.7,6.07,6.8,27,5.9,5.4,6.8,1,2,4.3,0.0,14,20.8,50,57,23.5,19.5,12.9,13.4,16.6,4.5,7.1,2.5
SUJ-2055,Servicios,Barranquilla,Posgrado,Holding,Casado,23,4,10,11197,4.58,4.0,84,6.8,6.6,5.3,5.8,10.0,8.0,7.08,6.9,31,5.2,8.0,5.7,1,3,6.2,7.0,7,25.0,54,62,17.1,19.9,21.2,14.9,13.9,6.8,4.0,2.2
SUJ-2056,Manufactura,Caracas,Maestría,Startup escalada,Soltero,20,7,10,11508,2.78,32.4,67,7.5,10.0,5.9,5.4,6.9,6.4,7.02,4.8,19,3.4,10.0,8.2,0,1,6.6,5.7,8,28.0,50,55,23.9,22.6,14.7,11.8,16.0,7.4,3.0,0.6
SUJ-2057,Retail/Comercio,Lima,Maestría,Empresa propia,Casado,31,9,15,2069,1.47,28.4,57,3.7,3.8,6.0,5.5,5.9,8.1,5.5,5.6,5,7.5,8.5,6.6,0,1,4.8,0.1,28,27.3,61,59,22.8,12.1,20.4,20.6,12.8,4.7,3.6,3.0
SUJ-2058,Retail/Comercio,Cali,Maestría,Startup escalada,Casado,23,8,13,7608,1.0,28.5,80,8.9,7.2,9.3,7.0,8.0,8.6,8.17,6.7,35,4.0,9.5,4.7,1,1,4.6,0.1,8,24.9,37,57,25.6,12.6,12.5,13.4,17.3,8.2,8.8,1.6
SUJ-2059,Manufactura,Barranquilla,Maestría,Empresa propia,Soltero,27,3,7,2355,1.0,59.0,61,8.1,3.6,4.2,2.0,7.8,6.2,5.32,5.4,18,8.2,9.1,7.4,0,2,6.2,2.4,11,23.2,65,54,26.9,14.2,16.5,20.6,7.9,9.7,3.4,0.8
SUJ-2060,Retail/Comercio,Monterrey,Universitario,Empresa propia,Soltero,24,9,11,12480,1.38,50.6,71,5.6,4.8,6.5,6.7,8.1,7.5,6.53,8.0,20,5.2,8.7,7.2,1,1,4.3,1.4,41,26.2,46,52,20.9,23.3,16.1,13.4,14.3,6.9,2.6,2.5
SUJ-2061,Tecnología,São Paulo,Maestría,Startup escalada,Soltero,25,12,14,1336,1.0,53.0,85,7.7,7.7,9.0,5.0,9.4,8.6,7.9,9.5,23,3.4,6.2,7.0,2,3,7.8,1.6,8,24.0,39,59,22.0,22.0,9.3,13.7,9.4,15.2,6.1,2.3
SUJ-2062,Retail/Comercio,CDMX,Maestría,Empresa familiar,Casado,35,12,23,8842,8.48,31.3,73,5.9,6.0,7.0,5.1,9.1,8.5,6.93,6.7,21,3.7,9.4,5.3,0,1,6.5,4.7,15,34.3,60,59,26.7,13.7,18.3,20.2,7.1,11.6,0.0,2.4
SUJ-2063,Inmuebles,Barranquilla,Universitario,Holding,Soltero,29,9,15,3156,9.41,16.2,74,7.9,5.3,9.2,3.5,10.0,6.9,7.13,9.2,27,6.3,5.0,8.5,0,1,6.1,0.0,12,26.2,47,77,36.4,10.3,16.9,11.0,11.9,4.6,4.9,4.0
SUJ-2064,Retail/Comercio,Barranquilla,Técnico,Empresa propia,Unión libre,18,10,22,500,1.0,37.4,66,7.1,5.2,7.5,4.5,5.5,7.6,6.23,9.4,0,6.1,7.9,6.2,1,5,4.4,0.0,17,22.4,50,63,38.0,19.4,12.0,12.2,5.6,9.5,1.8,1.5
SUJ-2065,Tecnología,CDMX,Doctorado,Empresa propia,Casado,23,5,18,1056,3.38,55.6,75,6.1,7.9,6.3,7.7,9.1,6.6,7.28,5.3,27,3.6,6.3,7.7,0,0,3.5,1.6,3,30.2,53,58,28.1,22.4,8.5,16.3,5.1,11.9,5.1,2.6
SUJ-2066,Inmuebles,Monterrey,Maestría,Franquicia,Unión libre,23,3,13,8511,6.0,19.3,64,6.2,5.4,6.6,5.7,8.7,6.4,6.5,7.4,32,4.9,7.3,9.2,0,0,3.1,5.1,14,23.8,41,70,40.3,14.1,11.2,14.8,6.3,8.8,2.5,2.0
SUJ-2067,Tecnología,São Paulo,Maestría,Startup escalada,Soltero,27,6,8,2194,3.58,55.9,79,9.3,7.5,6.6,6.3,9.4,6.7,7.63,5.3,22,7.5,5.5,6.7,4,3,4.5,2.3,28,29.6,27,60,13.0,21.5,21.5,14.5,9.9,16.0,1.9,1.7
SUJ-2068,Finanzas,Lima,Maestría,Empresa propia,Soltero,31,15,26,7976,980.0,62.7,68,8.6,3.7,6.8,7.9,7.4,5.4,6.63,3.6,29,6.8,7.8,10.0,0,0,4.3,5.6,17,72.9,51,59,24.2,15.6,26.9,9.6,6.5,6.5,6.2,4.5
SUJ-2069,Tecnología,Bogotá,Posgrado,Startup escalada,Soltero,26,5,11,4286,17.78,81.3,70,7.8,5.4,7.3,4.6,9.3,9.6,7.33,8.1,19,5.2,6.6,6.2,2,5,4.6,0.0,10,41.3,40,57,21.6,17.1,13.2,24.2,11.7,8.7,0.1,3.4
SUJ-2070,Finanzas,Buenos Aires,Posgrado,Empresa propia,Soltero,26,8,13,9439,2.77,26.9,59,7.7,4.8,7.2,5.1,6.5,6.7,6.33,5.5,14,9.1,7.8,10.0,1,3,5.2,1.7,14,26.2,31,57,33.7,16.5,14.5,10.6,13.9,6.9,3.5,0.4
SUJ-2071,Inmuebles,São Paulo,Posgrado,Startup escalada,Unión libre,17,8,13,5433,3.36,15.7,79,10.0,5.8,8.0,7.7,9.0,8.0,8.08,4.3,26,1.3,7.1,6.3,0,5,5.3,0.7,5,23.0,39,36,34.4,13.3,12.8,7.0,14.4,11.7,2.4,4.0
SUJ-2072,Retail/Comercio,CDMX,Bachillerato,Startup escalada,Soltero,33,5,10,2951,3.21,27.0,65,7.1,5.6,5.0,6.4,6.2,6.0,6.05,7.6,16,3.8,7.9,6.9,1,1,5.8,2.4,129,23.8,42,57,38.5,7.7,15.9,11.5,18.7,3.0,3.0,1.7
SUJ-2073,Tecnología,Caracas,Maestría,Franquicia,Soltero,24,12,19,1260,6.36,55.6,58,6.8,4.9,3.4,5.6,6.7,7.4,5.8,6.7,15,4.1,5.3,8.7,3,5,5.0,0.0,252,38.6,42,60,20.8,14.7,21.0,21.4,10.7,8.2,2.8,0.4
SUJ-2074,Servicios,CDMX,Posgrado,Empresa propia,Soltero,27,13,27,3337,86.87,45.6,65,7.0,6.7,7.4,6.7,8.9,7.1,7.3,6.9,21,8.7,5.1,7.0,1,3,5.3,0.3,22,42.6,50,64,14.3,19.5,20.5,22.0,10.4,7.8,4.1,1.4
SUJ-2075,Servicios,São Paulo,Posgrado,Startup escalada,Soltero,27,17,17,8060,2.99,39.3,83,8.6,8.4,5.1,7.6,10.0,8.0,7.95,7.9,11,7.7,8.4,8.6,2,1,5.0,0.4,30,28.4,44,53,22.1,28.6,13.1,14.7,7.4,10.1,2.5,1.5
SUJ-2076,Servicios,CDMX,Posgrado,E-commerce,Casado,21,4,17,10791,2.16,4.0,80,7.2,6.0,8.0,7.0,9.4,6.5,7.35,9.2,28,10.0,6.7,7.1,5,2,5.0,3.1,7,15.1,59,70,18.2,19.3,23.5,19.0,9.5,9.5,0.4,0.6
SUJ-2077,Finanzas,CDMX,Universitario,Holding,Casado,24,8,19,1398,1.22,42.2,42,3.0,5.7,3.6,2.2,8.3,6.3,4.85,7.3,23,7.3,7.5,7.9,4,0,5.4,3.9,173,26.6,59,57,31.1,13.5,19.0,7.6,13.4,9.5,3.6,2.3
SUJ-2078,Retail/Comercio,Buenos Aires,Técnico,E-commerce,Casado,21,7,12,8731,1.46,7.1,63,7.6,4.7,6.5,5.2,8.3,6.5,6.47,8.2,37,6.0,9.3,7.4,2,2,5.5,2.5,4,25.1,55,70,23.0,26.6,18.4,16.2,8.6,5.1,2.1,0.0
SUJ-2079,Salud/Farma,Buenos Aires,Universitario,Empresa propia,Soltero,34,4,8,1580,1.4,8.4,92,9.8,7.8,8.5,8.4,9.3,8.1,8.65,7.2,10,10.0,6.0,9.0,2,1,6.4,3.0,23,23.2,35,57,26.7,19.4,20.9,13.6,7.3,7.1,4.1,0.9
SUJ-2080,Inmuebles,Lima,Técnico,Startup escalada,Unión libre,17,4,5,2006,1.05,39.9,89,8.8,5.7,8.9,5.9,9.9,8.4,7.93,6.7,25,4.0,8.2,5.5,2,1,6.1,1.8,68,33.2,46,55,22.6,17.1,13.1,14.1,17.1,9.1,4.5,2.4
SUJ-2081,Tecnología,Santiago,Universitario,Empresa propia,Casado,20,7,10,6062,1.0,54.4,55,6.2,4.7,5.9,3.7,6.9,7.9,5.88,8.2,21,4.4,9.7,7.3,2,3,4.5,3.1,134,33.6,60,57,26.6,18.7,12.5,13.7,8.6,12.9,6.1,0.9
SUJ-2082,Tecnología,Santiago,Doctorado,Empresa familiar,Soltero,24,5,9,2730,4.86,75.6,84,7.6,9.1,9.0,6.5,8.4,9.5,8.35,6.0,33,3.1,10.0,7.8,0,0,4.6,4.8,7,33.9,30,70,16.5,22.7,18.4,19.2,13.0,5.1,3.9,1.2
SUJ-2083,Retail/Comercio,Medellín,Técnico,Empresa propia,Soltero,34,3,9,8668,1.65,8.7,53,7.3,5.1,6.1,5.8,6.6,5.4,6.05,7.0,35,7.7,6.4,9.0,2,0,3.5,0.0,26,14.9,57,57,13.4,16.9,14.2,19.2,18.6,10.2,6.1,1.4
SUJ-2084,Servicios,CDMX,Universitario,Holding,Unión libre,30,7,13,24948,5.37,21.7,61,5.2,5.1,7.9,3.9,7.4,9.6,6.52,4.6,18,6.4,8.1,5.3,2,1,3.7,3.2,6,22.7,53,54,35.1,13.5,12.6,14.8,8.8,7.2,6.8,1.2
SUJ-2085,Retail/Comercio,CDMX,Posgrado,Empresa propia,Casado,17,2,11,1289,5.43,20.8,58,8.1,2.7,5.4,3.8,8.0,6.4,5.73,4.8,22,5.8,8.3,9.1,3,2,6.8,1.8,6,29.7,71,61,25.0,20.4,13.8,11.5,17.1,3.3,5.6,3.3
SUJ-2086,Retail/Comercio,Barranquilla,Posgrado,Empresa propia,Casado,25,5,13,6761,2.08,50.4,82,8.9,6.9,6.4,3.9,10.0,6.4,7.08,7.8,17,6.3,6.6,8.0,1,3,5.4,0.7,8,23.0,45,38,27.1,19.0,16.3,12.8,7.8,11.0,5.8,0.2
SUJ-2087,Tecnología,Santiago,Técnico,Empresa propia,Soltero,30,8,15,20542,4.77,39.8,73,8.0,6.4,7.6,4.7,6.8,7.5,6.83,9.0,31,6.2,8.1,5.8,1,1,5.1,2.5,147,33.8,44,65,31.1,12.1,12.7,10.0,14.7,9.6,7.6,2.2
SUJ-2088,Manufactura,Lima,Maestría,Holding,Soltero,39,6,12,1553,3.86,27.8,79,8.5,6.1,7.6,7.2,9.2,7.3,7.65,7.1,29,2.6,6.8,8.5,2,2,6.0,3.1,33,27.1,48,56,27.9,22.5,15.5,4.2,17.2,5.9,5.4,1.4
SUJ-2089,Servicios,Caracas,Maestría,E-commerce,Casado,23,6,16,3656,2.08,4.0,46,6.6,4.0,5.7,2.9,6.2,5.9,5.22,7.6,19,9.3,5.2,6.8,3,2,5.1,3.8,7,17.8,63,57,16.0,19.5,12.6,17.8,17.2,10.1,4.6,2.2
SUJ-2090,Finanzas,Bogotá,Universitario,Startup escalada,Casado,18,14,23,1055,175.28,68.4,84,8.3,6.9,8.0,5.1,10.0,8.3,7.77,9.4,11,4.7,7.7,10.0,0,1,7.5,6.0,43,55.5,39,59,22.2,18.5,11.9,21.5,14.1,8.5,2.3,1.0
SUJ-2091,Inmuebles,Medellín,Universitario,Empresa propia,Soltero,27,12,20,8218,74.13,57.4,94,10.0,7.8,10.0,6.6,9.3,8.3,8.67,7.9,17,7.1,8.6,7.3,2,4,6.2,6.6,7,44.3,34,55,32.9,16.3,8.4,15.3,11.2,10.9,3.1,1.9
SUJ-2092,Salud/Farma,Medellín,Doctorado,Holding,Casado,25,7,12,8848,3.04,16.9,76,7.3,6.3,8.1,5.4,8.1,8.2,7.23,8.4,38,4.6,7.2,9.8,0,3,4.8,4.3,10,19.7,53,60,25.5,16.9,19.1,9.9,12.3,5.0,7.4,3.9
SUJ-2093,Tecnología,Caracas,Maestría,Startup escalada,Soltero,28,3,13,8729,5.4,41.0,99,10.0,9.7,7.5,8.5,10.0,7.8,8.92,7.0,16,5.1,10.0,10.0,2,2,4.7,5.3,169,38.4,27,63,23.9,20.1,17.1,16.9,13.1,6.7,0.6,1.6
SUJ-2094,Retail/Comercio,Caracas,Posgrado,Empresa propia,Casado,30,10,19,6249,1.63,32.1,84,6.5,5.7,7.5,4.9,9.5,8.6,7.12,7.1,17,5.4,6.4,6.4,0,0,5.5,0.2,323,31.3,48,61,22.9,21.2,15.5,14.9,13.2,5.0,5.2,2.1
SUJ-2095,Finanzas,São Paulo,Técnico,Franquicia,Unión libre,27,16,21,10971,10.42,36.7,97,8.8,10.0,9.3,5.2,10.0,10.0,8.88,4.7,15,6.3,8.4,8.1,1,4,5.1,3.1,5,29.6,48,41,20.0,30.3,13.4,9.9,11.6,8.3,5.5,1.0
SUJ-2096,Inmuebles,Lima,Universitario,E-commerce,Unión libre,29,12,11,500,1.0,47.8,69,9.2,5.7,6.4,6.9,9.1,8.4,7.62,10.0,27,8.2,5.2,10.0,1,2,6.4,5.7,67,23.6,38,72,26.6,24.9,23.5,7.9,6.6,7.1,1.7,1.7
SUJ-2097,Manufactura,Bogotá,Posgrado,Empresa propia,Soltero,35,2,8,25268,1.13,31.2,77,9.4,7.3,6.7,6.6,8.3,6.3,7.43,8.5,14,5.0,7.0,10.0,1,2,5.6,1.3,55,28.6,42,48,39.6,14.6,12.5,6.2,6.5,10.4,9.1,1.1
SUJ-2098,Manufactura,Barranquilla,Universitario,Empresa propia,Soltero,24,6,10,2009,1.0,42.5,63,8.6,7.0,8.3,3.5,6.4,8.3,7.02,4.9,30,5.2,9.3,6.4,1,0,7.4,2.6,48,27.0,53,48,24.9,16.8,21.4,11.1,10.2,7.3,5.8,2.5
SUJ-2099,Inmuebles,Buenos Aires,Universitario,Holding,Casado,18,4,13,1036,2.52,16.6,53,7.3,5.2,6.8,5.9,5.5,5.9,6.1,7.3,24,5.1,6.2,9.5,0,1,5.4,1.5,6,21.1,48,59,34.8,20.7,12.3,7.7,8.2,8.6,5.8,1.9
SUJ-2100,Finanzas,Caracas,Posgrado,Empresa propia,Casado,27,3,10,22660,5.86,28.8,61,5.9,5.4,5.3,2.4,8.7,5.6,5.55,9.9,24,4.5,4.8,7.9,2,2,6.1,3.4,88,30.3,59,74,23.1,25.3,6.1,14.8,15.2,8.4,3.8,3.3
SUJ-2101,Agroindustria,Bucaramanga,Universitario,Holding,Casado,18,11,11,14196,1.0,24.4,76,7.1,6.7,8.7,7.1,7.4,7.7,7.45,6.8,30,6.9,5.5,6.2,1,0,3.3,2.8,8,14.3,43,50,25.3,20.0,13.4,14.2,10.8,7.6,7.0,1.7
SUJ-2102,Retail/Comercio,Santiago,Maestría,Empresa familiar,Unión libre,19,11,18,11580,26.37,52.1,55,7.6,2.5,7.0,6.0,7.8,7.3,6.37,9.5,20,9.0,8.9,6.2,2,1,5.1,4.6,23,41.8,51,63,15.4,25.1,18.5,12.4,13.8,10.3,2.3,2.2
SUJ-2103,Tecnología,CDMX,Maestría,E-commerce,Casado,21,13,25,885,3.98,39.3,74,9.0,2.9,8.2,7.8,6.0,6.8,6.78,10.0,36,7.1,10.0,9.3,0,2,5.7,0.3,38,33.1,58,62,31.7,14.6,15.6,17.3,9.2,6.1,3.0,2.5
SUJ-2104,Manufactura,Lima,Universitario,E-commerce,Soltero,18,9,14,13182,1.23,31.3,43,6.7,5.2,2.9,2.2,6.3,3.1,4.4,7.3,20,5.7,4.9,9.8,3,1,4.7,0.0,7,15.2,80,79,32.2,18.3,17.0,7.5,17.4,1.3,3.2,3.1
SUJ-2105,Inmuebles,São Paulo,Maestría,Empresa propia,Soltero,33,7,13,7512,7.57,22.4,68,7.5,5.5,7.1,5.4,7.7,5.9,6.52,5.8,11,10.0,8.9,10.0,3,0,7.0,3.3,10,30.1,56,67,17.1,19.7,22.8,4.4,18.9,10.6,1.5,5.0
SUJ-2106,Finanzas,Santiago,Técnico,Startup escalada,Soltero,26,7,12,10531,3.71,62.9,76,7.7,5.4,6.1,4.0,9.3,7.7,6.7,5.3,21,4.6,7.0,7.8,3,2,5.4,3.5,1,29.3,33,60,29.6,8.7,19.9,19.8,9.0,9.3,3.3,0.4
SUJ-2107,Servicios,CDMX,Maestría,Empresa propia,Soltero,30,3,9,30559,1.0,9.7,63,8.1,5.9,6.2,6.9,7.1,5.4,6.6,8.9,10,6.4,9.0,7.4,0,1,5.8,2.0,5,20.7,56,65,31.1,2.6,30.9,7.3,10.9,10.7,3.1,3.4
SUJ-2108,Servicios,Bucaramanga,Técnico,E-commerce,Unión libre,29,12,23,1729,1.08,26.0,68,5.2,5.8,8.5,6.3,7.7,7.2,6.78,7.4,34,9.5,7.0,8.2,0,2,4.9,0.5,27,18.7,60,64,16.7,27.4,7.0,12.6,15.0,13.2,4.5,3.6
SUJ-2109,Finanzas,Bucaramanga,Técnico,Empresa familiar,Soltero,24,4,14,5615,6.61,63.8,72,7.4,4.6,6.6,5.8,8.3,6.8,6.58,6.0,24,3.3,9.2,5.5,2,1,4.8,0.2,27,38.4,55,59,38.9,22.6,10.3,4.7,8.7,10.7,0.0,4.1
SUJ-2110,Salud/Farma,Buenos Aires,Posgrado,E-commerce,Soltero,31,5,9,11198,1.38,7.9,67,6.7,7.1,6.6,4.3,6.5,5.5,6.12,7.6,16,5.7,7.4,7.6,0,5,5.7,3.6,13,18.6,56,61,28.9,14.3,14.4,13.6,14.3,7.1,5.9,1.5
SUJ-2111,Tecnología,São Paulo,Universitario,Holding,Casado,23,6,12,4548,1.69,60.8,76,7.4,8.0,5.5,5.7,8.6,8.3,7.25,7.6,29,7.0,5.8,10.0,0,0,4.4,3.0,145,29.8,45,63,22.2,30.6,6.0,10.7,14.8,8.9,5.3,1.5
SUJ-2112,Tecnología,Monterrey,Maestría,Franquicia,Casado,24,1,7,500,1.9,47.4,49,7.2,4.9,5.7,4.2,6.2,6.0,5.7,10.0,23,6.8,6.6,7.8,0,0,3.9,0.0,7,26.6,59,79,21.7,19.4,15.8,12.0,18.9,8.9,0.5,2.8
SUJ-2113,Tecnología,Bucaramanga,Universitario,Empresa propia,Casado,21,10,17,945,5.91,64.3,56,7.0,5.3,8.0,6.2,8.6,6.4,6.92,9.8,21,5.2,6.7,9.2,0,1,5.0,0.0,361,41.6,43,62,33.8,9.9,12.7,14.8,16.9,7.6,3.0,1.3
SUJ-2114,Servicios,Caracas,Universitario,Startup escalada,Soltero,34,3,11,7372,3.05,27.3,58,6.5,5.2,9.1,5.7,7.9,4.0,6.4,6.1,14,9.8,6.3,8.5,1,2,4.7,5.0,7,22.8,48,57,31.7,18.4,19.3,8.9,7.0,8.8,3.3,2.6
SUJ-2115,Manufactura,São Paulo,Posgrado,Empresa propia,Casado,25,9,15,2683,6.1,19.0,69,5.5,6.2,8.3,5.1,8.7,5.6,6.57,8.1,21,5.1,8.7,5.4,2,3,5.5,4.9,8,24.5,64,66,26.7,26.3,12.7,8.7,9.9,4.7,7.3,3.7
SUJ-2116,Tecnología,Santiago,Universitario,Holding,Soltero,29,5,7,1186,1.08,51.1,97,8.0,8.4,8.5,6.3,10.0,10.0,8.53,6.6,6,4.5,6.7,8.7,0,2,5.0,1.5,53,27.2,37,62,20.7,19.9,9.0,22.1,13.4,7.4,7.0,0.5
SUJ-2117,Retail/Comercio,Cali,Universitario,Empresa propia,Soltero,22,5,11,3322,2.38,4.0,80,9.1,6.2,8.5,6.8,9.7,7.6,7.98,6.1,37,5.8,7.7,8.6,4,4,4.3,1.2,1,16.7,38,47,15.3,13.7,23.0,18.5,17.1,6.8,3.8,1.8
SUJ-2118,Manufactura,Cali,Posgrado,Startup escalada,Soltero,31,2,7,1794,1.41,37.0,49,5.9,5.7,4.8,5.3,4.4,6.3,5.4,8.3,7,3.7,8.1,8.0,0,4,4.5,3.3,10,21.5,60,63,26.6,23.9,9.9,17.8,12.2,4.5,3.4,1.7
SUJ-2119,Tecnología,CDMX,Maestría,Empresa propia,Soltero,30,12,15,500,3.23,79.0,75,9.2,6.7,7.6,7.3,9.4,6.4,7.77,6.8,30,2.5,9.4,7.9,2,2,5.8,2.7,10,36.9,45,47,13.3,22.5,16.7,21.9,2.7,14.2,7.3,1.4
SUJ-2120,Servicios,CDMX,Maestría,E-commerce,Soltero,17,13,22,1317,5.19,14.5,65,6.1,6.8,7.4,4.1,6.6,5.5,6.08,8.0,14,7.8,5.8,8.2,1,3,4.9,0.0,103,28.0,47,56,40.8,16.9,5.9,11.5,12.0,3.4,5.9,3.6
SUJ-2121,Inmuebles,Monterrey,Doctorado,E-commerce,Casado,26,10,16,17169,4.34,31.2,66,7.1,7.5,4.8,4.8,6.2,6.2,6.1,5.8,21,6.2,7.0,6.5,3,0,4.7,0.0,15,32.6,62,51,42.3,13.0,2.0,17.6,12.8,7.6,4.7,0.0
SUJ-2122,Retail/Comercio,Cali,Universitario,Franquicia,Soltero,26,8,10,500,1.0,50.4,62,6.4,5.6,7.5,5.9,7.1,6.5,6.5,9.6,31,5.1,7.7,6.5,0,0,4.8,1.1,63,29.2,60,67,28.4,10.2,18.1,11.5,17.0,6.2,6.1,2.5
SUJ-2123,Salud/Farma,CDMX,Maestría,Empresa propia,Casado,24,7,20,11892,1.0,4.0,69,8.2,6.5,7.6,4.7,8.5,7.6,7.18,7.1,34,8.4,9.4,5.8,2,2,4.9,1.5,4,18.8,50,57,5.6,10.1,25.7,20.4,21.2,11.5,4.5,1.0
SUJ-2124,Retail/Comercio,Bucaramanga,Universitario,Franquicia,Soltero,34,11,18,11201,3.76,35.5,48,8.0,5.4,4.4,4.5,9.1,5.5,6.15,4.9,43,6.5,7.0,6.8,1,0,5.5,2.5,5,30.4,56,62,21.2,23.0,17.7,15.1,4.2,8.3,7.9,2.6
SUJ-2125,Salud/Farma,CDMX,Posgrado,Empresa propia,Soltero,18,6,15,6645,7.95,50.1,71,6.8,6.3,4.3,5.8,5.8,7.8,6.13,8.6,35,5.5,7.7,6.4,1,4,3.0,2.8,4,35.9,68,59,18.7,22.9,14.5,14.8,17.4,6.8,4.9,-0.0
SUJ-2126,Manufactura,Medellín,Universitario,Franquicia,Soltero,23,12,22,1870,4.34,16.0,77,5.5,6.1,7.9,5.2,7.9,8.3,6.82,9.6,17,4.3,7.5,6.5,2,2,5.7,7.0,25,25.5,57,67,26.7,19.9,5.9,20.9,14.2,8.2,2.8,1.4
SUJ-2127,Manufactura,Monterrey,Doctorado,Empresa propia,Unión libre,20,3,7,16833,1.56,17.2,61,7.1,5.7,7.4,6.8,7.3,5.6,6.65,7.5,16,5.4,7.4,7.7,1,3,4.2,1.3,24,24.2,48,71,23.2,15.5,22.3,20.6,8.3,5.8,2.2,2.1
SUJ-2128,Tecnología,Lima,Maestría,E-commerce,Casado,32,10,18,5156,81.1,71.0,65,7.9,7.4,6.2,5.2,6.9,8.2,6.97,8.3,27,5.6,10.0,6.1,1,1,5.8,1.3,7,51.8,57,62,35.2,12.5,15.7,13.3,5.1,10.1,5.3,2.8
SUJ-2129,Servicios,Bogotá,Doctorado,Empresa propia,Unión libre,19,12,11,1521,1.47,6.8,56,3.9,2.0,5.5,3.7,9.6,5.3,5.0,6.5,24,8.2,9.7,10.0,1,0,4.2,1.8,13,23.6,48,52,21.4,22.0,10.6,23.8,10.1,5.5,3.8,2.8
SUJ-2130,Retail/Comercio,Barranquilla,Maestría,Empresa familiar,Casado,17,3,12,4483,5.25,40.5,67,6.0,6.9,7.6,6.6,8.3,5.7,6.85,4.7,20,4.7,8.8,5.8,2,0,5.4,2.4,43,35.5,38,55,34.1,9.7,11.7,14.5,14.2,12.0,2.2,1.6
SUJ-2131,Tecnología,São Paulo,Maestría,E-commerce,Casado,28,4,10,1734,1.97,57.7,74,7.1,6.6,6.5,7.9,8.1,7.8,7.33,8.1,11,6.6,9.3,7.6,1,1,5.4,0.7,19,31.7,40,74,35.4,10.5,20.0,10.1,10.3,7.1,4.4,2.2
SUJ-2132,Tecnología,Bogotá,Maestría,Empresa propia,Casado,25,7,15,3772,9.66,68.3,70,8.8,5.4,8.0,5.7,6.6,6.8,6.88,7.4,24,5.8,8.1,9.0,1,1,6.7,4.6,2,34.9,49,50,31.4,23.4,14.0,13.1,12.3,5.5,0.3,-0.0
SUJ-2133,Retail/Comercio,Bogotá,Universitario,Franquicia,Casado,32,8,14,5492,1.0,26.6,81,6.8,8.0,7.5,5.2,8.2,9.6,7.55,8.6,19,4.8,6.6,8.1,1,0,5.6,2.4,24,27.0,42,62,27.9,20.6,13.7,12.9,15.7,6.4,0.7,2.1
SUJ-2134,Retail/Comercio,Buenos Aires,Universitario,Startup escalada,Soltero,30,4,16,3569,3.54,49.9,85,8.2,5.6,8.5,4.8,10.0,8.0,7.52,6.3,33,6.7,8.7,7.1,2,7,5.1,3.8,5,25.9,46,54,35.9,15.5,11.4,7.9,14.7,7.9,6.7,-0.0
SUJ-2135,Inmuebles,Caracas,Universitario,Empresa propia,Casado,25,7,17,8561,1.0,26.3,64,4.4,5.2,7.1,5.1,6.8,5.7,5.72,6.9,37,6.9,5.3,8.0,1,2,4.3,1.8,95,22.2,57,66,38.5,22.2,10.1,7.5,8.9,7.6,3.6,1.6
SUJ-2136,Servicios,São Paulo,Bachillerato,Holding,Soltero,17,1,2,21980,4.12,4.0,69,7.8,7.7,9.2,8.7,8.6,6.5,8.08,7.3,10,4.8,9.7,9.4,1,2,4.5,3.9,10,25.6,42,49,20.7,21.7,23.1,8.1,7.5,13.7,3.0,2.2
SUJ-2137,Tecnología,Lima,Posgrado,E-commerce,Soltero,18,10,18,3423,1.41,30.8,57,4.7,2.7,6.5,5.4,7.4,6.4,5.52,8.0,21,5.0,6.6,7.7,3,2,5.3,4.7,12,25.3,52,67,30.9,23.8,15.3,6.7,8.1,9.9,5.3,-0.0
SUJ-2138,Inmuebles,CDMX,Posgrado,Empresa propia,Casado,17,10,15,3517,6.33,16.4,66,9.7,6.5,5.5,4.4,8.0,7.2,6.88,5.8,19,4.3,6.0,7.7,1,1,6.7,3.1,9,25.9,46,47,14.8,13.3,24.2,9.5,18.4,11.7,4.4,3.7
SUJ-2139,Tecnología,Caracas,Posgrado,Startup escalada,Soltero,25,12,20,10724,167.05,61.9,73,7.1,8.2,6.5,5.5,8.8,6.1,7.03,8.2,24,8.4,6.6,10.0,1,3,4.8,0.7,27,55.2,42,71,28.6,18.6,12.2,14.0,16.0,4.0,6.4,0.2
SUJ-2140,Servicios,Buenos Aires,Doctorado,Empresa propia,Soltero,22,9,17,6050,1.54,11.6,82,9.3,8.4,7.2,5.3,9.8,8.3,8.05,6.8,19,9.2,8.8,10.0,1,1,4.1,2.2,24,25.9,52,55,30.7,13.4,13.8,21.7,16.3,3.3,0.9,-0.1
SUJ-2141,Inmuebles,Bogotá,Maestría,Empresa propia,Soltero,24,5,8,4480,2.87,31.4,71,8.0,6.7,7.8,6.0,7.9,6.7,7.18,5.5,30,5.4,9.6,7.8,4,1,5.7,3.4,8,27.6,36,60,38.4,27.1,6.0,10.5,7.6,2.9,6.9,0.6
SUJ-2142,Retail/Comercio,São Paulo,Técnico,Startup escalada,Unión libre,27,3,9,13447,1.19,29.7,76,6.7,5.3,7.4,3.9,8.2,7.4,6.48,6.5,17,7.7,9.8,9.0,0,0,5.9,6.5,43,23.8,54,61,30.1,24.7,14.5,7.0,8.4,8.0,5.2,2.1
SUJ-2143,Inmuebles,Medellín,Universitario,Holding,Soltero,37,4,6,17733,1.0,20.9,54,7.3,6.1,5.8,5.0,6.5,5.5,6.03,6.6,32,4.4,7.8,8.3,1,1,6.0,2.0,8,15.8,55,54,15.3,27.6,17.7,16.7,8.4,6.2,6.9,1.2
SUJ-2144,Finanzas,Barranquilla,Universitario,Startup escalada,Soltero,29,6,17,7144,17.27,50.3,76,5.6,5.7,9.2,6.0,6.9,8.1,6.92,8.1,20,5.5,5.4,8.2,1,1,3.6,1.9,4,31.2,35,59,22.2,10.7,23.3,17.7,18.5,3.7,2.9,1.0
SUJ-2145,Retail/Comercio,Bogotá,Universitario,E-commerce,Unión libre,26,3,10,1637,2.54,41.6,61,6.5,5.3,7.6,7.0,8.6,7.2,7.03,7.5,28,7.8,8.2,8.4,0,3,6.1,0.0,25,28.6,40,49,27.6,15.0,17.1,7.4,18.0,7.5,5.1,2.3
SUJ-2146,Servicios,Cali,Maestría,Holding,Soltero,17,4,12,5023,1.0,22.6,93,9.9,7.6,8.4,7.7,8.2,9.1,8.48,9.4,10,5.0,8.3,8.8,4,0,5.4,6.4,33,27.0,46,61,33.7,15.8,10.4,16.6,14.6,4.2,2.8,1.9
SUJ-2147,Retail/Comercio,Lima,Posgrado,Startup escalada,Soltero,26,7,14,5615,1.82,41.3,97,9.1,6.4,10.0,8.6,8.2,10.0,8.72,6.5,21,5.3,10.0,5.8,1,3,6.0,2.7,1,24.6,40,46,27.7,21.4,13.7,13.3,8.5,7.1,5.7,2.6
SUJ-2148,Finanzas,Lima,Posgrado,Empresa propia,Soltero,31,1,3,4527,1.0,42.8,93,7.7,9.4,10.0,8.0,10.0,10.0,9.18,8.0,28,4.0,9.1,7.0,2,6,6.4,0.3,4,21.6,23,59,16.9,25.8,18.1,10.9,13.9,10.3,1.9,2.2
SUJ-2149,Retail/Comercio,Lima,Maestría,Startup escalada,Soltero,28,3,11,2435,1.0,32.1,60,8.3,5.3,5.1,5.2,8.2,6.9,6.5,6.5,24,5.1,5.8,6.5,2,2,6.0,0.0,56,24.2,36,61,29.3,15.3,23.2,18.3,2.3,7.7,3.9,0.0
SUJ-2150,Servicios,Monterrey,Maestría,E-commerce,Soltero,19,8,20,5114,1.0,23.5,81,7.9,6.8,7.1,7.0,8.7,9.1,7.77,6.5,10,7.3,5.7,7.2,1,3,4.8,2.0,39,18.1,52,45,32.5,14.2,16.4,14.1,7.2,11.1,4.5,-0.0
SUJ-2151,Finanzas,Monterrey,Técnico,Empresa propia,Soltero,23,8,9,4732,1.23,63.1,40,4.2,3.2,3.3,3.9,7.1,3.4,4.18,6.8,25,7.3,9.2,8.2,4,0,5.8,2.3,182,37.8,79,73,12.4,32.1,20.1,8.8,11.3,10.6,4.6,0.1
SUJ-2152,Tecnología,Bucaramanga,Maestría,E-commerce,Soltero,26,10,16,1880,6.37,58.3,87,7.4,6.4,10.0,5.1,8.9,8.5,7.72,6.5,0,4.8,5.9,8.4,0,5,6.6,3.1,3,30.2,36,59,27.6,17.4,15.3,8.2,10.3,12.0,7.4,1.8
SUJ-2153,Inmuebles,Santiago,Universitario,Empresa propia,Casado,23,7,16,18699,5.65,22.7,72,7.7,7.0,6.0,6.4,9.3,5.7,7.02,8.1,5,3.7,10.0,6.4,1,0,4.5,3.1,4,26.2,59,64,24.5,11.3,17.1,21.2,10.4,9.7,2.8,3.0
SUJ-2154,Servicios,Barranquilla,Universitario,Holding,Casado,22,7,10,17326,1.5,28.9,48,5.2,5.4,4.7,3.9,5.7,5.3,5.03,8.4,20,7.5,9.1,6.6,0,2,4.3,3.2,95,29.4,57,64,23.3,23.8,10.2,11.4,13.4,9.5,4.0,4.4
SUJ-2155,Tecnología,Buenos Aires,Bachillerato,E-commerce,Casado,17,9,18,11404,6.5,39.0,80,7.9,10.0,10.0,8.4,9.4,7.5,8.87,5.9,10,2.3,7.0,6.8,1,1,5.5,0.9,12,26.6,40,47,22.2,22.3,16.7,17.6,8.8,10.6,1.9,-0.1
SUJ-2156,Finanzas,Caracas,Universitario,Empresa familiar,Soltero,21,7,13,4099,1.23,53.8,68,9.0,5.6,8.2,4.4,7.8,7.0,7.0,5.3,22,8.0,7.7,5.2,0,3,5.3,3.5,48,32.7,32,42,16.4,23.7,6.2,25.7,14.2,6.8,4.6,2.4
SUJ-2157,Tecnología,Caracas,Universitario,Empresa propia,Soltero,27,3,7,3700,1.0,52.0,68,9.0,5.4,6.5,3.7,6.1,6.4,6.18,8.5,7,9.5,5.7,6.2,1,3,4.9,2.6,8,19.7,49,66,28.6,22.0,28.8,6.4,3.2,3.0,5.0,3.0
SUJ-2158,Finanzas,Caracas,Universitario,E-commerce,Casado,31,4,2,10083,2.43,50.2,79,8.3,8.2,7.7,7.2,8.0,7.7,7.85,8.2,42,8.5,7.6,7.6,3,0,5.6,0.0,6,25.1,38,67,34.9,20.1,15.1,5.3,12.6,8.1,3.9,-0.0
SUJ-2159,Retail/Comercio,CDMX,Posgrado,Empresa propia,Soltero,26,13,19,7494,6.3,27.8,86,9.5,8.3,5.8,3.5,8.9,9.0,7.5,9.8,15,7.2,6.8,7.3,0,2,5.5,1.5,17,34.2,34,74,28.6,12.7,15.4,8.7,16.9,11.2,3.7,2.8
SUJ-2160,Inmuebles,Bogotá,Maestría,E-commerce,Casado,32,19,25,7342,1.63,23.2,76,5.9,6.1,7.4,7.2,8.8,6.7,7.02,6.7,35,6.7,7.9,6.6,0,3,4.6,4.0,51,21.7,48,50,26.8,15.7,15.8,16.7,13.3,7.0,0.5,4.2
SUJ-2161,Manufactura,Santiago,Universitario,Holding,Soltero,25,9,20,1060,1.64,14.5,41,5.0,4.5,5.2,4.9,5.5,4.8,4.98,7.6,23,5.4,7.0,9.9,1,3,5.4,3.6,5,18.9,67,62,32.9,22.0,11.4,12.0,8.9,9.2,0.1,3.5
SUJ-2162,Manufactura,CDMX,Bachillerato,Holding,Casado,20,3,10,7704,10.78,39.9,76,8.3,8.5,6.0,5.5,6.6,8.1,7.17,7.4,22,4.9,8.2,9.3,2,1,6.4,3.7,10,33.7,51,64,29.4,21.3,22.7,15.6,6.3,1.0,1.9,1.8
SUJ-2163,Finanzas,Buenos Aires,Maestría,Startup escalada,Soltero,23,14,18,18571,422.0,74.5,58,6.8,3.7,6.5,4.4,6.0,5.7,5.52,9.0,19,5.6,9.3,8.0,2,2,4.3,5.5,20,64.8,62,67,8.0,23.6,16.3,20.1,16.1,10.4,2.6,2.9
SUJ-2164,Servicios,Caracas,Bachillerato,Startup escalada,Soltero,28,5,6,717,1.0,25.9,79,7.4,5.8,10.0,4.8,10.0,6.6,7.43,8.7,31,3.4,5.9,10.0,1,1,5.5,4.6,6,17.3,56,68,35.3,16.1,17.7,7.1,14.6,5.6,3.5,0.1
SUJ-2165,Retail/Comercio,Santiago,Doctorado,Empresa propia,Casado,24,8,17,3314,1.25,28.8,77,6.8,7.1,9.6,5.0,8.2,7.8,7.42,7.2,29,2.0,6.3,2.8,1,1,4.5,1.5,283,25.4,44,66,36.2,23.1,15.1,8.8,9.7,2.1,3.7,1.3
SUJ-2166,Salud/Farma,CDMX,Posgrado,Empresa propia,Casado,22,7,13,5690,8.88,9.5,68,7.3,5.1,9.1,5.7,6.3,8.0,6.92,7.6,22,4.4,10.0,5.8,2,2,6.3,1.2,33,34.8,46,62,30.5,15.6,19.6,13.9,7.8,7.8,3.0,1.8
SUJ-2167,Manufactura,Medellín,Universitario,Holding,Soltero,17,7,12,9267,1.0,4.0,70,8.6,5.3,6.6,6.3,9.1,7.7,7.27,7.2,23,5.7,9.4,4.3,2,3,3.8,2.2,27,23.6,52,63,23.9,24.1,14.5,14.1,10.6,6.5,3.5,2.8
SUJ-2168,Tecnología,Monterrey,Universitario,E-commerce,Unión libre,20,5,9,751,1.75,29.9,47,7.0,6.1,4.8,3.6,5.8,4.5,5.3,4.0,36,4.3,5.4,8.4,0,0,6.6,3.1,7,23.0,65,42,29.6,24.4,15.7,6.1,9.5,10.5,2.0,2.2
SUJ-2169,Manufactura,Buenos Aires,Bachillerato,Empresa propia,Soltero,23,12,22,16496,8.98,32.2,93,9.3,8.2,9.6,6.5,10.0,8.5,8.68,6.8,22,5.7,6.7,7.7,2,1,5.0,0.0,10,27.9,31,47,15.8,24.7,14.5,17.4,11.6,8.1,7.8,0.1
SUJ-2170,Finanzas,Caracas,Universitario,E-commerce,Soltero,22,6,17,500,2.04,23.2,76,9.0,6.4,6.7,6.2,7.7,7.0,7.17,5.9,22,6.5,10.0,9.1,1,1,5.0,0.0,5,23.9,39,53,28.2,18.1,11.7,9.5,16.3,9.2,4.2,2.8
SUJ-2171,Manufactura,São Paulo,Técnico,Franquicia,Casado,20,9,13,15597,1.51,34.0,75,6.5,5.4,8.4,6.9,7.5,5.9,6.77,5.7,12,9.5,9.4,5.7,1,0,5.9,1.5,40,29.1,58,69,28.2,15.8,19.2,15.3,10.4,8.9,2.1,0.1
SUJ-2172,Tecnología,Barranquilla,Posgrado,Franquicia,Casado,35,9,7,500,3.32,37.0,75,8.4,6.9,8.8,6.0,7.4,9.8,7.88,8.6,23,5.7,7.3,8.6,0,1,6.8,0.0,12,24.2,42,67,21.7,21.5,7.3,22.7,13.4,7.4,4.0,2.0
SUJ-2173,Tecnología,Cali,Técnico,Startup escalada,Unión libre,29,6,11,1333,1.0,54.6,47,5.2,6.0,8.4,4.6,6.1,5.5,5.97,5.7,23,5.9,7.8,8.0,2,1,5.9,1.3,4,25.7,53,59,29.6,14.3,17.6,9.7,16.5,10.1,0.6,1.6
SUJ-2174,Servicios,Medellín,Posgrado,Franquicia,Soltero,39,1,8,12888,2.81,16.4,84,7.6,5.4,6.3,6.2,10.0,9.3,7.47,7.3,33,3.9,6.2,7.4,1,1,5.7,3.0,2,14.1,46,64,32.4,15.1,16.9,9.1,12.8,9.4,2.7,1.6
SUJ-2175,Finanzas,Monterrey,Posgrado,Empresa propia,Soltero,17,4,10,15738,1.61,33.3,66,9.5,4.2,8.2,2.9,7.1,6.7,6.43,7.0,27,6.1,9.2,7.4,1,2,5.5,0.0,2,22.8,53,58,27.0,17.3,21.7,19.1,11.2,0.8,1.3,1.6
SUJ-2176,Servicios,Lima,Universitario,Empresa propia,Casado,27,9,9,32258,1.0,4.0,73,6.9,7.2,6.6,6.9,8.4,5.8,6.97,6.1,28,7.4,8.1,6.9,0,3,5.9,1.4,2,14.1,37,60,30.3,27.4,12.7,6.7,7.1,6.2,7.3,2.3
SUJ-2177,Finanzas,Monterrey,Bachillerato,Startup escalada,Soltero,23,8,19,983,3.62,24.0,63,6.3,4.9,8.7,2.1,9.6,7.4,6.5,7.7,34,7.7,6.4,4.2,1,6,5.1,2.9,13,24.7,54,52,30.8,19.8,17.5,13.4,5.0,6.8,2.8,3.9
SUJ-2178,Manufactura,Santiago,Bachillerato,Empresa familiar,Soltero,26,4,3,5980,10.09,9.7,55,5.7,4.0,6.4,3.3,6.7,7.7,5.63,10.0,12,5.8,6.5,7.5,4,1,3.0,3.0,92,34.4,67,71,30.9,24.0,15.2,8.7,10.1,3.0,5.1,3.0
SUJ-2179,Manufactura,Bucaramanga,Bachillerato,Holding,Soltero,37,7,10,642,6.16,55.9,64,7.3,4.8,6.8,5.4,6.3,5.5,6.02,5.5,28,5.5,7.0,8.6,2,0,5.6,4.0,11,31.8,45,58,24.9,15.7,19.7,9.5,7.4,12.5,6.3,4.0
SUJ-2180,Retail/Comercio,Medellín,Maestría,Empresa propia,Soltero,17,7,9,1360,1.0,46.7,68,8.7,6.9,8.2,4.6,7.7,5.1,6.87,9.9,7,4.6,9.0,10.0,0,1,5.1,4.8,6,26.0,42,57,23.4,19.8,11.9,13.6,15.9,11.1,1.6,2.7
SUJ-2181,Finanzas,Lima,Universitario,Empresa familiar,Soltero,22,9,11,1534,1.96,50.6,71,6.0,7.1,8.5,5.7,8.3,7.5,7.18,6.7,4,6.3,7.8,9.9,3,0,4.2,1.0,4,27.1,39,55,32.4,2.7,17.8,17.5,15.5,6.3,4.9,2.9
SUJ-2182,Tecnología,Santiago,Maestría,Holding,Soltero,21,14,12,523,3.61,47.3,64,7.4,6.2,6.1,6.9,6.3,9.1,7.0,10.0,16,8.3,6.9,7.0,2,2,4.4,2.3,1,24.3,59,68,16.0,28.5,7.7,22.6,9.8,2.5,10.6,2.3
SUJ-2183,Tecnología,Buenos Aires,Universitario,Startup escalada,Casado,22,1,7,17877,2.71,44.2,70,7.7,5.5,7.2,3.5,7.5,7.2,6.43,6.9,19,8.1,6.9,9.0,1,5,4.4,0.0,7,18.8,53,61,17.4,37.8,6.3,11.4,16.4,5.2,4.2,1.3
SUJ-2184,Finanzas,Barranquilla,Universitario,Startup escalada,Casado,17,11,22,1080,11.51,49.6,67,5.3,4.8,6.0,5.6,6.8,6.0,5.75,7.3,4,7.1,8.4,9.7,1,1,5.3,1.9,20,39.4,61,58,29.5,22.8,14.1,10.2,13.1,8.0,2.3,0.0
SUJ-2185,Manufactura,Monterrey,Posgrado,Empresa propia,Soltero,33,8,13,7939,11.14,16.8,53,7.7,4.1,6.0,2.3,8.8,7.3,6.03,3.6,14,6.8,6.8,9.9,0,1,4.5,2.5,13,30.7,53,66,18.1,21.7,14.3,17.6,15.2,7.9,2.7,2.5
SUJ-2186,Agroindustria,São Paulo,Maestría,Franquicia,Soltero,33,3,5,7862,1.27,11.2,71,7.6,5.0,8.4,5.3,6.6,7.0,6.65,9.5,18,6.4,9.6,7.5,0,3,4.9,1.7,74,22.6,50,67,28.6,13.0,17.3,21.0,6.2,10.0,2.2,1.7
SUJ-2187,Servicios,Buenos Aires,Universitario,Empresa propia,Soltero,29,7,18,1771,4.59,28.9,71,8.3,5.7,9.3,4.7,7.4,6.6,7.0,6.8,14,3.7,6.4,7.0,4,2,4.7,6.6,10,24.3,33,68,22.3,21.8,11.0,23.1,4.4,10.4,5.7,1.3
SUJ-2188,Inmuebles,Lima,Técnico,Empresa propia,Soltero,17,12,21,51558,1.85,17.6,62,4.1,5.6,3.9,3.1,5.6,7.2,4.92,6.4,32,8.6,6.9,8.3,1,2,3.7,5.6,57,21.8,65,64,35.9,17.2,21.6,11.0,10.8,2.6,0.0,0.9
SUJ-2189,Inmuebles,Santiago,Posgrado,Startup escalada,Casado,27,13,16,3413,6.12,4.0,84,10.0,8.0,9.7,8.2,8.3,9.5,8.95,8.9,30,7.7,7.4,6.6,1,3,5.5,4.4,6,22.3,31,58,23.8,13.0,13.1,17.9,11.4,12.2,3.4,5.2
SUJ-2190,Manufactura,Caracas,Universitario,Startup escalada,Unión libre,31,3,10,18838,4.61,16.6,71,9.9,6.2,8.2,6.0,7.8,5.3,7.23,10.0,20,3.1,8.6,7.4,0,0,5.3,0.0,49,31.3,51,74,27.9,17.9,20.0,15.8,9.8,2.4,4.3,1.9
SUJ-2191,Finanzas,Bucaramanga,Universitario,Holding,Casado,28,3,13,23696,22.96,68.4,76,7.9,6.3,5.9,7.7,9.1,8.2,7.52,8.8,28,5.6,9.1,7.4,1,2,3.9,2.1,52,45.0,33,72,19.3,21.5,15.7,12.4,11.8,13.6,2.1,3.6
SUJ-2192,Servicios,Caracas,Posgrado,Franquicia,Casado,25,2,5,23805,5.19,4.0,59,5.6,7.5,4.0,3.8,7.9,4.9,5.62,5.4,24,4.3,6.3,6.7,1,2,7.2,3.1,8,25.9,56,64,21.4,26.8,12.8,18.5,11.6,4.0,4.2,0.7
SUJ-2193,Manufactura,Monterrey,Universitario,Empresa propia,Soltero,34,8,14,11181,3.33,7.5,62,3.7,1.0,6.5,6.4,6.7,5.3,4.93,6.7,5,10.0,8.0,9.3,0,2,5.7,3.3,21,28.8,47,67,16.0,21.7,21.1,19.6,6.5,5.5,6.6,3.0
SUJ-2194,Manufactura,São Paulo,Posgrado,Empresa propia,Soltero,21,8,13,2342,2.43,15.9,67,5.5,6.7,6.7,6.0,8.1,7.8,6.8,4.5,34,3.3,8.6,6.7,1,1,5.1,2.5,18,21.2,47,49,22.4,23.0,11.3,13.4,11.1,8.9,9.0,0.9
SUJ-2195,Tecnología,Barranquilla,Posgrado,Empresa propia,Unión libre,24,10,12,1028,8.78,30.0,55,7.2,5.7,6.0,2.9,4.4,5.7,5.32,8.5,28,6.4,8.0,9.0,1,1,4.3,3.2,38,31.6,58,69,25.0,26.6,16.4,8.4,12.1,6.0,5.0,0.5
SUJ-2196,Retail/Comercio,Bucaramanga,Maestría,Franquicia,Unión libre,29,8,15,6749,3.2,49.4,46,5.4,5.1,7.4,2.6,6.1,4.2,5.13,7.1,17,7.5,8.5,6.5,0,3,4.8,4.3,80,28.9,57,59,21.0,15.1,18.4,22.7,10.9,7.3,2.0,2.6
SUJ-2197,Retail/Comercio,CDMX,Maestría,E-commerce,Soltero,27,10,18,3570,15.26,29.8,90,7.3,8.7,6.4,5.4,9.0,9.9,7.78,7.1,42,3.4,8.7,8.4,1,2,4.4,0.6,103,35.9,53,62,32.5,19.1,18.5,13.5,7.4,4.8,2.4,1.8
SUJ-2198,Servicios,Santiago,Posgrado,Empresa propia,Soltero,29,1,7,14224,1.0,4.0,63,8.5,4.1,5.0,5.4,7.1,7.3,6.23,8.3,15,8.5,6.7,4.7,4,0,5.4,1.2,10,13.6,56,72,21.8,20.4,25.8,10.2,15.6,2.8,2.1,1.3
SUJ-2199,Retail/Comercio,Buenos Aires,Posgrado,Empresa familiar,Casado,29,13,16,10931,2.44,26.6,69,6.4,7.3,5.1,5.8,9.1,7.1,6.8,8.6,13,4.2,6.3,7.3,0,1,6.4,3.1,15,23.1,51,67,37.2,5.0,13.0,18.7,9.5,9.3,5.0,2.3
SUJ-2200,Finanzas,São Paulo,Maestría,Empresa propia,Soltero,29,12,25,2588,44.45,47.6,75,6.3,6.9,9.1,7.8,8.1,6.9,7.52,6.1,30,4.1,6.2,8.0,3,3,4.8,1.2,4,38.9,34,51,21.9,24.5,22.0,7.4,12.3,9.5,0.7,1.7
SUJ-2201,Salud/Farma,Monterrey,Universitario,Startup escalada,Casado,23,5,9,500,1.0,23.3,68,7.1,5.4,7.9,4.2,8.5,6.3,6.57,7.1,16,7.6,6.9,9.7,4,3,6.5,1.0,9,22.4,49,57,6.4,42.1,16.0,11.3,11.0,5.9,5.4,1.9
SUJ-2202,Tecnología,Monterrey,Universitario,E-commerce,Casado,21,4,12,2167,3.28,50.1,56,6.8,5.9,6.2,5.3,4.7,4.1,5.5,4.4,26,5.8,8.9,6.2,3,2,4.8,7.0,51,30.3,53,55,24.1,15.0,13.1,12.5,15.4,14.2,3.6,2.1
SUJ-2203,Retail/Comercio,Lima,Maestría,Empresa propia,Soltero,26,10,19,6698,1.0,26.6,85,6.8,7.4,7.5,6.8,9.4,10.0,7.98,7.8,0,3.7,8.4,7.1,4,2,6.1,2.9,56,23.3,38,63,23.6,24.7,14.1,7.0,14.5,6.8,7.8,1.5
SUJ-2204,Tecnología,São Paulo,Posgrado,Startup escalada,Unión libre,35,1,2,658,8.48,56.7,65,6.7,4.5,6.4,4.2,9.4,7.0,6.37,7.4,25,3.9,6.3,8.2,0,1,6.3,4.4,14,31.5,70,57,25.8,23.5,12.3,17.2,9.9,5.5,3.7,2.1
SUJ-2205,Inmuebles,Barranquilla,Bachillerato,Holding,Unión libre,25,4,13,8589,1.49,36.9,80,9.9,4.2,7.3,7.2,8.4,6.7,7.28,5.4,23,3.6,5.5,9.4,1,2,5.9,2.8,3,24.3,43,48,26.3,15.7,21.0,11.9,11.7,7.5,5.9,0.0
SUJ-2206,Agroindustria,Cali,Maestría,E-commerce,Unión libre,29,3,9,8910,1.0,4.0,91,7.3,5.9,9.5,6.5,8.5,10.0,7.95,4.8,31,4.5,6.5,7.7,1,5,5.1,2.8,22,18.9,30,51,26.7,19.4,19.7,12.5,12.4,6.8,2.4,0.1
SUJ-2207,Finanzas,CDMX,Bachillerato,E-commerce,Soltero,26,6,11,1484,6.09,48.9,55,6.6,4.1,8.6,4.8,7.5,5.6,6.2,7.7,11,4.7,7.9,7.0,2,3,4.0,0.5,71,35.0,55,65,24.2,16.4,14.4,20.9,10.5,7.2,5.6,0.8
SUJ-2208,Servicios,Bucaramanga,Maestría,Empresa propia,Soltero,38,5,11,7257,4.42,24.6,83,8.0,7.5,6.5,6.6,9.8,9.0,7.9,6.6,29,9.5,6.3,6.8,1,0,3.8,2.4,13,23.6,38,52,24.2,27.0,12.5,11.1,6.5,9.1,5.6,4.0
SUJ-2209,Finanzas,Medellín,Maestría,Holding,Casado,25,4,12,7470,3.75,39.6,74,8.3,4.5,6.8,5.0,8.8,6.8,6.7,8.1,20,10.0,10.0,5.4,2,1,6.2,7.0,98,37.7,43,56,19.0,23.2,15.4,19.1,12.8,4.0,4.3,2.2
SUJ-2210,Agroindustria,Medellín,Doctorado,Startup escalada,Soltero,29,3,2,5200,1.0,43.2,60,5.1,5.9,6.0,5.4,4.9,6.2,5.58,5.6,27,5.5,8.7,6.1,2,1,6.0,3.5,3,25.3,68,68,22.4,24.5,18.3,8.5,9.9,7.0,7.9,1.5
SUJ-2211,Inmuebles,São Paulo,Bachillerato,Empresa propia,Soltero,21,4,10,24502,4.76,30.5,78,8.3,7.1,4.1,6.8,7.9,7.7,6.98,8.5,20,3.7,7.2,9.9,0,0,6.1,4.8,9,25.8,45,63,24.4,23.7,11.7,4.5,15.0,14.1,5.6,1.0
SUJ-2212,Inmuebles,Monterrey,Posgrado,Empresa propia,Soltero,19,2,10,915,1.37,38.8,74,6.4,9.1,8.6,7.2,7.4,8.1,7.8,7.5,20,9.9,9.7,6.1,3,2,4.6,4.9,161,37.2,33,64,35.6,10.3,16.5,12.4,13.6,6.3,5.4,-0.1
SUJ-2213,Tecnología,Lima,Universitario,Startup escalada,Casado,25,9,23,4175,40.86,46.1,64,4.8,6.1,6.7,4.7,7.2,8.0,6.25,6.5,21,7.6,6.8,8.6,1,1,7.1,3.2,82,47.3,41,58,36.1,16.9,6.4,19.3,12.7,6.1,0.6,1.9
SUJ-2214,Salud/Farma,Bogotá,Universitario,Empresa propia,Soltero,33,11,12,17159,3.53,22.4,98,7.9,5.4,9.7,7.1,9.1,9.0,8.03,7.4,21,7.2,7.9,5.4,1,3,4.8,0.0,109,33.5,24,56,20.7,7.6,15.2,23.0,16.5,10.8,4.8,1.4
SUJ-2215,Inmuebles,São Paulo,Técnico,Holding,Soltero,29,8,16,3906,5.99,36.5,77,7.7,8.1,6.8,4.5,9.2,7.6,7.32,6.6,2,4.6,6.4,5.3,1,1,5.9,4.9,5,31.4,62,50,37.9,12.1,15.8,12.3,11.0,5.8,3.2,1.9
SUJ-2216,Finanzas,Monterrey,Posgrado,E-commerce,Soltero,17,12,16,4422,4.22,28.7,58,6.7,4.1,6.7,4.1,7.3,7.9,6.13,5.7,21,5.9,7.5,8.5,1,4,4.1,3.2,102,34.0,44,66,31.5,19.7,15.0,10.6,11.9,5.8,4.4,1.1
SUJ-2217,Servicios,Caracas,Universitario,E-commerce,Casado,30,4,12,8827,2.96,32.5,77,9.3,5.3,7.4,5.0,10.0,8.3,7.55,5.6,14,4.3,7.7,7.4,2,3,4.6,1.3,1,18.1,42,55,23.6,21.4,17.8,18.2,7.5,7.0,2.3,2.2
SUJ-2218,Finanzas,Medellín,Técnico,Franquicia,Casado,17,4,13,8762,4.07,30.9,70,7.8,5.8,7.2,5.9,8.6,7.1,7.07,10.0,22,5.2,7.4,7.2,0,0,5.3,2.0,15,27.2,45,71,37.9,13.6,8.3,15.3,12.8,5.6,4.6,1.9
SUJ-2219,Servicios,Medellín,Posgrado,Empresa propia,Soltero,31,8,11,500,2.74,34.4,57,8.1,5.9,7.6,5.7,5.9,7.3,6.75,10.0,40,10.0,6.1,5.6,0,1,3.2,4.9,16,26.3,43,69,38.2,14.5,18.1,11.0,10.2,4.7,2.0,1.3
SUJ-2220,Tecnología,CDMX,Maestría,Empresa propia,Unión libre,29,9,22,4865,29.77,48.6,69,7.3,5.7,7.5,6.8,7.1,6.7,6.85,6.4,34,8.9,7.1,8.8,3,4,3.8,4.1,10,42.2,57,64,31.6,21.4,16.2,10.4,7.3,8.4,2.1,2.6
SUJ-2221,Inmuebles,Buenos Aires,Maestría,Holding,Soltero,25,7,18,3245,17.66,60.6,78,8.8,6.7,5.6,7.6,9.9,7.2,7.63,7.1,26,2.9,6.7,7.4,3,0,6.5,2.7,4,37.3,41,46,28.0,18.1,16.0,10.6,11.0,10.6,4.0,1.7
SUJ-2222,Retail/Comercio,Bogotá,Maestría,Holding,Casado,30,7,16,7904,3.35,42.2,60,5.3,4.2,6.2,5.7,4.8,6.7,5.48,10.0,6,6.9,7.7,8.4,3,0,5.2,3.8,2,24.1,59,74,26.8,14.7,19.4,17.0,14.3,5.5,0.6,1.7
SUJ-2223,Tecnología,Monterrey,Universitario,Holding,Casado,24,3,8,6490,4.13,66.2,53,6.4,3.4,7.5,4.4,5.2,5.9,5.47,7.6,14,4.3,7.8,7.2,2,0,5.5,2.9,20,33.5,65,68,28.3,12.0,12.2,21.7,9.6,11.8,2.4,2.0
SUJ-2224,Finanzas,CDMX,Doctorado,Holding,Casado,26,1,5,8418,2.64,50.1,54,5.6,5.2,5.6,2.5,7.2,5.3,5.23,9.5,17,3.7,7.8,8.7,1,3,4.5,5.9,13,30.7,56,63,23.8,27.8,11.9,10.5,12.0,8.2,2.5,3.3
SUJ-2225,Tecnología,Lima,Maestría,Empresa propia,Soltero,17,9,17,8485,52.11,66.5,54,5.8,3.0,6.9,5.1,7.4,6.2,5.73,10.0,31,5.6,6.4,8.7,3,0,6.2,2.2,16,49.0,56,67,22.5,19.8,13.7,14.4,15.0,4.4,5.5,4.7
SUJ-2226,Retail/Comercio,CDMX,Universitario,Empresa propia,Unión libre,24,10,15,2353,5.96,39.0,80,8.3,5.9,10.0,5.0,8.7,6.1,7.33,7.7,27,3.5,9.0,9.5,3,1,5.1,3.0,47,36.0,55,57,31.4,22.1,13.0,14.7,9.7,5.4,2.3,1.4
SUJ-2227,Finanzas,Monterrey,Técnico,Startup escalada,Unión libre,31,5,9,2263,2.25,21.0,78,6.2,6.2,8.9,5.7,8.3,7.2,7.08,8.1,36,8.1,9.2,6.4,0,1,5.6,0.1,10,22.5,45,66,30.2,20.9,13.5,9.2,13.1,6.5,4.0,2.6
SUJ-2228,Manufactura,Santiago,Universitario,E-commerce,Casado,18,5,18,3699,1.0,12.6,60,6.8,5.7,7.0,4.7,6.5,4.7,5.9,9.4,27,7.5,9.8,7.3,0,2,4.1,2.3,3,24.1,58,62,32.1,12.6,18.3,11.3,9.7,9.7,4.5,1.8
SUJ-2229,Finanzas,Cali,Universitario,Empresa propia,Soltero,30,4,12,2216,1.0,35.1,69,8.0,5.7,7.3,4.3,7.1,5.7,6.35,7.1,29,4.5,6.9,6.5,1,2,6.8,2.7,36,24.0,57,71,24.6,12.5,25.8,8.8,17.0,8.6,1.4,1.3
SUJ-2230,Finanzas,São Paulo,Posgrado,Empresa propia,Soltero,17,5,14,9185,1.29,37.2,55,5.2,4.6,5.6,3.5,6.4,3.9,4.87,9.7,26,10.0,8.7,7.9,2,1,5.8,4.6,155,29.0,84,69,25.0,16.2,16.6,14.8,15.6,6.7,4.8,0.3
SUJ-2231,Inmuebles,Monterrey,Posgrado,Empresa propia,Casado,18,11,24,7387,2.91,28.1,64,7.0,4.1,6.5,5.2,9.5,6.5,6.47,7.6,24,8.7,5.7,7.5,1,3,5.8,0.0,17,20.9,42,67,33.0,16.2,10.5,12.9,15.0,8.2,2.0,2.2
SUJ-2232,Tecnología,Barranquilla,Maestría,Empresa propia,Soltero,24,3,9,1950,1.0,59.6,63,8.1,5.1,8.5,4.9,4.7,5.9,6.2,10.0,6,4.7,7.7,8.5,2,5,6.6,2.1,12,27.1,46,60,25.8,18.6,16.1,9.9,14.5,8.5,4.2,2.4
SUJ-2233,Servicios,Medellín,Posgrado,Startup escalada,Casado,26,9,13,17240,4.21,38.5,76,8.7,6.2,8.4,5.6,7.4,8.1,7.4,7.5,18,10.0,8.3,6.1,1,3,4.5,0.0,11,35.1,47,67,25.3,19.8,17.8,9.3,11.2,9.1,5.3,2.2
SUJ-2234,Servicios,Bogotá,Técnico,Startup escalada,Soltero,22,5,7,4939,1.0,30.6,88,8.5,7.9,8.2,5.8,10.0,9.1,8.25,8.7,30,5.5,9.0,6.5,0,3,5.9,3.9,11,23.4,30,60,19.4,26.3,6.7,20.5,11.9,12.4,2.8,-0.0
SUJ-2235,Manufactura,Caracas,Maestría,Startup escalada,Casado,22,1,12,1087,1.0,42.2,58,6.7,4.2,5.8,6.0,8.0,7.7,6.4,7.2,37,3.3,7.5,7.9,1,3,5.0,0.4,30,27.4,53,66,23.3,20.3,10.0,20.9,11.5,7.8,3.7,2.5
SUJ-2236,Manufactura,Caracas,Universitario,Startup escalada,Soltero,32,5,10,1915,10.61,10.0,61,8.5,4.3,6.5,2.9,5.7,5.5,5.57,5.5,18,3.9,6.8,6.9,2,2,5.3,3.2,183,38.4,57,52,37.0,16.9,22.9,7.3,10.9,1.2,0.0,3.8
SUJ-2237,Servicios,Bogotá,Doctorado,Startup escalada,Soltero,33,13,9,6209,17.36,15.0,76,8.3,4.9,8.0,8.6,8.2,7.9,7.65,9.2,32,6.3,7.1,7.6,2,2,6.9,6.1,13,32.4,39,61,22.4,18.6,12.9,19.5,7.1,8.5,9.7,1.3
SUJ-2238,Tecnología,São Paulo,Técnico,E-commerce,Soltero,23,4,2,3305,3.05,48.8,53,7.1,5.1,5.3,4.4,7.4,5.4,5.78,9.4,17,6.6,9.3,8.0,0,2,4.8,3.7,6,26.8,67,62,36.1,11.3,19.0,10.7,6.7,8.8,6.3,1.1
SUJ-2239,Tecnología,Buenos Aires,Doctorado,Empresa propia,Soltero,23,6,7,15242,1.0,43.1,60,7.4,4.9,4.7,4.0,8.2,6.8,6.0,4.4,18,5.9,5.6,7.4,2,2,4.3,5.0,27,19.1,57,53,31.4,16.8,17.6,8.2,15.5,6.0,2.9,1.6
SUJ-2240,Finanzas,Cali,Técnico,Startup escalada,Casado,24,7,12,5461,5.33,32.4,84,8.6,6.9,8.8,4.4,8.1,8.6,7.57,5.6,0,4.7,5.9,10.0,0,1,4.8,5.3,32,28.3,53,54,20.8,17.9,12.6,20.6,12.9,8.2,3.8,3.2
SUJ-2241,Inmuebles,Barranquilla,Universitario,Empresa propia,Casado,39,7,12,19748,3.2,37.2,89,10.0,6.8,7.9,5.3,8.8,8.3,7.85,8.0,35,10.0,6.0,4.8,1,2,5.3,3.0,4,23.9,36,59,25.3,14.2,15.7,20.9,9.5,10.9,1.8,1.7
SUJ-2242,Tecnología,Medellín,Bachillerato,Empresa propia,Casado,26,13,21,859,2.08,42.6,60,5.3,4.8,5.4,5.1,6.0,6.2,5.47,7.1,25,5.3,9.6,5.7,3,5,5.1,0.7,66,35.6,60,59,20.5,12.4,19.8,11.6,11.6,13.1,9.1,1.9
SUJ-2243,Manufactura,Caracas,Maestría,Empresa propia,Casado,35,4,6,8835,2.63,36.1,61,7.1,4.7,5.8,4.4,6.9,4.7,5.6,8.7,15,5.3,6.8,8.0,2,4,6.1,6.1,74,30.9,48,63,20.4,21.0,12.2,16.9,12.5,11.2,4.1,1.7
SUJ-2244,Salud/Farma,São Paulo,Maestría,E-commerce,Casado,30,7,14,17357,1.0,9.6,81,7.4,7.5,7.0,4.5,9.4,8.7,7.42,4.3,40,1.1,6.6,8.2,6,2,5.4,4.2,68,22.6,51,52,26.7,19.4,13.4,17.9,13.3,6.0,2.4,0.9
SUJ-2245,Servicios,São Paulo,Universitario,Empresa propia,Soltero,25,10,19,2773,11.52,34.2,85,9.7,7.2,9.2,4.8,10.0,6.1,7.83,10.0,21,3.3,7.6,5.7,3,1,4.6,3.9,14,34.6,32,66,26.5,15.8,13.2,19.6,11.9,8.2,3.9,0.9
SUJ-2246,Retail/Comercio,São Paulo,Doctorado,Empresa propia,Soltero,22,4,9,1166,5.26,31.4,68,7.2,7.9,8.2,4.6,6.3,7.5,6.95,6.6,36,9.3,8.0,6.7,1,5,5.8,2.7,18,28.8,46,51,34.9,8.9,20.0,14.0,9.6,5.7,6.6,0.3
SUJ-2247,Tecnología,Bogotá,Posgrado,Franquicia,Soltero,30,7,11,4879,1.53,55.4,63,7.8,5.2,7.5,4.5,8.5,4.9,6.4,7.5,8,4.6,5.1,7.9,2,5,5.4,3.4,5,16.5,48,66,35.2,10.5,15.6,14.6,6.0,7.6,7.6,2.9
SUJ-2248,Servicios,Barranquilla,Posgrado,Startup escalada,Casado,21,10,13,26022,2.13,25.5,79,8.9,8.8,8.0,7.1,8.9,8.7,8.4,7.9,34,8.7,6.0,9.1,1,1,4.4,0.0,60,29.4,30,58,22.3,16.4,16.1,19.8,15.7,2.2,4.8,2.7
SUJ-2249,Manufactura,CDMX,Maestría,E-commerce,Soltero,23,5,15,8029,1.7,23.7,77,7.3,6.2,5.8,5.3,8.3,8.2,6.85,9.9,32,4.6,6.8,8.0,2,0,5.7,6.2,6,24.6,64,71,27.6,20.5,15.8,10.7,11.5,5.5,5.5,2.9
SUJ-2250,Tecnología,Buenos Aires,Universitario,Startup escalada,Soltero,29,6,7,8262,6.08,51.5,71,8.1,6.8,7.8,8.9,10.0,6.5,8.02,5.2,21,4.4,7.9,7.1,0,1,5.2,4.4,9,33.3,47,52,18.7,19.4,13.5,17.8,13.1,12.1,3.4,2.0
SUJ-2251,Tecnología,São Paulo,Universitario,Empresa propia,Casado,24,2,14,8905,3.59,48.6,97,10.0,7.2,10.0,7.6,10.0,7.0,8.63,7.6,18,6.6,6.3,6.1,2,1,4.2,2.8,33,35.1,28,63,27.7,15.5,22.3,13.6,10.7,5.5,4.0,0.7
SUJ-2252,Servicios,Monterrey,Maestría,Empresa propia,Unión libre,23,10,16,500,1.0,26.3,75,7.4,7.1,7.2,6.7,6.4,8.0,7.13,5.5,14,6.9,7.9,4.9,3,2,5.0,2.1,46,28.6,48,59,35.1,7.2,10.2,19.2,9.6,6.9,8.5,3.3
SUJ-2253,Manufactura,Monterrey,Maestría,E-commerce,Casado,24,7,9,4719,1.0,32.5,56,7.1,2.1,3.8,6.1,8.7,4.3,5.35,9.0,33,3.3,8.5,3.7,3,4,4.7,1.7,9,22.0,64,77,8.5,21.2,21.4,12.9,19.3,11.7,2.6,2.4
SUJ-2254,Servicios,São Paulo,Doctorado,Franquicia,Casado,21,5,14,645,1.0,15.8,77,7.6,5.0,8.6,4.2,8.6,8.7,7.12,6.9,15,5.0,4.5,6.2,0,1,5.1,4.4,1,8.6,47,53,21.3,27.2,19.3,10.4,10.2,6.1,3.4,2.1
SUJ-2255,Servicios,Santiago,Maestría,Holding,Casado,28,6,14,3036,9.33,41.5,63,6.0,4.3,4.0,4.3,5.9,4.9,4.9,8.1,0,5.9,6.7,3.0,1,2,5.5,2.8,85,37.9,63,65,22.7,7.3,12.1,21.8,20.2,6.8,6.9,2.2
SUJ-2256,Manufactura,Medellín,Técnico,Startup escalada,Soltero,26,7,14,13789,7.9,19.7,69,7.7,8.7,5.6,5.1,9.2,5.3,6.93,6.8,34,6.4,7.4,7.4,1,2,5.2,0.0,17,28.4,56,60,10.5,20.1,26.4,10.8,16.7,7.9,5.8,1.8
SUJ-2257,Retail/Comercio,Barranquilla,Maestría,Startup escalada,Casado,17,8,16,8543,1.2,18.6,82,8.7,8.3,7.6,7.8,10.0,7.7,8.35,10.0,25,7.0,7.2,9.4,2,3,4.4,0.9,286,31.9,36,70,21.8,18.9,13.1,22.4,7.7,9.7,4.7,1.7
SUJ-2258,Retail/Comercio,Bucaramanga,Universitario,Empresa familiar,Casado,23,4,11,43359,1.0,26.3,83,4.7,7.3,9.6,6.3,9.1,6.4,7.23,6.3,20,6.1,6.9,9.0,1,2,6.6,1.9,19,21.2,57,71,20.5,21.4,16.8,2.8,16.4,15.4,3.9,2.8
SUJ-2259,Finanzas,Bogotá,Doctorado,Franquicia,Soltero,23,5,13,1511,2.28,37.4,40,7.8,3.5,5.0,3.7,5.9,4.4,5.05,8.3,19,8.4,8.8,6.2,1,2,4.9,3.6,4,27.6,67,57,22.8,13.2,23.3,12.7,12.6,9.7,2.5,3.2
SUJ-2260,Retail/Comercio,Lima,Universitario,Empresa propia,Soltero,23,6,17,4047,5.44,34.9,64,10.0,4.9,5.8,6.3,7.6,4.5,6.52,4.1,46,10.0,8.3,5.9,0,1,5.7,3.0,23,28.7,46,60,25.8,28.4,11.6,8.9,12.8,6.9,2.9,2.7
SUJ-2261,Inmuebles,Lima,Posgrado,E-commerce,Soltero,29,7,14,13270,1.44,29.7,65,5.8,5.0,5.9,6.3,7.4,7.0,6.23,8.3,19,3.8,8.2,9.8,2,4,6.4,2.0,4,12.4,48,53,33.9,20.3,14.9,10.6,5.2,5.8,7.2,2.1
SUJ-2262,Manufactura,Monterrey,Posgrado,Empresa propia,Soltero,21,13,22,1943,3.19,35.1,72,8.2,7.1,5.7,7.7,9.9,6.3,7.48,5.1,18,5.6,6.6,7.2,1,2,5.2,0.0,22,24.0,41,45,21.1,22.8,10.1,17.9,12.0,10.2,4.6,1.3
SUJ-2263,Servicios,Caracas,Universitario,Empresa propia,Unión libre,42,4,2,1335,1.0,21.2,60,5.1,5.5,5.6,3.0,6.8,8.7,5.78,10.0,19,4.3,8.8,7.3,2,1,5.0,2.4,19,20.5,49,71,29.2,18.9,14.1,14.0,13.2,4.5,3.7,2.4
SUJ-2264,Retail/Comercio,Bucaramanga,Bachillerato,Empresa propia,Soltero,34,1,8,4463,1.22,27.1,68,5.1,7.1,6.6,4.7,9.3,7.1,6.65,6.4,15,4.1,9.9,6.9,1,0,5.3,1.6,41,31.0,39,60,31.4,22.1,17.1,14.0,6.5,5.6,0.8,2.5
SUJ-2265,Manufactura,Lima,Maestría,Franquicia,Soltero,34,12,27,3872,4.7,19.1,71,6.9,6.9,7.2,5.1,8.7,7.5,7.05,5.9,18,5.4,5.9,7.6,3,1,5.4,0.0,11,25.0,50,52,27.1,15.8,19.4,10.8,10.3,10.4,5.1,1.1
SUJ-2266,Manufactura,Cali,Maestría,Empresa propia,Unión libre,19,3,3,31378,1.76,36.4,49,3.9,5.2,6.3,3.1,4.8,5.5,4.8,7.8,25,3.9,6.2,6.3,0,3,6.0,2.8,2,14.7,62,77,30.7,16.9,11.9,14.5,11.1,7.8,4.9,2.2
SUJ-2267,Manufactura,Cali,Técnico,Empresa propia,Soltero,17,12,25,4874,2.4,21.4,69,7.8,5.0,7.2,6.0,7.7,4.9,6.43,5.4,17,7.6,8.3,7.5,0,1,6.6,3.3,7,22.3,60,59,32.5,6.6,15.5,17.7,12.1,7.8,6.8,1.0
SUJ-2268,Inmuebles,Medellín,Maestría,Holding,Casado,23,11,20,15783,11.45,35.4,85,9.7,6.1,6.5,7.4,9.2,8.6,7.92,6.1,4,10.0,6.8,6.7,1,1,5.0,4.7,8,32.0,35,57,24.9,24.0,13.8,8.6,12.4,9.1,4.5,2.7
SUJ-2269,Finanzas,Bucaramanga,Posgrado,E-commerce,Unión libre,27,9,9,17511,5.72,62.7,55,8.3,5.2,3.1,2.2,6.1,3.2,4.68,7.8,8,6.0,8.1,6.1,0,3,3.0,0.1,4,32.8,65,74,32.6,12.4,12.9,10.3,12.8,13.3,1.6,4.1
SUJ-2270,Retail/Comercio,Cali,Universitario,Holding,Soltero,25,11,17,1374,1.0,27.2,74,7.6,6.9,6.5,6.6,7.8,10.0,7.57,6.5,28,4.9,8.6,7.3,3,2,6.1,0.8,29,19.7,44,53,24.5,18.0,22.5,3.8,8.7,12.5,6.6,3.4
SUJ-2271,Tecnología,Cali,Universitario,Holding,Casado,22,1,8,10050,1.88,51.0,73,8.5,6.1,10.0,4.8,8.9,5.1,7.23,8.8,10,2.6,7.9,9.9,4,1,4.1,5.0,6,19.7,35,69,28.4,19.0,13.8,12.8,16.6,5.9,0.0,3.5
SUJ-2272,Finanzas,Monterrey,Maestría,Empresa propia,Soltero,17,2,11,2601,5.82,44.9,48,6.1,2.9,4.9,4.2,7.0,3.7,4.8,9.3,26,4.9,6.3,6.1,0,2,6.9,2.7,3,32.1,62,75,27.2,26.6,19.8,2.8,12.7,7.0,2.3,1.6
SUJ-2273,Retail/Comercio,Lima,Maestría,Empresa propia,Soltero,21,8,12,796,1.85,31.1,67,7.4,6.2,7.1,4.2,8.4,7.6,6.82,8.3,34,7.2,10.0,5.7,1,0,6.2,3.3,5,27.2,44,57,20.3,16.6,18.2,14.9,14.5,10.0,3.8,1.7
SUJ-2274,Manufactura,Medellín,Posgrado,Empresa propia,Soltero,24,5,13,16616,4.17,36.1,71,6.2,7.2,5.2,6.6,8.2,8.1,6.92,5.4,27,6.5,6.9,5.3,1,1,4.2,5.3,6,30.1,59,61,26.6,18.7,14.7,8.3,12.6,10.2,4.6,4.3
SUJ-2275,Agroindustria,Barranquilla,Posgrado,Startup escalada,Soltero,23,4,15,2767,1.24,30.2,89,8.5,6.0,7.7,5.6,9.1,10.0,7.82,6.2,23,4.1,9.6,6.9,3,1,4.8,1.4,34,25.1,39,55,39.1,17.4,12.6,11.3,8.5,4.1,6.3,0.7
SUJ-2276,Manufactura,São Paulo,Técnico,Holding,Unión libre,22,10,19,3389,1.0,31.7,67,6.5,5.5,7.7,5.3,7.3,8.5,6.8,5.8,23,7.3,7.6,9.4,2,1,5.6,0.1,159,32.0,50,56,23.2,22.9,17.9,15.7,10.2,5.6,4.0,0.5
SUJ-2277,Inmuebles,CDMX,Universitario,Empresa propia,Unión libre,21,8,18,3132,4.45,48.6,77,8.6,5.4,8.3,6.8,8.8,6.5,7.4,7.0,23,4.0,9.9,7.0,3,3,6.7,2.7,28,36.3,35,63,36.6,14.7,14.3,13.4,8.6,9.1,3.4,-0.1
SUJ-2278,Retail/Comercio,Bogotá,Universitario,Empresa propia,Casado,35,11,15,1788,1.63,29.6,62,4.1,6.8,6.5,5.4,8.0,4.1,5.82,8.1,21,7.0,7.1,10.0,3,2,5.1,2.9,19,24.9,61,77,26.0,20.6,14.1,7.8,17.1,7.3,4.1,3.0
SUJ-2279,Manufactura,Bogotá,Universitario,Empresa familiar,Soltero,30,5,13,4560,1.85,44.5,76,9.0,9.1,8.1,4.9,10.0,7.9,8.17,8.0,10,7.3,8.9,6.5,0,4,4.7,3.7,14,20.5,43,59,18.9,30.3,23.4,11.3,10.4,1.1,4.0,0.6
SUJ-2280,Tecnología,Caracas,Posgrado,E-commerce,Unión libre,31,7,21,4473,222.11,67.1,84,8.7,8.8,9.9,6.3,9.6,6.9,8.37,10.0,20,6.2,9.2,6.5,4,3,4.9,4.4,66,62.9,18,70,30.0,27.3,7.1,12.1,10.7,9.4,3.4,0.0
SUJ-2281,Finanzas,Buenos Aires,Maestría,Startup escalada,Casado,27,13,15,4204,2.95,38.9,50,4.9,2.6,5.8,4.1,7.0,4.9,4.88,10.0,31,9.2,7.1,3.2,1,4,3.2,3.8,36,31.2,66,65,33.5,20.5,15.9,16.1,5.3,7.5,0.0,1.2
SUJ-2282,Finanzas,CDMX,Universitario,Empresa propia,Soltero,17,2,9,19843,4.26,59.1,74,8.1,6.8,9.7,6.7,6.6,7.4,7.55,8.2,33,4.1,8.9,7.6,0,2,6.3,5.5,121,38.7,45,63,20.2,28.5,14.1,10.8,14.4,3.2,6.8,2.0
SUJ-2283,Retail/Comercio,CDMX,Universitario,Empresa propia,Casado,30,6,8,3321,3.51,4.0,79,8.0,7.4,8.3,5.9,6.8,9.5,7.65,8.4,20,10.0,7.4,9.4,1,1,6.3,6.3,13,22.9,45,59,27.2,19.8,18.1,11.3,7.8,8.3,6.6,0.9
SUJ-2284,Tecnología,Bogotá,Posgrado,Startup escalada,Soltero,34,3,13,500,2.74,69.2,70,7.5,8.4,6.2,5.2,7.2,7.8,7.05,5.5,27,2.9,8.1,7.1,3,1,5.0,2.4,36,35.9,50,55,26.1,19.6,7.8,15.4,14.1,7.0,6.8,3.2
SUJ-2285,Tecnología,Bogotá,Maestría,Holding,Soltero,34,13,12,1572,4.63,51.4,75,9.3,5.7,6.3,5.5,9.0,7.0,7.13,8.9,26,3.2,6.1,7.9,1,0,6.6,1.8,37,28.1,35,73,31.1,22.5,13.7,16.4,8.7,1.6,3.8,2.2
SUJ-2286,Finanzas,Barranquilla,Maestría,Holding,Casado,29,16,20,10226,10.3,37.2,82,6.3,6.8,7.5,4.5,8.4,7.0,6.75,8.2,23,2.2,6.7,7.9,0,0,3.6,3.9,231,43.1,52,61,31.6,12.9,13.2,15.5,13.2,11.7,0.4,1.5
SUJ-2287,Salud/Farma,Bucaramanga,Maestría,E-commerce,Casado,26,7,21,7149,1.32,4.0,54,4.3,3.4,5.7,5.7,4.1,4.4,4.6,8.1,24,5.1,9.0,5.5,2,0,5.5,3.2,11,20.1,66,63,25.5,31.1,10.0,7.8,12.0,8.6,3.6,1.4
SUJ-2288,Finanzas,Bucaramanga,Posgrado,E-commerce,Soltero,25,9,13,24248,3.65,46.2,77,7.2,4.8,8.9,7.5,8.3,10.0,7.78,7.7,24,1.1,8.1,9.1,1,1,6.0,2.7,19,23.9,39,74,29.0,21.6,15.8,7.3,13.1,7.3,3.6,2.3
SUJ-2289,Retail/Comercio,Barranquilla,Maestría,Holding,Soltero,29,6,12,9484,13.73,45.4,88,10.0,7.4,10.0,8.7,10.0,8.2,9.05,9.8,21,6.3,9.0,3.2,1,1,5.9,7.0,246,48.0,35,67,22.5,7.3,24.8,18.5,9.5,11.6,2.2,3.6
SUJ-2290,Tecnología,Lima,Técnico,Empresa propia,Unión libre,17,6,16,1727,5.17,55.8,66,8.0,7.7,6.4,5.9,8.9,7.4,7.38,10.0,22,6.3,7.9,9.3,3,3,6.4,4.5,42,35.1,49,68,21.7,17.9,11.0,14.0,18.2,12.9,4.2,0.1
SUJ-2291,Manufactura,CDMX,Universitario,Empresa propia,Casado,29,7,13,1028,3.71,19.3,64,6.7,5.7,7.3,3.6,5.8,8.0,6.18,7.6,29,4.4,8.1,7.5,4,2,4.4,1.1,19,32.1,68,62,26.0,10.3,17.8,25.6,2.3,11.2,6.4,0.4
SUJ-2292,Finanzas,Santiago,Universitario,Startup escalada,Soltero,23,2,2,5884,4.25,45.4,64,7.6,5.7,6.9,2.6,7.4,6.8,6.17,8.3,14,5.4,8.6,7.5,1,1,5.0,4.7,19,28.5,47,60,30.8,10.7,18.9,13.8,14.6,7.4,3.3,0.5
SUJ-2293,Tecnología,CDMX,Posgrado,Empresa propia,Soltero,39,9,11,8755,6.05,71.0,76,8.9,4.9,7.3,6.3,8.0,8.7,7.35,6.5,9,5.8,5.7,6.0,3,1,6.5,1.8,72,39.4,50,56,35.1,16.8,14.9,7.1,13.1,8.6,1.5,2.9
SUJ-2294,Retail/Comercio,Buenos Aires,Doctorado,E-commerce,Soltero,24,3,14,1448,2.04,38.2,91,9.6,7.8,9.2,6.0,9.5,8.4,8.42,7.8,15,6.1,7.8,7.6,3,0,3.8,5.0,34,30.6,44,66,13.3,21.0,17.7,25.6,9.4,7.1,3.7,2.2
SUJ-2295,Tecnología,Bogotá,Maestría,Holding,Unión libre,27,5,16,7364,18.39,51.8,100,10.0,7.5,10.0,7.0,10.0,10.0,9.08,8.4,20,5.1,7.8,7.9,1,1,5.8,3.4,161,46.7,49,57,37.1,15.0,15.6,9.8,11.4,6.1,3.1,1.9
SUJ-2296,Tecnología,CDMX,Técnico,Empresa familiar,Soltero,26,7,6,16021,4.23,65.5,93,9.4,7.1,10.0,6.8,9.6,10.0,8.82,4.9,22,5.2,7.9,5.9,0,2,5.3,1.2,107,39.1,17,55,19.7,17.0,26.7,13.0,12.3,6.2,1.4,3.7
SUJ-2297,Tecnología,Bogotá,Técnico,Franquicia,Soltero,21,4,7,10402,5.93,63.5,68,7.8,8.2,9.3,5.8,9.3,5.8,7.7,6.0,24,6.6,9.5,6.2,0,3,6.2,0.0,19,37.1,50,45,31.5,32.4,6.1,13.8,2.1,10.1,2.2,1.8
SUJ-2298,Tecnología,CDMX,Universitario,Franquicia,Soltero,28,9,13,8729,2.43,40.0,61,7.2,4.9,8.2,4.3,5.6,6.2,6.07,8.4,16,3.6,6.1,6.0,1,0,5.1,4.8,1,19.9,43,72,28.0,16.6,17.7,14.0,8.9,10.5,2.4,1.9
SUJ-2299,Tecnología,Buenos Aires,Universitario,Startup escalada,Unión libre,28,5,10,12459,7.67,47.6,51,5.4,4.3,5.3,5.3,7.1,6.2,5.6,7.8,40,5.1,6.6,10.0,1,1,5.1,4.2,16,34.3,61,61,23.9,19.8,18.6,15.0,11.3,7.6,3.4,0.4
SUJ-2300,Finanzas,Lima,Posgrado,Startup escalada,Casado,32,11,14,879,5.21,68.0,78,7.9,6.9,6.1,5.1,9.7,8.2,7.32,7.7,28,8.4,8.1,6.0,2,1,6.3,1.3,4,37.2,42,65,26.5,20.2,17.1,19.9,8.6,1.8,5.9,-0.0
SUJ-2301,Inmuebles,São Paulo,Maestría,Holding,Casado,30,3,9,1823,4.15,41.2,112,10.0,4.4,10.0,7.9,10.0,10.0,8.72,7.6,18,4.2,7.9,9.4,0,1,5.7,3.4,3,25.8,40,60,28.8,18.5,10.5,10.4,11.6,10.5,5.6,4.1
SUJ-2302,Manufactura,Santiago,Doctorado,Franquicia,Soltero,27,6,10,500,1.0,49.6,75,6.4,5.4,4.9,6.8,8.6,8.5,6.77,9.2,18,3.9,9.6,8.7,0,2,3.4,2.9,6,22.4,62,63,27.1,13.0,21.6,18.1,5.8,9.3,3.5,1.6
SUJ-2303,Retail/Comercio,Caracas,Posgrado,Empresa propia,Soltero,21,3,8,1253,2.9,36.8,77,7.0,4.3,7.4,5.6,10.0,9.6,7.32,8.8,20,3.6,8.1,9.9,0,2,5.1,2.1,8,22.0,37,78,25.8,15.1,12.7,15.0,18.4,7.9,2.4,2.7
SUJ-2304,Finanzas,Cali,Maestría,E-commerce,Unión libre,21,10,12,19551,2.17,38.2,72,7.1,5.5,7.9,7.5,8.2,5.2,6.9,6.7,29,4.3,9.6,7.9,1,1,6.8,3.8,102,33.5,44,61,29.1,4.6,18.9,16.5,16.2,6.1,7.2,1.4
SUJ-2305,Agroindustria,Barranquilla,Posgrado,Startup escalada,Unión libre,35,6,15,2009,3.34,19.0,80,8.2,9.3,6.3,5.2,9.7,7.0,7.62,9.4,36,7.8,7.7,8.3,4,2,5.9,6.6,2,22.1,46,78,20.6,11.4,22.2,9.7,19.6,7.8,6.1,2.6
SUJ-2306,Finanzas,Barranquilla,Universitario,Startup escalada,Unión libre,26,5,6,8679,2.66,59.1,64,6.8,2.1,7.0,6.5,8.5,4.8,5.95,7.4,38,7.9,6.1,5.8,3,3,4.9,7.0,50,34.2,49,70,25.7,22.2,14.8,13.5,11.8,8.6,2.2,1.2
SUJ-2307,Tecnología,Caracas,Posgrado,Empresa propia,Unión libre,38,6,13,9410,2.59,52.3,77,7.8,4.4,8.8,4.4,7.3,9.3,7.0,5.0,29,7.8,7.4,8.2,1,0,6.5,3.4,3,23.2,42,55,30.6,12.4,17.9,18.1,8.2,7.6,3.3,1.9
SUJ-2308,Manufactura,Santiago,Posgrado,Franquicia,Casado,21,6,16,8292,2.58,25.6,68,7.3,7.7,6.8,4.8,10.0,7.2,7.3,8.1,14,7.1,8.4,9.9,0,4,6.6,2.1,10,24.9,47,48,23.8,16.0,20.1,18.0,6.7,12.5,0.6,2.3
SUJ-2309,Tecnología,CDMX,Maestría,Franquicia,Casado,39,8,21,6458,980.0,80.9,79,8.6,6.5,7.8,7.1,8.4,7.6,7.67,5.3,36,6.9,7.5,6.5,3,2,3.6,1.2,239,75.2,28,62,28.0,24.7,15.8,13.1,7.1,5.3,2.7,3.3
SUJ-2310,Finanzas,Cali,Universitario,Empresa familiar,Casado,20,9,17,5326,7.37,44.8,72,6.8,6.8,8.2,7.9,7.9,7.0,7.43,8.4,20,8.1,6.4,8.3,3,0,6.2,2.1,9,32.1,39,52,26.1,15.6,17.6,15.3,14.7,3.8,4.6,2.3
SUJ-2311,Retail/Comercio,Buenos Aires,Universitario,Holding,Casado,23,6,13,4356,2.27,32.9,79,8.0,6.9,10.0,6.8,9.4,6.3,7.9,6.4,22,5.1,8.6,9.4,2,0,4.5,2.1,4,22.6,40,47,11.8,27.5,9.8,13.6,19.4,6.7,7.5,3.7
SUJ-2312,Servicios,Bucaramanga,Universitario,Franquicia,Soltero,28,7,7,19901,2.07,25.7,60,7.2,5.6,6.6,5.9,7.3,6.8,6.57,4.0,23,7.9,9.1,7.3,1,1,6.6,2.9,1,21.3,50,63,28.6,13.5,16.8,18.8,6.9,8.9,5.1,1.4
SUJ-2313,Retail/Comercio,CDMX,Doctorado,Empresa propia,Soltero,31,1,12,500,3.84,41.2,87,9.7,6.8,9.3,7.4,9.0,10.0,8.7,7.8,16,8.9,8.5,8.7,1,2,3.8,3.6,110,30.1,40,43,29.1,18.6,13.0,19.2,7.3,8.2,2.6,2.0
SUJ-2314,Inmuebles,Lima,Universitario,E-commerce,Unión libre,30,5,12,500,3.33,35.3,85,6.1,2.9,7.8,6.3,10.0,9.3,7.07,9.8,21,2.6,7.0,7.1,0,2,4.2,2.8,1,22.7,47,59,42.8,16.5,5.0,11.8,5.9,12.8,2.5,2.7
SUJ-2315,Salud/Farma,Bogotá,Maestría,Empresa propia,Soltero,17,12,19,5426,15.07,28.5,68,6.2,5.9,7.9,2.4,6.4,6.2,5.83,6.6,14,5.4,6.6,7.0,1,4,4.5,2.4,9,32.2,59,68,29.3,18.6,13.7,15.9,12.1,3.1,6.1,1.2
SUJ-2316,Tecnología,Caracas,Maestría,Startup escalada,Unión libre,22,8,15,3209,24.06,80.6,65,8.3,7.2,7.7,4.2,9.2,5.5,7.02,8.0,33,5.3,8.7,6.0,1,1,3.8,1.4,14,46.1,41,57,32.1,15.3,15.8,12.7,12.5,4.1,5.1,2.4
SUJ-2317,Finanzas,Medellín,Universitario,Startup escalada,Soltero,19,3,9,4197,3.63,46.7,55,5.8,6.4,6.6,3.8,7.1,6.6,6.05,7.8,10,6.0,6.8,10.0,0,2,6.6,0.8,6,26.6,51,58,35.3,12.5,17.2,10.0,8.9,9.8,4.7,1.6
SUJ-2318,Finanzas,CDMX,Posgrado,Franquicia,Soltero,17,5,11,49132,8.29,58.4,57,4.2,5.9,8.5,3.5,7.5,4.9,5.75,4.1,37,7.1,8.9,8.2,2,2,6.4,2.2,51,40.0,65,45,24.3,15.5,16.6,17.6,12.6,7.3,4.4,1.7
SUJ-2319,Retail/Comercio,São Paulo,Maestría,Franquicia,Soltero,25,4,9,11938,4.93,10.4,67,8.6,5.8,6.5,3.4,7.3,6.3,6.32,7.7,28,10.0,5.4,6.4,3,1,4.4,1.1,66,30.4,45,61,26.0,27.1,13.1,6.8,15.0,7.8,2.2,2.0
SUJ-2320,Retail/Comercio,Medellín,Universitario,Startup escalada,Soltero,17,11,20,16791,7.12,28.4,74,8.9,6.6,7.4,7.9,7.7,6.3,7.47,8.3,24,3.1,7.3,7.9,2,0,6.0,2.5,26,33.0,34,57,22.9,25.2,12.1,11.1,14.6,8.9,3.4,1.8
SUJ-2321,Servicios,CDMX,Doctorado,Empresa propia,Soltero,31,10,11,3678,3.91,20.8,75,6.3,7.6,9.4,5.0,7.0,7.8,7.18,6.7,15,3.4,5.2,7.9,1,1,4.3,3.6,5,23.2,52,57,18.0,17.5,30.4,11.9,11.4,6.9,3.8,0.1
SUJ-2322,Inmuebles,Santiago,Universitario,Empresa propia,Soltero,30,4,5,2190,1.0,30.7,96,7.9,5.9,8.6,5.5,10.0,7.6,7.58,6.9,40,8.0,7.2,6.5,1,2,4.5,3.2,75,29.6,41,62,36.0,3.3,21.3,16.6,11.4,3.6,5.2,2.6
SUJ-2323,Manufactura,São Paulo,Bachillerato,Empresa familiar,Casado,35,7,10,11687,13.17,4.0,65,10.0,8.1,7.8,9.0,5.8,9.6,8.38,6.9,40,7.0,9.3,8.4,2,4,3.0,3.5,1,24.8,32,56,36.3,15.6,16.2,10.7,9.8,4.8,3.4,3.2
SUJ-2324,Finanzas,Medellín,Maestría,Startup escalada,Soltero,19,2,12,13184,9.55,43.1,64,5.9,7.0,9.2,6.5,7.7,5.6,6.98,8.3,24,5.1,8.6,8.0,3,2,4.6,2.7,114,40.8,49,68,23.8,9.0,23.1,14.0,12.6,9.6,5.7,2.2
SUJ-2325,Servicios,CDMX,Maestría,Startup escalada,Soltero,20,4,12,6386,1.41,9.9,71,8.8,8.6,8.3,4.4,7.5,5.6,7.2,5.3,13,5.3,7.7,7.6,3,2,6.5,1.9,10,18.2,54,49,30.9,11.9,14.9,18.1,11.6,8.2,2.3,2.1
SUJ-2326,Agroindustria,Barranquilla,Doctorado,Empresa propia,Soltero,32,4,8,18102,2.78,34.5,60,8.4,5.8,6.9,3.8,7.3,9.0,6.87,5.0,16,5.9,7.4,8.5,4,3,6.0,2.9,5,22.7,39,54,24.5,23.7,20.6,7.7,9.1,8.5,4.6,1.3
SUJ-2327,Servicios,São Paulo,Posgrado,Empresa propia,Casado,32,4,7,27369,6.64,10.0,93,7.5,7.0,8.6,5.3,8.9,8.1,7.57,8.4,22,7.1,4.7,9.5,1,4,5.0,4.7,5,27.0,31,73,23.3,24.1,8.8,15.9,8.0,14.1,3.0,2.8
SUJ-2328,Tecnología,Medellín,Doctorado,Empresa propia,Casado,34,8,14,5094,6.12,61.2,97,8.5,8.6,10.0,5.4,10.0,9.5,8.67,6.1,14,7.6,5.7,8.6,0,0,6.4,4.5,12,39.2,32,64,30.7,11.2,15.4,16.5,16.4,8.0,0.0,1.8
SUJ-2329,Manufactura,CDMX,Maestría,Empresa propia,Casado,32,12,19,2015,3.29,34.3,83,9.6,8.0,6.6,5.4,7.9,10.0,7.92,8.8,21,8.1,8.1,7.8,1,4,4.0,4.9,18,28.5,36,64,20.5,22.7,12.0,16.2,13.7,5.1,4.3,5.5
SUJ-2330,Tecnología,Bucaramanga,Maestría,Startup escalada,Soltero,27,6,17,5823,5.67,44.1,85,6.9,9.7,6.2,7.2,6.1,7.4,7.25,7.7,13,9.0,9.4,5.2,3,1,5.7,2.2,3,30.3,52,52,26.4,19.8,16.9,12.0,8.3,7.4,6.2,3.0
SUJ-2331,Finanzas,Bogotá,Posgrado,Empresa propia,Soltero,23,3,16,36476,8.26,36.2,70,6.1,5.7,5.8,7.3,7.6,5.5,6.33,6.4,18,8.2,8.2,7.8,1,2,4.8,2.2,24,32.7,58,59,40.1,20.5,13.7,8.3,5.6,4.8,4.0,3.0
SUJ-2332,Tecnología,Bucaramanga,Universitario,Holding,Casado,30,7,13,2772,3.04,48.4,81,8.0,6.3,7.9,7.8,7.9,7.2,7.52,5.7,25,5.6,8.0,5.1,2,3,6.2,3.8,40,30.6,36,54,31.5,14.5,22.6,16.7,6.9,5.7,1.0,1.1
SUJ-2333,Manufactura,Caracas,Doctorado,Empresa propia,Casado,23,7,21,7690,1.87,19.2,89,8.6,8.8,6.9,8.4,9.3,7.6,8.27,2.4,19,3.1,10.0,9.4,0,0,4.2,3.4,3,20.9,34,49,23.4,19.0,22.7,11.5,5.8,8.3,7.5,1.8
SUJ-2334,Manufactura,Caracas,Universitario,Franquicia,Soltero,26,6,12,9472,2.36,11.0,68,8.4,5.7,10.0,5.3,6.9,10.0,7.72,6.4,17,4.4,7.5,8.8,1,4,5.2,3.5,120,24.0,48,75,18.8,16.7,16.8,11.2,15.5,14.1,6.9,0.0
SUJ-2335,Tecnología,Cali,Posgrado,Empresa familiar,Soltero,23,14,21,1925,13.71,48.3,92,9.9,6.9,7.6,7.8,10.0,9.6,8.63,7.5,20,1.7,5.3,7.1,2,2,3.0,0.0,3,28.3,36,54,28.3,25.4,8.2,8.2,17.6,6.0,3.7,2.6
SUJ-2336,Finanzas,CDMX,Universitario,Empresa propia,Soltero,27,8,17,7102,15.26,52.5,72,7.9,5.5,8.5,6.2,6.6,7.4,7.02,7.8,15,10.0,7.4,8.9,1,2,4.0,0.6,13,35.2,38,62,26.6,7.4,19.9,17.5,16.4,4.2,2.9,5.1
SUJ-2337,Retail/Comercio,Monterrey,Posgrado,Empresa propia,Soltero,33,9,19,3020,4.47,11.7,71,7.3,3.5,6.2,5.7,8.0,7.6,6.38,5.0,16,8.9,6.9,6.0,2,2,3.4,2.7,28,27.6,59,42,29.5,21.9,16.0,9.9,7.2,10.8,2.5,2.2
SUJ-2338,Finanzas,Lima,Universitario,Empresa propia,Casado,23,1,13,15404,3.6,45.4,60,5.3,4.5,6.3,6.4,6.8,5.1,5.73,6.4,46,5.0,9.8,5.9,2,2,3.9,3.4,18,33.2,55,54,27.9,17.9,9.5,21.4,5.7,13.7,2.5,1.4
SUJ-2339,Tecnología,Bucaramanga,Bachillerato,Empresa propia,Casado,22,3,4,10035,4.67,45.0,75,9.2,7.0,7.6,6.8,7.3,7.6,7.58,9.4,16,7.5,9.6,8.0,5,1,4.7,4.3,55,36.7,51,69,29.5,21.2,10.6,12.1,15.5,8.1,2.2,0.8
SUJ-2340,Retail/Comercio,Medellín,Maestría,E-commerce,Soltero,25,9,15,14001,2.16,29.7,87,8.8,7.3,6.8,6.9,8.1,8.2,7.68,10.0,26,5.8,7.8,6.5,0,0,4.0,0.0,18,24.9,34,58,27.6,22.0,8.2,15.0,12.0,8.5,5.4,1.3
SUJ-2341,Inmuebles,Santiago,Universitario,Empresa propia,Soltero,18,8,18,1781,10.06,58.1,42,6.0,4.8,5.0,2.7,7.1,5.5,5.18,8.4,13,7.8,8.2,7.3,1,2,4.5,3.3,2,30.7,62,53,34.6,23.4,13.5,10.7,8.1,3.6,4.5,1.6
SUJ-2342,Tecnología,São Paulo,Posgrado,Holding,Unión libre,29,5,7,500,2.52,31.2,77,8.1,8.3,9.6,7.7,7.1,7.1,7.98,7.4,4,7.4,8.7,10.0,3,4,5.5,4.5,6,25.3,44,72,30.0,15.9,17.2,14.7,14.4,6.9,0.5,0.4
SUJ-2343,Tecnología,Lima,Técnico,Startup escalada,Casado,26,8,7,15205,1.34,50.9,82,8.3,10.0,7.7,4.7,8.1,7.3,7.68,5.1,14,5.8,9.1,9.8,1,1,5.0,3.1,8,23.9,42,54,26.3,20.9,11.8,16.2,13.9,3.2,5.7,2.0
SUJ-2344,Finanzas,Monterrey,Bachillerato,E-commerce,Unión libre,25,10,11,3911,2.2,52.0,74,7.7,6.0,7.7,4.0,9.6,5.6,6.77,7.4,21,6.4,8.1,6.9,0,0,6.5,3.2,131,34.4,37,59,30.9,16.1,8.2,14.2,13.0,13.4,2.3,1.9
SUJ-2345,Agroindustria,Buenos Aires,Universitario,Empresa propia,Soltero,27,5,11,1584,5.33,12.2,46,5.5,2.9,5.7,1.0,6.1,8.1,4.88,6.6,15,4.9,8.2,6.5,1,3,5.5,3.2,10,31.7,68,58,26.2,20.9,20.6,10.1,9.0,7.3,3.2,2.7
SUJ-2346,Manufactura,CDMX,Maestría,E-commerce,Casado,17,4,17,771,7.38,30.0,54,6.0,4.4,6.4,4.4,6.8,6.2,5.7,9.8,5,7.3,8.1,3.7,0,3,4.7,3.4,4,35.5,66,68,35.1,11.5,10.7,11.1,7.9,14.1,4.7,4.9
SUJ-2347,Manufactura,Santiago,Técnico,Empresa propia,Soltero,34,6,7,5813,1.0,4.4,71,6.6,7.2,4.7,6.1,7.1,6.2,6.32,6.8,18,2.0,7.3,10.0,2,1,5.5,1.7,378,23.4,50,61,27.5,18.9,15.0,6.9,9.4,16.1,3.7,2.5
SUJ-2348,Finanzas,CDMX,Maestría,E-commerce,Soltero,22,9,11,1301,1.9,43.2,50,6.3,7.9,6.7,2.6,6.0,4.9,5.73,8.8,22,7.1,8.9,2.9,1,1,5.9,3.0,6,26.8,57,71,26.4,18.0,18.6,8.5,10.0,7.8,7.7,3.0
SUJ-2349,Manufactura,Cali,Universitario,Holding,Soltero,23,5,9,6690,1.71,4.0,109,10.0,9.0,10.0,8.1,10.0,9.3,9.4,7.0,29,2.8,8.4,7.7,3,0,4.8,2.0,12,21.8,36,50,34.0,17.8,9.7,3.3,9.1,12.7,10.2,3.2
SUJ-2350,Tecnología,Monterrey,Universitario,Empresa propia,Casado,31,10,13,10395,3.87,49.0,90,9.2,8.1,8.7,8.3,10.0,10.0,9.05,9.2,21,6.1,6.8,6.1,0,1,6.1,2.5,2,27.2,37,56,30.0,22.1,11.0,14.3,6.5,12.2,2.2,1.7
SUJ-2351,Manufactura,São Paulo,Universitario,Startup escalada,Soltero,29,5,7,6126,11.28,7.5,58,8.4,5.0,8.1,5.6,5.8,6.2,6.52,7.3,14,6.3,8.8,8.9,0,3,3.5,3.5,16,29.6,55,54,23.4,21.7,8.9,16.8,14.5,8.0,4.8,1.9
SUJ-2352,Agroindustria,São Paulo,Bachillerato,Startup escalada,Casado,37,5,4,18722,2.24,23.7,84,7.8,7.3,9.7,5.7,8.7,7.5,7.78,8.1,33,6.7,7.7,7.2,1,2,4.2,0.9,35,34.2,32,62,26.3,14.7,14.1,15.8,16.9,8.2,3.6,0.4
SUJ-2353,Manufactura,CDMX,Maestría,Startup escalada,Soltero,20,16,20,1352,7.48,44.6,81,10.0,8.5,8.5,7.3,6.0,9.4,8.28,7.3,41,4.3,9.3,7.6,4,2,7.6,3.0,48,32.8,44,63,29.9,10.4,17.4,9.9,19.2,9.0,1.9,2.3
SUJ-2354,Servicios,Medellín,Maestría,Empresa propia,Soltero,20,2,15,5449,3.45,26.0,67,7.6,6.9,6.2,6.7,8.5,3.2,6.52,8.4,25,4.4,8.4,7.1,1,3,4.2,3.5,20,26.1,62,71,26.5,16.1,16.9,12.5,14.8,9.2,2.2,1.8
SUJ-2355,Inmuebles,Cali,Posgrado,E-commerce,Soltero,18,10,18,1425,1.0,30.7,86,5.2,7.1,8.0,8.0,8.1,8.4,7.47,6.0,36,7.1,7.8,7.1,0,1,3.9,4.5,21,24.1,38,59,27.9,11.9,9.2,16.3,14.7,8.0,7.5,4.5
SUJ-2356,Tecnología,Barranquilla,Universitario,Startup escalada,Soltero,26,1,11,16693,4.57,45.1,44,7.6,4.6,5.0,4.7,6.2,3.8,5.32,9.0,29,4.9,5.1,8.2,1,2,6.0,0.0,7,27.1,66,65,25.9,17.9,18.5,10.0,13.5,9.9,2.0,2.3
SUJ-2357,Servicios,Buenos Aires,Universitario,Empresa propia,Soltero,24,9,13,21534,3.31,18.2,68,6.0,5.5,7.8,3.5,7.8,6.3,6.15,4.5,41,8.2,5.7,7.0,0,0,6.2,1.0,4,19.4,66,57,34.2,18.5,10.9,15.1,5.8,7.1,4.2,4.2
SUJ-2358,Tecnología,Monterrey,Universitario,Startup escalada,Soltero,21,17,20,4086,15.68,48.7,65,7.4,7.3,6.7,7.3,7.1,7.2,7.17,8.2,23,6.0,10.0,8.2,0,2,5.1,3.1,14,32.4,36,62,30.1,18.0,13.8,15.1,14.4,2.6,3.6,2.4
SUJ-2359,Retail/Comercio,Bogotá,Doctorado,Empresa propia,Soltero,25,11,19,2919,1.0,28.6,97,10.0,10.0,9.4,7.6,10.0,8.0,9.17,5.7,31,6.1,7.9,8.6,1,0,4.5,6.1,4,15.6,24,58,31.1,20.5,9.6,19.2,8.1,8.8,2.6,0.1
SUJ-2360,Tecnología,Santiago,Universitario,Empresa propia,Soltero,19,12,18,2620,12.01,59.1,59,6.7,4.2,4.6,4.2,6.7,6.8,5.53,8.5,35,5.9,8.7,5.9,0,0,5.0,4.2,15,41.7,65,67,23.4,18.5,15.3,23.6,6.6,5.1,3.8,3.7
SUJ-2361,Tecnología,Bucaramanga,Maestría,Startup escalada,Casado,35,6,12,15713,5.42,41.6,82,8.2,5.9,9.1,7.6,7.7,6.9,7.57,9.4,23,6.9,8.4,10.0,1,3,5.7,1.3,15,38.5,47,73,35.9,6.9,20.9,14.5,12.2,4.1,4.9,0.6
SUJ-2362,Retail/Comercio,Caracas,Universitario,Startup escalada,Soltero,21,10,22,9176,31.57,44.5,63,6.3,5.1,8.2,4.8,8.3,4.9,6.27,5.3,29,6.1,10.0,7.3,0,4,4.7,2.8,16,37.6,47,69,26.2,19.7,14.0,16.3,10.7,6.8,3.6,2.7
SUJ-2363,Finanzas,CDMX,Universitario,Startup escalada,Casado,22,8,11,17001,8.27,45.1,87,8.2,8.4,7.8,3.0,9.5,7.6,7.42,5.8,23,6.8,8.5,7.5,1,2,5.8,2.6,19,33.4,52,59,38.9,9.1,11.2,12.5,14.0,7.9,5.2,1.2
SUJ-2364,Retail/Comercio,Santiago,Universitario,Empresa familiar,Soltero,17,14,17,1000,2.26,28.6,66,8.4,5.3,6.1,6.7,9.0,7.7,7.2,6.0,15,9.9,8.2,5.0,1,2,4.8,0.0,64,26.7,47,45,18.2,20.1,21.1,15.7,11.3,5.3,5.0,3.3
SUJ-2365,Manufactura,Santiago,Bachillerato,Empresa propia,Soltero,17,2,11,5170,1.0,42.8,56,4.9,6.3,5.1,3.9,5.0,6.7,5.32,9.6,8,9.8,9.2,7.5,1,4,5.1,1.6,14,25.1,69,65,26.4,21.8,16.6,14.2,12.2,3.6,3.2,2.0
SUJ-2366,Tecnología,Bogotá,Maestría,Empresa propia,Casado,22,11,20,9020,4.13,22.6,72,7.6,4.2,9.9,5.5,9.2,6.8,7.2,5.2,34,7.6,7.9,6.1,1,5,5.4,0.0,33,26.4,37,52,39.2,12.4,17.8,15.9,3.2,6.0,3.6,1.9
SUJ-2367,Tecnología,Bogotá,Universitario,Startup escalada,Casado,24,8,10,18191,2.25,16.8,84,9.2,7.0,9.2,6.5,8.5,8.3,8.12,6.3,38,1.7,5.0,9.0,3,0,3.0,3.9,18,28.9,38,58,30.2,20.4,18.3,15.1,5.9,2.0,4.8,3.3
SUJ-2368,Retail/Comercio,Cali,Maestría,Empresa propia,Soltero,30,3,9,3850,1.2,33.9,79,6.7,6.9,7.7,5.7,8.2,9.9,7.52,4.6,20,4.4,6.5,7.6,1,1,5.3,7.0,45,22.2,50,50,30.6,14.1,17.5,13.0,11.1,8.8,4.6,0.3
SUJ-2369,Finanzas,Monterrey,Bachillerato,Holding,Unión libre,17,6,6,3004,1.0,48.2,52,6.3,3.6,4.9,4.6,7.5,6.9,5.63,8.1,14,6.4,9.8,6.3,1,2,5.0,1.9,17,27.1,60,60,32.4,22.3,11.5,4.8,14.0,10.2,2.3,2.5
SUJ-2370,Inmuebles,Medellín,Doctorado,E-commerce,Casado,28,1,8,19531,1.24,52.5,51,7.0,4.6,4.2,5.4,7.6,4.8,5.6,8.1,28,4.8,7.8,7.8,1,2,5.3,2.1,12,26.4,54,64,13.7,12.8,33.2,8.0,11.5,14.3,5.3,1.2
SUJ-2371,Manufactura,Buenos Aires,Universitario,Empresa propia,Unión libre,29,1,5,500,1.0,9.0,64,7.1,7.1,7.7,5.8,9.1,4.4,6.87,4.1,26,6.9,9.0,8.5,3,2,3.0,2.0,42,24.9,44,47,31.6,8.9,22.8,11.7,7.2,11.7,4.7,1.4
SUJ-2372,Servicios,Caracas,Maestría,Empresa propia,Casado,30,2,7,5225,2.65,28.9,59,7.8,5.1,5.9,3.5,7.0,7.1,6.07,9.6,7,6.1,5.4,3.9,0,0,4.5,0.8,13,24.2,54,54,22.8,25.4,20.7,10.3,5.3,10.4,2.7,2.4
SUJ-2373,Manufactura,São Paulo,Maestría,E-commerce,Soltero,32,5,7,4909,4.42,19.8,60,6.5,5.9,6.9,3.1,6.8,5.8,5.83,8.2,36,5.9,9.2,7.7,2,1,5.9,4.5,25,30.1,57,73,23.7,15.0,21.6,12.0,7.6,10.2,6.0,3.9
SUJ-2374,Retail/Comercio,Bogotá,Doctorado,Startup escalada,Soltero,19,7,17,1263,1.27,41.7,66,5.9,7.7,8.7,4.8,9.1,4.5,6.78,5.8,16,5.7,9.2,4.8,1,1,4.2,5.0,49,29.8,28,58,30.7,16.5,19.1,5.0,13.8,10.1,3.0,1.8
SUJ-2375,Manufactura,Bogotá,Universitario,Holding,Casado,29,2,9,4019,3.59,4.0,80,7.9,5.6,6.4,5.2,9.5,8.1,7.12,4.9,19,3.3,8.9,8.0,1,1,5.2,0.8,49,26.5,54,61,21.9,24.7,20.7,11.4,7.7,8.0,4.1,1.5
SUJ-2376,Finanzas,Bucaramanga,Maestría,E-commerce,Unión libre,36,5,14,10258,8.66,44.4,69,5.7,6.4,6.1,4.4,8.1,7.6,6.38,10.0,15,5.6,9.0,9.1,0,0,3.4,3.5,13,34.2,52,56,20.4,18.2,11.8,13.7,15.4,11.7,7.2,1.6
SUJ-2377,Finanzas,Barranquilla,Universitario,E-commerce,Casado,34,8,14,3656,5.18,58.3,56,9.1,1.4,6.7,3.6,4.5,4.8,5.02,8.1,12,8.6,5.3,8.2,1,1,4.8,3.9,31,33.0,62,59,26.7,24.6,7.5,13.6,8.5,10.4,7.2,1.5
SUJ-2378,Inmuebles,Bogotá,Universitario,Empresa propia,Unión libre,37,5,15,2964,4.53,20.6,60,6.5,3.6,6.0,6.6,6.7,8.2,6.27,7.6,3,6.5,9.2,7.7,1,0,4.8,3.9,585,37.7,47,55,29.3,2.4,20.2,20.4,20.2,3.9,1.9,1.7
SUJ-2379,Retail/Comercio,Barranquilla,Universitario,Empresa propia,Soltero,27,3,2,12182,1.0,27.6,78,5.6,7.6,7.4,6.7,8.1,7.7,7.18,9.2,24,8.1,4.0,9.1,1,3,4.4,4.0,13,17.5,38,40,25.2,20.2,15.8,14.9,12.9,5.1,4.5,1.4
SUJ-2380,Inmuebles,Cali,Técnico,Franquicia,Soltero,22,4,10,35874,1.0,32.4,71,6.5,5.5,8.3,5.2,7.7,7.6,6.8,7.8,11,6.7,7.2,7.2,1,2,5.3,3.3,23,20.8,59,65,12.1,19.1,21.4,25.0,2.5,11.3,6.4,2.2
SUJ-2381,Servicios,Medellín,Doctorado,Empresa propia,Unión libre,17,12,22,12089,3.61,26.8,63,6.5,6.0,7.6,5.2,6.5,5.1,6.15,6.0,28,7.4,7.0,9.5,2,3,5.0,3.0,22,24.9,57,49,32.7,21.3,15.4,13.9,10.6,4.0,0.8,1.3
SUJ-2382,Servicios,Santiago,Técnico,Empresa propia,Casado,18,1,2,14984,3.72,6.9,81,6.7,4.9,7.4,6.8,8.5,8.1,7.07,4.0,22,8.6,7.8,8.6,1,1,5.0,2.0,8,22.1,48,44,22.1,19.0,28.9,7.2,8.8,7.0,4.6,2.4
SUJ-2383,Agroindustria,São Paulo,Posgrado,Franquicia,Unión libre,22,11,17,22440,3.64,12.5,83,6.8,3.5,7.3,5.5,10.0,7.6,6.78,9.8,21,4.6,5.4,9.1,2,2,3.6,2.9,14,17.5,49,71,25.1,18.4,13.7,9.7,11.1,12.5,5.4,4.1
SUJ-2384,Retail/Comercio,Bogotá,Posgrado,Franquicia,Casado,23,12,20,12946,14.78,35.3,83,8.1,6.1,7.9,6.5,10.0,10.0,8.1,9.3,19,8.5,5.4,5.1,1,2,5.3,5.1,6,34.8,41,61,19.7,8.6,26.2,18.3,10.8,8.0,6.2,2.2
SUJ-2385,Finanzas,CDMX,Posgrado,Empresa propia,Soltero,21,5,10,31439,6.13,58.5,71,8.1,5.4,8.7,2.7,8.5,6.6,6.67,7.2,27,0.8,8.4,8.2,1,2,6.0,5.9,28,35.9,56,55,27.3,18.7,21.8,14.8,12.4,1.8,2.4,0.8
SUJ-2386,Manufactura,Barranquilla,Posgrado,E-commerce,Casado,28,8,17,11003,2.25,27.2,60,7.6,4.9,4.0,5.0,7.5,6.1,5.85,7.6,23,5.4,8.3,9.2,4,0,4.2,1.3,23,27.1,66,72,21.7,14.3,22.0,11.4,16.1,10.8,3.7,-0.0
SUJ-2387,Finanzas,Bucaramanga,Técnico,E-commerce,Unión libre,27,4,14,8666,6.12,43.3,69,8.7,7.9,6.8,6.3,6.7,5.5,6.98,8.9,35,10.0,8.4,7.8,0,0,5.2,4.6,9,37.3,34,63,11.7,16.0,18.6,17.6,15.8,11.2,6.9,2.2
SUJ-2388,Manufactura,Buenos Aires,Posgrado,Empresa propia,Casado,26,8,12,9456,1.0,26.1,63,5.9,2.9,7.4,5.8,7.9,8.3,6.37,6.8,14,6.0,6.6,10.0,2,2,6.6,4.9,20,24.4,58,58,12.2,24.3,14.4,19.7,3.7,15.6,7.5,2.6
SUJ-2389,Inmuebles,Bucaramanga,Universitario,Empresa familiar,Soltero,30,15,20,18427,30.29,43.5,40,2.0,3.1,3.9,3.7,6.0,4.0,3.78,6.3,42,8.6,7.6,8.2,2,0,5.6,3.5,9,40.2,69,62,19.6,24.7,15.9,8.6,9.4,16.0,2.5,3.3
SUJ-2390,Manufactura,Bogotá,Doctorado,Empresa propia,Soltero,23,12,14,9191,1.65,27.6,69,9.3,5.6,5.1,3.8,7.9,5.3,6.17,6.7,38,6.8,7.0,6.7,1,3,5.0,3.0,13,20.6,47,56,30.5,16.9,8.8,18.5,10.0,10.2,3.4,1.7
SUJ-2391,Finanzas,Monterrey,Maestría,Startup escalada,Soltero,32,5,12,11457,1.0,31.6,43,4.8,4.0,3.5,4.2,4.3,5.7,4.42,7.7,34,7.1,6.2,7.5,0,2,6.1,1.2,27,23.8,60,63,32.1,17.9,15.2,10.7,10.3,8.5,3.7,1.6
SUJ-2392,Tecnología,Santiago,Doctorado,Empresa propia,Soltero,18,2,9,1946,1.0,36.7,62,6.0,6.8,6.9,6.3,8.9,7.3,7.03,9.1,20,3.6,7.1,10.0,4,1,6.3,4.9,5,19.5,60,63,24.5,24.3,15.3,8.2,14.0,10.3,3.2,0.2
SUJ-2393,Retail/Comercio,Medellín,Bachillerato,Startup escalada,Casado,24,6,12,19502,12.74,28.9,64,8.5,5.6,6.5,6.4,7.3,5.8,6.68,5.7,31,5.9,7.3,10.0,0,0,6.0,1.6,57,38.8,50,48,23.4,13.5,19.2,15.7,12.9,13.0,1.3,1.0
SUJ-2394,Tecnología,CDMX,Universitario,Empresa propia,Soltero,27,8,14,4742,3.1,29.2,93,8.8,8.7,6.1,7.0,10.0,7.5,8.02,6.8,28,4.3,6.4,6.0,1,1,5.5,4.5,4,19.1,38,45,36.9,17.7,16.5,13.3,7.9,1.0,6.4,0.3
SUJ-2395,Servicios,Monterrey,Universitario,Startup escalada,Soltero,17,9,12,1404,1.0,33.2,56,6.7,6.7,5.3,5.0,7.7,5.8,6.2,3.9,15,8.4,9.2,6.2,1,0,5.5,4.5,8,23.4,41,71,26.0,17.9,14.7,14.8,10.2,9.8,4.8,1.8
SUJ-2396,Finanzas,Bucaramanga,Bachillerato,Empresa propia,Casado,22,6,7,12866,1.04,35.1,75,7.9,4.6,9.2,5.6,6.7,6.9,6.82,10.0,14,8.9,9.1,10.0,3,1,4.1,0.9,5,19.5,45,71,23.9,6.7,23.0,19.6,14.2,4.5,5.0,3.1
SUJ-2397,Tecnología,Barranquilla,Universitario,Holding,Soltero,30,13,21,3525,3.71,36.2,68,5.7,7.4,6.8,6.2,9.5,6.4,7.0,7.3,20,5.2,9.8,7.5,0,2,4.2,2.8,9,28.7,58,65,34.0,7.6,18.2,16.3,14.6,5.4,1.9,2.0
SUJ-2398,Tecnología,Barranquilla,Posgrado,Franquicia,Casado,23,7,12,1627,1.61,76.0,79,6.7,6.5,8.5,5.5,7.3,8.4,7.15,9.5,6,5.5,8.3,8.0,1,2,8.8,1.6,242,34.1,38,77,27.8,19.1,13.6,15.1,9.3,9.9,2.3,2.9
SUJ-2399,Manufactura,Monterrey,Universitario,Empresa propia,Soltero,17,5,7,2368,1.0,17.6,63,6.4,5.7,6.4,4.4,7.2,7.3,6.23,5.6,15,8.8,9.1,7.7,1,4,5.1,5.8,68,23.1,52,50,34.1,14.3,21.0,10.0,7.4,7.1,3.5,2.6
SUJ-2400,Manufactura,Barranquilla,Posgrado,Startup escalada,Unión libre,20,9,12,500,4.31,28.8,51,5.8,5.0,6.8,4.2,7.9,5.6,5.88,9.4,18,2.6,8.7,8.4,2,1,5.1,3.0,181,35.7,52,61,35.5,7.5,20.3,13.6,7.9,5.5,7.7,2.0
SUJ-2401,Finanzas,Bucaramanga,Maestría,Empresa propia,Soltero,17,9,18,759,7.04,56.5,74,7.0,6.9,8.2,5.7,6.9,6.0,6.78,9.1,26,8.6,7.9,8.6,0,0,3.7,4.7,37,37.3,51,61,22.2,14.7,28.4,7.6,6.7,9.0,7.3,4.1
SUJ-2402,Tecnología,Monterrey,Posgrado,Startup escalada,Soltero,28,4,13,7184,22.06,72.7,73,7.1,4.4,7.3,3.8,7.8,4.8,5.87,5.6,25,6.1,8.3,6.7,1,3,5.5,5.4,1,38.4,53,63,28.0,18.2,20.7,9.3,10.3,7.5,5.0,1.0
SUJ-2403,Retail/Comercio,Bucaramanga,Universitario,Empresa propia,Unión libre,26,3,11,16092,1.0,20.1,75,7.5,4.4,6.2,5.7,9.3,7.4,6.75,7.2,5,6.4,8.7,8.8,3,1,3.3,1.8,20,19.5,44,61,35.7,20.8,10.5,2.0,17.6,7.3,3.5,2.6
SUJ-2404,Finanzas,CDMX,Universitario,Franquicia,Casado,17,1,7,4761,6.68,50.6,68,6.4,5.3,7.5,3.9,9.2,4.4,6.12,5.6,37,6.2,8.5,8.5,1,2,6.5,0.0,7,34.7,57,64,29.9,14.8,28.4,9.4,4.4,6.8,3.4,2.9
SUJ-2405,Manufactura,Santiago,Universitario,Holding,Soltero,17,6,10,7869,1.21,23.1,67,8.0,6.7,4.9,5.3,6.2,5.9,6.17,7.9,9,10.0,7.9,10.0,3,1,4.5,0.0,9,17.0,50,70,17.9,21.1,13.4,18.5,9.6,10.5,7.5,1.5
SUJ-2406,Manufactura,Buenos Aires,Técnico,Franquicia,Unión libre,21,11,22,13274,330.51,58.4,83,9.4,8.7,8.7,9.5,7.9,8.4,8.77,9.8,6,6.0,9.0,9.0,0,1,7.7,5.5,12,56.5,46,68,28.9,12.5,9.9,17.9,16.4,9.0,2.9,2.5
SUJ-2407,Finanzas,CDMX,Posgrado,Empresa propia,Soltero,26,9,14,3530,1.0,19.8,82,7.5,6.1,9.2,7.2,8.7,8.3,7.83,8.3,29,3.3,7.9,9.9,0,2,5.1,0.9,237,27.6,35,56,26.7,26.0,14.0,15.6,6.4,6.7,2.4,2.2
SUJ-2408,Tecnología,CDMX,Universitario,Startup escalada,Unión libre,21,11,18,8497,25.73,50.2,61,7.6,6.6,5.7,3.6,7.9,6.1,6.25,7.6,34,6.0,9.0,7.3,0,1,5.7,2.8,10,42.7,62,66,37.1,8.7,16.6,13.9,13.0,4.9,2.7,3.1
SUJ-2409,Salud/Farma,Barranquilla,Maestría,Startup escalada,Soltero,28,4,7,3451,11.91,26.5,70,9.1,5.8,5.4,5.6,7.8,7.1,6.8,9.4,23,5.7,6.3,9.6,2,3,3.8,4.0,3,28.8,48,72,27.9,16.5,10.7,15.1,13.1,12.8,1.9,2.0
SUJ-2410,Retail/Comercio,Bogotá,Maestría,Startup escalada,Soltero,27,6,11,8233,6.12,26.8,56,6.5,5.5,7.4,5.3,6.8,6.4,6.32,7.1,27,5.5,9.7,10.0,1,4,4.9,4.4,55,30.1,54,53,24.6,13.8,15.6,25.2,9.9,9.0,1.8,0.1
SUJ-2411,Manufactura,Lima,Posgrado,Empresa propia,Soltero,29,1,2,1963,1.0,4.6,80,6.3,6.0,7.8,4.6,8.6,6.2,6.58,9.2,29,8.7,6.6,8.0,1,0,3.8,0.1,57,20.2,54,68,14.8,20.6,16.9,20.9,13.7,8.4,2.2,2.5
SUJ-2412,Tecnología,Barranquilla,Universitario,E-commerce,Soltero,17,11,15,30475,6.55,26.4,79,10.0,6.9,7.5,6.6,8.9,6.5,7.73,5.1,22,6.7,6.6,9.0,0,3,5.3,0.5,9,25.8,32,34,23.9,22.8,8.8,16.4,12.7,8.7,3.9,2.8
SUJ-2413,Retail/Comercio,Bogotá,Universitario,Empresa propia,Casado,24,12,13,633,3.02,6.8,91,10.0,6.4,8.9,6.8,10.0,9.4,8.58,8.3,26,7.6,9.8,7.4,2,3,5.3,6.4,25,26.2,45,57,31.2,15.5,12.8,19.6,9.0,5.8,4.2,1.9
SUJ-2414,Tecnología,Bucaramanga,Maestría,Empresa propia,Soltero,32,3,10,5629,1.23,64.5,82,9.7,7.1,7.3,6.2,9.6,8.4,8.05,8.2,17,0.0,7.2,4.8,3,2,3.2,6.0,10,26.4,40,59,30.4,7.2,28.3,8.1,10.8,7.5,6.7,1.0
SUJ-2415,Retail/Comercio,Lima,Universitario,Startup escalada,Soltero,21,13,17,2698,1.09,28.2,75,8.4,7.6,5.2,5.0,10.0,7.0,7.2,6.3,20,5.8,7.8,8.9,0,1,4.2,5.2,11,23.3,49,60,29.5,24.3,10.7,13.0,12.5,6.6,3.4,0.0
SUJ-2416,Salud/Farma,Barranquilla,Universitario,Empresa propia,Soltero,21,6,11,7347,3.52,4.0,107,10.0,8.2,9.0,7.9,10.0,10.0,9.18,6.2,29,5.5,8.0,8.4,2,1,5.4,6.2,10,26.0,42,50,29.5,25.9,17.4,5.5,11.8,7.1,0.0,2.8
SUJ-2417,Finanzas,Caracas,Universitario,Franquicia,Soltero,23,3,16,4473,23.06,68.1,77,8.3,6.9,7.6,7.7,9.3,9.3,8.18,5.3,34,9.2,8.6,9.8,3,3,5.1,1.1,54,43.2,39,51,33.1,8.0,15.8,20.0,6.6,11.5,3.2,1.8
SUJ-2418,Tecnología,Lima,Técnico,Franquicia,Unión libre,22,5,7,2929,5.83,79.9,80,8.3,7.3,7.8,5.7,9.6,7.0,7.62,6.4,20,9.0,10.0,7.8,2,1,5.7,1.8,4,40.2,43,72,28.9,10.3,19.9,12.9,13.7,7.5,4.5,2.3
SUJ-2419,Tecnología,Lima,Maestría,Holding,Casado,26,9,15,2301,4.28,56.6,48,4.2,6.0,2.9,5.4,7.0,6.4,5.32,9.5,13,8.4,7.4,8.1,2,2,3.9,1.9,3,29.1,65,65,38.8,8.0,21.2,10.2,11.1,8.3,1.9,0.5
SUJ-2420,Finanzas,Cali,Universitario,Startup escalada,Casado,22,6,13,1612,2.74,54.1,83,7.0,4.6,7.7,6.4,9.4,7.7,7.13,7.7,49,5.6,8.8,7.9,2,1,4.3,3.7,57,32.2,42,57,34.2,15.7,13.0,11.4,10.2,10.7,3.3,1.5
SUJ-2421,Tecnología,Santiago,Posgrado,Holding,Unión libre,17,5,8,12218,3.84,53.6,105,9.1,9.5,10.0,8.2,10.0,7.8,9.1,7.0,25,4.1,7.0,3.8,1,2,4.5,2.8,8,30.5,32,56,27.8,21.5,6.6,18.9,7.9,9.6,6.2,1.5
SUJ-2422,Tecnología,Cali,Universitario,Franquicia,Casado,33,9,19,2010,6.46,43.6,76,5.5,5.1,7.6,7.8,6.4,7.7,6.68,5.7,5,5.1,6.9,7.6,2,4,4.7,3.9,12,28.9,33,61,13.3,14.5,24.7,10.4,17.5,11.7,5.8,2.1
SUJ-2423,Inmuebles,Bogotá,Posgrado,Startup escalada,Unión libre,29,9,21,11881,1.0,6.1,83,6.7,5.5,9.2,6.3,9.0,9.3,7.67,8.8,17,5.9,7.5,9.0,2,2,4.8,3.9,1,12.9,36,62,31.1,16.2,24.9,13.5,4.4,7.1,2.5,0.3
SUJ-2424,Retail/Comercio,Medellín,Maestría,Holding,Soltero,26,6,16,5309,4.08,13.2,87,8.7,6.5,9.1,6.7,9.7,7.7,8.07,9.0,0,6.6,8.1,7.8,2,0,5.1,2.4,65,24.0,35,58,33.8,22.3,11.6,7.4,9.3,9.3,3.8,2.5
SUJ-2425,Finanzas,Monterrey,Maestría,Empresa propia,Soltero,25,5,8,599,1.27,47.3,97,6.7,6.8,8.2,8.1,9.6,10.0,8.23,8.5,24,6.5,5.0,8.1,2,2,6.3,3.5,1,20.4,41,59,32.3,14.5,13.4,13.7,11.3,7.0,3.1,4.7
SUJ-2426,Servicios,Caracas,Universitario,Empresa propia,Soltero,24,5,9,1446,1.47,30.2,81,7.0,7.1,7.0,5.0,10.0,7.7,7.3,5.6,24,6.3,7.8,9.3,5,3,5.6,0.0,11,20.5,41,54,24.0,17.4,22.2,13.2,9.1,8.0,5.1,1.0
SUJ-2427,Tecnología,Buenos Aires,Bachillerato,Empresa propia,Soltero,21,9,8,17872,1.0,49.2,51,5.4,3.5,6.2,5.6,4.1,6.3,5.18,7.5,22,6.1,8.2,7.8,2,1,5.5,3.9,15,31.6,69,53,30.0,6.9,17.1,22.4,6.0,8.8,5.9,2.9
SUJ-2428,Agroindustria,Medellín,Universitario,Franquicia,Unión libre,17,1,6,7386,2.68,18.0,75,6.8,7.2,6.7,5.5,8.0,8.4,7.1,7.9,18,8.3,6.0,8.1,0,2,4.8,4.2,7,22.5,61,61,16.6,15.4,15.7,17.8,22.2,7.0,2.0,3.3
SUJ-2429,Finanzas,Monterrey,Posgrado,Startup escalada,Casado,35,4,10,1629,1.0,48.7,83,7.8,4.2,9.6,5.9,7.2,8.2,7.15,7.7,21,6.6,7.2,5.5,1,3,5.1,2.3,7,18.6,44,57,25.8,17.2,17.0,13.3,14.3,8.0,4.4,-0.0
SUJ-2430,Servicios,Bogotá,Posgrado,Empresa propia,Soltero,26,6,15,9732,7.56,23.6,82,8.7,8.3,7.5,4.6,8.5,10.0,7.93,4.3,28,5.1,9.0,6.6,2,3,4.6,4.3,13,31.5,40,39,15.5,19.2,18.0,17.0,17.9,6.6,5.8,-0.0
SUJ-2431,Manufactura,São Paulo,Posgrado,Franquicia,Casado,17,4,16,13864,3.07,16.6,70,8.5,4.1,8.2,4.2,7.1,8.8,6.82,8.0,32,6.9,8.2,9.7,1,1,5.6,2.3,11,24.8,45,59,26.8,27.4,16.2,11.6,10.2,2.8,0.5,4.5
SUJ-2432,Servicios,Bogotá,Técnico,Startup escalada,Soltero,19,8,10,3211,13.94,27.9,67,6.4,6.4,7.4,5.8,8.0,4.7,6.45,4.3,20,7.8,6.5,8.6,1,5,5.9,0.3,15,30.7,39,64,23.6,17.1,17.2,18.7,7.5,10.4,4.8,0.7
SUJ-2433,Salud/Farma,Bucaramanga,Posgrado,Startup escalada,Soltero,27,7,13,6506,1.0,11.1,67,6.6,4.8,7.5,6.8,10.0,4.3,6.67,10.0,25,10.0,8.4,9.3,3,0,6.6,0.8,30,23.2,54,71,16.1,13.6,26.8,18.4,11.6,8.9,2.1,2.5
SUJ-2434,Finanzas,Buenos Aires,Universitario,Holding,Casado,27,16,21,2778,22.75,52.4,70,4.9,5.5,6.2,4.5,9.4,7.6,6.35,5.7,29,5.1,10.0,10.0,1,0,4.5,4.4,20,42.4,74,58,20.4,28.0,14.8,11.8,9.6,9.3,4.5,1.6
SUJ-2435,Salud/Farma,São Paulo,Maestría,Empresa propia,Unión libre,21,4,9,667,10.01,5.4,74,8.5,5.2,8.9,6.6,6.8,4.7,6.78,9.6,34,4.4,5.2,7.9,0,2,5.1,1.1,18,27.7,43,75,41.4,12.4,11.1,13.0,13.1,4.8,1.6,2.6
SUJ-2436,Finanzas,Santiago,Universitario,Empresa propia,Casado,19,7,18,4080,1.62,31.4,80,7.0,4.0,10.0,5.9,9.3,7.8,7.33,7.1,17,6.8,9.4,6.3,5,0,6.7,3.7,2,31.8,42,55,19.8,24.1,15.9,4.6,24.5,8.4,1.4,1.3
SUJ-2437,Finanzas,Lima,Maestría,Empresa propia,Casado,22,3,9,11136,1.0,38.1,77,8.2,6.0,6.3,4.2,8.0,8.9,6.93,7.4,40,4.2,8.6,6.7,1,0,4.7,2.8,3,26.7,51,56,19.5,24.2,21.8,13.8,8.9,6.3,4.5,1.0
SUJ-2438,Finanzas,Cali,Bachillerato,Empresa propia,Soltero,17,14,22,4909,44.3,50.8,66,7.0,4.2,8.1,4.7,8.6,7.4,6.67,7.6,31,6.7,6.5,7.0,2,0,5.0,3.1,35,43.6,45,77,28.0,13.7,19.3,18.5,3.6,11.2,4.5,1.2
SUJ-2439,Retail/Comercio,Cali,Universitario,Empresa propia,Soltero,23,13,21,4157,2.72,31.7,56,8.9,3.3,6.0,5.5,7.6,5.2,6.08,7.2,22,9.5,8.8,7.9,0,2,3.8,5.1,4,25.0,62,65,29.1,17.4,12.6,16.3,13.2,3.3,8.2,-0.1
SUJ-2440,Tecnología,Bogotá,Maestría,E-commerce,Soltero,23,1,8,3645,1.01,40.5,77,10.0,6.0,6.4,4.7,10.0,9.1,7.7,4.1,21,4.1,8.6,6.3,1,5,4.4,6.6,5,21.4,37,48,31.5,17.1,14.8,11.1,11.1,8.2,4.6,1.6
SUJ-2441,Retail/Comercio,Cali,Universitario,Empresa propia,Casado,35,6,9,4913,15.16,8.5,68,8.1,5.6,5.4,3.7,9.6,6.6,6.5,6.9,24,5.6,8.4,6.2,1,2,5.2,6.0,72,30.9,44,61,23.7,16.7,18.0,14.4,11.4,10.0,4.0,1.8
SUJ-2442,Retail/Comercio,Caracas,Maestría,Empresa propia,Soltero,23,7,20,3064,9.6,45.3,94,9.9,7.9,7.6,6.3,10.0,9.1,8.47,6.7,12,6.3,7.1,10.0,1,2,4.2,0.2,55,34.7,42,51,30.0,17.2,19.8,6.6,9.3,10.3,3.6,3.2
SUJ-2443,Inmuebles,Caracas,Posgrado,Empresa propia,Soltero,27,5,11,7577,2.16,32.6,85,8.8,7.8,7.2,5.6,9.1,7.9,7.73,4.8,14,7.5,7.2,8.9,0,1,5.2,4.3,132,28.6,60,40,20.9,27.6,19.8,13.3,6.3,5.4,6.1,0.6
SUJ-2444,Servicios,Caracas,Posgrado,Holding,Unión libre,35,5,13,525,1.0,20.2,77,7.2,5.0,5.9,8.3,8.4,8.4,7.2,6.2,10,4.5,6.9,10.0,1,0,4.2,1.8,52,24.2,44,55,36.8,24.8,12.9,3.7,5.7,7.8,6.9,1.4
SUJ-2445,Retail/Comercio,São Paulo,Universitario,E-commerce,Casado,19,10,17,13176,2.43,33.5,62,5.7,3.7,8.0,5.2,5.8,5.1,5.58,7.3,28,9.6,8.6,6.2,0,0,5.2,4.2,46,28.3,68,71,19.2,13.8,4.1,22.3,23.8,9.1,4.1,3.6
SUJ-2446,Finanzas,Bogotá,Universitario,E-commerce,Casado,22,13,12,1521,1.12,34.7,54,4.8,6.0,5.8,6.1,7.0,5.6,5.88,5.7,20,7.6,9.6,8.9,1,1,5.5,1.2,31,26.8,62,60,36.1,23.2,7.3,11.2,6.0,9.1,5.1,2.0
SUJ-2447,Finanzas,Lima,Posgrado,Empresa propia,Soltero,22,10,12,8028,4.85,63.1,72,6.8,5.8,7.8,5.6,8.6,7.9,7.08,7.2,26,6.9,8.6,10.0,3,2,5.7,0.0,33,34.6,35,53,19.3,19.2,20.4,10.5,19.1,9.4,0.0,2.1
SUJ-2448,Tecnología,Bogotá,Universitario,Empresa propia,Soltero,17,10,16,4780,11.33,60.5,74,8.3,8.9,5.7,6.2,6.4,9.8,7.55,7.2,31,5.2,7.2,7.3,1,0,5.1,4.4,84,39.5,51,60,33.7,13.4,9.5,14.7,14.6,9.1,3.4,1.6
SUJ-2449,Tecnología,Bucaramanga,Posgrado,Empresa propia,Soltero,24,5,8,11879,1.0,48.4,49,5.2,2.0,7.2,5.3,7.4,6.1,5.53,7.0,31,2.1,6.1,6.7,0,1,6.5,3.5,2,14.2,77,57,20.2,25.6,7.5,13.4,10.7,10.6,9.0,3.0
SUJ-2450,Finanzas,Santiago,Universitario,Empresa propia,Casado,32,11,18,13996,23.35,47.2,79,5.8,7.2,7.0,4.4,8.4,5.3,6.35,6.3,3,4.6,8.4,8.6,0,2,5.0,1.7,1,34.7,55,57,19.0,24.1,13.6,16.5,15.2,7.4,2.3,1.9
SUJ-2451,Finanzas,CDMX,Universitario,Startup escalada,Soltero,31,11,14,1827,2.67,44.7,73,10.0,5.3,9.1,4.4,7.0,8.0,7.3,7.1,19,6.4,7.4,8.7,1,3,6.8,6.4,46,30.6,42,66,22.8,31.3,15.8,11.2,4.1,7.7,4.7,2.4
SUJ-2452,Salud/Farma,Barranquilla,Universitario,Empresa familiar,Casado,33,5,11,9045,1.0,45.4,40,4.6,3.0,5.4,4.3,5.6,4.0,4.48,7.2,9,8.3,5.5,7.7,1,0,4.7,0.6,23,23.1,78,68,17.8,18.8,25.6,17.4,6.4,12.0,2.0,0.0
SUJ-2453,Retail/Comercio,São Paulo,Bachillerato,Holding,Unión libre,22,6,6,1684,3.64,34.4,61,9.2,4.8,5.0,5.1,5.6,7.3,6.17,5.2,16,8.4,7.6,8.4,2,0,5.4,6.1,145,30.4,61,54,31.6,18.0,16.1,12.2,8.6,10.6,1.4,1.5
SUJ-2454,Finanzas,Santiago,Universitario,Startup escalada,Soltero,19,1,10,1059,1.0,55.7,62,6.1,7.3,7.0,5.7,6.5,4.7,6.22,7.6,1,7.3,6.7,10.0,2,2,5.8,1.8,42,31.5,51,69,21.8,27.1,19.2,14.2,7.0,10.2,0.5,0.0
SUJ-2455,Manufactura,Santiago,Maestría,Holding,Soltero,39,2,10,21307,4.04,25.8,56,5.9,2.9,6.0,3.6,5.8,4.8,4.83,9.2,31,4.9,7.2,8.5,0,3,5.1,4.3,148,30.7,63,69,36.8,21.5,16.1,16.1,3.5,3.7,2.0,0.3
SUJ-2456,Tecnología,Medellín,Maestría,Empresa propia,Casado,27,5,13,1436,3.97,52.4,78,9.1,4.5,6.3,5.9,7.7,7.4,6.82,6.1,5,10.0,9.6,10.0,0,1,4.9,1.6,41,36.8,36,63,33.0,18.0,7.6,17.4,15.5,3.3,3.6,1.6
SUJ-2457,Retail/Comercio,Buenos Aires,Universitario,Empresa familiar,Unión libre,17,3,9,2071,12.69,54.7,96,9.2,8.7,7.5,9.0,9.0,9.0,8.73,8.2,12,5.2,8.6,6.5,2,2,5.2,3.5,116,44.4,38,61,29.5,22.6,14.5,7.4,12.2,9.0,2.1,2.7
SUJ-2458,Manufactura,Buenos Aires,Doctorado,Empresa propia,Unión libre,41,10,14,1117,1.27,19.7,79,8.4,8.9,8.9,5.4,8.5,8.7,8.13,5.9,13,9.2,9.6,5.0,1,2,5.2,2.7,50,27.4,34,52,8.8,27.8,33.8,9.1,7.6,8.8,1.8,2.3
SUJ-2459,Retail/Comercio,São Paulo,Posgrado,Holding,Soltero,25,6,18,5083,1.17,31.5,81,7.7,5.9,9.6,7.4,9.8,8.8,8.2,7.3,32,6.6,9.1,8.1,1,2,4.9,3.7,44,26.5,27,53,28.8,17.1,12.9,20.0,8.5,11.4,1.1,0.2
SUJ-2460,Retail/Comercio,Caracas,Maestría,Empresa propia,Soltero,17,9,21,20166,273.14,57.3,62,6.7,7.0,5.0,5.5,6.1,5.2,5.92,6.2,23,4.6,7.5,9.5,0,0,6.7,5.2,51,55.4,66,48,29.0,17.8,20.4,6.9,9.3,10.7,4.6,1.3
SUJ-2461,Salud/Farma,Monterrey,Maestría,Franquicia,Casado,34,2,8,2452,1.0,45.3,79,9.8,7.9,7.9,5.1,8.0,9.5,8.03,5.4,16,6.3,10.0,6.1,0,1,4.8,1.2,58,29.9,37,47,28.6,18.7,11.7,18.6,14.2,2.1,4.4,1.7
SUJ-2462,Servicios,Barranquilla,Maestría,Holding,Casado,17,12,16,6244,5.29,27.4,70,5.9,6.5,5.0,7.1,6.8,7.4,6.45,6.9,11,5.1,7.2,7.3,4,3,4.2,1.2,13,29.8,55,73,25.6,21.1,15.0,12.1,15.0,6.8,2.0,2.4
SUJ-2463,Manufactura,Lima,Técnico,Franquicia,Soltero,27,9,9,4240,3.81,4.0,72,6.9,6.5,8.4,7.3,9.1,6.0,7.37,7.6,26,1.8,6.6,10.0,0,3,5.5,4.5,15,25.6,34,48,33.1,12.8,17.5,10.6,13.8,6.3,4.0,1.9
SUJ-2464,Manufactura,Caracas,Universitario,Empresa propia,Soltero,31,8,15,3275,13.57,55.2,64,9.2,5.2,6.7,3.4,7.0,3.9,5.9,7.5,5,6.3,6.9,9.8,1,3,3.9,2.0,37,39.6,52,66,33.6,18.3,12.8,10.2,10.4,9.3,2.7,2.7
SUJ-2465,Manufactura,São Paulo,Bachillerato,Empresa propia,Casado,30,10,14,6791,1.21,21.4,51,5.3,5.9,3.8,5.3,6.8,7.1,5.7,6.1,13,4.8,9.3,7.3,1,1,6.3,4.0,54,24.3,60,59,29.3,31.0,9.6,5.0,13.2,7.4,1.6,2.9
SUJ-2466,Tecnología,CDMX,Maestría,Empresa propia,Soltero,35,8,12,6547,6.0,53.6,85,6.8,8.0,7.5,6.0,8.8,7.7,7.47,6.1,40,1.6,7.6,8.4,0,2,5.1,4.3,4,33.4,47,47,33.3,15.0,13.4,2.7,12.4,12.1,7.2,3.9
SUJ-2467,Finanzas,CDMX,Universitario,Empresa familiar,Unión libre,32,3,12,3562,1.5,62.5,74,8.3,5.6,6.6,5.6,9.9,6.6,7.1,8.3,32,0.1,6.1,9.2,0,0,5.5,0.0,23,30.8,40,71,20.8,18.5,11.2,16.8,15.3,10.2,4.7,2.5
SUJ-2468,Tecnología,São Paulo,Maestría,Startup escalada,Soltero,37,9,12,15207,8.92,49.5,69,7.3,4.0,5.8,2.8,7.7,7.9,5.92,5.9,8,5.4,6.5,8.4,0,1,3.9,3.6,34,39.0,54,56,19.0,25.8,7.6,13.0,18.2,10.6,3.1,2.7
SUJ-2469,Retail/Comercio,Buenos Aires,Universitario,Franquicia,Casado,25,4,17,500,1.0,31.4,97,9.9,7.0,10.0,6.8,10.0,7.8,8.58,7.7,35,2.6,9.0,10.0,0,0,4.6,1.3,14,24.2,44,46,23.1,19.3,11.2,15.6,12.5,12.3,4.0,2.0
SUJ-2470,Retail/Comercio,Santiago,Maestría,Empresa propia,Casado,23,8,10,712,4.66,29.3,59,6.6,3.9,5.0,3.7,8.0,5.6,5.47,5.5,22,3.9,8.5,6.8,0,1,5.3,5.0,60,35.8,65,74,37.5,13.7,14.7,12.2,12.1,4.6,4.1,1.1
SUJ-2471,Finanzas,Bucaramanga,Técnico,Startup escalada,Soltero,23,4,3,37492,1.21,43.0,81,6.8,6.8,10.0,6.1,8.5,7.2,7.57,6.4,30,3.7,9.2,8.5,1,1,6.2,1.8,4,23.6,44,67,40.6,12.4,13.1,6.8,3.0,17.0,3.0,4.1
SUJ-2472,Salud/Farma,Monterrey,Técnico,Empresa propia,Casado,34,13,17,11016,1.77,31.6,100,9.9,8.8,10.0,6.2,9.7,9.5,9.02,3.8,26,10.0,7.8,9.1,3,2,5.0,3.6,104,35.1,24,38,27.0,23.0,9.3,14.6,13.2,8.0,3.1,1.8
SUJ-2473,Servicios,Bogotá,Universitario,Empresa propia,Casado,22,9,16,13034,3.75,13.2,78,9.5,7.2,7.2,4.9,8.1,8.4,7.55,7.7,20,7.5,8.0,5.7,4,1,5.7,1.4,205,31.3,42,55,16.4,19.3,19.1,17.9,7.9,10.0,6.1,3.3
SUJ-2474,Inmuebles,Monterrey,Universitario,Empresa propia,Unión libre,31,11,17,7384,6.88,15.8,57,5.8,5.8,9.3,3.5,6.5,7.0,6.32,6.9,24,5.5,6.6,6.2,1,1,3.5,3.2,15,32.3,51,58,35.0,12.7,17.0,11.7,13.3,4.7,5.2,0.4
SUJ-2475,Retail/Comercio,Medellín,Universitario,Startup escalada,Soltero,20,4,11,4355,4.46,36.0,86,7.6,7.5,7.7,8.1,10.0,9.1,8.33,6.4,34,5.4,9.1,7.9,1,2,6.3,1.2,12,30.1,33,47,23.1,22.5,6.3,10.5,16.9,14.0,5.0,1.7
SUJ-2476,Servicios,Monterrey,Maestría,Empresa propia,Casado,20,8,13,7937,1.73,39.6,65,6.6,5.7,4.7,5.0,8.6,8.3,6.48,9.1,38,5.5,7.7,9.6,1,2,5.2,3.0,6,22.0,43,70,23.4,17.1,21.0,15.2,10.5,8.7,3.5,0.6
SUJ-2477,Tecnología,Santiago,Técnico,Empresa propia,Casado,33,7,11,777,1.35,42.0,64,6.5,5.6,8.0,5.7,7.9,5.7,6.57,6.0,25,5.3,6.1,8.5,3,0,4.9,2.4,26,24.8,52,45,24.8,12.9,14.1,21.4,11.3,9.3,4.4,1.8
SUJ-2478,Inmuebles,Lima,Universitario,E-commerce,Casado,28,7,9,11342,1.0,24.3,60,6.0,7.0,5.1,5.3,6.5,6.7,6.1,8.5,14,6.7,5.7,7.0,2,0,5.9,4.4,5,18.0,54,57,21.5,13.4,20.2,6.0,18.7,11.4,6.6,2.2
SUJ-2479,Tecnología,Santiago,Maestría,Empresa propia,Unión libre,17,1,7,6225,5.33,52.5,94,10.0,7.1,10.0,6.2,9.1,8.5,8.48,7.7,22,4.2,8.7,7.6,5,0,5.0,0.2,1,28.4,48,45,19.1,21.5,12.8,19.0,10.4,14.2,2.3,0.7
SUJ-2480,Inmuebles,Buenos Aires,Bachillerato,E-commerce,Soltero,20,14,24,25122,19.31,31.8,67,7.6,5.6,4.9,5.8,6.1,6.7,6.12,9.5,43,3.2,6.7,9.8,1,3,6.0,5.0,6,32.6,52,62,32.0,14.2,19.2,14.4,10.5,4.9,2.6,2.2
SUJ-2481,Finanzas,Lima,Doctorado,Franquicia,Soltero,17,7,13,8117,7.1,20.5,60,8.6,2.6,5.1,5.0,6.7,6.1,5.68,9.7,29,8.3,8.2,8.6,1,1,5.6,6.0,79,33.9,54,70,33.2,22.2,16.2,3.1,11.4,8.4,4.2,1.3
SUJ-2482,Servicios,Cali,Doctorado,Franquicia,Casado,23,9,12,1316,2.77,16.2,89,9.1,6.7,7.7,5.8,8.9,7.0,7.53,6.3,30,4.1,8.1,8.3,2,4,6.5,3.4,13,20.8,26,47,26.9,21.4,11.8,17.2,11.6,6.6,4.0,0.5
SUJ-2483,Agroindustria,Lima,Técnico,Empresa propia,Soltero,24,2,9,5193,2.81,44.4,51,6.2,4.4,6.4,4.1,7.7,5.8,5.77,8.4,25,7.5,7.8,7.8,0,2,5.6,0.8,19,31.8,68,65,20.8,20.1,14.0,20.9,13.3,3.7,6.3,0.9
SUJ-2484,Tecnología,Monterrey,Universitario,Empresa propia,Unión libre,23,12,23,500,136.11,72.0,73,10.0,7.9,6.6,8.0,8.8,7.5,8.13,10.0,30,3.9,8.1,7.5,1,1,6.3,1.7,7,45.6,25,53,23.2,20.7,15.9,13.3,15.0,9.4,1.6,0.9
SUJ-2485,Retail/Comercio,Monterrey,Universitario,Startup escalada,Casado,33,12,17,10945,17.27,52.3,63,7.4,3.9,5.8,3.4,7.3,6.6,5.73,8.1,19,7.8,8.5,7.1,0,2,5.5,1.5,99,43.5,47,70,23.0,26.6,10.9,7.7,18.6,10.2,3.0,0.0
SUJ-2486,Salud/Farma,Monterrey,Maestría,Startup escalada,Soltero,28,10,12,5574,1.3,35.3,80,7.7,6.6,8.7,5.6,9.7,7.6,7.65,6.8,26,5.1,5.9,9.5,0,2,6.4,3.5,7,26.7,48,58,31.7,17.8,12.4,12.7,11.9,5.4,6.8,1.3
SUJ-2487,Retail/Comercio,Cali,Posgrado,Empresa propia,Casado,40,8,15,3691,1.35,21.0,67,5.9,5.7,8.5,6.0,9.1,4.3,6.58,4.9,13,5.3,5.8,7.0,2,0,5.4,3.2,9,19.7,52,53,29.9,24.9,19.3,10.3,8.3,6.7,0.0,0.6
SUJ-2488,Servicios,Buenos Aires,Posgrado,Empresa propia,Soltero,29,16,24,27674,7.27,25.7,53,5.0,5.7,5.4,2.5,6.3,5.9,5.13,4.3,9,7.5,6.2,9.8,2,3,4.9,5.1,66,32.1,62,61,24.4,11.5,21.7,11.0,16.6,5.7,6.8,2.3
SUJ-2489,Manufactura,Bogotá,Maestría,Empresa propia,Casado,29,10,19,22587,7.11,33.2,74,7.2,5.8,6.0,5.4,8.1,8.1,6.77,5.0,12,8.8,6.5,6.2,3,1,6.1,2.6,1,20.6,46,58,28.3,11.4,11.6,20.1,14.4,9.2,2.5,2.5
SUJ-2490,Finanzas,Caracas,Técnico,E-commerce,Soltero,27,2,10,24432,1.25,43.5,66,6.6,6.6,8.8,6.7,6.1,8.8,7.27,10.0,35,7.0,8.7,6.9,0,1,5.8,0.7,4,26.1,33,64,30.8,22.9,10.4,11.6,13.9,7.4,1.3,1.7
SUJ-2491,Finanzas,Barranquilla,Maestría,Holding,Soltero,24,8,15,1997,3.23,24.0,84,6.0,7.4,7.9,5.8,10.0,8.7,7.63,7.3,9,6.4,6.2,10.0,1,2,5.5,1.0,80,29.3,46,63,28.6,18.6,19.6,9.6,9.9,7.8,4.5,1.4
SUJ-2492,Tecnología,Buenos Aires,Maestría,Empresa propia,Soltero,22,9,12,10432,4.84,65.1,73,7.6,5.3,7.9,7.0,9.3,10.0,7.85,7.7,43,4.4,8.0,9.6,1,2,4.6,2.0,13,33.0,46,67,11.0,20.4,13.3,22.5,15.6,7.0,6.3,3.9
SUJ-2493,Inmuebles,Caracas,Posgrado,Holding,Casado,24,7,10,23259,6.21,25.4,101,6.6,6.8,8.7,6.3,10.0,9.7,8.02,6.4,31,6.0,7.4,5.8,0,0,4.7,2.7,6,21.3,31,56,24.9,20.3,17.1,10.4,11.6,10.5,5.1,0.1
SUJ-2494,Finanzas,Monterrey,Maestría,Holding,Soltero,24,9,14,6767,7.32,56.9,65,8.5,8.5,6.1,7.0,8.6,7.0,7.62,8.1,32,6.5,7.5,9.2,2,1,6.3,1.8,16,35.6,45,66,33.5,19.2,15.6,11.0,12.9,5.0,0.4,2.4
SUJ-2495,Retail/Comercio,São Paulo,Maestría,Empresa familiar,Soltero,25,12,20,1928,6.67,6.3,88,6.6,6.7,7.7,9.6,6.9,8.4,7.65,7.2,9,8.0,8.1,9.5,2,2,5.3,4.2,19,28.0,52,46,17.7,22.7,21.1,17.1,9.5,6.4,2.3,3.2
SUJ-2496,Retail/Comercio,Caracas,Universitario,Empresa propia,Soltero,29,6,10,13621,1.0,19.4,68,7.3,3.8,8.1,3.1,7.3,6.4,6.0,5.6,17,7.5,8.4,8.9,3,4,5.5,3.4,79,28.4,41,51,37.1,11.3,9.3,21.6,11.1,5.9,1.8,1.9
SUJ-2497,Manufactura,Buenos Aires,Universitario,Empresa propia,Soltero,27,5,9,16956,4.99,30.2,71,7.6,5.6,8.8,7.5,8.1,7.9,7.58,4.6,25,7.2,8.6,7.4,2,0,5.4,0.6,10,33.6,42,38,27.9,18.5,16.1,8.2,13.3,8.2,4.7,3.1
SUJ-2498,Servicios,Medellín,Universitario,Empresa propia,Unión libre,22,3,6,9718,6.43,30.9,83,10.0,6.1,7.3,6.2,9.4,9.7,8.12,4.1,23,3.0,8.1,6.5,1,1,4.8,0.9,7,30.9,32,52,16.5,20.8,21.1,22.4,5.2,9.3,3.6,1.1
SUJ-2499,Salud/Farma,CDMX,Bachillerato,Startup escalada,Soltero,21,1,12,2780,1.0,37.2,60,6.6,3.9,5.8,4.4,8.1,7.0,5.97,6.5,36,9.3,6.6,9.5,2,3,3.8,7.0,124,20.5,47,59,25.4,13.2,19.7,11.6,16.5,6.1,5.1,2.4
SUJ-2500,Retail/Comercio,CDMX,Doctorado,Startup escalada,Unión libre,27,6,11,1692,20.98,27.4,88,8.9,7.3,10.0,5.4,8.5,8.9,8.17,6.7,18,4.4,9.8,7.6,2,2,4.3,4.8,63,43.9,40,57,25.9,24.9,19.2,10.8,4.9,7.7,5.2,1.4
SUJ-2501,Servicios,São Paulo,Técnico,E-commerce,Soltero,20,4,12,7831,1.18,24.8,82,8.6,7.2,10.0,4.9,9.6,7.7,8.0,8.2,32,5.4,7.9,5.7,2,1,4.3,3.5,20,23.1,42,64,26.9,28.7,5.9,16.6,9.2,7.0,3.4,2.3
SUJ-2502,Inmuebles,Barranquilla,Posgrado,Empresa propia,Casado,23,6,18,5274,2.28,37.2,83,7.7,4.4,8.8,7.3,9.9,8.2,7.72,9.5,33,5.3,10.0,7.0,1,1,6.2,0.7,22,25.6,44,49,23.2,15.3,22.8,12.6,15.7,3.7,3.7,3.0
SUJ-2503,Manufactura,Barranquilla,Posgrado,Empresa propia,Soltero,22,4,7,8839,1.66,29.3,85,7.8,7.3,8.7,6.0,9.0,8.3,7.85,5.9,24,5.2,8.5,5.3,0,1,4.5,1.4,104,33.3,46,58,22.7,13.5,23.8,17.9,11.1,7.1,3.0,0.9
SUJ-2504,Agroindustria,Bogotá,Bachillerato,Empresa propia,Unión libre,40,3,12,947,1.0,27.3,80,8.3,7.8,10.0,3.6,8.3,8.3,7.72,6.5,21,4.7,7.9,6.3,1,4,6.0,2.4,9,21.4,43,58,29.9,19.4,9.6,14.3,6.9,11.0,4.8,4.1
SUJ-2505,Tecnología,Medellín,Doctorado,E-commerce,Soltero,18,5,11,1168,6.55,36.3,81,7.9,5.6,8.2,7.4,7.5,8.2,7.47,10.0,7,7.3,7.4,9.2,1,1,7.1,3.9,36,31.7,51,71,34.0,20.4,11.0,11.0,12.8,8.3,2.4,0.1
SUJ-2506,Tecnología,Santiago,Maestría,Empresa propia,Casado,21,9,20,3606,389.8,78.5,90,10.0,5.8,8.9,7.1,9.0,7.7,8.08,9.5,25,4.7,8.8,7.6,3,3,5.9,5.0,29,62.0,36,61,41.2,15.1,10.9,7.6,15.9,3.6,4.2,1.5
SUJ-2507,Servicios,Buenos Aires,Posgrado,Empresa propia,Unión libre,22,5,8,2395,2.22,19.5,72,6.4,4.9,6.5,5.0,5.9,9.0,6.28,4.5,31,2.2,6.2,9.7,0,3,4.3,1.9,2,15.1,62,56,24.1,15.7,26.3,11.2,8.5,10.6,1.8,1.8
SUJ-2508,Retail/Comercio,Lima,Universitario,Holding,Unión libre,23,6,13,7726,3.11,27.1,70,8.5,5.4,8.0,7.0,7.7,9.5,7.68,9.8,15,8.8,6.4,6.3,2,1,4.6,4.4,1,13.5,36,65,20.4,21.8,15.6,20.9,9.0,3.4,5.9,3.0
SUJ-2509,Servicios,Lima,Técnico,Empresa propia,Casado,31,15,23,3665,4.86,18.0,79,8.6,6.6,6.9,6.9,8.8,7.8,7.6,6.1,10,7.4,4.8,5.6,2,4,4.9,5.9,6,21.0,30,49,41.0,7.8,10.9,11.6,14.4,4.2,7.2,2.9
SUJ-2510,Servicios,Santiago,Universitario,Franquicia,Unión libre,24,11,15,9215,1.14,25.3,74,7.6,4.9,6.8,6.5,8.0,7.6,6.9,6.7,16,4.8,7.2,8.6,0,3,6.9,3.8,10,23.3,54,34,21.5,13.1,23.5,13.5,11.7,9.4,4.3,3.0
SUJ-2511,Tecnología,CDMX,Universitario,Empresa propia,Casado,18,8,13,11715,4.23,32.2,85,6.7,6.6,7.8,4.1,8.7,9.1,7.17,8.2,20,3.9,6.9,5.9,1,1,4.5,1.0,43,33.8,47,59,15.2,29.8,16.2,16.9,13.2,4.9,2.3,1.5
SUJ-2512,Servicios,Santiago,Posgrado,Startup escalada,Soltero,34,8,14,1657,1.0,15.3,97,10.0,7.7,9.9,7.6,10.0,8.5,8.95,6.5,28,10.0,7.4,6.6,2,0,5.3,2.4,7,19.0,23,55,33.1,8.2,8.9,19.8,14.9,9.7,5.3,0.1
SUJ-2513,Retail/Comercio,Buenos Aires,Doctorado,E-commerce,Soltero,27,4,14,20188,3.69,4.0,60,8.9,5.5,5.9,5.8,7.3,6.9,6.72,6.2,23,5.6,7.1,6.8,0,1,3.6,2.2,10,22.4,63,59,21.6,17.3,18.2,14.9,17.2,2.0,5.3,3.5
SUJ-2514,Retail/Comercio,Caracas,Posgrado,Startup escalada,Soltero,28,5,19,12377,8.08,21.8,74,7.2,4.4,8.6,4.9,8.9,6.9,6.82,6.3,14,8.8,9.0,8.2,4,2,5.7,3.9,2,23.7,35,51,20.4,15.6,17.1,16.9,14.0,10.2,3.6,2.2
SUJ-2515,Manufactura,Medellín,Maestría,E-commerce,Soltero,29,6,18,7884,1.0,27.0,58,7.3,4.2,4.8,4.1,5.3,5.7,5.23,9.1,0,5.3,9.4,5.7,1,2,4.6,1.7,16,24.6,70,75,36.2,13.8,11.5,25.6,6.8,3.3,2.5,0.3
SUJ-2516,Agroindustria,Monterrey,Posgrado,Empresa familiar,Casado,18,7,18,19168,1.85,27.3,69,7.0,5.0,6.5,2.7,7.4,5.6,5.7,6.2,36,7.8,5.5,8.1,1,1,6.3,7.0,8,19.6,73,68,16.2,23.8,18.2,8.5,22.2,5.8,4.3,1.0
SUJ-2517,Tecnología,Cali,Universitario,Startup escalada,Casado,25,7,2,2472,2.45,51.6,70,6.0,8.1,7.2,2.7,6.3,6.6,6.15,6.8,7,1.2,8.1,9.7,3,3,4.2,0.0,4,22.9,73,56,37.6,12.7,14.0,4.3,14.8,8.8,6.2,1.6
SUJ-2518,Retail/Comercio,São Paulo,Maestría,E-commerce,Soltero,30,2,8,4381,1.0,32.4,67,6.0,7.1,7.1,6.4,7.2,7.2,6.83,7.3,19,0.0,8.3,7.2,2,1,4.1,1.8,23,26.8,56,71,34.9,18.7,17.2,12.3,3.4,7.8,4.2,1.5
SUJ-2519,Manufactura,Monterrey,Universitario,Empresa familiar,Unión libre,22,9,15,717,1.0,4.0,85,8.3,6.9,9.2,6.1,10.0,10.0,8.42,4.7,21,8.8,6.8,6.9,5,1,4.2,3.2,7,11.6,44,49,19.9,16.9,23.0,14.5,15.2,5.1,3.9,1.5
SUJ-2520,Inmuebles,Cali,Maestría,Empresa propia,Soltero,27,5,14,4873,1.0,33.9,77,8.3,4.5,6.3,4.9,8.8,7.4,6.7,7.6,3,7.8,8.2,8.5,0,2,6.1,0.0,10,24.2,61,50,26.4,25.5,17.9,1.9,15.1,4.0,9.1,0.1
SUJ-2521,Manufactura,Lima,Universitario,Empresa propia,Unión libre,29,14,15,5648,3.1,42.4,64,5.1,6.7,6.7,4.5,7.0,6.0,6.0,8.9,6,7.4,5.8,7.8,0,2,5.5,3.0,21,30.8,51,67,28.5,20.8,21.2,6.0,11.1,6.2,4.8,1.4
SUJ-2522,Tecnología,São Paulo,Técnico,Empresa propia,Unión libre,17,11,20,7658,81.5,58.9,85,8.1,8.5,6.8,7.8,8.4,8.9,8.08,7.2,0,5.6,8.8,7.8,1,1,6.6,0.0,227,52.5,30,51,32.5,24.8,16.0,9.9,8.7,5.4,0.7,2.0
SUJ-2523,Finanzas,Barranquilla,Maestría,E-commerce,Unión libre,19,1,2,529,1.94,37.7,71,7.4,5.9,8.0,7.8,7.5,8.6,7.53,6.5,31,10.0,5.8,9.2,1,3,4.2,3.8,56,25.1,58,49,28.1,9.1,26.0,10.3,10.5,10.5,3.9,1.6
SUJ-2524,Finanzas,Caracas,Posgrado,Holding,Casado,17,6,16,500,2.56,50.5,65,5.4,5.0,6.0,6.3,6.9,8.4,6.33,5.8,19,3.1,9.4,8.4,0,5,4.4,4.0,111,36.5,46,56,18.6,23.2,16.4,15.6,11.8,8.7,4.3,1.4
SUJ-2525,Inmuebles,Buenos Aires,Maestría,Startup escalada,Soltero,27,13,13,4356,4.84,50.8,59,7.0,4.3,7.4,4.7,7.4,4.5,5.88,6.6,20,8.2,5.4,7.3,1,0,4.1,2.8,2,23.4,66,59,34.3,12.5,14.9,15.1,9.8,5.9,6.4,1.1
SUJ-2526,Finanzas,Monterrey,Doctorado,Empresa propia,Casado,37,9,19,1677,16.68,56.1,53,8.2,5.6,5.8,6.7,5.5,5.9,6.28,6.9,22,6.6,8.4,6.8,0,1,4.2,1.4,13,41.4,60,65,24.4,19.4,16.9,14.7,13.9,8.4,1.8,0.5
SUJ-2527,Tecnología,Santiago,Bachillerato,Franquicia,Soltero,21,7,17,11376,38.65,60.8,66,7.2,6.5,6.9,4.2,7.1,9.0,6.82,5.3,4,3.8,9.6,9.1,0,2,6.4,2.0,2,44.5,37,63,32.5,7.7,22.3,13.7,12.1,6.9,4.0,0.8
SUJ-2528,Agroindustria,Medellín,Posgrado,Empresa propia,Soltero,24,1,6,8838,1.33,8.3,73,8.3,4.8,10.0,4.1,7.5,5.9,6.77,5.7,3,9.1,5.6,6.5,0,1,5.6,6.4,6,14.9,62,57,24.6,16.4,17.5,16.6,8.3,10.4,3.4,2.8
SUJ-2529,Tecnología,Medellín,Universitario,Holding,Casado,32,6,14,3154,1.61,47.3,85,6.9,5.9,9.6,7.5,7.9,8.6,7.73,6.1,24,7.4,7.6,8.3,4,5,5.8,0.8,1,24.3,36,35,24.8,18.9,17.4,13.6,14.1,6.1,3.7,1.4
SUJ-2530,Salud/Farma,CDMX,Posgrado,Empresa propia,Soltero,27,7,13,500,3.03,25.7,45,4.6,2.8,6.1,4.9,4.1,5.4,4.65,5.3,19,6.8,10.0,8.1,2,3,4.6,3.2,2,25.7,61,62,45.9,17.0,4.8,13.5,4.2,4.6,4.7,5.3
SUJ-2531,Manufactura,Medellín,Maestría,Startup escalada,Unión libre,20,1,2,1611,8.59,50.1,97,10.0,10.0,9.1,7.7,10.0,7.7,9.08,7.5,3,6.5,6.4,7.2,2,3,5.2,1.0,43,33.6,21,48,31.4,20.1,21.6,5.0,14.1,6.2,0.0,1.6
SUJ-2532,Servicios,Medellín,Universitario,Empresa propia,Unión libre,35,9,17,9412,4.38,9.3,62,5.1,5.7,6.0,5.5,5.8,7.1,5.87,8.1,23,5.1,7.9,4.7,1,2,5.1,2.4,44,30.2,45,67,25.9,23.2,18.9,10.3,15.0,2.3,1.6,2.8
SUJ-2533,Finanzas,Barranquilla,Posgrado,Empresa propia,Soltero,27,4,14,36974,13.33,51.7,67,6.4,7.2,6.2,3.8,7.6,7.6,6.47,6.5,24,6.2,7.3,9.8,2,3,4.9,0.0,127,41.5,41,58,37.8,2.3,17.6,14.8,13.6,6.2,5.6,2.1
SUJ-2534,Tecnología,Santiago,Maestría,Startup escalada,Soltero,24,8,13,3161,8.36,61.8,68,8.6,6.0,8.9,5.5,8.8,6.3,7.35,6.7,28,6.7,7.1,4.3,2,4,5.1,3.0,21,37.8,52,57,29.8,19.1,14.1,8.4,11.6,6.1,5.4,5.5
SUJ-2535,Inmuebles,Lima,Técnico,Franquicia,Soltero,25,7,15,12955,6.51,42.1,64,6.2,6.0,5.8,3.4,7.4,5.2,5.67,8.5,26,10.0,4.3,3.9,0,4,4.6,4.3,61,30.4,70,61,32.0,28.4,7.6,7.3,15.4,3.8,4.2,1.3
SUJ-2536,Servicios,Medellín,Maestría,Empresa propia,Unión libre,29,6,9,16145,1.0,18.6,68,4.6,5.4,7.7,5.7,7.5,8.6,6.58,7.1,26,2.7,9.1,8.7,0,0,5.3,0.0,54,29.0,34,61,32.7,22.9,10.2,11.2,11.1,6.0,5.2,0.7
SUJ-2537,Inmuebles,Lima,Posgrado,E-commerce,Casado,22,10,19,500,3.79,27.1,69,6.6,7.8,6.2,7.1,6.1,5.7,6.58,8.5,20,2.9,6.1,8.8,1,1,6.4,4.5,3,22.8,52,72,24.1,30.9,10.0,8.7,12.3,6.3,6.3,1.4
SUJ-2538,Tecnología,Barranquilla,Doctorado,Empresa propia,Soltero,35,8,14,19836,71.98,79.4,70,9.8,6.3,5.9,6.0,7.2,8.9,7.35,5.0,31,5.6,8.2,6.3,1,2,6.4,6.6,28,52.5,46,65,28.8,15.1,22.1,6.9,12.0,11.0,3.9,0.2
SUJ-2539,Inmuebles,Medellín,Universitario,Empresa familiar,Soltero,33,17,23,5021,3.47,27.9,94,10.0,7.5,8.3,6.2,9.0,9.6,8.43,7.4,29,4.0,7.9,10.0,2,1,5.0,3.6,19,34.4,28,54,30.4,15.9,16.0,12.8,14.1,2.6,7.3,0.9
SUJ-2540,Inmuebles,São Paulo,Técnico,E-commerce,Soltero,26,13,21,26647,4.37,25.8,62,6.6,3.0,7.5,5.1,6.6,6.3,5.85,8.7,18,3.8,8.3,5.9,4,1,4.8,3.9,24,30.2,60,64,25.9,20.8,17.2,12.3,11.0,7.1,4.0,1.7
SUJ-2541,Manufactura,Buenos Aires,Posgrado,Empresa propia,Unión libre,26,3,14,6187,1.0,37.8,97,9.1,8.5,10.0,7.0,10.0,10.0,9.1,10.0,0,8.7,7.3,9.1,2,1,5.6,3.2,105,29.8,46,57,32.6,8.1,20.0,15.3,11.4,8.1,2.3,2.2
SUJ-2542,Inmuebles,CDMX,Técnico,E-commerce,Soltero,20,11,19,2144,4.91,33.5,80,10.0,7.3,8.1,5.7,9.5,7.6,8.03,9.4,15,6.9,6.5,9.1,0,4,6.5,3.7,16,27.9,40,61,18.1,18.3,24.1,5.0,12.0,13.8,5.5,3.2
SUJ-2543,Servicios,Monterrey,Doctorado,Empresa propia,Soltero,22,4,6,29405,5.33,4.0,51,4.7,6.2,5.5,3.9,3.7,5.6,4.93,6.5,10,6.2,6.2,8.5,1,3,4.9,3.6,1,18.6,67,63,24.8,24.7,22.3,11.5,7.0,6.5,3.2,-0.0
SUJ-2544,Manufactura,Buenos Aires,Bachillerato,Startup escalada,Unión libre,19,2,5,2230,1.0,38.5,61,5.7,4.9,7.2,3.4,8.5,7.3,6.17,5.0,49,4.7,8.5,9.9,0,5,7.5,0.0,1,14.9,57,55,30.0,18.1,16.7,14.2,8.9,5.4,4.2,2.5
SUJ-2545,Tecnología,Bucaramanga,Maestría,Startup escalada,Unión libre,24,1,7,17129,1.07,46.8,59,7.6,4.2,6.0,5.2,5.7,5.4,5.68,6.9,11,7.3,8.4,6.4,0,2,5.7,4.0,16,29.3,42,55,26.8,22.5,15.5,7.3,13.0,10.5,1.8,2.6
SUJ-2546,Retail/Comercio,São Paulo,Posgrado,Startup escalada,Unión libre,26,5,13,1520,1.71,22.7,72,6.4,8.4,6.7,5.5,10.0,7.6,7.43,9.0,31,6.2,9.3,6.8,2,1,5.3,3.7,7,25.1,33,52,22.5,18.8,26.0,7.2,12.6,7.7,3.3,1.9
SUJ-2547,Tecnología,Bogotá,Universitario,Empresa propia,Soltero,17,11,13,8985,41.77,89.6,90,9.7,5.5,7.3,8.5,9.0,7.4,7.9,6.0,6,5.2,6.6,6.9,2,2,6.4,2.6,3,44.1,40,49,18.0,19.5,20.3,14.3,13.2,8.7,4.0,2.0
SUJ-2548,Retail/Comercio,Medellín,Bachillerato,Empresa propia,Casado,30,7,14,4238,1.0,25.1,83,6.8,5.8,9.6,7.0,9.3,9.0,7.92,7.1,6,8.7,6.5,9.7,0,2,4.7,1.3,5,19.8,45,56,16.7,14.3,21.2,13.9,13.4,9.0,9.9,1.6
SUJ-2549,Retail/Comercio,Lima,Posgrado,Empresa propia,Casado,20,9,18,28609,7.88,29.3,59,8.3,7.2,5.5,6.9,7.1,5.4,6.73,6.1,32,9.6,5.6,7.8,3,2,5.9,3.9,53,33.7,50,67,35.5,23.4,8.5,16.8,3.8,3.8,4.6,3.6
SUJ-2550,Tecnología,Bogotá,Posgrado,Holding,Soltero,28,1,5,1634,7.7,65.2,89,8.4,8.5,7.2,8.7,9.1,9.1,8.5,7.3,16,8.6,7.5,6.6,0,4,5.4,1.9,24,33.0,44,52,16.3,14.8,25.7,25.0,8.7,4.1,2.3,3.1
SUJ-2551,Finanzas,Cali,Universitario,E-commerce,Casado,30,6,19,4204,3.75,35.1,58,5.6,4.8,5.9,3.0,7.9,10.0,6.2,7.8,45,7.5,8.6,5.4,2,4,3.9,2.5,17,29.1,56,63,28.9,20.7,24.6,11.9,2.0,3.7,3.8,4.4
SUJ-2552,Tecnología,Medellín,Maestría,Franquicia,Soltero,33,3,6,8168,1.0,60.2,60,5.4,5.0,7.6,4.1,8.4,5.4,5.98,8.6,38,6.7,9.0,4.8,3,2,3.9,1.7,20,24.4,61,50,30.5,16.1,18.0,12.9,9.6,8.2,2.6,2.1
SUJ-2553,Inmuebles,Bucaramanga,Universitario,Startup escalada,Soltero,32,1,8,30396,1.52,44.6,86,7.1,6.9,9.3,4.9,9.0,10.0,7.87,5.9,18,3.0,7.8,9.7,2,2,4.9,3.4,22,30.2,40,38,29.7,19.2,10.9,14.4,10.9,11.7,3.1,0.1
SUJ-2554,Agroindustria,Barranquilla,Universitario,Empresa propia,Unión libre,35,2,2,2897,1.0,37.9,86,8.1,8.2,8.0,5.3,8.3,8.3,7.7,8.6,7,7.0,8.7,8.5,3,3,4.5,1.4,56,28.2,41,43,21.1,15.3,19.5,13.8,12.1,9.7,4.5,4.0
SUJ-2555,Tecnología,CDMX,Posgrado,Empresa propia,Soltero,30,7,12,4044,2.18,61.6,83,5.5,8.0,7.4,5.5,7.7,9.2,7.22,7.6,29,3.3,8.0,10.0,0,4,3.8,0.0,14,29.6,42,73,18.9,18.4,18.4,11.1,18.6,7.3,5.0,2.3
SUJ-2556,Agroindustria,Bucaramanga,Técnico,Empresa propia,Unión libre,27,9,14,4956,5.02,4.0,73,6.3,7.0,10.0,8.0,9.4,8.6,8.22,5.7,19,7.6,7.6,8.1,1,0,5.0,3.6,2,27.1,13,55,32.1,13.8,9.7,17.6,10.5,11.4,1.3,3.6
SUJ-2557,Retail/Comercio,Lima,Doctorado,Empresa propia,Soltero,23,3,8,2330,1.0,34.5,71,7.3,7.1,6.1,7.6,6.6,8.1,7.13,7.8,33,6.7,6.6,7.5,1,1,5.8,0.2,24,26.2,52,53,12.6,18.7,20.0,26.3,8.0,8.7,4.3,1.4
SUJ-2558,Finanzas,Barranquilla,Universitario,Empresa propia,Soltero,25,9,12,13601,1.3,29.3,56,6.2,5.8,6.1,5.0,6.9,6.3,6.05,7.5,38,4.1,10.0,8.3,0,3,4.5,0.9,27,29.9,55,57,12.9,20.7,21.2,15.4,10.9,9.0,8.1,1.8
SUJ-2559,Tecnología,Caracas,Técnico,E-commerce,Casado,35,10,14,772,3.44,69.6,72,7.4,3.0,6.3,5.0,8.7,5.1,5.92,8.6,16,7.9,5.5,10.0,1,1,5.5,3.3,27,34.3,72,62,33.6,22.5,5.6,13.4,15.0,6.6,2.1,1.2
SUJ-2560,Retail/Comercio,Monterrey,Universitario,Empresa propia,Casado,24,8,16,9760,9.34,43.4,63,6.0,6.0,7.8,3.0,6.6,7.7,6.18,6.3,27,3.0,6.9,6.6,0,1,5.3,2.6,52,36.9,54,69,17.9,18.3,13.9,21.0,15.2,6.7,3.9,3.1
SUJ-2561,Inmuebles,Barranquilla,Posgrado,Empresa propia,Soltero,25,3,2,6107,1.0,34.8,70,9.0,5.6,8.4,4.7,8.6,7.2,7.25,6.2,15,5.4,7.4,8.0,2,1,5.9,1.2,6,19.5,48,57,28.1,16.7,19.3,14.5,9.5,7.8,1.2,2.9
SUJ-2562,Inmuebles,Medellín,Posgrado,Startup escalada,Unión libre,34,5,4,2215,4.53,34.3,103,10.0,10.0,8.1,7.7,10.0,9.0,9.13,5.4,32,6.7,6.1,5.8,2,5,4.7,2.7,39,27.0,34,52,31.3,12.2,16.8,21.4,4.8,8.1,4.8,0.6
SUJ-2563,Tecnología,Bogotá,Posgrado,Empresa propia,Soltero,24,8,12,5431,3.47,52.3,77,7.8,4.7,7.9,4.9,8.3,7.0,6.77,4.4,12,6.2,6.4,4.6,1,1,5.7,5.9,139,31.5,51,62,26.4,7.0,28.1,10.4,12.4,7.6,4.6,3.5
SUJ-2564,Tecnología,Bogotá,Bachillerato,Holding,Unión libre,21,4,10,14173,4.32,52.0,57,6.2,3.6,2.8,6.1,5.3,4.5,4.75,7.0,31,4.4,6.0,8.3,0,1,5.5,2.3,10,27.2,65,68,36.1,21.2,12.9,5.7,16.6,3.3,3.9,0.3
SUJ-2565,Retail/Comercio,Lima,Universitario,Empresa propia,Soltero,32,9,12,4716,6.25,41.9,89,8.3,7.6,8.7,9.1,8.9,8.9,8.58,7.1,25,0.3,8.5,8.4,1,4,3.8,4.9,21,31.5,41,62,29.1,15.9,19.5,16.4,10.8,5.9,2.4,0.0
SUJ-2566,Finanzas,Barranquilla,Maestría,E-commerce,Unión libre,21,2,8,1039,1.0,43.7,90,8.0,5.9,4.7,5.8,8.8,8.2,6.9,4.8,7,7.4,7.5,7.7,1,0,5.0,3.3,14,16.5,46,35,23.6,22.9,11.9,19.9,11.7,8.9,1.2,-0.1
SUJ-2567,Finanzas,Bucaramanga,Bachillerato,Empresa familiar,Soltero,28,8,16,500,7.72,78.8,92,9.0,10.0,9.2,6.8,10.0,8.5,8.92,8.2,8,10.0,10.0,7.0,2,1,5.5,4.4,4,38.6,37,50,27.8,14.5,27.9,11.4,8.9,8.0,1.4,0.1
SUJ-2568,Finanzas,São Paulo,Maestría,Empresa propia,Casado,27,10,19,12033,32.54,50.5,66,8.4,6.5,6.4,4.8,7.9,7.7,6.95,8.4,20,7.2,8.4,9.1,1,1,6.2,2.3,77,47.9,33,80,28.1,16.3,23.2,16.6,10.0,2.6,0.7,2.5
SUJ-2569,Inmuebles,Lima,Técnico,E-commerce,Casado,27,7,18,3208,10.73,49.1,71,7.0,5.4,5.2,5.1,7.1,6.9,6.12,4.6,16,4.7,8.0,7.4,2,2,7.3,3.8,14,36.7,58,48,26.5,16.0,15.4,13.3,11.6,11.0,6.1,0.1
SUJ-2570,Agroindustria,Caracas,Maestría,Startup escalada,Soltero,17,3,4,21417,1.0,4.0,55,7.5,5.6,6.7,3.6,4.8,6.2,5.73,6.6,0,6.9,7.4,8.3,1,2,4.9,6.3,9,26.5,51,63,26.5,22.9,15.3,16.5,10.7,4.6,2.6,0.9
SUJ-2571,Retail/Comercio,CDMX,Universitario,E-commerce,Unión libre,30,1,4,7680,1.27,20.3,93,8.3,8.0,8.9,6.2,10.0,8.6,8.33,8.2,5,7.3,9.1,10.0,1,1,4.9,2.3,42,25.7,43,54,32.3,16.1,18.5,10.5,11.6,5.0,3.4,2.6
SUJ-2572,Servicios,Lima,Posgrado,Empresa propia,Soltero,25,2,5,4585,1.0,34.9,74,9.3,5.5,6.1,4.2,9.4,7.7,7.03,7.9,9,6.6,5.0,8.7,5,0,5.0,3.1,76,27.1,49,64,18.0,13.9,19.6,21.5,13.8,5.7,6.4,1.1
SUJ-2573,Finanzas,Lima,Técnico,Franquicia,Soltero,29,9,19,6649,25.84,52.6,54,6.0,3.3,6.9,5.1,7.7,4.9,5.65,6.1,28,5.5,9.2,9.3,2,0,4.1,1.5,8,43.4,51,74,37.6,12.4,21.6,7.9,2.7,8.7,7.8,1.3
SUJ-2574,Retail/Comercio,Monterrey,Bachillerato,Holding,Casado,29,6,10,4887,5.9,28.8,95,10.0,6.4,8.8,7.9,10.0,7.6,8.45,9.3,21,7.0,7.0,8.1,1,2,5.5,0.3,14,25.2,17,63,30.1,19.7,9.3,14.9,8.6,6.2,8.0,3.2
SUJ-2575,Finanzas,Buenos Aires,Universitario,Startup escalada,Soltero,27,4,11,18899,6.03,62.9,63,9.6,5.0,7.1,6.8,6.2,6.1,6.8,4.8,12,6.2,4.9,4.4,1,1,5.3,0.8,6,30.5,50,74,23.2,11.4,19.1,19.0,19.7,3.8,2.0,1.8
SUJ-2576,Manufactura,Medellín,Técnico,Empresa propia,Soltero,23,8,9,4900,1.0,54.5,67,9.9,7.2,6.4,3.7,7.0,6.4,6.77,6.5,17,10.0,6.0,9.3,0,0,4.6,3.5,9,22.5,47,65,10.7,19.9,17.8,12.9,21.5,7.3,6.8,3.1
SUJ-2577,Salud/Farma,Monterrey,Universitario,Empresa propia,Soltero,23,1,5,879,1.0,10.5,58,4.6,6.1,6.0,3.0,4.4,5.5,4.93,8.9,31,5.3,9.5,8.8,3,0,5.8,4.5,5,22.3,69,57,17.2,22.1,16.2,17.5,20.0,5.9,1.1,-0.0
SUJ-2578,Manufactura,Bogotá,Posgrado,Empresa propia,Casado,25,6,9,7272,3.08,38.8,56,7.4,8.0,8.2,2.6,6.9,6.3,6.57,7.6,37,6.1,8.0,7.7,1,1,3.9,2.5,6,25.7,54,47,21.5,14.3,18.3,17.8,10.8,9.7,5.1,2.5
SUJ-2579,Finanzas,Bogotá,Posgrado,Empresa propia,Soltero,27,2,10,7803,12.42,41.9,78,7.0,5.6,6.9,4.7,9.3,9.4,7.15,6.7,7,4.1,10.0,6.0,0,1,3.8,2.2,12,32.3,51,39,30.0,19.8,17.1,6.4,12.7,7.8,3.4,2.8
SUJ-2580,Manufactura,São Paulo,Maestría,Empresa propia,Casado,23,2,4,11596,5.52,36.8,63,7.3,4.0,6.9,7.1,6.3,4.8,6.07,10.0,15,6.2,6.7,9.2,2,1,5.8,4.5,30,31.3,39,65,14.4,27.2,18.6,14.7,11.4,7.0,6.0,0.7
SUJ-2581,Tecnología,Cali,Posgrado,Empresa propia,Casado,31,5,17,21658,18.28,46.0,52,6.7,4.6,6.1,3.1,5.5,6.5,5.42,6.7,26,7.7,7.6,7.7,0,0,5.5,1.8,48,42.7,57,57,31.3,22.2,16.6,17.0,4.6,5.1,2.8,0.4
SUJ-2582,Servicios,Cali,Posgrado,Empresa propia,Unión libre,24,16,23,4682,3.41,29.5,86,9.6,7.8,6.6,6.8,6.4,10.0,7.87,4.9,18,5.7,7.5,7.2,0,1,6.1,2.9,5,22.0,34,50,35.2,18.7,9.0,10.0,14.9,9.6,2.3,0.3
SUJ-2583,Retail/Comercio,São Paulo,Universitario,Empresa propia,Unión libre,20,9,12,3471,12.79,37.1,79,6.7,7.3,8.2,8.3,9.2,8.8,8.08,5.5,34,8.3,5.5,7.6,0,1,6.0,7.0,28,32.5,41,51,36.4,15.1,15.1,12.5,11.9,3.4,4.3,1.3
SUJ-2584,Retail/Comercio,Bucaramanga,Universitario,Empresa familiar,Casado,29,2,9,5398,5.25,18.6,96,8.0,8.4,6.8,7.6,10.0,9.5,8.38,9.7,11,8.2,7.5,5.7,3,1,5.4,7.0,167,30.4,39,72,25.6,14.4,21.3,11.4,14.4,7.5,3.2,2.2
SUJ-2585,Manufactura,Bogotá,Universitario,Empresa propia,Casado,37,11,14,18436,1.42,18.1,67,6.0,6.2,9.7,4.8,7.6,7.3,6.93,5.0,17,7.5,8.0,8.2,3,1,6.2,4.9,16,19.4,30,42,38.1,13.4,14.4,10.6,7.6,12.5,3.4,0.0
SUJ-2586,Manufactura,Buenos Aires,Maestría,Empresa propia,Soltero,18,2,4,31289,4.21,22.2,73,8.3,5.6,9.3,2.4,7.4,8.2,6.87,9.2,24,8.7,7.4,7.2,0,2,7.4,3.5,10,26.3,41,70,19.7,22.9,10.8,10.1,8.4,19.8,6.7,1.6
SUJ-2587,Tecnología,Monterrey,Universitario,Empresa propia,Soltero,25,12,20,28388,6.77,29.6,75,8.1,5.9,4.7,5.6,7.4,3.8,5.92,6.8,22,6.5,9.9,8.0,1,1,4.4,5.3,17,36.4,47,63,19.3,28.4,9.5,12.0,16.3,8.3,4.3,1.9
SUJ-2588,Manufactura,CDMX,Bachillerato,Empresa familiar,Casado,32,3,14,2087,3.33,31.2,74,8.1,8.4,8.9,6.3,7.7,5.0,7.4,10.0,18,4.9,6.9,6.2,1,1,4.8,0.0,30,26.6,51,74,26.3,19.9,19.0,18.2,11.3,3.3,1.3,0.7
SUJ-2589,Finanzas,Buenos Aires,Posgrado,Startup escalada,Unión libre,29,7,14,5495,18.83,68.7,76,6.6,5.0,7.6,5.7,9.3,7.8,7.0,8.3,24,7.1,7.6,10.0,2,1,5.7,1.9,30,42.5,51,66,30.0,19.7,17.3,15.0,6.5,9.3,1.7,0.5
SUJ-2590,Inmuebles,Caracas,Universitario,Startup escalada,Casado,29,15,17,2403,1.0,14.1,68,7.2,6.3,4.8,5.2,7.2,7.0,6.28,7.5,28,3.1,5.6,7.8,0,0,5.6,3.1,32,19.0,51,73,20.9,11.4,30.5,12.0,11.2,10.9,2.9,0.2
SUJ-2591,Servicios,São Paulo,Maestría,Empresa propia,Soltero,26,5,8,3670,4.79,31.3,48,4.8,6.1,2.9,2.5,4.9,7.0,4.7,4.7,16,4.6,6.6,7.0,3,2,6.0,0.0,96,32.6,48,50,29.3,15.2,18.8,18.7,5.1,7.4,4.4,1.1
SUJ-2592,Inmuebles,Cali,Maestría,Startup escalada,Soltero,17,14,25,500,3.87,36.5,76,7.1,5.2,7.4,8.4,10.0,7.5,7.6,6.5,20,6.8,5.1,5.3,1,4,4.9,2.3,12,24.3,32,61,22.4,21.3,19.1,9.6,12.1,9.6,4.5,1.4
SUJ-2593,Retail/Comercio,Barranquilla,Bachillerato,Franquicia,Casado,27,6,15,1400,9.0,18.8,80,8.1,5.5,10.0,5.7,7.4,7.1,7.3,8.9,9,2.7,7.7,8.0,0,0,5.6,1.9,47,29.2,37,67,26.8,17.4,23.3,5.9,7.5,11.5,5.8,1.8
SUJ-2594,Retail/Comercio,Buenos Aires,Técnico,Empresa propia,Casado,28,6,8,4047,1.0,57.0,68,5.2,6.3,10.0,6.4,6.6,5.2,6.62,10.0,13,5.7,8.3,7.5,2,3,5.4,3.4,24,28.6,31,63,23.1,16.8,16.5,18.7,13.4,0.9,6.3,4.3
SUJ-2595,Tecnología,São Paulo,Universitario,E-commerce,Casado,32,3,7,3629,3.96,68.5,106,10.0,9.2,10.0,7.9,10.0,9.6,9.45,5.0,13,10.0,8.6,10.0,3,1,5.9,3.3,32,40.2,21,48,21.6,18.7,17.9,12.5,14.6,2.8,7.7,4.2
SUJ-2596,Inmuebles,Buenos Aires,Posgrado,Startup escalada,Casado,21,12,19,2615,5.22,49.0,66,5.3,5.4,5.4,4.8,7.7,5.9,5.75,6.2,22,7.9,7.8,7.0,1,1,4.1,0.2,18,30.0,52,58,23.0,18.4,20.5,13.2,5.2,11.0,7.6,1.1
SUJ-2597,Finanzas,Caracas,Universitario,Startup escalada,Soltero,36,5,10,2094,1.0,48.7,64,6.2,6.3,9.2,4.7,7.1,7.0,6.75,5.5,21,5.7,7.6,8.3,4,0,5.5,2.9,17,23.1,49,62,20.1,21.4,15.7,14.2,18.8,6.5,3.2,0.1
SUJ-2598,Retail/Comercio,Buenos Aires,Maestría,Startup escalada,Unión libre,24,14,27,11057,1.23,7.2,78,8.8,4.5,6.3,7.5,8.0,8.6,7.28,7.5,33,4.5,7.4,6.8,3,2,5.4,7.0,32,27.0,43,59,33.7,21.1,14.4,10.6,8.1,6.9,3.9,1.3
SUJ-2599,Finanzas,Buenos Aires,Posgrado,Startup escalada,Casado,23,4,7,2791,1.75,50.5,75,5.8,5.6,7.0,5.1,8.3,6.2,6.33,8.4,13,7.1,7.5,6.8,3,1,4.8,4.5,2,19.6,58,65,22.1,21.4,21.2,3.2,15.1,10.8,4.7,1.5
SUJ-2600,Tecnología,Buenos Aires,Universitario,Empresa propia,Soltero,21,5,13,9808,12.09,50.6,51,4.3,6.3,6.6,4.8,5.1,6.5,5.6,6.7,16,4.4,5.8,9.8,1,2,5.4,1.5,57,37.6,49,48,24.2,17.6,12.4,17.9,12.6,10.2,4.0,1.1
SUJ-2601,Manufactura,Cali,Bachillerato,Franquicia,Soltero,32,11,18,3678,1.61,39.1,83,9.5,4.6,9.9,6.8,9.4,5.2,7.57,7.1,15,9.6,7.7,7.4,2,3,5.3,0.6,5,24.4,37,75,27.2,24.7,11.3,15.5,10.6,7.7,3.0,-0.0
SUJ-2602,Tecnología,Bogotá,Maestría,Empresa propia,Unión libre,19,6,6,12955,1.0,44.1,66,5.6,8.5,5.2,4.2,8.5,8.3,6.72,8.6,50,3.7,6.4,6.7,1,4,4.7,3.0,4,18.9,65,62,24.3,8.5,23.8,11.1,20.9,5.8,2.9,2.7
SUJ-2603,Inmuebles,Lima,Universitario,Startup escalada,Unión libre,29,8,6,1464,1.0,50.4,89,9.9,7.3,8.4,5.6,8.8,7.6,7.93,8.1,31,5.2,7.6,7.4,2,2,5.9,1.7,3,15.6,34,52,27.9,9.0,16.6,20.6,14.7,5.5,2.8,2.9
SUJ-2604,Finanzas,Buenos Aires,Maestría,Empresa propia,Soltero,21,2,7,1372,1.67,39.4,78,8.4,8.7,8.6,6.6,8.8,9.1,8.37,5.4,13,5.6,6.1,5.6,1,4,4.8,2.7,33,22.2,48,51,41.5,20.4,12.6,6.0,5.7,9.1,2.2,2.5
SUJ-2605,Tecnología,Buenos Aires,Universitario,Startup escalada,Soltero,25,7,14,9107,8.2,62.3,69,5.7,7.5,3.6,7.8,7.6,6.2,6.4,5.7,12,8.4,9.1,6.6,1,3,3.4,3.8,16,38.5,52,54,22.3,27.6,17.7,5.5,13.7,5.3,5.4,2.5
SUJ-2606,Retail/Comercio,Medellín,Posgrado,Empresa propia,Soltero,17,8,20,19712,10.62,17.9,90,9.3,7.8,6.0,5.0,10.0,9.0,7.85,8.6,9,7.0,10.0,9.6,5,3,4.6,0.9,42,34.2,36,57,24.5,20.6,15.2,16.9,13.3,3.2,3.3,3.0
SUJ-2607,Tecnología,Bogotá,Maestría,Empresa propia,Soltero,30,13,16,1234,3.45,51.9,65,7.5,6.1,4.4,4.5,7.4,6.1,6.0,7.6,28,3.3,6.1,7.2,0,0,6.1,3.1,616,44.1,58,65,23.0,15.8,16.7,15.4,18.4,9.9,0.3,0.5
SUJ-2608,Finanzas,Lima,Maestría,Empresa propia,Casado,25,5,13,612,5.05,29.4,54,4.4,7.4,6.2,4.5,7.6,6.6,6.12,8.3,39,2.5,6.6,9.9,1,2,5.5,0.6,4,26.5,64,53,34.8,17.0,16.5,12.1,9.5,7.3,0.9,1.9
SUJ-2609,Inmuebles,CDMX,Universitario,Empresa propia,Casado,29,8,13,21822,5.31,32.7,54,6.2,3.6,6.7,4.6,9.2,4.6,5.82,4.7,26,7.3,6.8,8.1,3,1,5.2,1.0,41,28.2,60,50,32.2,17.4,15.5,14.8,8.2,8.6,2.5,0.8
SUJ-2610,Tecnología,CDMX,Universitario,Startup escalada,Casado,24,11,23,998,4.97,38.3,76,8.9,6.4,9.2,5.7,9.2,5.8,7.53,8.8,20,2.2,7.6,10.0,3,2,5.7,3.0,26,29.5,27,64,17.2,15.2,26.1,12.9,14.0,6.0,6.3,2.3
SUJ-2611,Servicios,Barranquilla,Maestría,Empresa propia,Casado,29,7,13,2305,7.11,29.9,97,9.5,7.2,9.5,10.0,10.0,10.0,9.37,6.5,12,5.6,9.3,7.7,1,0,3.7,3.1,103,38.4,31,65,24.1,22.0,19.0,13.1,9.1,7.8,2.6,2.3
SUJ-2612,Tecnología,São Paulo,Universitario,Franquicia,Soltero,25,11,15,21216,37.0,62.2,70,7.8,5.0,10.0,5.2,7.4,6.5,6.98,8.1,33,5.5,5.4,10.0,1,2,4.5,3.9,3,44.9,49,47,21.4,22.6,21.6,11.8,13.0,5.8,3.9,-0.1
SUJ-2613,Finanzas,Santiago,Universitario,Empresa propia,Soltero,30,16,23,12993,105.84,47.9,83,8.7,8.5,8.9,4.4,8.3,10.0,8.13,7.3,18,5.3,7.5,6.8,3,1,6.6,3.1,1,43.4,50,55,30.5,24.9,13.7,8.1,13.0,5.8,2.9,1.1
SUJ-2614,Inmuebles,Monterrey,Maestría,Empresa propia,Soltero,29,7,14,3357,7.02,22.6,77,9.2,7.1,9.5,7.9,8.7,8.3,8.45,8.9,30,6.9,9.9,10.0,3,3,5.2,5.2,10,32.8,48,67,31.7,24.7,3.2,19.2,7.9,7.8,4.0,1.5
SUJ-2615,Finanzas,Medellín,Universitario,Empresa propia,Soltero,27,12,23,24725,495.55,53.8,67,7.7,6.4,8.2,3.9,6.4,8.3,6.82,8.0,39,10.0,5.7,8.8,2,1,5.5,3.2,13,54.8,50,69,23.1,22.1,16.6,11.6,9.5,8.0,7.8,1.3
SUJ-2616,Tecnología,Bogotá,Bachillerato,Empresa propia,Soltero,20,9,15,6715,14.02,65.7,50,5.1,5.2,5.9,4.1,7.4,7.0,5.78,6.8,12,5.7,9.6,6.3,0,2,4.7,5.7,5,35.0,57,65,27.3,14.1,17.3,17.0,8.9,7.0,5.5,2.9
SUJ-2617,Finanzas,Bogotá,Bachillerato,Startup escalada,Casado,23,10,18,599,3.34,45.7,75,7.5,7.5,9.7,4.9,9.1,7.0,7.62,6.3,35,5.6,6.5,3.6,3,1,6.0,0.4,8,28.0,45,50,28.8,26.6,14.5,14.9,8.9,3.0,0.0,3.3
SUJ-2618,Finanzas,Santiago,Posgrado,Franquicia,Casado,21,9,9,9713,1.22,42.1,83,6.4,6.8,9.0,5.4,8.4,8.2,7.37,7.4,23,3.2,5.9,7.6,0,3,6.5,2.9,23,20.1,59,57,18.5,21.8,13.4,15.1,16.4,7.0,6.0,1.8
SUJ-2619,Servicios,Barranquilla,Posgrado,Empresa propia,Casado,34,11,13,6165,1.97,4.5,78,4.3,8.1,6.8,4.4,9.2,8.2,6.83,6.6,25,6.3,10.0,6.6,0,0,5.3,3.8,31,25.9,57,53,38.1,12.3,11.3,10.3,13.3,6.9,4.7,3.1
SUJ-2620,Finanzas,Bucaramanga,Universitario,E-commerce,Casado,30,11,16,6800,10.11,51.1,68,6.3,5.8,7.2,6.3,10.0,6.0,6.93,10.0,32,5.0,9.8,10.0,0,0,3.6,0.9,10,35.0,51,63,28.1,10.3,19.3,15.8,18.9,4.8,2.1,0.7
SUJ-2621,Inmuebles,Cali,Universitario,Empresa propia,Casado,26,6,12,41068,4.11,46.5,65,8.8,5.8,6.2,6.5,7.7,6.0,6.83,5.7,2,6.7,4.8,8.8,0,2,5.2,2.3,18,22.8,35,59,38.5,14.2,18.0,14.1,10.3,1.0,3.4,0.5
SUJ-2622,Servicios,Barranquilla,Universitario,Empresa propia,Casado,22,5,8,1323,1.0,42.1,64,7.9,5.2,5.5,5.8,8.2,6.7,6.55,7.5,29,6.9,9.5,7.1,0,2,6.4,2.4,9,27.2,51,70,18.3,16.1,19.0,18.4,17.2,4.0,5.4,1.6
SUJ-2623,Retail/Comercio,Caracas,Posgrado,E-commerce,Soltero,21,8,15,8555,9.94,31.7,63,4.9,5.4,5.6,7.0,7.6,8.0,6.42,6.1,24,6.6,8.7,7.5,1,5,4.0,2.0,43,41.1,55,53,30.0,9.7,16.0,17.1,11.4,11.5,2.4,1.9
SUJ-2624,Servicios,Lima,Bachillerato,Empresa propia,Unión libre,26,1,5,4910,1.77,4.0,73,6.2,6.7,8.2,4.7,8.5,7.5,6.97,9.5,30,2.7,8.7,8.0,4,2,3.8,4.2,5,15.7,42,50,27.1,15.7,21.6,13.6,12.3,6.0,2.3,1.4
SUJ-2625,Finanzas,Barranquilla,Doctorado,Holding,Soltero,37,9,21,2538,4.8,41.5,70,6.6,6.0,5.1,5.2,7.8,7.5,6.37,8.7,24,5.8,6.7,9.9,1,1,5.7,3.4,8,29.1,58,73,27.3,18.6,16.5,6.2,15.0,6.8,5.7,3.9
SUJ-2626,Salud/Farma,Santiago,Universitario,E-commerce,Soltero,26,10,15,9461,9.75,43.1,79,7.9,5.7,8.1,5.2,10.0,8.7,7.6,4.7,17,5.6,8.6,8.2,0,0,4.6,3.5,71,39.2,54,46,22.1,24.6,10.7,10.4,14.4,10.8,4.3,2.7
SUJ-2627,Tecnología,Santiago,Doctorado,Startup escalada,Soltero,33,6,14,8826,16.17,63.9,59,5.4,5.0,5.5,5.4,4.8,7.6,5.62,7.6,17,4.6,8.8,7.7,3,1,3.0,2.0,3,39.6,52,58,40.6,17.0,19.6,6.7,8.8,4.1,2.2,1.0
SUJ-2628,Manufactura,Monterrey,Técnico,Empresa familiar,Unión libre,27,7,12,15531,1.0,10.3,72,6.6,5.8,5.8,5.9,8.6,8.1,6.8,7.6,18,5.7,7.5,7.5,0,3,4.7,3.6,17,20.8,46,65,38.1,13.6,12.9,10.7,8.9,8.0,5.9,1.9
SUJ-2629,Retail/Comercio,Medellín,Maestría,Empresa propia,Unión libre,29,10,16,16887,22.34,56.1,72,9.0,6.0,7.1,3.7,7.9,7.0,6.78,6.7,28,6.8,10.0,9.3,2,3,7.2,0.5,31,43.0,37,46,24.3,19.2,12.9,17.1,11.5,9.7,5.2,0.1
SUJ-2630,Finanzas,Caracas,Universitario,Empresa propia,Casado,23,10,18,6600,8.42,32.9,65,5.8,3.3,6.9,6.9,8.7,6.4,6.33,7.6,38,5.5,4.1,7.4,0,1,5.6,2.6,130,32.7,60,59,29.5,10.9,14.7,19.0,12.3,7.0,4.6,2.0
SUJ-2631,Manufactura,Buenos Aires,Técnico,Empresa propia,Casado,24,10,16,3151,1.0,19.3,76,8.4,7.5,10.0,4.7,9.6,4.2,7.4,8.2,6,7.6,7.8,9.0,1,3,6.3,3.9,10,24.2,45,68,28.3,22.4,14.9,10.8,11.3,7.8,3.4,1.1
SUJ-2632,Inmuebles,São Paulo,Maestría,Empresa propia,Casado,21,10,14,6033,3.18,38.7,60,7.4,5.2,4.9,2.8,7.9,5.3,5.58,8.0,12,6.0,6.7,7.4,2,4,4.2,2.0,2,22.5,45,59,23.5,17.8,11.8,16.5,14.1,13.7,1.5,1.1
SUJ-2633,Tecnología,CDMX,Maestría,Startup escalada,Unión libre,27,7,14,3560,2.33,51.3,88,10.0,7.8,8.8,5.0,8.5,9.3,8.23,4.7,16,7.1,9.2,7.0,2,1,5.4,2.2,14,36.4,38,51,21.4,19.2,19.1,13.0,15.9,6.3,4.1,1.0
SUJ-2634,Tecnología,Santiago,Universitario,Startup escalada,Casado,24,7,12,2598,4.28,47.8,78,7.2,7.3,8.3,7.6,10.0,6.6,7.83,4.1,2,4.1,8.9,9.0,1,2,4.9,1.4,19,35.3,39,45,25.0,16.5,11.0,15.4,18.0,10.8,0.8,2.5
SUJ-2635,Inmuebles,Monterrey,Maestría,E-commerce,Unión libre,28,8,16,6416,1.06,31.9,80,6.7,5.4,7.7,8.3,8.3,6.9,7.22,2.3,10,7.7,6.9,6.7,2,2,4.4,1.9,22,21.6,29,37,26.3,9.6,19.4,9.0,12.2,15.0,6.4,2.1
SUJ-2636,Manufactura,Cali,Posgrado,E-commerce,Soltero,20,12,22,8582,15.13,39.2,71,5.5,6.9,9.1,5.4,9.3,8.3,7.42,6.8,15,7.7,8.2,7.5,3,2,4.7,4.2,14,36.4,41,42,22.3,10.7,24.1,15.2,10.8,8.2,6.3,2.4
SUJ-2637,Salud/Farma,CDMX,Maestría,Empresa propia,Soltero,28,8,17,7143,10.53,53.6,68,8.1,4.6,7.3,6.4,8.1,5.6,6.68,6.1,24,4.7,5.5,9.5,4,2,5.8,0.0,4,34.9,43,59,26.7,20.8,16.7,17.3,5.8,9.0,1.9,1.8
SUJ-2638,Inmuebles,Bucaramanga,Universitario,E-commerce,Casado,27,12,14,24706,2.68,35.9,63,7.2,6.0,7.8,3.9,7.6,5.5,6.33,7.4,25,7.2,9.3,8.4,4,1,7.0,3.5,1,19.4,47,76,45.6,10.7,14.5,7.4,11.2,4.9,4.8,0.9
SUJ-2639,Agroindustria,Bogotá,Posgrado,Startup escalada,Soltero,26,1,2,2837,1.0,10.5,61,6.4,3.1,5.5,5.7,6.7,5.4,5.47,6.3,14,8.2,5.2,10.0,0,2,6.1,2.5,1,13.5,52,64,17.8,20.2,16.4,13.0,14.5,12.9,1.8,3.4
SUJ-2640,Inmuebles,Cali,Universitario,E-commerce,Unión libre,28,8,22,3726,2.75,33.2,52,6.2,1.9,4.0,4.9,4.1,4.0,4.18,6.8,42,5.8,7.3,6.7,2,1,3.9,1.9,3,21.1,57,62,17.7,20.7,14.0,13.5,18.3,7.8,7.4,0.6
SUJ-2641,Finanzas,Bucaramanga,Universitario,Empresa propia,Soltero,24,7,15,8812,47.27,75.7,74,8.1,7.5,7.1,4.2,10.0,6.6,7.25,7.2,17,1.8,6.6,8.6,4,2,4.8,3.4,11,46.7,54,71,25.0,27.9,9.0,5.8,16.5,11.3,3.7,0.8
SUJ-2642,Tecnología,CDMX,Maestría,Holding,Unión libre,48,1,8,7337,7.77,63.8,82,7.9,7.6,7.7,6.3,9.4,4.8,7.28,4.0,26,8.5,9.5,10.0,0,3,3.6,0.9,6,38.3,46,51,29.3,10.7,20.8,17.4,14.0,4.4,3.3,0.1
SUJ-2643,Inmuebles,Cali,Técnico,Empresa propia,Soltero,28,1,5,500,4.22,50.5,56,5.8,4.8,5.5,4.7,6.3,8.9,6.0,8.5,24,6.2,6.7,8.0,2,2,3.8,3.3,117,33.9,58,57,23.7,25.9,18.3,11.4,7.4,5.4,5.2,2.7
SUJ-2644,Manufactura,Monterrey,Técnico,E-commerce,Casado,26,8,7,2995,2.7,36.4,90,8.8,7.4,8.9,5.7,10.0,8.4,8.2,7.0,26,5.8,9.9,8.6,1,1,5.6,2.0,83,32.7,46,54,29.8,20.1,12.9,14.4,13.5,5.1,2.9,1.3
SUJ-2645,Tecnología,Bucaramanga,Posgrado,E-commerce,Soltero,30,7,6,2341,1.0,65.6,51,8.6,2.6,5.0,5.3,5.9,5.6,5.5,5.3,32,5.8,9.4,9.9,2,3,3.9,1.4,4,25.0,53,56,36.5,17.3,11.1,11.0,13.8,5.8,1.7,2.8
SUJ-2646,Finanzas,Bogotá,Posgrado,Franquicia,Casado,22,10,15,14656,6.65,48.8,84,9.6,7.0,7.5,4.9,8.2,5.7,7.15,6.9,21,6.5,4.6,9.6,0,7,5.7,2.5,5,28.9,60,65,19.8,34.5,10.9,17.1,9.4,0.9,5.2,2.2
SUJ-2647,Agroindustria,Buenos Aires,Universitario,Holding,Soltero,22,1,8,16094,1.34,39.5,61,5.1,5.5,8.4,6.0,6.5,5.3,6.13,5.4,31,4.5,10.0,10.0,2,0,5.5,3.7,9,25.7,51,59,24.9,9.2,20.2,16.4,11.3,11.7,4.4,1.9
SUJ-2648,Retail/Comercio,Monterrey,Universitario,Startup escalada,Unión libre,30,11,23,2671,4.51,4.0,87,9.2,6.6,7.0,8.9,8.9,8.6,8.2,8.1,30,10.0,5.8,6.5,1,2,4.8,3.2,1,24.0,48,53,23.1,14.1,15.7,17.8,16.0,8.0,3.6,1.7
SUJ-2649,Retail/Comercio,Lima,Doctorado,Empresa propia,Casado,31,11,18,861,1.1,36.4,83,8.2,6.7,9.9,7.1,8.4,6.5,7.8,8.0,28,6.0,7.5,8.1,4,2,4.2,2.2,86,27.0,38,52,21.9,23.8,14.0,13.6,12.8,9.9,2.9,1.1
SUJ-2650,Retail/Comercio,Bogotá,Universitario,Empresa familiar,Soltero,33,1,9,1837,10.91,35.1,108,10.0,7.4,10.0,9.1,10.0,10.0,9.42,7.2,24,9.5,8.7,8.6,2,3,6.1,2.3,18,38.2,25,56,31.9,13.5,17.5,9.7,15.2,7.0,3.9,1.3
SUJ-2651,Tecnología,Medellín,Posgrado,E-commerce,Unión libre,17,12,16,1554,5.12,40.2,64,8.4,3.7,8.2,6.3,8.7,6.8,7.02,7.1,11,6.8,8.8,7.4,3,2,4.5,1.3,10,27.6,53,63,38.1,17.4,11.5,14.0,8.4,7.3,2.5,0.8
SUJ-2652,Finanzas,Barranquilla,Maestría,Holding,Soltero,25,14,18,2168,29.04,52.9,42,5.2,4.3,6.5,4.9,6.0,4.3,5.2,9.0,13,5.9,8.3,6.0,2,3,5.7,1.9,18,36.7,56,69,21.0,30.5,22.5,8.0,10.3,3.5,3.7,0.5
SUJ-2653,Finanzas,Caracas,Universitario,Startup escalada,Soltero,27,2,3,2139,1.85,56.4,47,5.4,2.8,5.2,3.6,5.8,5.2,4.67,8.6,4,4.9,8.0,6.9,2,1,4.0,2.1,90,31.8,67,73,24.0,7.8,22.1,23.6,11.6,5.1,2.7,3.1
SUJ-2654,Tecnología,Medellín,Doctorado,Franquicia,Soltero,30,7,9,5228,2.72,28.2,70,5.9,6.6,6.1,6.1,5.5,6.4,6.1,4.7,32,6.3,6.7,3.6,1,3,5.0,0.5,3,21.9,55,43,21.2,24.2,14.5,6.4,15.4,11.4,3.7,3.2
SUJ-2655,Inmuebles,São Paulo,Maestría,Startup escalada,Unión libre,29,7,9,3081,1.04,36.8,75,8.4,6.8,7.0,6.4,8.9,5.1,7.1,6.3,23,6.3,8.2,8.4,1,1,7.4,0.0,11,19.7,47,58,27.4,33.1,7.9,8.2,13.5,5.1,4.7,0.1
SUJ-2656,Retail/Comercio,Santiago,Universitario,Empresa propia,Soltero,20,1,6,6564,2.84,46.6,63,8.1,6.8,6.5,3.2,6.6,6.8,6.33,8.3,33,0.0,7.3,4.8,0,5,4.5,1.0,38,26.6,55,62,28.9,17.4,17.3,11.3,7.5,8.2,5.1,4.3
SUJ-2657,Servicios,Buenos Aires,Posgrado,Empresa propia,Soltero,29,5,5,3374,10.96,45.7,77,8.2,6.9,5.9,5.4,8.8,6.0,6.87,8.9,9,3.9,8.1,6.7,2,2,4.4,4.3,15,37.0,41,63,34.4,11.8,19.2,11.9,11.3,3.9,4.4,3.1
SUJ-2658,Servicios,Lima,Posgrado,Holding,Unión libre,27,12,15,13485,1.0,30.9,84,8.6,10.0,8.7,5.4,9.6,8.2,8.42,10.0,22,6.0,4.6,9.3,4,2,3.6,4.2,6,12.2,53,51,24.0,19.7,19.6,11.7,4.8,12.2,6.1,1.9
SUJ-2659,Tecnología,Lima,Posgrado,Startup escalada,Casado,27,3,9,24093,2.03,51.3,80,7.7,6.3,7.2,5.5,8.4,9.2,7.38,8.4,16,6.1,10.0,7.3,2,0,5.8,4.9,3,29.3,42,56,29.2,10.4,23.3,17.1,7.3,6.8,4.0,1.9
SUJ-2660,Manufactura,Barranquilla,Maestría,Startup escalada,Soltero,19,14,12,4139,1.2,38.5,72,8.4,6.6,7.5,7.0,7.2,7.1,7.3,4.6,13,1.5,9.1,8.2,1,3,7.2,2.9,13,24.8,35,55,23.9,15.7,18.1,14.0,15.7,7.3,2.4,2.9
SUJ-2661,Retail/Comercio,Bucaramanga,Universitario,Holding,Casado,20,8,19,500,12.12,16.7,61,5.2,4.5,6.1,4.3,7.5,6.5,5.68,6.9,13,5.9,7.8,10.0,2,2,4.2,4.0,57,37.3,61,52,27.4,25.7,13.6,14.2,7.5,7.2,0.4,4.0
SUJ-2662,Servicios,Barranquilla,Universitario,E-commerce,Unión libre,36,4,16,2191,1.0,33.2,84,7.0,8.3,9.4,5.8,7.8,6.9,7.53,8.6,50,8.5,8.4,7.6,0,0,4.5,2.7,27,23.2,35,75,12.3,27.1,21.0,10.6,10.8,13.1,3.1,2.0
SUJ-2663,Tecnología,Santiago,Universitario,Empresa propia,Soltero,31,7,17,859,6.07,51.9,91,10.0,7.7,9.4,7.0,10.0,7.0,8.52,4.6,30,6.6,8.7,8.4,0,2,5.9,0.0,49,38.0,34,52,29.6,19.4,19.9,7.3,11.9,6.0,4.0,1.9
SUJ-2664,Manufactura,Medellín,Bachillerato,Empresa familiar,Casado,25,1,8,3382,1.02,41.5,64,5.0,3.3,5.7,4.8,7.5,7.8,5.68,7.8,16,6.9,8.5,9.2,0,3,5.4,3.9,121,30.7,61,72,23.7,23.0,22.6,6.3,14.1,6.9,1.2,2.2
SUJ-2665,Manufactura,São Paulo,Bachillerato,Empresa propia,Casado,25,8,15,8287,6.01,18.3,56,5.5,3.9,6.1,3.5,7.4,7.0,5.57,6.4,11,8.9,8.7,6.8,0,1,5.8,0.5,5,23.9,45,54,27.9,19.3,23.0,8.3,10.1,5.5,2.9,3.0
SUJ-2666,Finanzas,Lima,Maestría,Holding,Casado,39,6,14,5853,13.9,72.3,88,8.6,7.0,5.4,6.9,9.4,10.0,7.88,8.1,16,9.4,8.2,5.7,0,1,4.3,1.2,21,40.6,35,51,16.6,22.5,16.8,17.4,10.3,9.0,5.6,1.8
SUJ-2667,Tecnología,Medellín,Posgrado,E-commerce,Soltero,26,5,11,2225,1.58,69.6,77,8.4,4.8,7.0,6.0,7.7,10.0,7.32,8.6,39,5.2,7.5,9.1,5,2,4.2,5.5,6,26.6,40,75,20.6,10.0,14.9,12.5,26.0,9.0,5.3,1.7
SUJ-2668,Manufactura,Bogotá,Posgrado,E-commerce,Casado,25,1,8,11662,3.81,30.1,76,8.0,7.1,7.9,5.1,10.0,7.0,7.52,5.8,15,9.8,5.9,8.7,3,1,4.9,0.2,15,28.8,38,49,13.5,13.4,24.4,18.0,20.0,4.4,3.9,2.4
SUJ-2669,Inmuebles,Buenos Aires,Posgrado,Franquicia,Soltero,21,6,6,1127,5.53,35.9,96,5.8,5.9,7.7,7.5,8.9,9.7,7.58,9.9,10,3.0,7.4,6.9,2,2,4.8,0.0,50,30.4,35,60,25.3,18.0,17.7,19.1,8.3,9.1,2.3,0.2
SUJ-2670,Finanzas,Cali,Maestría,Empresa familiar,Casado,24,7,13,2072,4.31,72.1,48,6.3,4.2,6.5,3.6,6.1,6.7,5.57,4.4,10,5.2,8.3,6.2,2,2,6.7,4.6,7,32.4,51,40,33.5,10.7,16.1,16.5,11.0,5.6,4.0,2.6
SUJ-2671,Manufactura,Santiago,Universitario,E-commerce,Soltero,17,1,9,9017,4.22,55.1,69,7.0,5.5,5.2,6.6,7.6,9.4,6.88,8.2,32,10.0,9.2,9.2,1,0,5.0,0.0,20,35.3,53,47,32.4,14.3,17.1,6.0,16.4,9.5,3.8,0.5
SUJ-2672,Finanzas,Caracas,Maestría,Empresa familiar,Soltero,29,11,18,1757,1.77,43.5,77,9.1,7.8,8.0,3.6,8.1,9.1,7.62,9.2,12,7.3,8.5,8.2,1,1,5.8,0.0,2,25.0,54,61,20.1,23.7,17.8,15.0,11.0,6.7,5.7,0.0
SUJ-2673,Inmuebles,Cali,Universitario,Empresa propia,Soltero,33,8,18,9084,9.06,27.7,100,8.7,7.8,9.1,6.8,9.7,8.5,8.43,7.7,35,4.2,7.4,7.1,0,2,4.4,0.2,5,30.5,48,54,33.2,15.2,15.6,16.7,2.6,10.0,4.1,2.6
SUJ-2674,Tecnología,Santiago,Doctorado,E-commerce,Casado,33,3,14,30157,54.98,70.9,72,9.8,7.2,8.7,5.8,7.7,9.3,8.08,6.2,24,4.4,7.9,9.4,1,1,5.9,3.0,56,49.5,36,49,23.6,18.2,14.6,13.6,16.3,9.0,3.5,1.2
SUJ-2675,Servicios,CDMX,Posgrado,Holding,Soltero,21,6,10,14239,1.0,4.0,66,5.5,6.2,6.0,4.8,8.2,7.9,6.43,7.1,31,6.8,6.3,6.9,1,3,6.6,3.6,24,19.4,49,63,26.1,19.0,17.6,15.0,10.2,6.4,4.4,1.3
SUJ-2676,Finanzas,Buenos Aires,Universitario,Holding,Soltero,17,10,12,1394,1.03,12.6,75,7.1,4.8,7.2,4.0,8.6,7.9,6.6,5.4,36,5.3,8.5,4.4,1,3,6.3,3.7,2,14.9,40,60,25.8,24.4,14.7,14.0,13.6,2.9,2.2,2.4
SUJ-2677,Finanzas,Bogotá,Posgrado,Startup escalada,Soltero,28,12,22,5880,7.52,38.0,82,9.9,9.7,9.8,8.9,9.4,7.5,9.2,6.3,16,9.1,7.2,6.9,1,1,6.6,4.1,23,35.8,23,58,33.4,13.7,13.1,15.7,8.2,10.6,0.6,4.7
SUJ-2678,Tecnología,Buenos Aires,Posgrado,Empresa propia,Casado,33,13,21,4389,60.95,57.3,88,10.0,8.6,10.0,6.7,9.1,10.0,9.07,7.1,30,2.0,6.1,6.7,0,2,4.5,1.9,8,45.9,35,53,36.1,19.1,7.4,14.8,13.0,4.9,4.1,0.6
SUJ-2679,Tecnología,Bucaramanga,Técnico,Empresa propia,Soltero,17,14,18,38302,13.66,37.5,92,7.9,6.3,6.0,5.4,10.0,10.0,7.6,7.6,22,10.0,7.4,7.0,3,1,4.4,5.0,2,26.7,35,51,25.1,20.2,14.8,17.2,13.5,1.4,6.8,1.0
SUJ-2680,Retail/Comercio,Santiago,Posgrado,Franquicia,Casado,23,2,7,26683,2.25,11.5,46,8.3,2.9,3.2,5.0,4.2,5.0,4.77,7.1,25,7.0,8.1,6.9,2,2,3.6,4.4,5,29.2,65,62,33.4,22.6,15.9,6.8,8.1,9.2,1.0,3.0
SUJ-2681,Finanzas,Caracas,Universitario,Empresa propia,Soltero,28,4,9,1087,1.0,42.0,62,3.7,7.0,8.4,4.5,7.1,6.7,6.23,8.0,46,2.9,9.2,4.1,1,1,5.3,1.5,7,24.2,54,66,27.1,13.6,16.8,18.3,10.2,6.9,4.3,2.8
SUJ-2682,Servicios,Cali,Bachillerato,Empresa familiar,Soltero,20,1,8,19151,1.06,41.9,84,9.2,8.1,9.7,7.8,8.8,8.9,8.75,7.5,22,7.5,7.8,9.0,2,1,4.4,2.6,49,28.5,42,58,27.3,20.7,15.3,16.0,7.2,9.9,1.4,2.2
SUJ-2683,Tecnología,Santiago,Doctorado,Empresa propia,Casado,17,11,22,1719,13.97,47.6,76,10.0,7.3,8.6,5.4,8.2,6.4,7.65,6.8,32,2.8,5.1,6.5,2,1,4.6,6.4,17,33.1,46,55,34.5,21.1,20.1,11.2,9.3,2.0,0.0,1.8
SUJ-2684,Finanzas,Bucaramanga,Posgrado,Franquicia,Unión libre,21,6,9,3078,5.26,64.3,78,6.8,5.3,7.5,7.1,8.3,7.8,7.13,8.7,40,3.2,7.5,4.5,4,1,4.4,3.4,6,34.7,42,58,13.0,22.7,21.0,12.5,11.3,1.6,13.1,4.8
SUJ-2685,Finanzas,Santiago,Maestría,Empresa propia,Soltero,22,11,18,3488,6.55,50.3,64,8.4,4.7,6.6,5.2,7.2,7.4,6.58,7.1,16,5.5,7.5,8.6,3,2,6.2,7.0,2,26.0,62,53,25.5,17.3,16.9,10.1,17.1,7.1,4.4,1.6
SUJ-2686,Tecnología,Buenos Aires,Posgrado,E-commerce,Soltero,17,1,8,2704,2.09,74.8,76,7.1,8.1,5.4,6.0,9.1,10.0,7.62,5.5,13,9.3,6.5,3.5,1,0,6.0,0.0,299,37.5,55,58,29.4,19.5,17.6,7.5,9.4,9.2,4.6,2.8
SUJ-2687,Tecnología,Monterrey,Universitario,Empresa propia,Soltero,32,4,3,15351,1.0,49.8,69,6.2,6.7,6.4,4.6,7.3,6.8,6.33,7.5,20,4.1,6.6,6.7,3,0,5.8,1.7,9,24.6,54,70,34.7,12.7,14.0,11.9,10.1,6.8,7.6,2.2
SUJ-2688,Retail/Comercio,Santiago,Posgrado,Empresa propia,Casado,35,4,19,3203,6.14,35.0,79,6.5,5.6,9.0,5.6,8.2,8.5,7.23,4.6,13,8.5,9.3,10.0,0,0,3.5,1.4,32,34.0,53,43,21.6,19.6,8.9,23.5,11.5,8.2,4.8,1.9
SUJ-2689,Retail/Comercio,CDMX,Posgrado,Empresa propia,Soltero,26,11,18,13574,11.51,32.3,79,8.1,8.4,7.6,6.6,10.0,7.1,7.97,5.4,17,10.0,8.3,4.9,1,2,5.5,0.5,2,29.8,54,58,23.2,18.1,15.4,18.5,7.0,7.7,7.2,2.9
SUJ-2690,Retail/Comercio,CDMX,Doctorado,Franquicia,Casado,30,9,19,41446,5.1,27.3,77,8.1,9.1,8.9,5.6,9.6,8.8,8.35,8.9,18,6.9,9.3,9.6,0,0,7.1,0.8,4,30.7,38,56,17.6,31.4,17.2,17.4,2.5,6.6,6.6,0.7
SUJ-2691,Retail/Comercio,Lima,Universitario,Empresa familiar,Soltero,17,1,2,14698,4.6,40.4,76,6.4,5.8,9.0,4.7,8.5,7.5,6.98,10.0,20,8.0,8.9,7.0,0,1,5.0,3.3,6,29.8,53,78,35.0,16.7,19.1,12.3,9.0,4.4,1.2,2.3
SUJ-2692,Manufactura,CDMX,Maestría,Empresa propia,Soltero,25,5,18,3398,2.09,35.3,70,9.0,5.1,8.4,4.6,8.1,8.3,7.25,8.5,12,3.6,7.7,7.9,1,1,4.5,1.8,16,24.3,45,59,30.7,12.0,16.1,12.7,11.2,11.0,5.1,1.2
SUJ-2693,Tecnología,Caracas,Doctorado,E-commerce,Soltero,22,10,15,9937,8.23,56.5,94,8.6,9.6,9.5,7.8,8.3,8.3,8.68,8.4,25,6.8,8.3,9.1,2,0,3.5,3.0,6,34.1,40,64,28.1,16.3,11.9,15.2,11.8,14.6,0.6,1.5
SUJ-2694,Retail/Comercio,Santiago,Posgrado,Empresa familiar,Casado,28,11,9,6107,2.76,4.0,87,8.6,9.3,7.9,7.6,9.1,6.7,8.2,7.7,17,8.9,7.7,5.9,4,2,4.6,1.4,106,31.4,22,51,25.0,20.4,6.5,16.2,15.9,10.8,2.2,3.0
SUJ-2695,Salud/Farma,São Paulo,Doctorado,Startup escalada,Casado,17,8,9,12353,1.62,11.1,73,7.8,8.3,7.6,7.0,8.9,6.5,7.68,5.4,19,7.3,7.1,5.8,0,0,4.4,1.9,71,27.1,42,56,23.8,21.1,10.5,16.8,17.2,3.4,5.8,1.4
SUJ-2696,Retail/Comercio,Santiago,Universitario,Empresa familiar,Soltero,24,7,9,1329,4.27,16.3,84,10.0,7.5,6.7,6.0,9.8,10.0,8.33,9.2,28,5.1,5.8,5.8,0,1,5.3,0.0,26,22.2,29,55,33.1,16.8,15.5,10.3,11.4,6.2,4.0,2.7
SUJ-2697,Manufactura,Monterrey,Doctorado,Empresa familiar,Unión libre,29,3,6,8131,4.18,29.0,100,10.0,7.4,7.0,9.8,9.3,9.4,8.82,7.4,25,7.0,7.2,6.4,3,3,5.2,4.4,10,25.8,38,58,31.8,12.1,15.1,19.0,11.1,5.7,2.2,3.0
SUJ-2698,Finanzas,CDMX,Maestría,E-commerce,Soltero,27,11,12,11885,10.11,48.4,60,7.6,6.5,6.6,6.2,5.6,6.2,6.45,6.0,34,5.5,9.5,7.2,1,2,5.2,5.8,6,39.9,46,58,23.5,25.1,22.7,7.5,14.9,1.1,3.2,2.0
SUJ-2699,Inmuebles,Medellín,Bachillerato,Holding,Casado,30,2,11,11458,1.83,22.1,63,6.2,5.1,5.7,5.0,8.1,6.9,6.17,9.7,35,9.1,5.7,4.8,1,3,4.2,2.7,123,26.3,49,73,31.7,14.7,17.4,11.6,13.9,3.5,5.3,1.9
SUJ-2700,Inmuebles,Santiago,Maestría,Empresa propia,Casado,22,1,8,26503,2.1,21.0,73,8.0,5.7,6.3,5.8,9.3,7.5,7.1,10.0,18,4.0,8.3,8.0,0,2,5.2,3.3,4,25.4,56,69,26.1,20.3,19.8,13.3,15.8,1.0,2.3,1.4
SUJ-2701,Retail/Comercio,Caracas,Universitario,Franquicia,Soltero,17,7,15,500,1.6,38.9,77,8.4,6.7,7.3,6.9,9.4,8.3,7.83,4.2,24,6.0,6.0,8.8,2,1,5.6,0.9,11,25.1,38,51,25.2,24.0,24.4,3.1,12.7,7.8,2.7,0.1
SUJ-2702,Salud/Farma,Bogotá,Universitario,Startup escalada,Casado,32,5,13,3394,1.08,17.4,65,6.8,5.7,7.9,4.2,9.7,6.9,6.87,8.7,25,10.0,6.8,6.1,2,1,5.8,0.0,2,13.2,46,58,29.7,30.4,12.8,7.1,7.8,7.2,2.9,2.1
SUJ-2703,Tecnología,Bogotá,Posgrado,E-commerce,Casado,30,9,14,5178,3.1,18.7,82,9.4,6.2,9.6,4.5,10.0,10.0,8.28,7.6,16,5.2,8.3,5.9,0,0,4.9,2.3,12,30.4,25,48,21.2,15.1,17.2,14.7,7.0,11.5,11.6,1.7
SUJ-2704,Tecnología,Cali,Técnico,Holding,Soltero,35,9,10,2965,5.53,55.5,71,10.0,4.7,5.8,5.8,7.2,8.8,7.05,8.1,13,8.4,7.7,6.9,4,3,5.8,0.3,87,37.3,41,55,31.9,22.8,16.5,11.6,8.7,5.5,2.5,0.5
SUJ-2705,Inmuebles,Caracas,Universitario,Holding,Casado,26,13,14,2966,1.0,24.9,87,7.2,6.9,10.0,6.8,10.0,9.6,8.42,9.8,30,6.6,8.6,8.1,3,5,5.4,5.4,6,23.9,19,59,28.6,11.1,16.4,16.9,12.8,9.2,4.2,0.8
SUJ-2706,Inmuebles,Monterrey,Maestría,Empresa propia,Soltero,28,8,9,1549,12.06,43.2,63,7.4,4.7,7.1,4.1,6.5,7.5,6.22,8.1,34,8.6,7.2,7.2,1,0,5.4,4.5,383,42.2,45,59,19.2,23.1,14.7,8.9,19.2,11.2,2.6,1.1
SUJ-2707,Tecnología,Bucaramanga,Bachillerato,Startup escalada,Casado,39,11,13,13411,4.82,42.7,61,7.1,3.6,7.1,4.1,7.6,6.9,6.07,7.3,14,6.0,7.8,10.0,1,2,5.4,4.5,109,30.5,55,71,47.4,15.9,11.0,6.3,10.7,3.6,4.3,0.8
SUJ-2708,Finanzas,Medellín,Universitario,Franquicia,Soltero,17,3,15,19093,9.89,45.6,70,7.2,6.2,5.7,6.8,6.6,6.8,6.55,5.9,24,4.8,7.4,8.8,2,2,4.6,0.9,5,33.5,56,61,25.8,22.4,11.8,15.3,11.2,5.3,5.8,2.4
SUJ-2709,Tecnología,Santiago,Bachillerato,Empresa propia,Casado,28,9,10,687,20.38,57.1,70,6.8,6.3,7.0,5.7,9.1,8.0,7.15,7.4,16,4.8,7.5,7.8,0,3,5.4,2.2,3,33.7,44,43,29.0,17.0,16.1,18.8,8.4,6.4,2.6,1.7
SUJ-2710,Finanzas,Buenos Aires,Universitario,Startup escalada,Soltero,33,6,17,1346,2.13,18.2,60,5.6,6.3,6.2,2.8,6.6,4.8,5.38,8.1,16,7.8,9.2,6.3,1,1,5.5,5.2,6,16.5,58,67,22.6,26.2,18.6,7.7,11.3,7.1,5.7,0.8
SUJ-2711,Inmuebles,Barranquilla,Maestría,Franquicia,Soltero,27,5,7,2074,1.0,24.0,74,10.0,6.5,4.9,2.5,10.0,6.1,6.67,4.3,18,5.2,8.7,7.3,1,1,5.2,1.5,10,24.8,56,54,32.8,18.9,9.8,11.6,13.2,8.0,5.2,0.5
SUJ-2712,Retail/Comercio,Barranquilla,Maestría,Startup escalada,Soltero,26,3,4,5690,4.7,18.3,63,7.0,5.5,6.5,2.2,7.7,6.2,5.85,6.4,30,10.0,5.9,7.3,2,4,6.9,1.9,4,22.5,56,68,25.5,15.7,17.1,16.1,13.8,9.5,1.2,1.1
SUJ-2713,Finanzas,Bucaramanga,Doctorado,E-commerce,Soltero,17,13,20,12529,20.26,42.1,98,10.0,8.9,10.0,9.4,10.0,9.9,9.7,7.4,26,7.6,8.6,10.0,0,3,4.7,4.5,190,41.2,22,51,21.2,28.6,12.0,10.9,14.5,8.8,3.7,0.3
SUJ-2714,Finanzas,Lima,Posgrado,Franquicia,Soltero,34,7,17,593,1.0,41.5,71,6.9,6.3,6.4,4.8,7.1,6.4,6.32,6.7,31,5.4,9.2,7.0,2,2,5.3,2.2,27,25.1,54,67,33.7,18.9,8.0,14.6,11.0,8.7,2.9,2.2
SUJ-2715,Tecnología,Buenos Aires,Universitario,Startup escalada,Soltero,32,4,4,8102,1.0,53.0,77,8.3,6.9,6.5,5.7,9.1,8.3,7.47,9.8,23,9.7,7.0,9.9,4,2,5.3,1.0,20,24.6,54,67,29.1,20.8,11.4,20.7,10.9,1.4,5.8,-0.1
SUJ-2716,Finanzas,Barranquilla,Doctorado,E-commerce,Casado,33,9,15,1293,1.08,51.3,55,6.6,5.7,7.4,7.7,7.1,4.2,6.45,5.2,8,5.8,7.3,6.0,2,0,4.6,3.4,31,25.2,35,56,23.5,27.8,14.5,11.6,9.2,9.0,2.0,2.4
SUJ-2717,Manufactura,Bucaramanga,Maestría,Franquicia,Soltero,25,5,15,28450,3.52,34.2,80,7.8,6.0,8.1,4.9,8.1,7.6,7.08,4.4,35,1.9,6.8,8.2,1,4,5.2,4.9,3,26.2,48,53,21.8,12.2,24.7,11.2,15.0,7.9,5.1,2.1
SUJ-2718,Salud/Farma,Caracas,Posgrado,Empresa propia,Casado,24,4,13,18323,8.61,34.5,61,7.0,6.7,6.3,6.1,9.0,4.5,6.6,10.0,31,5.3,7.2,9.4,1,0,4.2,3.6,9,31.7,42,63,21.3,17.0,19.3,14.7,12.5,4.0,8.9,2.3
SUJ-2719,Servicios,Barranquilla,Posgrado,Startup escalada,Casado,25,18,19,23899,13.17,39.4,85,10.0,7.1,8.4,6.2,8.5,8.6,8.13,7.2,0,3.2,7.6,8.4,4,0,4.9,3.9,39,36.6,36,61,24.7,15.6,19.2,21.5,3.2,6.7,7.6,1.5
SUJ-2720,Tecnología,Monterrey,Doctorado,Empresa propia,Unión libre,36,2,7,897,4.92,66.6,52,4.6,4.6,6.5,5.5,4.8,7.7,5.62,6.0,19,6.9,8.4,8.3,3,1,3.4,3.6,5,30.4,67,71,23.3,18.5,26.7,16.8,3.8,8.3,1.0,1.6
SUJ-2721,Servicios,Caracas,Maestría,Startup escalada,Unión libre,24,14,14,5356,6.53,42.2,72,7.8,7.4,8.4,6.3,8.0,7.4,7.55,9.0,21,4.4,7.9,7.6,1,1,5.7,4.7,39,32.2,49,56,20.0,23.8,15.8,20.9,10.1,2.9,3.7,2.8
SUJ-2722,Inmuebles,Cali,Universitario,Empresa propia,Unión libre,34,4,11,1444,5.12,49.5,86,9.3,6.5,9.7,4.0,9.3,9.8,8.1,6.9,28,8.0,8.4,7.9,1,2,5.1,4.6,36,34.3,46,47,25.0,12.4,22.4,16.6,8.0,8.9,4.5,2.2
SUJ-2723,Inmuebles,Lima,Maestría,Holding,Casado,25,9,16,7337,1.0,25.1,75,8.6,5.9,8.0,4.7,8.1,8.8,7.35,7.2,31,5.4,8.6,7.3,3,2,5.5,0.1,39,24.0,50,59,28.9,20.9,12.7,13.3,12.9,8.1,3.2,-0.0
SUJ-2724,Retail/Comercio,Monterrey,Bachillerato,Startup escalada,Soltero,20,6,14,2119,3.46,24.7,70,8.5,6.7,8.9,4.4,8.7,6.9,7.35,7.4,27,10.0,8.2,6.1,4,3,6.2,3.0,28,30.1,52,75,39.7,15.4,9.0,13.1,9.4,9.0,2.4,2.0
SUJ-2725,Finanzas,Buenos Aires,Universitario,Empresa propia,Casado,17,9,12,11779,10.29,45.5,90,9.9,7.7,6.0,7.1,9.8,9.6,8.35,9.0,21,6.9,10.0,8.5,3,2,4.2,1.9,18,34.3,36,61,16.3,29.1,22.0,15.6,10.8,2.6,2.3,1.3
SUJ-2726,Finanzas,Bucaramanga,Universitario,E-commerce,Unión libre,29,1,5,8262,1.0,65.2,61,7.9,9.7,7.9,4.2,8.8,4.9,7.23,7.6,9,7.2,7.1,8.2,2,2,4.7,2.7,16,28.3,63,77,38.2,11.9,11.1,12.7,13.2,6.0,4.8,2.1
SUJ-2727,Tecnología,Medellín,Técnico,Startup escalada,Soltero,30,1,10,6781,1.0,49.9,56,5.6,6.4,5.7,5.0,8.1,5.8,6.1,9.0,43,7.4,10.0,8.3,0,2,4.2,5.8,33,30.0,49,56,26.3,21.3,13.7,14.3,8.5,11.0,3.3,1.6
SUJ-2728,Finanzas,Buenos Aires,Bachillerato,Startup escalada,Casado,19,10,20,13954,170.73,59.8,58,8.7,2.1,4.5,5.5,7.7,6.2,5.78,8.6,38,6.7,5.9,5.5,0,2,7.0,4.7,64,50.7,48,69,26.7,16.0,17.1,10.2,10.9,10.7,4.6,3.8
SUJ-2729,Finanzas,Buenos Aires,Técnico,E-commerce,Soltero,34,1,13,5549,3.18,22.5,59,6.6,5.7,7.7,7.1,7.9,5.1,6.68,5.7,33,8.9,7.3,6.8,2,1,5.5,0.0,2,18.4,56,54,28.1,24.8,15.7,6.3,14.3,7.5,1.7,1.6
SUJ-2730,Retail/Comercio,CDMX,Posgrado,E-commerce,Casado,17,2,13,2516,3.12,4.0,78,9.0,4.3,7.7,6.8,6.9,7.9,7.1,7.8,37,6.9,7.8,7.4,0,3,4.1,1.1,63,26.3,39,64,21.9,14.3,17.9,17.9,13.8,10.6,2.9,0.7
SUJ-2731,Inmuebles,Medellín,Maestría,Startup escalada,Soltero,30,6,6,7755,10.1,50.8,68,5.7,5.4,8.2,5.3,8.7,6.2,6.58,6.2,12,6.9,7.3,8.1,0,3,5.8,1.9,3,26.4,33,55,42.4,22.5,7.2,5.6,9.5,6.4,5.2,1.2
SUJ-2732,Retail/Comercio,Bogotá,Doctorado,Startup escalada,Casado,30,2,12,25184,5.46,36.5,86,9.5,7.4,7.9,6.9,10.0,9.6,8.55,8.5,29,7.0,9.1,5.1,2,2,5.1,3.8,36,31.5,34,47,27.6,16.3,19.8,9.3,12.4,8.3,6.1,0.2
SUJ-2733,Tecnología,CDMX,Universitario,Startup escalada,Casado,32,2,8,7353,2.04,70.2,79,8.2,6.1,8.2,3.9,10.0,6.4,7.13,7.1,30,8.7,5.0,4.5,3,3,6.8,3.7,27,26.8,53,68,33.0,15.4,17.2,7.7,13.2,8.3,2.7,2.5
SUJ-2734,Agroindustria,Bucaramanga,Posgrado,Empresa propia,Unión libre,17,5,14,7945,1.73,4.0,77,7.4,3.7,7.4,5.3,7.9,6.8,6.42,7.3,3,5.0,6.9,9.2,2,1,6.1,4.9,20,15.4,63,65,47.0,15.9,10.3,9.7,3.2,5.9,5.3,2.7
SUJ-2735,Agroindustria,Bogotá,Doctorado,Empresa familiar,Casado,32,1,6,21836,1.0,22.9,49,7.1,4.7,5.5,2.9,5.4,5.4,5.17,5.0,27,1.4,6.7,7.0,3,1,4.0,4.2,4,22.7,58,59,22.7,12.4,15.8,19.4,16.1,6.9,4.0,2.7
SUJ-2736,Inmuebles,Barranquilla,Técnico,Franquicia,Casado,25,1,4,5793,1.1,12.1,80,8.3,6.1,7.0,7.6,8.4,6.7,7.35,6.7,14,6.8,2.8,9.6,1,4,6.1,1.0,12,17.2,45,74,35.0,14.8,12.8,15.2,9.4,9.3,1.9,1.6
SUJ-2737,Salud/Farma,Caracas,Maestría,Empresa propia,Soltero,23,12,17,44920,16.32,40.5,89,9.3,8.3,6.8,7.8,9.6,10.0,8.63,5.0,27,7.5,5.9,8.0,1,1,5.5,2.0,60,36.2,38,54,17.6,25.0,15.0,12.3,14.3,10.7,5.1,0.0
SUJ-2738,Retail/Comercio,Barranquilla,Maestría,Empresa propia,Soltero,30,10,16,1391,1.0,30.0,74,5.8,3.9,5.9,3.4,7.2,4.7,5.15,5.7,30,3.9,9.9,8.7,1,2,6.0,4.0,20,22.8,67,61,20.4,13.0,12.9,23.4,12.2,10.3,5.0,2.8
SUJ-2739,Salud/Farma,Buenos Aires,Técnico,Empresa propia,Soltero,31,15,22,6160,8.47,26.3,59,5.7,4.4,6.6,5.7,5.5,5.3,5.53,6.8,22,3.7,7.1,7.6,2,2,4.6,4.2,12,31.2,69,63,19.5,18.8,23.7,16.4,7.7,7.9,4.0,2.0
SUJ-2740,Tecnología,CDMX,Maestría,Empresa propia,Soltero,17,9,18,1915,17.39,65.9,51,6.2,5.8,4.9,5.5,5.7,5.9,5.67,8.6,32,4.1,5.9,8.2,0,3,5.3,5.6,50,43.4,48,60,26.6,19.0,10.9,14.0,16.7,6.7,3.5,2.6
SUJ-2741,Finanzas,Santiago,Maestría,Empresa propia,Soltero,18,12,14,4831,3.83,48.1,86,7.8,4.3,9.0,5.6,7.7,10.0,7.4,4.8,32,2.8,8.8,9.3,3,3,5.0,7.0,22,31.8,37,50,16.5,15.0,20.8,20.3,13.4,7.5,4.6,1.9
SUJ-2742,Finanzas,Medellín,Bachillerato,Empresa propia,Casado,33,5,7,1496,4.45,47.6,74,9.4,7.0,7.2,6.9,6.4,5.5,7.07,5.0,12,7.4,5.2,6.0,1,1,6.9,3.1,15,23.9,52,63,18.3,19.3,15.4,25.0,14.9,3.6,2.1,1.4
SUJ-2743,Tecnología,Caracas,Técnico,Holding,Casado,28,6,6,2013,3.96,33.4,54,5.7,4.0,5.2,4.7,5.8,4.6,5.0,8.7,5,8.7,9.1,5.5,0,2,6.1,4.0,13,26.4,55,62,28.2,11.4,13.9,16.1,13.1,11.7,5.0,0.6
SUJ-2744,Tecnología,Bogotá,Bachillerato,Empresa propia,Casado,27,8,13,1893,5.38,72.6,77,6.8,6.3,10.0,4.3,8.6,7.0,7.17,7.7,9,3.8,9.2,7.6,0,0,5.3,5.7,6,28.2,50,63,25.5,9.7,15.8,18.1,16.9,10.5,1.9,1.6
SUJ-2745,Manufactura,Medellín,Universitario,Empresa propia,Soltero,20,1,4,3085,1.59,27.7,72,6.1,4.8,6.3,3.8,7.9,9.1,6.33,8.8,41,7.2,7.6,5.3,1,1,4.9,2.6,9,20.4,58,68,26.3,20.9,6.9,21.3,15.7,5.6,3.2,0.1
SUJ-2746,Inmuebles,CDMX,Posgrado,Empresa propia,Soltero,28,9,14,1156,7.65,40.4,94,9.2,7.4,9.1,10.0,10.0,10.0,9.28,8.1,11,6.6,8.1,4.9,2,2,6.9,3.1,15,32.3,30,51,12.5,16.1,17.4,22.1,21.6,6.8,2.3,1.2
SUJ-2747,Manufactura,Buenos Aires,Posgrado,Empresa propia,Casado,33,4,10,13258,1.22,7.0,61,7.5,4.1,8.8,4.7,5.5,5.4,6.0,8.0,19,4.8,10.0,6.3,2,5,4.7,0.4,52,23.3,44,62,18.7,17.5,12.7,17.9,14.0,10.9,5.1,3.2
SUJ-2748,Tecnología,Monterrey,Universitario,Empresa propia,Soltero,39,5,5,1994,4.19,73.1,77,6.8,5.0,8.9,6.5,9.6,9.1,7.65,6.8,23,8.5,7.9,9.1,0,2,6.0,3.9,63,36.9,52,55,29.2,16.8,20.9,3.5,12.5,9.0,6.3,1.8
SUJ-2749,Inmuebles,Barranquilla,Maestría,E-commerce,Soltero,23,10,14,4310,8.13,35.2,88,7.6,8.4,8.8,4.8,9.2,9.0,7.97,5.8,12,10.0,10.0,8.3,1,3,5.4,2.6,4,30.5,51,56,27.6,14.2,17.6,15.1,11.1,7.1,2.6,4.7
SUJ-2750,Manufactura,Bogotá,Universitario,Empresa familiar,Soltero,31,1,8,500,1.0,50.0,79,7.2,6.6,6.8,8.4,10.0,8.0,7.83,9.0,19,3.3,8.1,10.0,1,0,5.9,3.2,26,27.9,48,51,32.4,19.8,12.7,11.1,12.2,5.2,6.7,-0.1
SUJ-2751,Finanzas,Bogotá,Bachillerato,Startup escalada,Soltero,37,7,13,886,9.34,63.3,70,7.4,6.4,4.2,6.6,8.1,7.6,6.72,7.9,1,6.5,7.9,8.7,1,5,5.6,2.7,25,36.9,34,68,26.3,19.9,10.6,16.1,13.0,4.4,7.7,2.0
SUJ-2752,Manufactura,Bucaramanga,Universitario,Startup escalada,Soltero,17,8,13,18127,4.52,4.0,68,5.9,6.0,3.3,5.6,7.7,5.9,5.73,8.5,34,6.0,4.5,9.9,3,4,6.0,0.0,3,15.7,56,72,30.6,24.0,9.3,15.1,10.7,6.4,3.9,0.0
SUJ-2753,Finanzas,Bogotá,Posgrado,Empresa propia,Soltero,36,5,11,14519,5.45,60.1,68,7.4,7.6,6.4,7.6,7.5,7.4,7.32,10.0,28,6.3,7.4,7.3,1,4,5.5,2.9,11,30.0,45,57,17.5,20.4,23.8,16.6,10.1,5.8,3.6,2.2
SUJ-2754,Finanzas,Caracas,Universitario,Empresa propia,Soltero,27,7,12,14706,6.21,62.0,65,8.9,6.2,9.1,3.3,7.8,6.4,6.95,7.0,37,5.5,7.8,7.4,4,1,5.6,2.2,166,41.6,51,62,23.0,17.5,18.3,19.3,8.8,4.7,3.9,4.5
SUJ-2755,Agroindustria,CDMX,Universitario,Empresa propia,Casado,26,7,10,4239,7.09,29.1,63,6.8,6.3,5.4,4.2,8.5,9.9,6.85,8.1,18,7.5,10.0,10.0,1,0,6.0,0.0,11,28.1,53,74,22.7,19.3,13.0,14.4,18.3,6.2,5.1,1.0
SUJ-2756,Finanzas,São Paulo,Técnico,Startup escalada,Soltero,22,10,12,1220,1.0,52.0,88,8.2,8.3,7.0,6.8,10.0,10.0,8.38,8.0,19,6.5,8.8,7.1,0,4,5.1,2.5,6,23.6,31,56,18.1,14.5,21.6,20.8,11.6,6.9,4.4,2.1
SUJ-2757,Retail/Comercio,Bogotá,Maestría,Empresa propia,Soltero,23,6,21,913,1.83,26.6,86,9.9,6.1,7.9,5.8,9.6,8.2,7.92,8.4,25,3.1,8.9,8.1,1,1,5.1,1.0,8,21.7,33,58,25.5,16.5,17.8,15.1,9.2,9.2,4.4,2.3
SUJ-2758,Servicios,Bogotá,Doctorado,E-commerce,Unión libre,21,2,10,7443,4.3,22.5,82,6.9,9.3,8.1,7.4,8.8,8.6,8.18,8.7,18,6.0,7.5,10.0,2,0,5.6,1.9,11,30.0,34,72,22.1,10.1,14.0,20.9,13.8,12.0,4.4,2.7
SUJ-2759,Inmuebles,Medellín,Universitario,Empresa propia,Casado,20,5,15,14091,12.6,52.1,75,8.5,4.7,7.8,6.5,8.6,6.3,7.07,5.3,15,6.8,9.3,8.1,1,1,5.0,0.7,10,42.4,35,46,23.7,22.7,19.3,14.2,4.3,9.1,4.6,2.1
SUJ-2760,Tecnología,São Paulo,Universitario,Empresa propia,Soltero,28,5,13,18429,25.01,73.8,75,8.0,6.8,9.0,7.4,10.0,8.0,8.2,7.4,3,8.9,9.8,9.7,1,0,5.0,4.2,75,47.8,43,59,31.5,24.8,8.3,11.9,11.9,6.4,4.2,1.0
SUJ-2761,Tecnología,Caracas,Posgrado,Empresa familiar,Unión libre,32,4,15,2725,1.43,50.7,51,7.7,5.1,4.4,4.5,7.1,4.2,5.5,6.4,41,5.2,7.1,4.5,2,1,5.6,0.6,2,16.0,74,58,23.4,21.6,14.1,17.5,13.0,7.9,1.4,1.1
SUJ-2762,Tecnología,Buenos Aires,Maestría,Startup escalada,Soltero,19,7,15,3097,5.48,42.2,82,9.8,10.0,9.7,5.0,10.0,7.5,8.67,6.3,14,6.5,7.7,6.0,0,1,5.1,2.7,12,26.3,26,59,23.9,15.9,21.2,16.2,4.5,10.9,4.9,2.5
SUJ-2763,Manufactura,Cali,Universitario,Startup escalada,Soltero,21,7,6,850,1.65,43.3,72,5.1,6.8,8.1,5.3,8.8,8.0,7.02,8.8,21,4.2,7.5,9.0,2,2,3.0,4.5,180,30.6,36,67,21.0,14.5,23.0,7.4,18.5,12.1,2.2,1.3
SUJ-2764,Retail/Comercio,São Paulo,Maestría,E-commerce,Unión libre,27,7,10,11912,1.0,42.1,56,6.3,4.1,5.2,5.4,7.2,4.7,5.48,8.6,18,9.2,7.0,6.7,1,2,5.3,1.4,17,21.7,66,54,24.9,24.4,17.1,9.8,12.2,7.6,3.0,1.0
SUJ-2765,Tecnología,Bogotá,Posgrado,Startup escalada,Unión libre,19,3,10,2580,1.0,56.0,86,6.7,6.4,7.0,6.2,6.5,7.3,6.68,6.3,21,6.4,6.2,8.0,2,3,5.0,1.8,117,30.4,36,53,28.9,13.4,23.0,13.1,11.2,6.3,1.7,2.4
SUJ-2766,Agroindustria,Santiago,Universitario,Holding,Soltero,27,7,14,5245,3.08,6.5,70,8.7,5.5,5.2,5.7,6.9,6.1,6.35,7.2,14,9.8,9.6,7.3,3,1,6.5,1.4,4,26.2,56,66,22.7,23.3,15.8,17.5,10.4,6.2,2.8,1.3
SUJ-2767,Retail/Comercio,Buenos Aires,Posgrado,Empresa familiar,Casado,24,12,18,21149,2.68,5.5,82,7.1,7.1,9.6,5.7,9.0,8.0,7.75,9.4,18,5.7,8.6,6.5,0,2,6.1,0.4,2,21.3,37,57,36.5,14.2,12.5,15.8,8.6,8.1,4.2,0.1
SUJ-2768,Finanzas,Lima,Doctorado,Empresa propia,Casado,17,8,10,11161,6.95,59.3,78,9.0,6.9,7.2,6.7,8.7,9.5,8.0,7.3,41,5.8,7.6,4.8,1,1,5.2,1.7,192,39.4,55,58,34.5,19.3,17.1,8.7,13.0,5.3,1.6,0.5
SUJ-2769,Retail/Comercio,Bucaramanga,Maestría,E-commerce,Soltero,28,11,15,500,1.0,21.3,60,7.8,5.9,5.9,5.6,7.4,7.7,6.72,7.9,29,6.6,5.9,8.3,0,1,5.8,5.1,32,20.8,47,64,32.5,16.3,21.8,9.2,10.0,7.4,1.5,1.3
SUJ-2770,Manufactura,São Paulo,Bachillerato,Holding,Soltero,22,7,14,500,6.09,17.3,82,6.2,7.0,8.3,9.4,9.7,7.6,8.03,8.6,10,7.4,9.1,6.5,1,1,5.8,4.5,66,36.0,36,73,29.6,25.7,8.2,13.3,12.1,7.0,3.4,0.7
SUJ-2771,Tecnología,Medellín,Universitario,Franquicia,Soltero,32,4,10,12387,7.83,59.0,63,8.6,6.3,5.0,3.0,5.9,8.2,6.17,8.4,17,9.6,8.4,9.4,4,1,4.3,0.5,7,29.9,54,64,30.5,14.7,16.7,11.0,13.2,7.1,4.7,2.1
SUJ-2772,Finanzas,Bucaramanga,Universitario,Startup escalada,Unión libre,24,10,19,6432,6.29,41.2,50,7.1,3.2,7.7,4.7,6.5,5.4,5.77,6.2,10,9.4,7.6,9.3,0,1,5.6,4.4,15,32.9,67,59,43.5,7.7,12.8,11.6,10.8,9.3,3.2,1.1
SUJ-2773,Inmuebles,Monterrey,Universitario,Empresa familiar,Soltero,21,1,3,10193,1.0,25.3,82,6.9,4.9,8.4,9.0,9.1,8.3,7.77,10.0,7,4.4,5.0,7.0,1,0,5.5,2.6,83,21.1,39,74,35.9,17.4,13.0,10.1,9.0,9.9,4.0,0.7
SUJ-2774,Retail/Comercio,Bogotá,Maestría,E-commerce,Casado,25,5,13,1364,8.81,18.9,75,9.2,7.9,7.8,7.4,8.9,7.5,8.12,8.7,32,5.5,5.3,8.3,0,3,4.8,2.5,3,25.9,34,63,28.2,7.5,12.8,22.0,12.8,10.0,4.0,2.7
SUJ-2775,Retail/Comercio,São Paulo,Maestría,Franquicia,Soltero,33,6,10,16448,1.0,38.3,74,6.1,4.3,7.2,8.3,6.9,8.3,6.85,8.2,20,0.7,6.5,7.1,4,2,4.9,5.1,26,22.6,63,76,27.3,21.0,28.6,4.6,10.1,3.7,3.6,1.1
SUJ-2776,Retail/Comercio,Barranquilla,Maestría,Franquicia,Soltero,37,9,14,11873,2.77,15.2,83,9.4,6.9,6.1,5.0,9.1,7.2,7.28,8.9,35,3.7,6.2,6.7,3,0,6.7,3.5,94,27.4,48,72,33.9,27.2,5.2,13.4,7.4,5.4,5.9,1.6
SUJ-2777,Tecnología,Santiago,Doctorado,Startup escalada,Casado,29,12,18,17719,4.59,31.8,57,6.2,4.1,7.6,4.8,4.7,5.5,5.48,8.0,13,6.1,8.8,7.7,1,2,5.9,2.1,10,26.8,71,60,13.7,23.6,12.4,20.2,15.6,8.2,2.6,3.7
SUJ-2778,Tecnología,Medellín,Universitario,Holding,Casado,22,10,10,3337,5.5,39.1,59,4.8,7.6,9.4,3.0,5.3,7.6,6.28,7.3,33,10.0,8.6,8.5,1,1,5.0,1.1,71,37.0,47,56,16.8,19.8,26.3,16.7,8.7,9.4,2.4,-0.1
SUJ-2779,Retail/Comercio,Bucaramanga,Maestría,Empresa propia,Soltero,26,10,16,2580,3.55,48.6,57,8.1,7.6,4.9,3.6,8.9,5.6,6.45,6.3,22,2.8,9.4,9.0,3,1,4.1,1.5,7,29.7,62,60,19.3,25.6,18.2,15.4,7.4,9.1,2.5,2.5
SUJ-2780,Tecnología,Bogotá,Maestría,E-commerce,Soltero,25,10,20,1316,3.92,44.3,66,8.8,5.8,5.5,7.1,7.5,6.0,6.78,5.6,22,8.8,6.4,6.3,1,4,4.5,1.8,41,33.1,51,62,32.5,14.1,16.4,16.3,8.7,6.6,4.9,0.5
SUJ-2781,Tecnología,Barranquilla,Universitario,Empresa propia,Casado,25,11,13,21284,15.43,59.3,77,8.3,6.2,6.4,4.5,7.3,5.9,6.43,5.7,32,5.7,7.3,5.8,3,2,4.6,0.0,7,40.5,50,62,30.4,19.5,16.4,17.0,12.9,2.4,0.4,1.0
SUJ-2782,Servicios,Barranquilla,Maestría,Startup escalada,Soltero,24,2,15,1556,9.99,17.8,100,9.9,7.9,8.3,7.1,8.5,10.0,8.62,8.5,25,7.7,7.9,7.0,3,4,5.6,2.6,1,27.3,49,50,33.1,10.1,13.1,20.2,14.4,5.0,3.5,0.6
SUJ-2783,Salud/Farma,Monterrey,Técnico,Empresa propia,Soltero,20,15,19,1016,2.45,23.9,69,6.7,6.3,9.0,4.3,7.6,5.8,6.62,9.7,24,5.7,8.3,6.3,0,3,6.2,2.8,93,27.1,57,74,23.9,18.1,15.8,21.6,8.3,7.4,2.5,2.4
SUJ-2784,Inmuebles,Buenos Aires,Maestría,Franquicia,Casado,31,11,19,1712,6.07,50.9,75,8.5,7.6,6.0,6.2,10.0,9.5,7.97,6.0,29,7.2,9.1,6.0,1,4,5.7,6.5,37,34.2,43,52,27.1,11.1,18.5,4.5,18.3,11.5,5.6,3.4
SUJ-2785,Servicios,Santiago,Posgrado,Startup escalada,Casado,31,6,7,11805,5.39,23.9,53,6.5,9.3,9.1,2.5,6.4,6.4,6.7,6.7,0,4.4,9.8,7.3,4,3,4.3,4.7,40,32.3,52,45,14.6,18.0,21.7,18.9,6.0,12.9,6.8,1.1
SUJ-2786,Finanzas,Cali,Universitario,Empresa propia,Soltero,26,8,22,17624,980.0,71.4,65,9.6,4.4,9.3,5.2,8.1,5.1,6.95,7.2,28,2.1,10.0,6.2,2,0,6.3,0.4,45,73.8,46,64,30.1,23.3,11.8,10.9,11.7,4.0,7.2,1.0
SUJ-2787,Salud/Farma,Santiago,Posgrado,Empresa propia,Casado,33,2,4,13324,1.23,53.8,45,5.5,4.7,6.3,5.1,5.0,5.3,5.32,9.7,17,7.2,6.9,7.6,2,3,4.5,4.8,45,28.0,53,72,19.5,13.9,16.8,22.8,12.8,10.0,2.0,2.2
SUJ-2788,Tecnología,Monterrey,Posgrado,Franquicia,Unión libre,29,6,13,6626,11.86,74.6,103,10.0,8.2,10.0,7.2,9.9,9.1,9.07,7.9,11,8.7,8.1,8.3,1,1,6.9,5.8,21,41.1,26,57,27.2,18.3,19.1,12.1,11.8,9.2,1.6,0.7
SUJ-2789,Agroindustria,CDMX,Universitario,Empresa propia,Soltero,19,5,9,40775,1.0,12.0,47,3.1,3.8,6.6,5.8,6.1,6.1,5.25,8.4,16,6.9,6.7,6.9,1,4,6.8,1.4,13,22.5,67,73,23.1,12.8,21.7,16.7,7.7,11.3,4.8,1.9
SUJ-2790,Salud/Farma,Caracas,Bachillerato,Empresa propia,Casado,23,5,11,570,3.04,29.2,65,7.9,5.2,5.9,5.9,7.3,6.4,6.43,9.5,14,9.3,9.3,8.1,1,2,5.1,3.1,7,30.9,51,65,34.2,19.5,5.9,16.5,11.6,6.4,3.0,2.9
SUJ-2791,Inmuebles,Buenos Aires,Universitario,Empresa familiar,Soltero,34,10,16,16150,19.21,52.5,70,7.8,6.0,5.5,5.1,7.8,9.9,7.02,6.3,38,3.8,7.1,8.0,0,2,4.0,3.0,295,47.0,43,49,25.6,26.2,17.5,18.0,1.9,7.6,3.1,0.1
SUJ-2792,Salud/Farma,Medellín,Posgrado,Startup escalada,Soltero,23,7,12,4464,1.0,37.8,96,9.7,8.2,9.2,6.3,10.0,10.0,8.9,8.3,13,7.8,7.7,9.3,2,1,6.0,4.2,6,24.5,27,55,35.0,13.6,16.5,7.0,10.7,8.7,7.1,1.4
SUJ-2793,Manufactura,São Paulo,Maestría,Startup escalada,Soltero,21,2,6,4857,1.21,41.1,75,9.8,6.9,5.5,7.2,9.1,6.9,7.57,8.0,27,5.5,8.2,7.6,1,2,5.7,5.1,4,24.9,47,53,27.5,21.7,19.8,16.7,5.9,3.7,4.1,0.6
SUJ-2794,Finanzas,Buenos Aires,Doctorado,Empresa familiar,Soltero,30,2,8,1092,1.85,65.6,53,7.2,5.6,4.8,4.0,4.2,5.6,5.23,7.8,28,10.0,7.3,5.8,0,1,4.9,2.2,18,24.8,65,58,20.4,11.7,21.6,18.9,13.5,11.0,0.8,2.1
SUJ-2795,Retail/Comercio,Monterrey,Posgrado,Empresa propia,Casado,24,1,7,500,5.6,46.6,68,6.8,4.1,8.0,5.3,7.2,7.9,6.55,6.7,18,3.0,9.7,6.3,1,1,4.9,4.4,19,34.7,61,60,14.0,23.4,18.9,15.1,13.9,10.3,2.1,2.3
SUJ-2796,Manufactura,Monterrey,Maestría,Empresa propia,Soltero,29,10,17,3045,3.96,11.1,73,6.6,5.4,7.9,8.5,8.9,6.7,7.33,8.9,15,6.6,6.7,10.0,1,0,6.2,0.0,51,30.2,51,67,20.7,18.0,15.5,11.4,17.8,6.3,8.0,2.3
SUJ-2797,Tecnología,Medellín,Universitario,Empresa propia,Casado,25,6,14,1537,1.67,51.7,64,4.5,6.4,8.6,6.5,6.7,6.0,6.45,7.4,22,4.9,9.1,5.7,1,2,5.2,3.1,5,24.1,59,53,37.1,24.2,14.0,7.3,8.9,4.0,3.5,1.0
SUJ-2798,Manufactura,Medellín,Maestría,Startup escalada,Soltero,21,10,19,5282,1.0,15.8,62,7.1,7.4,6.1,4.0,8.9,4.6,6.35,8.1,13,3.9,7.3,5.9,1,3,6.2,3.3,72,25.9,42,63,28.3,21.2,13.2,11.3,10.8,7.4,4.2,3.6
SUJ-2799,Salud/Farma,Medellín,Universitario,Holding,Soltero,21,19,27,1275,4.11,25.1,61,8.1,6.1,8.9,5.1,8.0,4.7,6.82,9.3,14,8.9,5.0,3.7,2,2,4.9,4.9,5,22.4,59,59,25.7,14.5,12.1,17.9,10.4,11.9,5.5,2.0
SUJ-2800,Tecnología,Buenos Aires,Universitario,Empresa propia,Soltero,17,3,9,1187,2.02,55.4,62,8.1,5.1,5.5,6.3,6.4,7.5,6.48,4.7,32,2.6,7.6,9.8,0,1,5.5,1.8,1,25.6,54,48,28.3,15.1,16.3,16.4,14.9,6.3,2.1,0.6
SUJ-2801,Inmuebles,Caracas,Posgrado,Empresa propia,Casado,19,8,13,16763,3.4,33.2,60,6.0,6.0,7.6,4.1,6.5,6.5,6.12,6.0,39,4.8,8.3,7.7,5,0,4.8,2.6,115,35.9,65,54,37.6,17.3,9.6,12.8,11.2,7.7,3.9,-0.1
SUJ-2802,Servicios,Bogotá,Bachillerato,E-commerce,Casado,29,12,13,20336,3.25,13.9,60,8.0,5.7,6.5,6.8,6.7,5.5,6.53,6.6,22,5.6,9.8,5.5,3,1,6.5,4.0,8,30.7,52,43,16.7,14.8,29.0,13.2,11.4,8.9,3.9,2.1
SUJ-2803,Agroindustria,Bucaramanga,Maestría,E-commerce,Casado,33,5,12,26642,2.5,4.0,68,8.7,4.6,8.5,6.0,6.8,7.8,7.07,6.9,9,5.1,10.0,3.6,1,0,7.9,2.8,18,26.2,31,60,25.7,22.6,16.5,13.8,9.6,5.1,3.5,3.2
SUJ-2804,Salud/Farma,Lima,Maestría,Startup escalada,Soltero,22,5,15,9128,2.87,5.4,82,9.4,6.7,6.9,9.3,8.4,5.7,7.73,6.9,34,7.0,8.5,7.2,3,3,5.2,3.0,53,26.0,48,49,26.8,19.8,20.2,8.7,10.2,9.5,3.6,1.2
SUJ-2805,Retail/Comercio,Medellín,Universitario,Franquicia,Casado,17,9,12,11792,8.65,54.0,55,6.3,5.3,7.2,4.2,5.6,5.6,5.7,8.0,27,5.7,5.2,7.1,2,2,4.6,2.0,38,33.2,65,69,35.3,19.4,12.4,4.0,16.4,5.5,4.4,2.6
SUJ-2806,Salud/Farma,Bucaramanga,Universitario,Startup escalada,Soltero,32,16,20,14452,27.62,44.1,61,6.8,6.4,7.1,5.7,7.0,6.4,6.57,7.0,33,5.0,8.2,10.0,1,2,5.5,4.0,2,32.0,63,47,25.4,21.8,17.4,5.8,17.7,10.5,1.5,-0.1
SUJ-2807,Inmuebles,Caracas,Maestría,Franquicia,Casado,33,9,20,8605,4.82,36.5,73,8.2,8.2,6.1,4.8,8.7,6.0,7.0,7.4,18,8.2,6.9,7.6,1,0,6.0,4.4,1,21.9,50,56,41.1,19.6,11.0,10.1,7.6,3.9,5.2,1.5
SUJ-2808,Tecnología,Lima,Maestría,Holding,Unión libre,30,3,15,3206,2.67,12.4,79,8.8,9.1,10.0,6.0,9.3,8.6,8.63,10.0,32,5.9,7.6,6.1,2,2,4.3,2.1,13,22.9,32,63,27.0,23.9,16.8,11.4,13.8,4.0,1.1,2.0
SUJ-2809,Retail/Comercio,Buenos Aires,Universitario,Empresa familiar,Soltero,17,4,7,1360,1.74,16.9,92,8.4,5.5,8.6,6.2,10.0,10.0,8.12,7.2,19,7.2,6.0,8.1,1,1,5.1,3.4,317,26.9,34,49,26.4,20.4,12.1,19.4,11.6,6.6,2.9,0.6
SUJ-2810,Inmuebles,Bucaramanga,Universitario,Startup escalada,Soltero,29,5,20,2166,2.51,38.7,82,7.8,6.7,9.2,7.7,6.8,8.3,7.75,5.8,13,2.8,7.2,6.2,1,2,3.3,5.9,6,23.3,41,49,21.6,15.1,29.0,6.8,14.0,5.1,5.9,2.5
SUJ-2811,Finanzas,Medellín,Posgrado,Empresa propia,Casado,29,1,8,14681,3.62,60.0,74,8.0,8.3,8.2,3.7,8.6,6.7,7.25,8.4,10,4.8,7.1,5.6,2,2,6.2,0.0,9,27.6,52,68,27.0,10.1,20.3,16.5,8.8,6.8,9.1,1.4
SUJ-2812,Manufactura,Cali,Posgrado,Empresa propia,Casado,31,6,15,9528,2.3,20.5,72,6.7,7.2,5.5,2.0,7.6,6.3,5.88,7.7,22,5.3,8.0,6.5,2,4,6.1,4.2,126,30.4,63,56,30.5,14.3,20.1,8.2,14.2,9.3,0.0,3.4
SUJ-2813,Manufactura,Monterrey,Técnico,Franquicia,Soltero,26,7,12,4867,4.62,32.6,70,6.7,7.2,8.5,5.9,8.1,7.1,7.25,10.0,41,9.0,8.0,5.0,0,4,3.5,0.0,20,32.1,38,65,23.8,22.5,12.5,14.6,15.2,9.3,0.0,2.1
SUJ-2814,Tecnología,São Paulo,Universitario,Franquicia,Unión libre,21,7,14,500,1.0,51.1,56,4.0,4.2,4.4,4.7,5.9,5.1,4.72,6.6,29,7.7,6.3,10.0,2,2,6.2,3.9,118,32.8,63,63,34.8,22.5,3.5,16.4,13.0,1.2,6.8,1.8
SUJ-2815,Manufactura,São Paulo,Maestría,Holding,Casado,23,1,8,2476,1.12,40.7,77,6.6,5.7,7.0,5.0,7.6,7.9,6.63,8.3,14,1.7,5.5,8.4,2,0,4.5,4.2,88,22.1,60,54,35.0,17.7,14.0,6.3,11.5,8.4,5.9,1.2
SUJ-2816,Inmuebles,Bucaramanga,Posgrado,Empresa familiar,Soltero,33,8,11,10442,1.0,31.2,66,7.8,6.7,7.3,5.4,7.3,8.1,7.1,7.5,20,7.3,5.5,7.5,3,0,6.3,0.1,45,32.9,49,59,17.1,18.2,22.4,13.9,14.1,8.8,4.2,1.3
SUJ-2817,Retail/Comercio,São Paulo,Doctorado,Empresa propia,Soltero,28,3,15,5745,4.33,27.4,74,8.9,5.8,7.5,3.3,9.4,8.3,7.2,8.7,38,10.0,5.6,7.7,4,1,5.6,3.9,9,25.8,43,62,36.2,7.3,15.8,12.8,16.5,9.8,1.0,0.6
SUJ-2818,Tecnología,Barranquilla,Maestría,Franquicia,Casado,18,6,12,4574,7.72,45.4,59,6.5,3.9,7.1,6.9,3.4,5.9,5.62,6.8,27,7.4,8.1,7.0,3,2,4.1,0.9,5,38.1,49,66,21.5,19.8,22.1,9.4,17.6,5.3,3.6,0.7
SUJ-2819,Tecnología,Barranquilla,Doctorado,Empresa propia,Soltero,36,4,8,3011,2.81,63.0,71,8.3,6.3,3.9,4.6,8.7,7.8,6.6,9.8,27,3.8,8.2,8.3,2,2,4.5,6.6,10,30.9,41,75,17.7,13.5,21.7,13.9,13.9,12.0,4.6,2.7
SUJ-2820,Finanzas,Bucaramanga,Universitario,Startup escalada,Soltero,32,11,13,7470,4.91,53.9,59,3.8,5.1,4.3,6.2,8.2,6.3,5.65,6.7,20,5.6,8.4,9.3,2,1,6.6,1.5,3,28.4,48,63,24.9,7.4,22.5,16.5,11.6,7.5,5.8,3.8
SUJ-2821,Agroindustria,Medellín,Maestría,Empresa familiar,Casado,35,4,12,27142,1.0,4.0,79,8.4,7.9,8.7,4.6,6.5,8.3,7.4,10.0,14,7.2,5.8,7.7,1,2,5.9,5.3,7,15.8,40,58,32.4,17.2,15.6,20.2,8.8,3.7,0.0,2.1
SUJ-2822,Finanzas,Santiago,Bachillerato,Franquicia,Casado,32,12,19,18511,65.71,53.5,69,5.9,6.6,6.8,3.7,7.4,7.3,6.28,6.1,45,4.3,6.7,9.7,2,5,4.4,2.3,4,42.1,55,66,18.5,19.4,18.2,11.6,15.6,9.5,4.3,2.9
SUJ-2823,Manufactura,Medellín,Posgrado,Empresa propia,Casado,20,7,10,500,2.25,27.4,74,6.6,8.9,7.9,4.6,7.4,10.0,7.57,6.1,16,6.5,6.6,7.8,2,1,5.2,2.7,22,26.6,35,57,36.3,9.5,7.0,24.6,11.7,4.6,5.0,1.3
SUJ-2824,Finanzas,Buenos Aires,Universitario,Startup escalada,Soltero,27,8,14,5246,4.46,61.6,66,7.8,4.5,7.4,5.3,6.8,7.3,6.52,4.8,36,9.0,7.9,7.3,2,1,4.9,3.1,24,35.0,52,57,10.7,26.2,20.0,18.4,6.7,13.9,1.8,2.3
SUJ-2825,Finanzas,Medellín,Universitario,Holding,Casado,29,7,15,3197,5.59,46.8,81,9.2,6.9,6.5,7.4,8.6,9.5,8.02,10.0,21,7.3,8.0,9.9,1,2,4.5,4.4,10,31.8,42,61,22.1,16.1,17.9,9.9,17.3,9.4,4.0,3.3
SUJ-2826,Servicios,Buenos Aires,Maestría,Empresa propia,Unión libre,17,3,8,5716,1.0,8.5,77,5.5,7.3,5.8,8.1,8.7,6.2,6.93,8.3,7,4.9,8.9,6.0,2,2,5.0,0.9,24,24.2,57,65,14.4,23.2,22.8,18.7,7.6,10.7,0.1,2.5
SUJ-2827,Inmuebles,Santiago,Maestría,Startup escalada,Soltero,18,8,15,7455,4.08,25.4,61,4.6,6.2,7.5,6.4,6.7,7.4,6.47,9.0,27,9.4,7.6,7.1,2,3,6.1,1.3,7,24.6,61,75,22.5,3.6,33.8,11.7,14.6,9.1,4.7,0.0
SUJ-2828,Tecnología,Cali,Bachillerato,Empresa familiar,Casado,30,5,11,1785,2.57,78.1,60,5.7,5.7,5.4,3.1,5.3,6.0,5.2,6.8,40,3.7,10.0,6.6,0,1,3.4,3.9,113,43.8,64,62,25.5,17.4,10.1,14.4,17.0,10.1,2.8,2.7
SUJ-2829,Retail/Comercio,Buenos Aires,Posgrado,E-commerce,Unión libre,30,8,13,12170,16.54,25.4,84,6.5,4.8,8.5,6.2,7.8,8.8,7.1,6.8,19,6.8,9.1,8.3,0,2,5.4,3.2,21,39.4,52,68,22.9,21.7,12.5,14.7,14.0,8.6,3.7,1.9
SUJ-2830,Tecnología,CDMX,Universitario,E-commerce,Casado,40,9,12,5155,3.12,66.9,41,4.5,1.5,4.8,3.0,5.3,4.9,4.0,10.0,17,2.6,7.0,7.5,1,3,5.2,2.4,7,30.0,68,78,14.4,21.2,23.5,18.6,6.1,7.4,7.1,1.7
SUJ-2831,Retail/Comercio,Barranquilla,Universitario,Empresa propia,Casado,24,14,21,38632,1.0,9.2,91,9.9,6.2,7.1,6.8,9.7,4.5,7.37,8.4,23,3.5,7.0,9.9,1,2,5.8,2.5,3,20.4,48,72,21.9,27.0,18.4,14.7,5.4,4.9,3.0,4.7
SUJ-2832,Manufactura,Monterrey,Maestría,E-commerce,Soltero,17,8,7,500,11.73,30.3,62,5.0,6.2,5.8,5.5,6.6,8.8,6.32,10.0,10,4.5,8.5,9.2,1,3,4.6,3.3,37,36.6,49,71,13.7,24.6,8.9,22.7,13.4,9.1,5.7,1.9
SUJ-2833,Tecnología,Barranquilla,Universitario,Franquicia,Casado,25,10,21,1682,1.32,30.9,81,10.0,4.4,9.4,5.3,7.4,6.4,7.15,10.0,16,7.5,7.0,7.5,6,0,5.2,3.7,50,18.2,40,66,25.6,19.0,14.4,18.0,13.7,5.8,1.7,1.8
SUJ-2834,Finanzas,Buenos Aires,Doctorado,Empresa propia,Casado,31,9,19,9359,21.53,49.1,77,7.8,7.4,7.9,8.6,7.6,6.3,7.6,7.9,36,7.0,6.7,10.0,2,2,4.5,1.3,34,35.6,41,46,15.5,19.0,23.5,14.5,10.2,9.2,7.8,0.3
SUJ-2835,Finanzas,CDMX,Técnico,Empresa propia,Casado,23,6,8,9504,1.53,37.7,67,7.4,5.5,6.5,4.8,7.7,6.5,6.4,9.1,19,5.7,7.2,6.8,2,3,5.6,5.0,58,30.4,66,66,25.4,25.5,15.2,17.8,6.2,5.2,3.5,1.2
SUJ-2836,Agroindustria,Bogotá,Posgrado,Empresa propia,Unión libre,26,9,10,6981,3.07,6.4,76,6.6,6.1,8.2,6.9,6.5,6.7,6.83,4.6,8,8.4,8.1,6.2,1,1,5.0,5.0,16,19.5,54,36,22.4,20.6,19.4,15.9,10.5,7.3,4.0,-0.1
SUJ-2837,Salud/Farma,Cali,Posgrado,Empresa propia,Soltero,22,6,16,28592,2.9,12.1,73,8.8,8.8,9.3,3.8,7.9,6.5,7.52,8.1,19,6.2,8.2,8.3,1,2,6.7,4.5,41,25.5,45,60,26.1,11.6,22.4,17.3,8.1,7.8,5.5,1.2
SUJ-2838,Tecnología,Cali,Universitario,E-commerce,Soltero,33,5,10,4293,3.92,49.4,82,8.6,9.3,8.0,8.9,6.7,8.4,8.32,6.7,21,8.1,5.0,7.2,1,4,5.1,4.5,17,29.9,19,60,27.8,21.0,12.9,11.4,12.9,7.4,4.3,2.3
SUJ-2839,Inmuebles,Bogotá,Universitario,E-commerce,Soltero,30,3,9,4317,1.0,5.1,62,6.9,4.7,9.5,5.9,6.1,6.9,6.67,7.6,21,8.9,6.9,8.2,3,0,4.6,2.7,4,15.8,41,69,28.0,21.3,19.9,6.0,7.2,12.2,4.1,1.3
SUJ-2840,Finanzas,Monterrey,Maestría,E-commerce,Casado,21,9,15,19306,6.21,28.0,81,8.7,7.9,8.4,5.9,10.0,7.7,8.1,7.4,37,4.5,9.3,10.0,3,2,3.0,3.5,3,27.8,30,52,28.5,17.6,15.4,15.2,8.6,12.3,1.4,1.0
SUJ-2841,Finanzas,São Paulo,Maestría,Franquicia,Soltero,22,5,6,6185,2.02,49.4,46,3.8,4.5,4.9,4.5,4.7,4.9,4.55,7.4,46,4.7,10.0,6.6,2,3,5.5,0.4,4,29.1,59,59,24.6,14.1,17.9,9.8,14.8,11.0,3.8,4.0
SUJ-2842,Inmuebles,Santiago,Universitario,Franquicia,Casado,21,9,18,3492,2.21,7.2,80,8.6,7.9,8.4,6.8,10.0,7.6,8.22,9.9,24,2.6,7.8,6.9,0,0,3.8,1.6,1,19.1,38,75,20.3,26.6,24.0,10.7,8.6,4.7,3.1,2.0
SUJ-2843,Agroindustria,Lima,Posgrado,Startup escalada,Soltero,17,7,15,10153,1.61,4.0,72,8.2,5.7,10.0,5.9,8.0,7.1,7.48,7.7,35,6.0,8.1,6.0,2,4,6.0,2.9,2,17.6,39,61,31.0,18.0,15.2,12.1,14.1,6.9,1.2,1.5
SUJ-2844,Agroindustria,São Paulo,Bachillerato,Franquicia,Soltero,21,6,12,7733,14.27,44.3,78,6.3,4.9,9.7,5.7,10.0,8.8,7.57,5.8,24,9.3,7.7,8.0,1,2,5.4,0.0,16,31.0,54,58,26.0,21.3,10.7,15.7,7.5,11.4,4.8,2.6
SUJ-2845,Manufactura,CDMX,Universitario,Empresa familiar,Soltero,17,3,2,2926,4.86,46.8,80,7.8,6.7,5.9,4.6,6.3,10.0,6.88,7.7,5,7.0,9.6,10.0,1,1,4.3,0.0,1,29.7,47,69,23.0,23.2,11.2,18.8,11.8,4.8,5.6,1.6
SUJ-2846,Finanzas,Buenos Aires,Universitario,Franquicia,Unión libre,31,12,20,2829,2.53,36.4,92,8.7,8.7,6.7,9.0,10.0,9.7,8.8,6.9,3,6.9,6.8,5.5,2,3,5.2,2.9,4,17.8,33,60,19.8,19.5,20.6,12.0,15.3,9.3,0.0,3.5
SUJ-2847,Inmuebles,Lima,Técnico,Holding,Casado,32,5,12,4028,4.75,36.3,74,7.7,6.2,7.1,6.1,8.1,10.0,7.53,9.1,18,8.3,9.4,8.6,2,2,4.1,7.0,9,31.5,50,58,31.2,7.6,26.0,14.8,5.1,7.6,4.7,3.0
SUJ-2848,Finanzas,Monterrey,Maestría,Empresa propia,Unión libre,24,13,19,594,1.95,36.6,60,7.3,6.5,9.5,3.9,6.9,3.0,6.18,6.6,11,9.6,9.7,7.3,2,6,4.5,0.4,41,29.7,53,56,26.2,10.1,16.7,23.4,11.2,5.0,2.6,4.8
SUJ-2849,Manufactura,Santiago,Maestría,Holding,Casado,27,4,13,22864,6.25,13.9,96,10.0,9.6,9.3,6.9,9.2,8.8,8.97,8.5,12,7.2,9.2,7.3,1,3,5.5,5.1,295,36.3,42,53,22.0,27.9,17.6,12.1,5.5,7.0,6.5,1.4
SUJ-2850,Finanzas,Cali,Doctorado,Startup escalada,Soltero,32,12,22,1617,1.0,4.2,77,7.6,8.1,6.7,7.5,8.3,6.7,7.48,7.9,5,7.6,7.4,6.2,1,2,4.5,1.5,13,18.5,40,78,19.8,22.8,17.5,17.7,7.2,8.8,4.7,1.5
SUJ-2851,Manufactura,Buenos Aires,Posgrado,Empresa familiar,Soltero,30,7,14,1723,1.67,46.2,84,9.5,7.7,10.0,8.1,9.5,10.0,9.13,8.2,40,6.0,8.3,9.5,1,2,4.7,1.8,4,29.9,38,61,28.6,14.5,19.6,13.9,11.2,7.4,3.6,1.2
SUJ-2852,Finanzas,Buenos Aires,Doctorado,Empresa familiar,Unión libre,38,10,11,8331,2.79,55.9,67,5.4,4.2,8.3,5.0,6.6,7.8,6.22,5.7,39,6.9,9.8,10.0,5,2,4.7,3.7,10,32.1,52,64,32.5,16.8,13.0,17.8,9.1,8.0,0.0,2.8
SUJ-2853,Tecnología,Santiago,Posgrado,Empresa propia,Casado,27,2,4,10305,4.16,62.8,67,7.4,3.3,6.5,4.6,6.7,7.1,5.93,6.8,26,8.3,8.6,7.9,2,1,4.3,5.4,95,35.6,47,57,19.8,25.5,12.9,7.7,17.1,13.0,1.6,2.4
SUJ-2854,Agroindustria,Barranquilla,Posgrado,E-commerce,Soltero,34,2,6,10679,1.0,26.8,74,5.1,7.1,6.6,5.2,8.6,8.6,6.87,8.1,13,5.0,5.2,8.9,1,4,4.5,4.7,74,22.3,41,61,27.1,14.0,24.3,16.9,11.8,4.0,1.9,0.0
SUJ-2855,Tecnología,CDMX,Doctorado,Franquicia,Casado,26,8,13,3760,1.72,49.6,80,7.5,7.8,9.3,7.6,8.8,9.9,8.48,6.3,28,6.0,7.9,7.2,0,4,4.9,3.4,97,31.1,37,65,20.5,28.8,11.7,11.5,14.7,6.2,4.7,1.9
SUJ-2856,Retail/Comercio,Santiago,Posgrado,E-commerce,Soltero,25,3,12,16529,4.03,21.6,76,8.4,6.5,6.2,7.6,5.8,6.6,6.85,8.8,25,4.8,6.6,7.2,2,4,5.2,3.7,90,28.8,60,58,32.2,11.5,16.8,10.8,18.9,1.8,2.3,5.7
SUJ-2857,Finanzas,Medellín,Bachillerato,Empresa propia,Soltero,30,12,19,6282,10.49,47.6,59,7.4,5.7,5.6,4.5,7.7,5.2,6.02,7.5,29,7.6,8.5,6.9,2,0,7.0,0.0,4,33.9,51,57,33.8,17.8,15.2,15.4,12.6,1.0,4.0,0.2
SUJ-2858,Tecnología,Medellín,Maestría,Startup escalada,Soltero,29,8,13,4618,6.37,72.9,93,9.6,7.6,9.0,7.9,10.0,8.7,8.8,9.4,18,5.8,8.1,9.9,0,1,4.6,5.9,3,36.8,26,62,27.7,20.6,15.2,12.5,11.9,5.5,2.5,4.1
SUJ-2859,Tecnología,Santiago,Maestría,Startup escalada,Casado,22,4,12,13302,6.34,52.7,56,8.2,5.2,5.4,4.2,5.2,6.4,5.77,5.7,7,6.9,6.5,8.9,1,2,4.9,5.0,2,31.0,49,51,19.3,23.7,11.2,15.3,18.2,8.6,0.0,3.7
SUJ-2860,Tecnología,Caracas,Maestría,Franquicia,Soltero,21,3,6,2233,6.33,79.6,77,8.1,7.1,6.4,4.2,7.4,8.5,6.95,9.6,19,1.8,8.9,5.7,1,1,4.9,2.2,8,38.9,37,60,15.5,23.2,18.9,12.4,17.4,5.6,4.0,3.0
SUJ-2861,Servicios,Cali,Posgrado,Empresa propia,Soltero,26,6,14,15739,3.98,11.2,73,5.5,7.5,7.8,6.5,6.9,7.5,6.95,7.3,20,2.8,7.7,7.9,1,3,5.8,5.3,11,19.6,45,61,33.8,26.4,18.6,12.9,2.2,2.5,2.0,1.6
SUJ-2862,Finanzas,Santiago,Posgrado,Empresa propia,Soltero,17,5,12,6191,2.36,27.2,106,7.4,8.8,10.0,7.7,10.0,10.0,8.98,7.5,23,8.0,7.6,7.8,2,0,4.7,0.7,39,27.7,29,53,29.9,15.4,19.5,14.7,11.1,6.8,1.7,0.9
SUJ-2863,Agroindustria,Bucaramanga,Doctorado,Holding,Soltero,24,9,17,18425,1.0,6.4,66,5.7,5.8,7.1,5.1,6.8,7.8,6.38,7.3,11,4.3,7.6,6.2,2,0,5.3,1.2,20,22.0,44,66,19.2,25.2,14.6,10.9,11.2,16.5,1.1,1.3
SUJ-2864,Manufactura,Monterrey,Técnico,Empresa propia,Soltero,20,6,15,1801,5.31,22.6,56,5.1,4.9,3.2,5.7,7.2,6.7,5.47,8.4,19,3.9,7.8,8.3,0,1,6.7,2.2,5,26.8,58,61,30.0,16.4,13.7,12.8,13.5,7.8,3.4,2.4
SUJ-2865,Retail/Comercio,Medellín,Posgrado,Startup escalada,Soltero,22,11,17,21998,17.26,47.8,81,8.5,7.2,9.5,4.5,10.0,7.9,7.93,4.5,28,4.2,8.0,7.3,1,2,6.0,4.4,31,42.8,35,62,39.9,25.1,11.9,6.6,5.6,7.5,1.5,1.9
SUJ-2866,Manufactura,Lima,Universitario,Holding,Soltero,21,9,8,9314,1.49,18.0,66,6.3,3.2,4.1,2.5,8.3,7.8,5.37,7.1,22,6.5,8.7,7.2,2,3,6.1,3.1,7,18.6,60,83,27.6,21.3,15.7,12.0,11.0,5.0,5.9,1.5
SUJ-2867,Retail/Comercio,São Paulo,Posgrado,Holding,Unión libre,30,3,7,7705,1.0,8.0,87,7.4,8.5,8.8,7.1,9.3,8.1,8.2,5.0,29,5.1,7.6,8.7,3,0,4.9,0.0,112,25.6,43,57,23.4,32.4,14.7,9.3,10.5,6.4,2.8,0.5
SUJ-2868,Inmuebles,Santiago,Posgrado,E-commerce,Soltero,28,5,14,4386,3.92,31.9,84,7.8,6.8,10.0,8.7,10.0,8.2,8.58,7.1,7,5.1,8.5,7.0,2,4,5.2,4.5,24,29.1,32,66,19.9,13.9,20.4,20.2,11.7,7.0,3.6,3.3
SUJ-2869,Finanzas,Medellín,Técnico,Empresa propia,Soltero,26,3,7,25046,2.94,65.2,82,7.9,5.9,9.3,7.6,7.1,10.0,7.97,7.4,32,4.7,9.0,6.7,0,0,6.1,0.2,38,36.2,47,44,18.8,30.4,23.6,14.6,2.4,8.6,0.2,1.4
SUJ-2870,Finanzas,Monterrey,Universitario,Empresa familiar,Soltero,23,3,7,4694,7.22,48.0,62,5.8,7.3,6.1,4.0,7.8,5.2,6.03,8.6,12,7.7,9.7,9.3,0,0,6.7,3.0,22,34.5,59,57,23.2,15.2,23.7,13.1,11.5,6.3,5.4,1.6
SUJ-2871,Servicios,Monterrey,Posgrado,E-commerce,Casado,32,1,7,5521,1.0,24.9,84,8.4,6.7,7.4,6.8,8.8,8.7,7.8,9.4,26,5.2,6.7,10.0,0,2,7.0,3.6,6,15.5,41,72,21.1,16.4,18.8,16.7,10.5,8.6,6.3,1.6
SUJ-2872,Agroindustria,Lima,Técnico,Empresa familiar,Casado,31,10,20,12167,5.52,18.9,103,10.0,7.0,9.4,8.4,10.0,10.0,9.13,7.0,23,5.4,6.5,9.2,0,3,5.1,3.5,10,25.5,30,55,28.9,7.9,7.6,22.5,12.0,11.1,6.6,3.4
SUJ-2873,Servicios,Buenos Aires,Universitario,E-commerce,Soltero,25,12,20,2682,2.23,19.2,67,6.3,6.9,8.5,6.1,7.9,8.3,7.33,4.8,10,4.4,6.0,8.4,1,6,3.4,3.2,33,26.6,51,51,34.5,17.1,15.4,16.1,5.8,6.9,3.6,0.6
SUJ-2874,Retail/Comercio,Caracas,Maestría,Holding,Unión libre,34,3,15,2756,5.2,62.0,70,7.5,5.5,7.9,4.8,9.3,10.0,7.5,7.3,11,7.1,7.2,7.4,1,2,6.0,3.6,22,35.0,34,59,27.1,31.8,10.7,16.5,6.0,0.9,4.2,2.8
SUJ-2875,Inmuebles,Bucaramanga,Universitario,Empresa propia,Casado,24,3,10,11943,3.79,50.1,70,9.8,5.6,7.1,4.8,9.0,8.7,7.5,4.7,17,10.0,8.9,10.0,0,2,5.8,5.3,51,35.5,48,45,31.8,15.6,15.6,19.9,4.3,11.8,0.6,0.4
SUJ-2876,Retail/Comercio,Santiago,Universitario,Holding,Casado,27,9,16,1101,5.86,54.6,68,7.5,7.1,8.4,2.4,7.4,7.3,6.68,4.5,26,7.4,5.2,7.9,0,1,5.9,3.8,23,33.1,62,55,31.3,25.8,10.2,8.1,8.2,7.4,7.7,1.3
SUJ-2877,Retail/Comercio,Bogotá,Doctorado,Startup escalada,Soltero,22,4,9,13851,3.28,68.8,74,8.9,7.7,5.6,6.1,8.5,8.1,7.48,6.4,31,7.4,6.7,6.4,1,2,5.6,4.5,25,29.6,34,72,41.6,5.4,24.8,13.3,5.8,6.1,2.8,0.2
SUJ-2878,Tecnología,Santiago,Universitario,Startup escalada,Soltero,23,12,13,7850,8.81,70.4,73,7.1,4.6,6.5,6.7,7.2,6.6,6.45,4.9,30,8.3,6.4,6.1,2,1,7.6,4.4,51,35.4,35,62,28.5,17.5,16.6,7.0,14.1,4.9,9.8,1.6
SUJ-2879,Manufactura,Buenos Aires,Universitario,Startup escalada,Casado,22,4,11,6196,7.46,18.2,72,9.0,6.1,6.5,6.9,7.7,7.9,7.35,5.7,26,5.2,7.7,8.1,2,1,6.3,1.9,2,27.3,28,68,22.4,17.9,17.2,15.8,10.3,9.3,6.5,0.6
SUJ-2880,Tecnología,CDMX,Posgrado,Empresa propia,Unión libre,30,1,7,2081,1.19,64.8,60,5.5,3.5,7.9,3.5,7.4,7.8,5.93,8.2,30,5.7,9.1,8.7,0,0,6.6,2.0,8,26.7,47,68,30.2,18.5,11.9,10.3,13.4,9.5,4.6,1.6
SUJ-2881,Finanzas,Barranquilla,Maestría,Empresa familiar,Casado,28,6,14,12348,49.97,74.9,88,9.9,6.8,8.8,6.6,9.6,10.0,8.62,6.4,17,2.0,6.4,6.9,0,2,4.7,2.5,35,51.1,39,43,36.6,13.0,17.1,12.7,8.6,6.4,4.5,1.1
SUJ-2882,Servicios,Cali,Maestría,Empresa familiar,Soltero,19,4,11,13076,4.6,29.6,77,9.2,5.6,10.0,5.9,8.9,7.2,7.8,8.7,12,7.2,9.1,8.5,0,3,4.8,3.9,4,22.9,39,51,32.3,15.1,16.6,9.1,12.8,8.4,4.9,0.8
SUJ-2883,Tecnología,Buenos Aires,Maestría,Empresa propia,Soltero,29,7,14,5276,4.72,47.6,85,10.0,8.5,9.3,5.4,9.5,9.2,8.65,8.6,24,6.1,10.0,6.3,2,2,4.5,2.7,18,29.5,34,41,22.9,16.2,25.1,15.1,8.6,7.8,1.6,2.7
SUJ-2884,Tecnología,São Paulo,Maestría,Empresa familiar,Casado,36,5,15,3943,13.03,71.6,80,8.4,5.4,6.8,7.5,8.2,6.5,7.13,7.7,42,4.7,9.0,6.0,5,3,4.0,2.4,24,44.5,41,75,28.8,17.6,12.2,11.0,14.2,11.7,3.3,1.2
SUJ-2885,Tecnología,Monterrey,Universitario,Empresa propia,Casado,22,9,14,2260,1.93,34.6,40,4.5,4.7,6.2,3.6,4.7,4.4,4.68,6.7,20,6.5,7.0,6.8,0,4,4.5,5.1,2,21.7,52,60,28.3,26.4,16.3,14.5,2.3,8.0,2.7,1.5
SUJ-2886,Agroindustria,Caracas,Bachillerato,Holding,Soltero,21,8,17,11227,2.39,21.3,85,6.8,6.8,7.2,5.9,8.9,8.0,7.27,7.9,23,10.0,5.3,8.5,1,1,5.5,5.7,96,29.7,42,68,23.8,12.0,14.0,20.0,15.5,7.9,3.6,3.2
SUJ-2887,Retail/Comercio,Bogotá,Universitario,Empresa propia,Soltero,26,8,19,8161,5.67,39.0,83,8.3,4.9,7.4,7.9,9.4,10.0,7.98,10.0,26,6.2,8.5,5.7,0,1,4.0,2.6,41,30.7,38,60,35.0,17.9,19.2,9.7,7.8,6.0,2.7,1.7
SUJ-2888,Retail/Comercio,Cali,Técnico,Empresa familiar,Soltero,34,7,11,1851,1.0,26.9,76,8.6,5.4,7.4,6.7,8.7,4.6,6.9,8.0,21,6.5,8.9,9.5,1,0,3.7,0.1,26,20.1,60,64,38.1,23.4,17.2,2.3,12.0,3.6,1.7,1.7
SUJ-2889,Inmuebles,Medellín,Maestría,Empresa propia,Casado,23,7,12,12657,2.12,40.5,102,10.0,6.7,9.9,6.7,10.0,10.0,8.88,7.3,32,10.0,7.8,5.6,1,7,5.7,0.0,5,24.1,39,56,27.5,14.2,13.7,11.2,15.2,14.1,3.8,0.3
SUJ-2890,Servicios,São Paulo,Posgrado,E-commerce,Casado,37,1,4,17110,1.0,31.2,86,8.5,6.2,8.6,4.3,9.3,6.8,7.28,7.3,15,8.7,10.0,10.0,3,1,5.5,3.3,105,33.9,36,59,31.2,20.1,17.1,16.6,8.0,5.6,0.0,1.4
SUJ-2891,Finanzas,Santiago,Bachillerato,Franquicia,Casado,19,8,9,500,1.06,55.9,86,8.9,5.9,8.6,5.6,9.3,8.3,7.77,7.6,47,8.1,4.2,8.9,1,6,5.9,4.6,2,18.6,38,53,30.5,17.9,15.9,2.3,9.7,15.4,6.1,2.2
SUJ-2892,Manufactura,Cali,Maestría,Empresa propia,Casado,27,9,21,11842,1.06,22.2,49,7.5,4.2,4.1,4.3,5.3,7.8,5.53,7.6,18,10.0,8.0,5.6,2,1,5.4,0.1,19,27.1,51,51,24.0,15.2,23.0,9.8,11.0,7.5,7.5,2.0
SUJ-2893,Inmuebles,Medellín,Universitario,Holding,Soltero,17,8,25,15327,9.24,26.1,90,9.9,8.7,8.5,6.2,9.8,5.9,8.17,7.9,36,4.2,9.2,9.3,3,2,6.4,0.0,4,32.3,29,61,29.4,4.0,13.1,23.6,9.5,12.8,4.9,2.7
SUJ-2894,Manufactura,Barranquilla,Universitario,Empresa propia,Casado,20,6,13,38148,3.91,23.2,81,7.9,5.8,8.3,4.7,10.0,6.6,7.22,5.0,41,10.0,9.2,8.9,1,2,4.6,2.7,171,33.2,52,52,13.3,25.7,21.1,22.1,9.2,4.0,4.6,-0.0
SUJ-2895,Tecnología,Medellín,Posgrado,Holding,Unión libre,24,9,14,2170,8.56,33.2,54,6.2,3.5,7.1,4.2,5.3,7.0,5.55,9.3,8,8.3,6.9,6.7,1,3,6.6,3.3,9,30.4,50,64,35.7,20.3,15.6,7.6,6.4,8.3,3.4,2.7
SUJ-2896,Servicios,Bogotá,Universitario,Empresa familiar,Unión libre,27,8,20,3709,5.22,41.4,77,8.7,5.8,6.9,3.8,8.9,5.6,6.62,7.3,21,8.9,7.2,8.9,1,4,5.6,4.8,31,33.3,62,51,21.0,27.9,17.2,2.1,13.1,10.1,6.2,2.4
SUJ-2897,Retail/Comercio,Monterrey,Universitario,Startup escalada,Unión libre,33,9,17,27096,9.68,36.0,50,6.6,4.3,1.7,5.0,7.3,8.3,5.53,9.1,32,7.6,9.5,10.0,1,2,4.2,2.8,7,34.7,54,63,31.6,23.2,19.3,9.6,11.3,4.2,0.7,0.1
SUJ-2898,Finanzas,Buenos Aires,Bachillerato,Startup escalada,Soltero,21,6,9,789,2.69,50.5,82,10.0,5.9,9.5,9.0,8.0,7.9,8.38,3.8,29,4.3,7.5,5.7,0,0,6.4,3.2,6,24.5,31,58,41.1,15.1,19.3,5.6,11.5,5.2,0.0,2.2
SUJ-2899,Retail/Comercio,Lima,Universitario,Empresa propia,Casado,28,1,4,5933,3.13,18.9,75,9.7,4.8,8.2,6.6,8.6,7.8,7.62,4.6,19,2.1,8.4,8.2,1,2,5.6,1.1,66,27.4,36,47,12.5,27.2,10.9,14.2,19.1,8.0,5.0,3.1
SUJ-2900,Tecnología,Buenos Aires,Maestría,Empresa propia,Casado,17,6,15,5653,6.12,54.2,64,5.7,6.7,4.7,6.8,7.1,7.0,6.33,9.1,26,7.0,7.0,5.4,4,3,5.2,3.0,26,33.3,46,78,19.1,17.2,15.0,16.5,14.4,13.1,4.6,0.1
SUJ-2901,Tecnología,Buenos Aires,Maestría,E-commerce,Casado,32,3,10,7462,5.09,53.9,82,7.6,7.7,5.9,5.5,7.8,7.7,7.03,7.4,5,4.8,6.3,10.0,1,2,6.4,3.9,3,24.7,33,39,35.9,16.1,13.8,14.4,9.4,6.4,2.9,1.1
SUJ-2902,Inmuebles,Medellín,Universitario,Empresa propia,Soltero,33,5,15,3213,1.0,25.6,62,8.1,5.4,7.4,4.6,7.2,8.0,6.78,6.6,25,4.5,8.7,4.3,2,2,6.2,2.3,160,32.3,49,50,21.1,31.3,8.0,13.6,9.3,10.8,3.7,2.2
SUJ-2903,Tecnología,Santiago,Universitario,Empresa familiar,Unión libre,32,7,15,20820,46.29,67.1,74,7.1,8.3,6.9,4.2,8.6,5.9,6.83,6.5,24,5.2,7.2,5.8,1,1,5.5,2.1,60,46.8,59,64,20.2,9.1,27.1,13.1,13.4,8.4,4.8,3.9
SUJ-2904,Retail/Comercio,Cali,Maestría,Empresa propia,Soltero,32,10,12,2518,1.0,12.6,87,8.8,10.0,6.3,7.4,10.0,8.0,8.42,7.4,21,0.5,7.6,6.6,2,0,3.9,3.1,33,28.0,50,57,22.9,12.6,12.5,24.1,9.2,9.0,6.1,3.6
SUJ-2905,Retail/Comercio,Lima,Doctorado,Startup escalada,Soltero,25,9,12,8391,1.07,15.7,68,9.0,7.7,5.4,6.8,7.9,7.0,7.3,10.0,16,3.9,7.8,10.0,1,4,6.0,2.2,1,13.0,37,57,32.3,26.6,8.6,16.2,10.6,1.8,3.9,0.0
SUJ-2906,Tecnología,Caracas,Universitario,Empresa propia,Soltero,27,7,10,5480,3.66,68.0,59,6.8,2.6,6.0,4.0,5.6,5.6,5.1,3.1,22,2.8,6.9,8.6,1,0,4.5,6.0,101,35.9,56,58,30.7,15.7,13.5,13.1,11.8,7.7,5.8,1.7
SUJ-2907,Salud/Farma,Lima,Universitario,Startup escalada,Casado,25,11,18,2481,5.92,47.8,87,9.9,7.7,7.3,6.9,10.0,6.3,8.02,5.7,12,3.4,5.7,6.7,0,1,6.0,3.3,26,29.7,50,56,21.4,25.0,15.0,15.9,9.1,8.1,4.2,1.3
SUJ-2908,Finanzas,Cali,Maestría,Empresa propia,Soltero,25,7,13,1674,4.13,52.0,74,7.9,5.4,6.7,3.9,7.2,8.0,6.52,5.8,28,4.3,7.6,8.3,2,3,5.8,5.0,52,35.8,51,57,33.9,14.4,15.1,8.2,12.7,8.3,6.1,1.3
SUJ-2909,Finanzas,Cali,Posgrado,Empresa propia,Soltero,21,7,11,25091,1.63,34.3,99,9.5,7.7,9.3,7.2,9.1,9.1,8.65,9.3,26,5.8,7.6,7.9,1,4,5.4,1.2,67,30.0,29,52,21.6,14.5,15.9,17.6,11.3,9.9,5.2,4.0
SUJ-2910,Finanzas,Caracas,Técnico,Holding,Casado,27,5,10,6591,4.24,66.6,79,5.9,4.6,9.2,5.0,9.2,7.2,6.85,9.5,22,7.2,6.9,8.0,5,1,5.4,5.0,1,28.8,50,63,17.0,23.3,12.3,19.6,12.2,8.7,6.2,0.7
SUJ-2911,Finanzas,Monterrey,Posgrado,Empresa propia,Casado,28,3,11,7414,1.07,51.1,83,8.6,7.4,8.8,6.6,9.9,10.0,8.55,7.1,12,10.0,7.7,6.1,0,1,5.8,4.8,4,19.0,44,44,27.8,20.1,11.5,15.9,13.5,7.4,2.4,1.4
SUJ-2912,Tecnología,Bogotá,Universitario,Holding,Casado,31,9,14,12219,5.23,54.1,77,7.3,8.8,7.9,6.8,7.4,8.5,7.78,8.6,32,3.1,9.7,5.8,2,4,6.6,2.8,505,40.2,49,56,29.3,19.7,13.2,13.5,12.4,7.3,3.2,1.4
SUJ-2913,Inmuebles,Barranquilla,Posgrado,E-commerce,Soltero,28,1,5,677,3.56,53.3,80,9.7,6.7,9.8,5.0,7.5,7.0,7.62,6.6,11,8.7,4.7,10.0,1,2,6.7,6.8,4,29.6,51,58,14.1,27.8,20.1,17.8,10.3,4.8,5.0,0.1
SUJ-2914,Salud/Farma,Bogotá,Posgrado,Empresa propia,Casado,31,3,4,10007,3.81,38.4,81,5.2,8.2,6.6,4.5,10.0,7.7,7.03,9.3,12,5.3,4.5,10.0,0,1,4.7,3.8,66,36.2,47,79,38.4,16.1,13.7,13.8,6.1,5.9,2.8,3.2
SUJ-2915,Finanzas,Cali,Maestría,Empresa familiar,Soltero,21,7,10,1443,2.97,42.9,81,7.6,7.3,7.8,6.1,6.0,7.0,6.97,8.0,50,1.4,8.6,6.0,1,1,5.6,4.1,30,27.0,53,61,32.4,10.8,23.4,9.1,14.4,5.3,3.6,1.0
SUJ-2916,Manufactura,Santiago,Universitario,Franquicia,Soltero,34,3,13,10791,1.0,4.0,57,7.8,6.2,5.2,4.6,4.9,5.0,5.62,7.0,24,4.0,7.0,7.6,1,3,5.7,4.2,16,18.4,52,64,23.9,20.1,18.9,11.4,15.4,7.2,2.2,0.9
SUJ-2917,Inmuebles,Bucaramanga,Universitario,Holding,Soltero,24,7,11,1218,7.89,27.3,61,9.1,2.5,6.2,4.8,7.5,5.3,5.9,3.8,8,7.7,6.7,9.9,1,1,4.2,3.4,6,25.4,68,43,26.3,18.2,17.9,14.4,8.9,8.6,5.7,0.0
SUJ-2918,Servicios,Caracas,Universitario,E-commerce,Casado,17,7,19,14293,7.98,28.7,81,9.7,7.4,7.8,4.6,7.9,8.1,7.58,6.9,26,6.4,9.2,9.9,0,2,5.5,5.0,9,29.8,31,59,28.5,12.8,16.0,12.4,16.5,8.6,3.9,1.3
SUJ-2919,Retail/Comercio,Bucaramanga,Maestría,E-commerce,Soltero,23,5,13,9140,2.74,37.3,74,8.4,7.5,6.5,4.2,8.0,6.3,6.82,6.8,23,1.9,8.5,8.8,1,3,4.9,4.6,20,29.1,53,68,21.5,22.1,24.8,6.1,12.3,8.0,1.7,3.5
SUJ-2920,Finanzas,São Paulo,Técnico,Empresa propia,Soltero,29,7,10,3900,13.63,30.9,62,4.8,7.8,5.9,5.3,5.4,4.9,5.68,7.3,15,6.9,7.0,10.0,1,0,4.6,3.0,8,31.8,43,55,30.7,16.7,17.7,10.7,13.5,6.4,4.3,-0.0
SUJ-2921,Finanzas,Barranquilla,Universitario,Empresa propia,Soltero,26,7,11,3555,1.2,39.0,76,6.4,4.6,8.4,3.6,8.7,5.4,6.18,7.5,27,3.7,8.2,9.1,3,3,4.7,1.6,23,24.4,48,59,27.7,15.5,17.8,18.4,8.9,6.7,3.5,1.5
SUJ-2922,Inmuebles,Cali,Universitario,E-commerce,Soltero,17,2,2,1290,2.03,4.0,94,10.0,9.9,8.7,5.5,9.3,9.4,8.8,6.8,23,4.8,6.2,10.0,1,3,3.3,2.7,4,14.1,29,66,29.6,16.4,15.1,14.4,10.2,7.7,4.2,2.4
SUJ-2923,Inmuebles,Bucaramanga,Maestría,Franquicia,Unión libre,27,9,13,18751,8.96,36.5,75,6.3,6.0,3.4,8.1,8.6,8.0,6.73,6.7,10,5.4,6.1,7.9,3,3,4.8,2.1,7,30.7,46,48,22.3,17.3,20.5,17.2,9.0,11.6,0.3,1.8
SUJ-2924,Tecnología,São Paulo,Universitario,Franquicia,Unión libre,26,1,14,1009,1.89,28.4,78,7.6,6.9,8.6,5.3,9.9,7.3,7.6,8.8,24,6.3,7.7,7.2,3,0,3.5,1.6,9,23.6,24,65,25.9,22.6,14.8,13.5,11.4,7.0,3.0,1.8
SUJ-2925,Finanzas,Barranquilla,Universitario,Holding,Soltero,20,14,26,5110,45.97,41.7,78,7.9,7.9,8.4,4.2,10.0,8.5,7.82,5.0,19,7.5,7.4,6.9,1,5,4.8,4.4,23,43.3,41,51,21.6,21.5,23.2,5.3,16.9,5.0,4.4,2.1
SUJ-2926,Servicios,Lima,Universitario,Holding,Soltero,29,9,21,2158,1.0,9.5,64,7.2,6.9,4.8,3.5,8.5,4.1,5.83,6.0,21,6.8,7.9,6.3,2,3,3.3,0.0,25,21.1,52,53,26.0,13.1,15.8,18.0,12.3,9.2,3.6,2.0
SUJ-2927,Inmuebles,Barranquilla,Maestría,Empresa propia,Soltero,25,11,19,44855,31.82,41.1,72,8.6,4.0,9.3,7.2,8.3,5.2,7.1,6.7,22,8.3,6.4,6.1,1,2,5.8,1.6,7,39.2,44,59,7.8,15.0,28.9,18.8,19.7,5.9,3.1,0.8
SUJ-2928,Salud/Farma,São Paulo,Posgrado,Empresa propia,Casado,17,9,14,7052,1.0,32.1,44,2.1,4.4,4.8,2.9,5.9,4.9,4.17,6.0,19,7.1,7.8,4.4,1,1,5.6,2.9,82,23.9,55,65,14.6,16.3,21.8,18.5,21.3,1.5,4.3,1.7
SUJ-2929,Inmuebles,Caracas,Maestría,Franquicia,Soltero,30,7,13,1296,2.52,21.4,60,6.8,4.0,7.7,4.6,5.6,7.0,5.95,8.0,26,6.6,8.0,10.0,0,1,6.4,2.1,14,23.5,44,62,24.1,24.0,11.2,15.7,10.7,4.9,4.9,4.5
SUJ-2930,Finanzas,Lima,Maestría,Empresa propia,Soltero,27,4,12,8810,2.32,50.3,71,6.5,6.2,7.2,5.0,8.3,6.5,6.62,6.0,23,5.3,7.8,6.7,3,1,4.6,3.7,14,28.2,42,67,24.2,17.9,3.8,15.6,18.0,12.0,5.1,3.4
SUJ-2931,Manufactura,Monterrey,Maestría,Empresa propia,Casado,35,7,13,38244,2.01,34.3,56,6.8,4.3,5.3,2.7,6.2,6.8,5.35,6.7,11,4.5,5.8,10.0,1,0,5.3,1.9,100,24.7,58,54,28.7,23.8,15.6,7.8,10.6,6.6,3.3,3.6
SUJ-2932,Manufactura,Caracas,Universitario,Empresa propia,Soltero,20,10,13,7431,2.35,29.1,72,5.3,4.1,7.7,3.6,8.8,7.9,6.23,8.6,27,8.7,6.0,7.1,4,0,4.7,5.2,32,22.7,59,56,21.7,11.1,27.3,14.0,10.0,11.2,4.7,0.0
SUJ-2933,Tecnología,São Paulo,Doctorado,Empresa familiar,Soltero,24,4,10,4890,3.33,5.1,68,8.4,4.6,6.2,5.9,7.5,9.0,6.93,8.6,28,4.8,10.0,7.1,0,1,4.9,2.7,17,29.7,53,67,38.2,9.8,16.0,5.1,14.0,10.7,2.3,3.9
SUJ-2934,Retail/Comercio,Bucaramanga,Bachillerato,Holding,Soltero,32,7,8,2776,4.12,60.7,90,8.1,8.2,8.3,5.3,10.0,7.8,7.95,7.1,0,10.0,4.9,6.5,2,1,5.5,4.5,25,32.8,36,59,24.4,22.3,5.5,22.8,9.9,9.0,4.9,1.2
SUJ-2935,Inmuebles,Barranquilla,Universitario,Empresa propia,Soltero,20,1,9,773,5.47,39.2,100,9.3,8.7,7.1,10.0,8.5,9.2,8.8,7.3,0,8.2,8.9,6.3,1,1,5.6,2.7,2,31.2,41,54,27.9,9.0,8.9,17.2,20.5,10.1,3.4,3.0
SUJ-2936,Tecnología,Barranquilla,Maestría,Empresa propia,Soltero,32,4,7,2072,2.05,68.1,72,9.4,4.8,6.8,3.7,8.8,7.5,6.83,6.4,22,8.5,7.1,5.9,3,2,5.3,2.9,8,27.8,53,58,32.1,14.8,13.9,6.8,16.0,8.3,6.6,1.5
SUJ-2937,Inmuebles,Caracas,Universitario,Holding,Unión libre,32,3,11,6452,1.54,21.6,77,7.6,5.8,5.8,4.4,9.6,8.3,6.92,8.8,19,4.5,7.5,8.1,2,0,4.4,0.0,2,15.0,54,74,23.6,23.8,22.1,10.6,12.6,4.0,0.0,3.3
SUJ-2938,Manufactura,Barranquilla,Universitario,Franquicia,Soltero,27,13,15,11212,3.52,11.7,89,10.0,7.8,8.5,7.4,9.4,6.3,8.23,7.4,29,8.2,6.3,7.2,1,0,6.2,3.9,5,26.2,37,59,26.3,15.0,18.8,13.8,16.6,6.9,1.1,1.5
SUJ-2939,Agroindustria,São Paulo,Universitario,Startup escalada,Soltero,25,2,7,16825,1.0,11.9,72,7.3,6.6,7.9,5.8,7.9,7.3,7.13,8.3,15,10.0,5.0,10.0,0,1,5.7,1.4,101,24.6,47,67,30.3,18.3,8.0,10.4,21.1,8.5,3.4,0.0
SUJ-2940,Tecnología,Santiago,Posgrado,Startup escalada,Unión libre,22,8,15,12627,91.09,80.4,78,10.0,7.5,7.7,7.7,8.5,8.1,8.25,7.6,24,8.6,8.0,7.3,1,0,6.0,2.8,7,52.8,38,47,21.9,22.6,17.2,15.4,7.9,7.1,3.7,4.2
SUJ-2941,Finanzas,Barranquilla,Universitario,E-commerce,Unión libre,21,13,18,1072,2.28,43.6,53,6.3,5.2,7.1,5.0,7.1,5.1,5.97,7.3,29,10.0,7.0,6.3,1,3,5.8,6.2,261,32.1,46,81,34.6,17.6,15.7,17.8,4.3,9.1,0.6,0.3
SUJ-2942,Manufactura,Caracas,Maestría,Empresa propia,Soltero,27,11,19,11878,2.51,23.9,79,8.6,7.5,10.0,7.6,10.0,10.0,8.95,4.4,27,7.3,8.1,9.3,2,2,5.6,0.0,4,24.2,36,36,21.9,17.0,11.2,16.8,18.2,7.3,4.8,2.8
SUJ-2943,Finanzas,Santiago,Maestría,Startup escalada,Casado,17,12,20,6970,457.31,74.1,90,9.8,7.4,8.4,8.9,9.2,8.8,8.75,5.7,14,9.2,8.5,7.4,3,2,5.8,3.6,28,60.4,43,56,23.5,21.8,16.6,16.2,11.3,6.1,2.6,1.9
SUJ-2944,Inmuebles,Buenos Aires,Posgrado,Empresa familiar,Soltero,22,13,18,5065,1.0,26.6,57,5.8,5.8,6.2,4.3,7.7,5.1,5.82,6.9,21,7.4,9.4,9.3,4,1,5.0,6.5,42,24.0,60,55,27.7,16.0,23.9,4.6,10.9,11.2,1.7,4.0
SUJ-2945,Inmuebles,Monterrey,Universitario,E-commerce,Casado,21,7,11,6803,1.68,31.9,50,6.7,6.8,4.6,1.8,5.6,7.0,5.42,4.7,16,3.0,8.3,7.2,1,0,4.6,2.7,20,24.0,60,61,20.7,19.2,15.7,14.9,16.3,8.6,1.9,2.7
SUJ-2946,Tecnología,Buenos Aires,Doctorado,Holding,Unión libre,20,9,13,500,1.13,33.8,90,7.9,9.5,5.9,8.7,9.7,8.5,8.37,6.2,23,8.7,8.5,7.7,1,0,4.4,2.5,12,24.2,35,46,21.8,25.8,20.2,4.8,9.8,10.0,6.5,1.1
SUJ-2947,Retail/Comercio,CDMX,Universitario,Empresa propia,Casado,27,7,10,561,9.71,55.6,68,8.2,6.0,7.1,6.6,7.4,7.1,7.07,7.7,25,4.5,7.5,4.9,2,0,6.5,4.1,4,33.6,44,53,36.1,7.8,16.3,13.6,16.6,4.1,2.7,2.8
SUJ-2948,Retail/Comercio,Caracas,Técnico,Franquicia,Soltero,17,9,22,5969,8.84,17.8,62,8.0,4.0,7.4,5.7,7.7,6.5,6.55,5.2,35,3.0,4.4,6.6,0,1,4.4,3.0,94,31.4,45,50,27.7,10.2,20.1,13.0,11.0,12.3,2.9,2.8
SUJ-2949,Finanzas,Buenos Aires,Técnico,Holding,Soltero,33,8,12,1525,3.24,45.7,74,8.3,8.1,7.4,7.7,8.2,9.0,8.12,8.7,19,5.4,9.1,7.4,0,3,5.1,0.0,238,38.5,43,66,26.9,14.1,15.8,11.3,13.2,11.1,7.4,0.2
SUJ-2950,Agroindustria,Cali,Posgrado,Startup escalada,Casado,31,13,23,6309,7.04,4.0,65,5.9,2.7,5.5,5.1,6.4,6.1,5.28,10.0,31,7.0,6.9,7.1,1,4,5.0,5.4,2,22.2,69,72,30.5,16.0,15.1,14.9,12.2,5.9,2.2,3.2
SUJ-2951,Servicios,Lima,Técnico,E-commerce,Casado,34,8,15,3498,4.23,19.7,58,6.9,5.9,4.8,4.0,6.0,5.2,5.47,7.6,32,4.9,4.7,8.1,1,0,3.5,6.2,6,25.0,54,68,26.5,18.0,17.6,15.1,10.6,7.1,2.1,3.0
SUJ-2952,Manufactura,Cali,Técnico,Startup escalada,Casado,22,3,8,19036,1.38,23.7,52,7.0,5.5,3.9,5.8,7.2,4.3,5.62,6.7,21,8.7,7.2,7.7,4,0,4.3,4.1,22,30.3,60,53,29.1,16.1,15.5,7.2,15.3,10.0,5.5,1.3
SUJ-2953,Inmuebles,Bogotá,Universitario,Empresa propia,Soltero,27,9,16,23915,3.73,25.9,97,8.0,8.1,8.9,7.6,9.4,9.1,8.52,8.5,15,4.2,5.4,8.0,0,0,5.1,2.9,3,20.9,31,63,23.3,20.0,18.9,15.5,9.3,6.9,3.9,2.2
SUJ-2954,Retail/Comercio,Buenos Aires,Universitario,Empresa propia,Casado,30,9,16,31210,1.0,4.1,95,7.4,8.4,7.5,6.9,8.9,9.3,8.07,8.3,21,7.0,7.6,8.5,1,1,4.6,3.3,17,17.7,37,67,26.3,29.7,21.1,3.4,2.6,11.6,0.9,4.4
SUJ-2955,Agroindustria,Caracas,Posgrado,E-commerce,Casado,25,4,4,18336,3.53,26.9,69,8.3,4.3,8.6,7.5,8.5,6.8,7.33,6.5,29,5.8,8.4,7.1,0,4,5.2,2.3,12,27.5,35,42,14.3,20.5,27.3,4.0,17.5,13.0,1.2,2.2
SUJ-2956,Manufactura,Bucaramanga,Maestría,Empresa propia,Soltero,22,3,9,34087,1.0,4.0,108,9.5,7.4,10.0,9.8,10.0,9.7,9.4,6.6,23,5.8,7.4,7.2,1,0,4.2,5.6,2,16.5,31,51,24.4,15.4,16.0,18.4,15.5,5.9,1.9,2.5
SUJ-2957,Inmuebles,Medellín,Maestría,Holding,Soltero,26,10,16,9797,5.38,8.5,90,9.9,5.8,10.0,6.1,8.6,7.9,8.05,6.7,11,7.2,8.0,6.0,1,1,4.3,4.5,4,20.1,40,61,25.8,18.1,19.4,10.7,10.3,8.7,6.4,0.6
SUJ-2958,Servicios,Buenos Aires,Universitario,Empresa propia,Soltero,24,5,10,25860,2.77,18.5,72,9.5,4.7,9.0,3.8,7.2,9.1,7.22,8.8,23,7.9,7.9,10.0,2,2,4.1,3.4,24,21.2,42,71,23.7,18.6,17.1,15.6,12.9,6.8,3.7,1.6
SUJ-2959,Finanzas,Monterrey,Universitario,Startup escalada,Casado,19,5,4,8213,1.0,65.1,103,8.1,7.5,9.0,6.4,10.0,8.6,8.27,6.0,13,6.7,9.9,3.9,0,1,3.7,3.2,60,37.2,29,76,27.3,13.0,22.3,11.9,13.3,1.2,6.9,4.1
SUJ-2960,Inmuebles,Buenos Aires,Doctorado,Startup escalada,Casado,17,5,10,13252,6.36,31.0,45,3.5,4.1,6.3,3.2,6.7,2.7,4.42,8.0,21,8.1,7.9,9.7,3,2,5.1,4.7,14,33.7,77,68,24.6,21.5,14.8,16.3,9.5,5.2,4.5,3.6
SUJ-2961,Tecnología,Santiago,Bachillerato,Franquicia,Casado,20,8,20,1131,15.2,56.6,69,8.4,7.3,6.6,4.8,7.3,7.0,6.9,7.4,40,7.0,6.8,7.3,0,2,5.8,2.7,106,40.1,48,55,11.9,34.3,14.5,12.8,13.5,9.1,2.9,1.0
SUJ-2962,Finanzas,Bogotá,Maestría,Empresa propia,Soltero,17,11,19,9180,10.34,38.7,96,10.0,10.0,8.7,7.6,9.7,10.0,9.33,8.1,34,10.0,7.1,10.0,2,0,4.8,3.2,17,34.4,45,55,27.6,24.1,17.3,6.9,15.7,2.4,2.9,3.1
SUJ-2963,Finanzas,Barranquilla,Universitario,Holding,Unión libre,20,9,11,21401,5.25,38.7,68,9.3,4.9,6.6,9.4,6.9,7.8,7.48,6.6,18,1.8,7.4,10.0,4,1,5.3,2.0,9,34.5,46,50,32.4,19.0,15.7,6.5,15.2,4.7,5.8,0.7
SUJ-2964,Salud/Farma,Bogotá,Doctorado,Empresa familiar,Casado,34,5,14,6213,4.02,39.0,88,9.7,7.3,7.3,8.0,10.0,9.2,8.58,6.8,24,0.0,6.8,10.0,1,2,3.9,0.0,13,31.7,37,60,19.4,23.5,16.9,13.1,14.3,7.9,3.9,1.0
SUJ-2965,Servicios,Bogotá,Universitario,E-commerce,Soltero,17,12,14,1654,1.69,39.4,59,6.2,5.5,6.0,6.4,7.0,7.3,6.4,8.4,31,7.1,5.6,6.0,2,3,4.9,4.3,49,24.2,57,63,12.6,27.7,15.6,23.6,11.6,8.7,0.3,-0.1
SUJ-2966,Inmuebles,Lima,Universitario,Empresa propia,Soltero,28,10,17,5987,4.72,47.2,63,6.9,4.5,6.3,5.1,7.5,5.8,6.02,5.4,15,3.0,6.4,5.8,1,4,6.7,2.8,37,27.2,62,54,29.6,15.6,13.7,16.7,14.0,4.8,5.6,0.0
SUJ-2967,Inmuebles,São Paulo,Maestría,Empresa propia,Soltero,33,10,17,9819,4.13,40.3,78,8.4,6.1,8.6,6.4,8.3,6.8,7.43,6.0,50,6.5,7.0,8.8,3,4,5.3,2.8,28,28.9,52,59,27.4,27.6,14.3,10.6,4.9,10.2,3.7,1.3
SUJ-2968,Manufactura,Medellín,Posgrado,Empresa propia,Unión libre,17,10,15,11750,1.84,29.4,81,10.0,9.1,7.6,6.9,8.5,8.0,8.35,3.4,7,6.6,7.0,7.2,2,0,6.1,1.5,44,24.9,49,45,26.0,16.8,13.7,15.8,12.7,6.0,6.7,2.3
SUJ-2969,Agroindustria,Bogotá,Universitario,Empresa propia,Soltero,36,5,15,5933,1.34,4.0,75,8.0,8.0,6.7,7.4,9.2,8.7,8.0,9.6,26,2.5,9.0,8.8,1,2,4.9,2.7,54,23.4,41,61,17.2,6.7,18.6,20.8,15.7,9.8,8.7,2.5
SUJ-2970,Retail/Comercio,São Paulo,Posgrado,Startup escalada,Soltero,25,3,12,1960,2.52,20.4,67,6.2,7.6,7.8,6.6,7.7,6.1,7.0,7.2,19,7.1,9.5,7.8,1,0,4.5,4.6,11,22.8,48,63,16.2,21.0,17.9,12.3,18.7,9.3,1.5,3.1
SUJ-2971,Finanzas,Lima,Maestría,Startup escalada,Soltero,34,5,8,20904,1.0,38.1,60,6.7,6.1,5.0,5.8,8.0,5.4,6.17,7.1,23,7.5,8.4,6.3,0,0,4.8,2.7,6,24.0,42,64,37.3,16.5,14.5,9.3,17.8,1.1,1.2,2.3
SUJ-2972,Tecnología,Barranquilla,Bachillerato,Empresa propia,Casado,27,10,15,11884,7.91,53.4,104,8.3,9.6,9.4,6.9,10.0,9.7,8.98,8.5,25,5.0,8.2,8.9,1,2,5.9,1.5,55,38.5,27,60,33.7,18.6,15.7,15.9,11.8,1.2,1.7,1.4
SUJ-2973,Inmuebles,Cali,Bachillerato,Empresa propia,Soltero,23,2,5,2525,3.8,42.6,77,7.2,7.1,8.5,3.8,8.0,8.9,7.25,6.9,23,9.1,7.6,6.3,6,2,4.7,1.4,5,28.0,43,66,34.2,24.3,7.5,8.6,7.8,10.6,5.1,1.9
SUJ-2974,Inmuebles,Caracas,Universitario,Empresa propia,Soltero,17,2,6,13362,1.0,27.0,87,8.2,9.4,9.5,8.2,8.5,9.0,8.8,6.3,10,2.7,9.0,7.8,0,1,6.1,3.4,71,34.2,31,47,27.7,18.3,15.4,10.5,13.7,10.1,2.5,1.8
SUJ-2975,Finanzas,Barranquilla,Técnico,Startup escalada,Soltero,19,1,9,3420,1.0,13.2,86,8.0,3.4,10.0,7.5,8.5,8.6,7.67,7.3,17,5.5,8.6,5.5,3,1,4.5,2.5,22,21.3,26,64,20.7,23.1,12.2,13.9,14.7,8.4,3.9,3.1
SUJ-2976,Tecnología,São Paulo,Posgrado,E-commerce,Soltero,30,2,8,2996,1.92,70.1,66,5.0,4.4,7.3,4.5,4.5,5.5,5.2,8.8,4,8.0,9.0,8.0,0,0,6.7,5.1,70,37.5,64,84,29.4,23.1,22.2,5.6,9.5,6.1,3.2,0.9
SUJ-2977,Servicios,Bucaramanga,Universitario,Holding,Soltero,35,4,14,15906,1.0,9.5,73,6.0,4.4,7.4,8.7,9.8,6.6,7.15,7.3,17,8.2,5.1,10.0,1,0,6.1,1.0,4,4.9,41,59,25.1,16.7,20.0,22.2,3.1,8.0,2.2,2.7
SUJ-2978,Tecnología,Bogotá,Universitario,Franquicia,Soltero,17,7,7,16523,9.82,40.6,62,6.8,4.7,8.7,3.9,7.2,5.2,6.08,7.6,24,7.5,10.0,4.7,3,2,6.1,5.0,10,34.7,62,60,23.6,15.0,25.1,10.7,8.0,8.8,5.8,3.0
SUJ-2979,Inmuebles,São Paulo,Universitario,Holding,Casado,25,2,9,4066,3.41,40.7,83,9.4,7.1,6.9,6.3,10.0,6.6,7.72,6.5,28,5.4,6.1,8.6,0,2,4.7,2.5,8,30.3,42,62,32.9,15.0,22.0,6.3,11.5,4.5,5.7,2.1
SUJ-2980,Salud/Farma,Bogotá,Posgrado,Franquicia,Casado,23,9,18,500,1.71,19.5,70,6.7,5.9,8.1,5.2,9.6,5.9,6.9,7.2,14,0.5,8.3,6.4,4,2,5.9,2.8,3,16.8,51,58,31.2,18.3,19.6,13.6,5.6,10.4,0.0,1.3
SUJ-2981,Retail/Comercio,Cali,Técnico,Empresa propia,Casado,28,7,13,1651,1.0,28.7,94,9.2,6.7,9.0,6.2,10.0,10.0,8.52,9.1,23,4.3,7.5,9.3,1,2,4.9,3.0,13,26.2,35,53,21.1,19.7,22.8,10.6,6.5,11.6,5.0,2.7
SUJ-2982,Finanzas,Monterrey,Bachillerato,Holding,Soltero,26,1,2,19201,1.5,52.8,51,6.8,5.0,2.6,3.6,6.0,6.0,5.0,5.9,17,7.5,6.1,7.5,0,4,5.4,5.2,7,24.7,51,41,18.5,17.6,24.4,16.0,11.2,6.3,5.6,0.4
SUJ-2983,Inmuebles,Bogotá,Bachillerato,E-commerce,Casado,23,7,9,18321,3.41,33.8,79,10.0,7.2,10.0,5.3,8.9,7.8,8.2,6.6,27,9.0,6.9,9.3,2,2,5.5,6.5,7,20.5,40,46,27.0,18.9,13.7,17.8,13.4,3.3,2.9,3.0
SUJ-2984,Inmuebles,São Paulo,Doctorado,Empresa propia,Soltero,29,7,16,4831,10.66,28.2,107,10.0,9.4,8.7,7.0,10.0,9.0,9.02,9.9,19,8.6,8.0,6.4,5,2,5.0,2.6,9,34.9,39,58,18.9,26.3,15.8,11.8,9.8,8.4,6.4,2.6
SUJ-2985,Retail/Comercio,Caracas,Técnico,Empresa propia,Soltero,21,14,18,2900,2.25,30.1,62,5.6,6.5,10.0,5.8,8.1,6.0,7.0,7.6,27,9.5,6.7,7.7,0,2,5.7,0.0,90,29.8,36,53,24.9,20.4,13.0,18.0,13.8,6.6,1.6,1.7
SUJ-2986,Salud/Farma,Medellín,Maestría,Empresa propia,Unión libre,26,8,11,2884,4.02,59.2,74,8.6,5.6,7.6,6.9,9.9,7.8,7.73,5.2,21,10.0,7.4,6.9,1,2,5.0,2.9,48,33.1,39,61,25.6,27.0,15.5,14.5,5.7,6.9,2.9,1.9
SUJ-2987,Tecnología,Caracas,Bachillerato,Franquicia,Casado,30,1,6,18199,1.1,70.5,68,8.1,7.3,5.6,4.6,8.8,6.0,6.73,10.0,32,6.2,7.4,8.1,2,2,3.3,3.9,1,25.6,34,67,24.8,20.3,19.7,6.4,11.5,11.1,5.7,0.5
SUJ-2988,Retail/Comercio,CDMX,Técnico,E-commerce,Casado,21,8,13,3141,3.23,41.8,84,6.9,7.0,9.2,5.8,10.0,7.9,7.8,5.9,34,6.6,6.3,8.1,2,3,5.5,1.5,96,32.1,35,48,20.0,19.4,20.6,11.5,11.9,8.8,5.8,2.0
SUJ-2989,Inmuebles,Bogotá,Posgrado,Startup escalada,Unión libre,23,7,17,5732,2.26,38.4,45,3.9,5.3,4.6,4.4,5.3,5.0,4.75,3.4,5,5.2,7.2,10.0,2,3,4.8,2.8,4,24.0,52,51,26.8,19.0,14.1,20.9,5.3,9.2,2.4,2.3
SUJ-2990,Servicios,CDMX,Universitario,Empresa propia,Unión libre,22,9,9,10504,1.0,45.8,56,4.4,4.3,6.1,5.0,6.8,7.8,5.73,6.5,22,4.7,9.1,9.3,1,2,5.1,5.5,22,27.3,53,63,27.2,18.6,12.7,11.9,14.3,10.5,1.6,3.2
SUJ-2991,Tecnología,Barranquilla,Doctorado,Empresa propia,Casado,28,17,25,1880,591.41,65.9,59,6.3,7.6,7.0,5.0,7.1,7.4,6.73,5.8,16,4.2,6.5,8.0,0,0,4.5,0.0,27,59.1,58,46,27.9,17.5,14.6,13.4,9.3,11.8,4.3,1.2
SUJ-2992,Inmuebles,Buenos Aires,Doctorado,Empresa propia,Casado,28,5,16,2342,2.46,51.2,84,9.4,7.7,8.3,6.7,10.0,10.0,8.68,8.5,27,4.6,9.2,10.0,4,4,4.9,1.0,518,36.4,39,57,16.5,22.0,17.2,14.8,15.6,4.5,9.1,0.3
SUJ-2993,Retail/Comercio,Monterrey,Maestría,E-commerce,Casado,22,4,13,3546,4.43,48.4,70,7.8,6.2,7.1,6.3,7.9,6.4,6.95,9.5,10,6.2,5.6,8.3,1,6,5.0,4.7,29,34.3,48,54,33.8,17.7,16.5,12.0,12.4,4.0,2.3,1.3
SUJ-2994,Finanzas,Lima,Posgrado,Franquicia,Soltero,28,8,22,8495,234.2,58.9,64,7.6,4.1,5.9,6.6,7.4,7.3,6.48,7.3,16,8.6,7.3,9.6,1,4,4.5,6.1,6,49.8,47,78,33.8,9.0,13.1,8.2,12.7,13.3,7.5,2.4
SUJ-2995,Tecnología,Santiago,Universitario,Holding,Soltero,17,14,18,13607,74.19,61.1,78,7.2,8.1,4.6,5.4,8.0,8.1,6.9,8.1,27,6.8,9.0,8.3,0,1,5.6,5.4,26,48.4,39,65,29.3,10.2,15.1,17.8,7.8,11.5,3.9,4.4
SUJ-2996,Servicios,Monterrey,Universitario,Empresa propia,Casado,31,9,18,6329,1.31,18.8,75,6.4,5.0,8.0,6.3,8.6,8.9,7.2,7.5,26,6.1,8.8,6.7,0,2,5.1,1.5,157,27.3,45,58,34.0,25.3,12.2,11.0,7.1,8.0,0.3,2.1
SUJ-2997,Tecnología,Caracas,Doctorado,E-commerce,Soltero,31,5,11,1141,1.35,80.8,70,7.3,9.0,7.8,4.9,8.3,9.1,7.73,9.3,20,6.0,10.0,8.9,1,0,5.5,0.9,7,33.9,36,63,16.3,28.7,12.7,16.0,9.1,14.3,2.8,0.1
SUJ-2998,Finanzas,São Paulo,Posgrado,Startup escalada,Soltero,22,10,14,4728,2.68,48.5,66,6.9,6.8,9.6,2.7,8.0,5.5,6.58,7.0,13,4.9,7.3,7.1,2,3,6.8,2.1,43,28.6,41,63,32.4,13.8,20.3,12.6,12.0,4.9,3.1,0.9
SUJ-2999,Finanzas,Santiago,Posgrado,Startup escalada,Soltero,21,14,12,1092,2.5,33.6,60,7.1,3.7,7.5,3.7,7.9,5.6,5.92,5.0,24,5.3,7.2,5.4,0,4,6.8,4.2,2,19.2,45,66,34.2,8.1,9.1,18.1,12.4,12.5,4.0,1.6
SUJ-3000,Servicios,Barranquilla,Universitario,Empresa familiar,Soltero,25,4,8,739,1.41,28.4,92,10.0,7.9,7.3,9.3,9.4,7.0,8.48,7.1,31,3.0,5.1,6.6,0,1,5.8,1.2,10,20.0,37,48,40.6,17.1,10.9,10.1,5.8,13.1,1.4,1.0
SUJ-3001,Manufactura,Monterrey,Bachillerato,Startup escalada,Unión libre,20,3,13,7125,3.03,23.2,92,7.7,10.0,5.8,8.3,10.0,9.9,8.62,3.2,18,5.7,6.9,6.1,3,2,5.6,4.4,43,27.3,34,56,34.7,18.0,5.7,17.1,12.8,1.3,9.0,1.4
SUJ-3002,Inmuebles,Lima,Doctorado,Startup escalada,Casado,21,7,7,25027,3.34,18.6,55,5.9,5.0,2.7,2.0,5.2,4.9,4.28,6.3,25,5.7,7.7,6.7,1,3,6.8,4.7,21,27.2,75,67,31.6,16.2,5.3,23.1,10.6,7.4,3.6,2.2
SUJ-3003,Finanzas,Santiago,Universitario,Empresa propia,Casado,27,8,21,14542,9.29,35.8,67,7.3,5.4,6.9,4.5,9.7,6.0,6.63,6.3,19,4.8,9.0,10.0,1,0,5.7,4.6,5,33.1,49,53,22.3,19.6,16.5,12.5,11.3,11.5,3.0,3.3
SUJ-3004,Manufactura,Cali,Universitario,Empresa propia,Unión libre,30,12,19,11914,4.6,26.3,78,8.2,7.1,8.5,5.8,6.2,8.4,7.37,5.5,14,5.3,4.1,7.1,0,1,5.8,2.4,16,24.0,55,56,25.5,21.2,8.1,10.4,12.5,13.3,8.5,0.5
SUJ-3005,Manufactura,Medellín,Técnico,Empresa propia,Unión libre,27,5,7,10387,6.97,27.1,60,6.7,4.4,6.9,4.9,5.0,4.6,5.42,8.9,13,9.4,6.7,9.0,3,1,4.3,3.0,43,32.3,57,63,26.9,16.6,14.4,22.4,6.5,5.6,4.9,2.7
SUJ-3006,Servicios,Monterrey,Maestría,Holding,Soltero,43,8,15,18194,1.0,4.0,82,8.1,8.7,8.4,5.6,9.4,6.6,7.8,6.9,27,5.7,9.3,8.2,0,2,5.4,2.7,40,22.7,45,55,31.1,12.0,14.1,12.5,16.1,8.1,4.4,1.7
SUJ-3007,Servicios,Barranquilla,Bachillerato,Empresa familiar,Unión libre,33,13,21,11181,2.72,17.3,75,7.9,5.3,9.4,6.9,7.2,6.9,7.27,8.1,31,2.0,8.5,8.3,0,0,5.3,0.4,24,26.5,50,60,27.2,7.1,16.1,16.7,16.6,11.2,0.7,4.4
SUJ-3008,Tecnología,Bogotá,Maestría,Empresa propia,Soltero,30,8,12,7886,6.33,66.4,84,9.1,7.6,8.6,8.4,9.1,8.3,8.52,7.1,7,7.3,5.9,7.8,0,1,4.3,3.2,67,36.9,44,69,29.9,17.3,21.8,20.4,3.6,5.4,1.3,0.3
SUJ-3009,Manufactura,Lima,Técnico,Holding,Soltero,30,5,9,3629,3.72,4.0,104,9.2,10.0,8.3,9.2,10.0,9.5,9.37,7.7,19,8.7,8.9,6.8,1,0,6.9,0.9,24,28.8,51,55,31.5,16.1,17.4,13.3,5.9,8.7,4.6,2.5
SUJ-3010,Tecnología,Santiago,Maestría,Holding,Soltero,26,9,22,851,6.96,49.0,50,6.4,4.8,4.8,3.5,8.2,5.7,5.57,5.9,23,9.9,8.5,8.9,1,1,4.9,3.1,32,37.7,73,60,35.8,10.7,18.6,16.4,8.3,3.7,6.3,0.2
SUJ-3011,Retail/Comercio,Santiago,Maestría,Startup escalada,Casado,29,5,10,4944,5.19,28.8,92,9.8,9.3,9.3,5.2,10.0,10.0,8.93,7.3,8,2.2,10.0,7.8,2,3,4.1,1.2,7,36.0,14,64,25.5,20.7,20.4,8.5,8.7,7.9,5.9,2.4
SUJ-3012,Finanzas,Medellín,Técnico,Holding,Soltero,27,8,13,20699,9.86,57.4,65,7.3,5.5,7.0,6.0,6.1,7.4,6.55,9.7,25,8.5,8.1,9.7,0,2,7.2,0.3,91,40.9,48,65,23.4,17.9,13.1,13.6,10.1,8.1,8.6,5.2
SUJ-3013,Finanzas,Santiago,Posgrado,Empresa familiar,Casado,32,6,17,6999,5.54,45.2,82,10.0,5.5,7.9,4.4,6.2,7.4,6.9,5.5,20,6.4,8.5,6.9,2,0,4.7,0.7,90,36.0,47,72,27.1,15.6,19.5,8.2,14.3,10.3,1.0,4.0
SUJ-3014,Finanzas,CDMX,Universitario,Empresa propia,Casado,24,6,12,1631,3.93,42.7,80,8.4,7.8,7.1,7.2,9.1,7.2,7.8,10.0,14,8.4,9.4,9.0,2,3,4.4,4.4,23,29.3,43,66,23.8,19.6,20.2,4.8,20.0,6.9,1.6,3.1
SUJ-3015,Manufactura,Bucaramanga,Técnico,Empresa propia,Soltero,24,5,14,8376,8.34,33.4,91,9.6,8.0,7.4,8.8,10.0,9.5,8.88,9.4,32,3.3,7.7,9.7,0,3,5.3,0.7,58,37.2,33,64,8.3,16.3,18.3,22.3,16.0,11.6,6.7,0.5
SUJ-3016,Finanzas,CDMX,Maestría,E-commerce,Soltero,33,5,9,5010,5.18,47.4,74,6.5,5.1,9.7,6.5,8.3,7.2,7.22,7.0,22,10.0,8.9,5.5,4,3,5.4,3.6,3,31.2,50,54,23.2,16.9,24.2,16.1,6.7,9.1,3.8,0.0
SUJ-3017,Inmuebles,Santiago,Universitario,Franquicia,Casado,23,10,14,21433,19.24,56.4,62,8.2,5.4,5.2,3.6,7.0,7.8,6.2,8.3,21,4.5,6.8,7.7,0,2,5.0,1.8,5,31.5,68,60,38.2,22.5,7.5,11.1,5.4,8.2,4.1,3.0
SUJ-3018,Retail/Comercio,Lima,Universitario,Empresa propia,Soltero,20,7,14,1403,1.04,37.1,76,10.0,5.3,6.7,4.7,8.1,7.6,7.07,7.9,29,4.5,6.6,7.3,2,4,5.8,2.3,42,28.8,36,67,20.5,20.8,14.2,21.9,17.3,3.4,0.0,1.9
SUJ-3019,Tecnología,Monterrey,Técnico,Holding,Casado,21,12,15,9958,16.7,63.8,96,9.8,7.9,9.1,7.3,8.9,7.6,8.43,5.6,18,5.9,9.7,8.7,1,6,4.3,3.8,1,39.3,40,60,20.6,16.8,22.3,12.4,9.1,11.5,6.0,1.3
SUJ-3020,Inmuebles,Barranquilla,Universitario,Startup escalada,Casado,30,1,8,9155,2.38,32.8,78,5.4,9.6,8.2,8.4,6.7,8.0,7.72,7.8,14,7.7,6.7,7.1,2,5,4.4,5.5,1,17.4,36,43,31.7,15.9,9.6,17.7,10.1,9.4,4.8,0.8
SUJ-3021,Finanzas,Bogotá,Maestría,Holding,Casado,42,5,8,32855,2.95,74.4,65,8.2,7.0,7.0,5.4,6.4,6.6,6.77,7.3,13,5.6,8.8,10.0,2,0,7.1,1.7,3,27.3,50,58,32.3,10.7,12.5,13.3,21.2,3.7,5.3,1.0
SUJ-3022,Retail/Comercio,Monterrey,Universitario,Empresa propia,Soltero,20,4,11,6657,3.42,20.6,71,9.0,7.0,4.9,4.2,7.2,7.5,6.63,6.5,0,8.5,7.9,6.8,0,1,5.5,4.4,78,27.5,61,52,34.5,24.8,17.5,5.5,7.8,2.8,5.0,2.1
SUJ-3023,Manufactura,Cali,Doctorado,E-commerce,Casado,29,6,16,16419,1.0,8.7,76,7.9,6.7,8.0,5.8,10.0,6.1,7.42,8.6,35,5.2,7.7,6.2,1,2,4.6,3.8,7,22.5,39,59,35.4,15.3,16.5,12.0,7.3,7.1,3.6,2.8
SUJ-3024,Finanzas,Monterrey,Doctorado,Empresa propia,Casado,26,3,2,500,1.82,46.8,75,7.0,7.8,9.0,8.6,8.6,5.9,7.82,6.3,35,6.0,9.1,5.7,0,1,5.6,1.8,17,31.3,36,53,30.2,17.4,12.9,22.5,8.8,6.6,1.6,-0.0
SUJ-3025,Tecnología,Monterrey,Técnico,Empresa propia,Unión libre,32,1,6,1049,3.21,48.7,73,9.1,6.4,7.7,3.8,7.9,9.3,7.37,6.5,7,3.7,8.3,6.7,3,5,4.5,2.0,5,27.9,54,47,24.6,9.4,23.1,16.7,9.9,10.3,5.2,0.8
SUJ-3026,Finanzas,Barranquilla,Técnico,E-commerce,Casado,29,9,8,3396,2.05,46.2,86,10.0,4.9,10.0,8.4,9.5,7.5,8.38,5.4,24,5.8,7.7,6.5,0,2,4.0,5.9,75,30.0,64,54,29.9,18.2,17.2,11.3,13.7,5.9,1.6,2.2
SUJ-3027,Agroindustria,Medellín,Maestría,Empresa propia,Casado,33,4,9,7726,1.06,47.0,100,9.9,6.5,10.0,7.1,10.0,9.2,8.78,6.7,11,10.0,8.2,8.0,2,1,4.9,1.4,20,24.4,31,51,24.0,12.7,15.8,14.0,16.3,11.8,5.0,0.4
SUJ-3028,Manufactura,Santiago,Universitario,Empresa propia,Soltero,27,9,16,4769,6.41,13.7,86,10.0,6.5,7.8,7.2,9.3,6.1,7.82,9.8,4,7.8,7.8,6.2,2,3,4.2,2.2,8,23.4,40,65,30.3,15.1,16.7,12.8,17.1,6.8,0.0,1.2
SUJ-3029,Manufactura,Medellín,Bachillerato,Startup escalada,Casado,20,2,7,1812,4.35,23.9,81,7.4,6.3,7.1,7.5,9.0,8.1,7.57,6.3,13,10.0,8.4,6.8,1,1,5.3,0.7,57,33.4,34,51,32.0,15.4,16.2,9.5,14.8,7.0,5.0,0.1
SUJ-3030,Manufactura,Cali,Universitario,Empresa propia,Unión libre,21,1,2,7117,2.76,4.0,87,10.0,7.3,6.9,5.7,10.0,6.5,7.73,8.7,26,9.3,7.4,8.9,1,2,5.4,0.5,21,26.7,55,76,32.2,15.5,21.6,11.2,8.0,6.9,3.1,1.5
SUJ-3031,Tecnología,Buenos Aires,Posgrado,Empresa familiar,Soltero,27,8,17,6690,135.36,78.9,82,9.1,8.5,8.0,7.9,10.0,8.0,8.58,7.1,14,6.8,9.0,8.5,3,5,4.6,1.0,7,60.0,39,54,22.8,19.5,14.7,16.6,5.5,10.9,7.5,2.5
SUJ-3032,Retail/Comercio,Bogotá,Maestría,E-commerce,Soltero,28,9,10,5946,1.62,4.0,75,7.3,7.0,7.9,6.5,7.9,7.8,7.4,7.6,12,3.6,5.9,7.2,4,2,5.3,5.8,26,22.2,44,62,21.4,11.9,19.1,12.4,16.0,9.5,7.9,1.8
SUJ-3033,Inmuebles,CDMX,Técnico,Empresa familiar,Soltero,23,4,13,759,1.45,33.7,65,7.0,6.0,8.3,7.0,5.6,6.1,6.67,4.8,38,8.9,7.1,6.4,2,1,5.4,4.2,34,20.7,59,56,23.7,9.1,20.0,15.5,12.7,9.8,6.2,3.0
SUJ-3034,Tecnología,Bogotá,Técnico,Empresa propia,Casado,38,3,6,20941,1.0,33.6,65,7.8,4.3,6.7,5.8,6.4,7.5,6.42,8.8,23,4.2,8.8,8.9,2,2,4.7,5.8,107,30.6,54,64,39.3,9.0,10.2,13.4,18.6,4.4,1.7,3.4
SUJ-3035,Finanzas,São Paulo,Doctorado,E-commerce,Soltero,31,11,14,7176,5.13,28.6,73,8.0,6.1,6.2,8.2,7.4,7.4,7.22,6.6,27,3.7,6.0,3.7,1,1,4.2,1.0,86,27.6,51,60,28.3,22.6,10.0,18.8,2.2,13.3,2.3,2.5
SUJ-3036,Finanzas,Santiago,Maestría,Empresa propia,Soltero,17,6,12,2452,1.53,35.7,77,10.0,5.8,9.2,3.9,8.5,8.1,7.58,7.6,29,5.7,10.0,10.0,1,1,4.3,3.1,8,28.2,43,62,38.7,18.9,2.5,9.2,3.6,15.3,9.9,1.9
SUJ-3037,Retail/Comercio,São Paulo,Posgrado,Startup escalada,Unión libre,25,3,13,9303,3.58,13.0,88,10.0,6.0,6.8,7.6,9.1,8.3,7.97,7.9,14,4.3,7.0,6.3,4,3,6.3,3.6,10,23.5,40,49,21.5,18.0,22.0,14.3,9.0,8.2,6.1,0.9
SUJ-3038,Salud/Farma,São Paulo,Maestría,Empresa propia,Casado,19,1,14,3060,1.2,30.5,72,6.0,2.3,7.8,6.0,10.0,7.3,6.57,8.4,30,8.9,7.6,7.8,1,0,4.0,1.9,46,28.9,44,63,22.1,22.5,13.5,12.7,13.6,10.4,3.3,1.9
SUJ-3039,Tecnología,Bogotá,Universitario,Empresa propia,Soltero,37,4,9,5639,4.85,34.5,68,8.3,4.4,7.2,4.0,7.5,9.5,6.82,6.8,13,4.7,6.8,10.0,2,4,5.2,1.5,33,33.5,46,70,35.1,18.0,10.1,7.1,15.9,10.2,3.3,0.3
SUJ-3040,Retail/Comercio,Bucaramanga,Maestría,Startup escalada,Soltero,17,5,6,3337,1.0,43.0,77,9.0,8.9,7.7,7.7,8.9,7.5,8.28,4.2,23,9.1,8.1,5.5,4,2,5.3,3.7,175,27.1,39,62,28.0,17.1,19.0,13.9,7.1,7.5,5.1,2.3
SUJ-3041,Tecnología,CDMX,Universitario,Empresa propia,Soltero,28,10,17,16988,159.76,71.1,79,9.3,8.2,7.4,4.7,7.0,6.7,7.22,9.5,17,6.8,7.1,6.7,1,1,5.1,6.1,20,53.5,44,60,26.8,14.6,14.6,16.3,13.3,5.5,5.5,3.4
SUJ-3042,Salud/Farma,Cali,Universitario,Empresa propia,Soltero,26,7,8,40902,5.99,49.9,65,5.9,4.6,8.4,6.2,6.6,6.4,6.35,9.7,23,5.5,10.0,6.9,1,2,5.6,0.0,12,37.5,61,76,34.3,21.0,8.8,9.7,15.7,6.7,0.0,3.8
SUJ-3043,Tecnología,Santiago,Maestría,Franquicia,Soltero,30,6,15,1406,3.32,31.0,63,8.1,5.0,7.0,4.6,4.5,7.7,6.15,5.9,19,5.8,7.0,8.7,1,3,4.8,0.5,33,24.9,52,62,27.7,13.2,15.3,15.0,10.9,12.3,4.6,1.0
SUJ-3044,Retail/Comercio,Lima,Universitario,Holding,Casado,27,3,11,500,3.58,17.4,82,8.6,10.0,8.6,9.3,9.9,6.9,8.88,8.0,23,5.0,8.4,7.5,1,3,4.8,0.5,46,32.3,30,53,27.3,12.0,17.2,18.7,9.7,8.8,5.2,1.1
SUJ-3045,Inmuebles,Cali,Doctorado,Empresa propia,Casado,38,12,23,1980,2.57,25.0,71,6.2,9.3,8.1,6.4,9.8,4.7,7.42,7.1,27,7.7,7.5,9.0,2,1,4.0,5.3,47,22.4,43,60,25.8,11.5,24.1,17.1,6.3,6.8,6.5,1.9
SUJ-3046,Inmuebles,Bucaramanga,Universitario,Franquicia,Casado,31,10,20,7131,2.97,23.8,89,9.3,7.7,6.5,7.6,8.8,5.7,7.6,9.6,15,6.8,7.3,5.9,2,0,5.3,0.8,183,32.4,39,56,34.9,17.8,12.1,14.9,11.1,7.8,1.3,0.1
SUJ-3047,Retail/Comercio,CDMX,Doctorado,Empresa propia,Soltero,17,10,16,1528,1.0,39.6,77,9.1,7.6,6.1,8.2,9.2,7.8,8.0,7.0,29,3.8,8.1,7.7,0,5,5.4,2.6,173,30.6,47,56,31.8,12.6,13.9,4.9,16.2,9.7,7.5,3.4
SUJ-3048,Finanzas,Caracas,Doctorado,E-commerce,Casado,34,6,12,13348,2.99,52.6,72,6.5,6.6,6.1,5.7,10.0,6.6,6.92,6.2,19,4.2,6.3,7.9,0,2,5.0,0.7,14,30.1,51,65,26.2,13.6,14.9,16.1,18.9,2.9,4.8,2.6
SUJ-3049,Finanzas,Barranquilla,Universitario,Startup escalada,Casado,27,8,11,4203,3.95,35.1,57,5.3,4.8,6.2,5.4,8.3,7.3,6.22,5.7,23,3.8,6.6,6.1,0,2,6.4,4.8,248,32.8,53,52,12.6,32.7,12.7,8.2,19.6,8.6,4.2,1.4
SUJ-3050,Finanzas,Bucaramanga,Maestría,Franquicia,Soltero,34,1,4,7543,8.76,44.1,73,8.6,6.7,6.1,4.1,8.5,7.1,6.85,7.5,13,7.8,8.3,8.0,1,0,4.4,4.5,2,28.0,59,43,29.4,16.0,13.9,15.8,10.0,7.4,4.5,3.0
SUJ-3051,Tecnología,Cali,Universitario,Franquicia,Soltero,24,7,13,4864,3.46,51.9,60,7.0,6.2,5.2,5.0,7.6,8.0,6.5,7.3,21,9.4,7.7,8.9,3,5,5.0,2.3,92,30.0,51,52,19.2,25.1,10.8,21.3,14.5,1.2,5.8,2.1
SUJ-3052,Retail/Comercio,Santiago,Maestría,Empresa propia,Casado,19,14,16,18691,4.63,26.0,56,7.2,6.5,5.7,4.8,6.4,4.1,5.78,10.0,29,8.7,7.8,8.8,1,2,5.5,2.4,27,32.4,56,66,13.1,20.5,24.3,16.2,9.3,10.0,6.1,0.5
SUJ-3053,Finanzas,Buenos Aires,Universitario,Empresa propia,Casado,18,4,9,500,3.46,37.8,93,9.2,8.1,10.0,4.6,8.5,9.2,8.27,4.8,24,7.0,9.8,7.0,0,0,7.0,2.2,16,28.8,34,59,23.6,14.8,22.2,14.1,9.5,4.6,7.3,3.9
SUJ-3054,Finanzas,Santiago,Maestría,Empresa propia,Soltero,32,3,7,10454,22.25,32.6,66,10.0,6.2,8.1,5.9,9.3,7.7,7.87,5.9,21,8.9,8.9,5.7,1,2,4.9,4.4,12,39.0,31,52,19.1,21.5,26.1,8.7,11.8,9.8,2.6,0.4
SUJ-3055,Manufactura,CDMX,Universitario,E-commerce,Casado,30,6,14,8448,5.34,35.3,85,8.2,5.5,9.1,8.3,9.9,8.4,8.23,5.6,39,6.6,6.6,5.1,0,3,5.6,4.7,7,18.9,43,51,28.9,35.2,13.4,2.7,12.5,4.1,1.9,1.3
SUJ-3056,Salud/Farma,Buenos Aires,Universitario,E-commerce,Casado,22,3,9,8387,2.98,10.1,58,7.2,4.2,7.0,5.9,7.2,6.8,6.38,5.0,15,7.2,6.9,8.3,1,1,4.1,1.4,13,22.6,42,56,30.1,16.9,20.1,11.1,12.4,5.7,0.2,3.5
SUJ-3057,Manufactura,Medellín,Universitario,Empresa familiar,Unión libre,17,3,12,4275,1.0,34.7,63,6.1,3.3,6.5,6.8,4.3,6.9,5.65,5.8,39,5.0,6.3,8.1,0,3,4.2,7.0,6,18.1,58,67,41.0,12.8,12.3,13.3,6.4,7.4,6.2,0.6
SUJ-3058,Tecnología,CDMX,Universitario,Empresa propia,Soltero,32,8,13,500,1.51,55.7,62,4.9,6.2,6.8,5.9,5.4,4.9,5.68,8.7,28,5.0,6.7,7.6,1,0,6.7,3.7,8,26.5,66,74,24.5,17.8,18.7,14.4,11.4,4.9,5.8,2.5
SUJ-3059,Tecnología,CDMX,Maestría,E-commerce,Casado,17,10,12,9349,1.41,40.4,82,8.0,6.2,8.0,6.4,9.5,6.8,7.48,3.2,40,6.4,9.2,8.6,1,1,5.7,6.2,28,22.6,40,38,22.6,13.9,20.7,9.8,17.7,8.7,3.0,3.6
SUJ-3060,Agroindustria,São Paulo,Posgrado,E-commerce,Soltero,39,8,16,14150,6.37,26.4,79,7.8,6.5,7.9,3.8,7.2,8.0,6.87,7.3,14,9.8,9.3,6.3,0,1,4.8,3.4,60,34.4,48,68,32.9,20.2,19.1,5.2,8.3,10.4,3.0,0.9
SUJ-3061,Finanzas,Bucaramanga,Posgrado,E-commerce,Casado,17,2,8,712,1.78,38.1,55,8.2,5.2,6.3,3.4,6.6,8.3,6.33,9.8,16,9.6,6.8,3.3,2,2,6.2,2.8,16,21.7,50,54,28.0,19.4,11.7,15.5,12.3,8.6,3.9,0.6
SUJ-3062,Tecnología,Santiago,Universitario,Startup escalada,Casado,26,4,9,4661,2.62,60.3,54,6.5,5.4,5.4,4.6,6.2,5.0,5.52,7.3,32,7.4,7.9,8.2,3,2,5.7,1.2,57,34.0,62,58,23.9,18.9,18.1,11.5,12.9,7.4,6.1,1.2
SUJ-3063,Manufactura,Caracas,Universitario,Empresa propia,Soltero,27,8,13,1419,10.05,13.8,79,7.3,4.3,5.0,5.4,7.4,8.5,6.32,6.4,16,5.4,7.6,9.9,2,1,5.0,0.4,5,29.9,56,50,23.6,20.6,16.2,7.8,11.9,14.8,3.4,1.7
SUJ-3064,Manufactura,São Paulo,Bachillerato,Empresa propia,Casado,28,9,15,7552,5.69,26.3,91,9.1,8.1,9.6,5.7,9.2,8.8,8.42,7.0,19,4.0,8.4,4.3,1,3,4.3,1.5,79,35.1,53,57,25.3,19.1,13.4,19.5,8.2,10.2,1.8,2.5
SUJ-3065,Manufactura,Cali,Maestría,Holding,Soltero,27,6,11,12319,4.81,24.1,90,7.9,7.0,8.7,10.0,10.0,9.4,8.83,6.9,45,7.2,8.5,6.4,1,3,4.4,3.8,67,34.9,37,44,24.5,26.0,4.8,16.3,14.8,8.3,5.2,0.1
SUJ-3066,Finanzas,Barranquilla,Doctorado,Empresa propia,Casado,26,3,11,8789,1.0,39.4,62,6.3,6.7,4.2,6.9,7.4,6.6,6.35,8.5,1,10.0,8.6,9.4,2,1,5.4,2.6,37,30.1,49,63,29.5,17.7,8.3,20.6,12.8,6.2,3.7,1.2
SUJ-3067,Tecnología,Bogotá,Universitario,Empresa propia,Soltero,23,10,19,3062,5.33,48.0,67,8.4,5.5,7.8,8.2,7.5,6.0,7.23,6.6,22,4.4,6.4,10.0,0,0,6.3,5.0,19,33.0,43,65,27.7,12.8,14.2,14.4,14.8,8.9,3.8,3.4
SUJ-3068,Salud/Farma,Monterrey,Bachillerato,Empresa propia,Casado,24,14,19,1204,1.0,17.7,79,8.5,5.9,8.2,5.5,10.0,8.6,7.78,6.2,10,5.6,6.6,6.4,3,2,6.6,1.7,1,13.3,45,54,25.7,20.0,18.9,11.9,8.3,9.2,5.7,0.3
SUJ-3069,Finanzas,Barranquilla,Técnico,Empresa propia,Soltero,22,11,24,12649,980.0,64.5,80,7.0,8.3,5.7,6.1,8.0,8.2,7.22,6.5,31,8.0,4.8,6.1,1,4,4.0,4.7,11,54.1,41,62,25.2,17.3,24.6,11.7,9.1,7.7,4.1,0.3
SUJ-3070,Manufactura,Bogotá,Posgrado,E-commerce,Casado,26,14,18,3131,1.63,15.0,76,6.8,5.3,10.0,5.4,7.7,9.6,7.47,10.0,16,9.7,8.5,9.3,2,2,4.9,2.0,20,25.4,44,61,27.0,20.5,23.2,5.1,16.2,5.1,1.7,1.2
SUJ-3071,Inmuebles,Medellín,Posgrado,Empresa propia,Casado,17,4,10,500,1.0,30.7,67,6.0,5.2,6.8,2.9,5.7,7.5,5.68,7.8,19,7.7,8.4,4.1,3,1,6.1,0.6,12,24.2,57,56,27.2,15.9,17.8,15.7,9.5,5.6,5.2,3.1
SUJ-3072,Manufactura,Cali,Maestría,Franquicia,Casado,27,11,11,6778,4.04,4.0,79,7.2,5.5,10.0,6.7,10.0,6.3,7.62,10.0,35,5.8,9.1,7.6,2,2,4.0,2.9,5,21.2,31,65,26.9,22.2,13.0,17.2,8.0,2.5,6.2,4.0
SUJ-3073,Finanzas,Santiago,Universitario,E-commerce,Soltero,25,12,18,2266,1.45,38.5,75,8.0,5.8,9.0,5.3,8.6,8.4,7.52,10.0,14,4.6,4.5,9.7,0,1,5.6,3.1,5,18.7,43,69,33.4,12.7,15.4,17.4,8.9,8.0,2.8,1.4
SUJ-3074,Finanzas,Lima,Maestría,Franquicia,Casado,31,5,10,14721,4.01,57.0,75,9.0,8.6,9.7,5.2,6.2,8.5,7.87,7.6,21,9.0,8.5,7.1,1,2,5.2,0.0,9,36.3,45,68,26.6,14.6,15.5,13.0,14.0,6.1,8.3,1.9
SUJ-3075,Manufactura,CDMX,Posgrado,Empresa familiar,Soltero,24,4,10,1236,4.08,31.4,84,8.1,5.5,8.2,5.5,7.5,8.8,7.27,7.9,11,3.5,5.8,9.6,1,0,5.3,4.2,7,27.7,43,60,26.3,25.6,10.7,6.6,12.3,13.4,1.8,3.3
SUJ-3076,Servicios,São Paulo,Universitario,Empresa propia,Casado,29,3,12,4564,2.9,28.2,87,7.9,7.0,8.6,6.6,9.8,10.0,8.32,7.4,5,0.4,8.7,7.6,1,1,7.1,3.5,43,33.3,34,65,24.0,14.8,10.2,19.2,18.8,6.6,3.5,2.9
SUJ-3077,Agroindustria,Caracas,Posgrado,Empresa familiar,Casado,29,6,18,2334,15.22,18.9,77,9.1,7.6,8.5,7.0,10.0,5.5,7.95,8.8,4,10.0,10.0,8.5,1,1,5.3,4.2,104,41.5,45,51,31.1,19.4,14.7,14.2,7.0,9.7,2.3,1.6
SUJ-3078,Tecnología,Barranquilla,Técnico,E-commerce,Casado,25,1,11,9359,2.95,55.9,76,8.2,6.2,8.0,4.7,7.5,9.4,7.33,8.3,1,8.2,9.1,5.9,2,2,5.0,2.6,3,23.6,47,57,5.7,30.4,12.0,22.9,12.9,10.3,4.7,1.1
SUJ-3079,Tecnología,Bogotá,Universitario,Startup escalada,Casado,28,13,19,6361,204.03,72.6,70,7.3,6.6,8.0,5.1,6.8,7.5,6.88,8.2,2,2.8,6.7,7.2,2,1,7.0,3.6,13,59.6,49,65,25.2,23.7,16.3,13.9,13.8,4.0,0.0,3.1
SUJ-3080,Agroindustria,Lima,Maestría,Franquicia,Soltero,17,2,9,12522,1.0,6.4,74,7.1,5.7,7.3,5.5,6.0,8.6,6.7,7.3,11,7.8,10.0,8.1,0,4,6.1,3.8,18,19.4,46,56,25.5,24.7,16.7,6.5,13.4,8.9,4.2,0.1
SUJ-3081,Inmuebles,Barranquilla,Universitario,Franquicia,Casado,34,8,19,4908,11.56,48.9,83,8.2,6.9,5.6,6.2,7.8,7.2,6.98,4.4,26,5.1,7.6,9.1,3,4,5.7,3.1,23,31.5,66,56,22.4,17.1,24.9,11.4,11.9,7.9,2.9,1.5
SUJ-3082,Servicios,Cali,Maestría,Startup escalada,Soltero,22,1,3,500,5.74,9.8,79,9.4,6.4,7.1,5.1,9.3,5.7,7.17,6.4,13,3.2,6.8,7.5,0,1,3.1,0.7,8,24.6,32,50,14.2,12.6,20.5,14.4,21.3,10.8,4.4,1.8
SUJ-3083,Tecnología,Santiago,Posgrado,Startup escalada,Unión libre,24,14,23,1938,67.36,56.6,65,7.9,5.5,7.3,5.9,7.1,6.6,6.72,7.2,15,6.7,7.9,6.0,1,1,6.0,2.0,4,42.8,50,57,17.8,16.4,29.5,15.2,8.6,5.7,3.2,3.6
SUJ-3084,Manufactura,Buenos Aires,Universitario,Empresa propia,Casado,19,11,14,56629,11.04,12.8,64,9.2,7.2,7.1,5.2,8.4,6.8,7.32,8.3,24,4.3,9.1,8.4,1,1,4.8,5.8,28,31.4,44,62,32.0,20.4,8.8,16.3,11.4,2.9,5.0,3.2
SUJ-3085,Inmuebles,Barranquilla,Posgrado,Empresa propia,Casado,21,1,11,4158,2.5,43.6,64,7.5,4.9,9.4,4.8,6.2,5.1,6.32,8.7,27,4.5,7.6,5.4,0,1,5.8,3.6,13,23.6,52,71,31.8,19.0,18.1,11.0,10.1,7.1,1.8,1.1
SUJ-3086,Manufactura,Barranquilla,Posgrado,E-commerce,Unión libre,35,8,14,7745,2.81,6.8,88,7.7,7.8,7.9,7.2,10.0,9.3,8.32,4.3,28,3.7,7.2,7.9,1,1,4.8,4.7,79,27.3,42,54,28.6,19.3,16.4,14.2,8.1,4.5,4.9,4.0
SUJ-3087,Retail/Comercio,Santiago,Universitario,Startup escalada,Soltero,26,6,9,18825,2.68,14.3,50,3.7,5.9,6.1,4.1,4.8,5.9,5.08,6.7,25,6.6,5.7,7.9,4,2,4.0,2.6,26,22.0,52,63,23.5,24.2,7.8,24.2,2.7,17.6,0.0,0.0
SUJ-3088,Tecnología,Caracas,Técnico,Empresa propia,Unión libre,24,7,11,500,1.93,50.8,54,5.2,5.7,6.8,3.4,7.6,7.7,6.07,8.8,33,8.6,8.9,8.3,0,0,5.4,2.2,14,28.1,67,61,20.8,15.2,20.2,19.5,10.9,7.7,5.3,0.4
SUJ-3089,Manufactura,São Paulo,Universitario,Holding,Soltero,24,9,13,8621,1.0,13.8,64,4.8,5.3,7.3,5.5,6.9,6.7,6.08,6.9,26,3.9,8.3,7.3,1,2,5.5,0.8,1,17.5,38,60,25.7,21.1,14.3,13.8,14.1,5.4,4.7,0.9
SUJ-3090,Finanzas,Caracas,Bachillerato,Holding,Casado,26,4,13,2721,1.0,38.2,82,7.2,8.7,6.8,6.5,9.3,9.7,8.03,7.9,16,7.1,6.0,9.2,4,0,4.5,0.9,4,17.2,42,57,23.1,18.3,18.5,13.0,7.9,10.0,7.6,1.6
SUJ-3091,Retail/Comercio,Medellín,Técnico,Startup escalada,Casado,30,6,17,2619,1.87,26.7,69,7.2,6.2,7.6,3.0,8.6,7.1,6.62,7.1,41,7.0,6.6,9.0,1,1,5.6,3.1,13,24.3,62,50,31.6,23.0,17.2,11.5,9.5,2.5,4.0,0.7
SUJ-3092,Agroindustria,Caracas,Universitario,E-commerce,Soltero,27,1,6,2037,1.0,4.0,61,4.9,6.6,5.0,6.3,5.2,6.6,5.77,5.5,40,3.3,10.0,9.3,0,3,5.6,4.5,16,17.8,64,71,31.8,5.8,16.0,15.3,12.5,12.5,5.7,0.4
SUJ-3093,Finanzas,Bucaramanga,Universitario,Franquicia,Soltero,27,7,10,13840,7.32,49.9,77,8.9,5.9,7.0,4.4,7.5,8.6,7.05,7.2,11,6.3,8.1,10.0,2,3,3.8,1.6,334,41.8,34,69,26.1,17.7,25.6,8.2,10.4,8.0,2.7,1.3
SUJ-3094,Servicios,Barranquilla,Doctorado,Empresa familiar,Soltero,20,1,14,3733,4.41,27.3,78,7.4,7.4,7.4,6.1,9.0,8.0,7.55,4.8,25,8.0,7.2,8.0,2,4,4.8,1.1,18,24.3,50,45,24.5,14.5,17.3,17.2,9.8,13.3,0.0,3.4
SUJ-3095,Tecnología,Santiago,Universitario,E-commerce,Unión libre,24,12,21,555,3.04,30.4,83,9.3,7.9,7.8,5.9,8.3,7.3,7.75,9.4,19,8.6,7.0,8.2,2,1,4.4,3.3,24,28.6,44,64,31.2,19.9,6.8,12.8,22.1,3.5,2.4,1.3
SUJ-3096,Manufactura,Caracas,Maestría,Holding,Soltero,26,1,4,814,1.0,28.2,91,7.7,6.6,6.5,7.1,9.4,7.3,7.43,7.1,31,5.9,9.8,10.0,4,4,4.8,1.5,15,24.3,46,56,31.7,13.1,13.6,16.4,13.8,4.9,3.3,3.2
SUJ-3097,Salud/Farma,Bucaramanga,Posgrado,Empresa propia,Casado,25,8,15,1287,2.98,29.5,89,9.7,9.2,8.4,6.1,9.4,7.6,8.4,8.0,29,3.7,7.8,6.3,1,1,4.9,2.3,18,27.5,33,59,17.8,17.9,18.7,20.1,10.3,11.2,2.4,1.6
SUJ-3098,Tecnología,Santiago,Maestría,Holding,Casado,23,10,15,18335,21.26,58.5,80,7.8,8.3,8.0,6.6,6.8,8.4,7.65,4.8,2,6.5,8.4,6.9,3,0,4.4,0.5,5,36.2,45,55,18.5,38.5,11.1,9.1,15.6,4.2,3.0,-0.0
SUJ-3099,Tecnología,São Paulo,Universitario,Empresa propia,Soltero,22,14,16,4461,6.2,54.0,71,7.2,5.5,7.5,7.3,6.6,7.7,6.97,6.7,34,6.8,8.2,9.0,3,2,6.9,1.5,10,35.6,49,57,38.1,23.0,12.7,11.1,5.5,6.3,3.3,0.0
SUJ-3100,Retail/Comercio,Santiago,Doctorado,Empresa propia,Soltero,28,13,18,19820,6.72,33.3,78,7.3,4.8,7.3,5.4,8.7,9.3,7.13,6.5,27,4.4,10.0,8.7,2,3,5.5,6.4,1,26.5,31,70,27.3,11.5,22.5,15.9,10.8,7.3,2.5,2.2
SUJ-3101,Tecnología,Medellín,Posgrado,Holding,Casado,28,12,13,13607,10.77,57.3,67,7.0,5.7,9.6,4.8,7.9,6.8,6.97,6.8,31,2.2,6.8,6.9,3,1,4.4,4.4,7,38.8,45,62,23.1,18.8,11.9,15.5,15.6,10.0,3.7,1.4
SUJ-3102,Inmuebles,Santiago,Maestría,E-commerce,Soltero,31,7,11,14555,4.65,35.1,84,9.2,7.0,8.4,5.5,10.0,8.8,8.15,6.4,33,7.9,6.1,8.9,2,0,4.8,2.6,14,30.6,43,56,30.2,12.6,22.3,14.6,8.2,11.1,0.0,1.0
SUJ-3103,Agroindustria,Cali,Universitario,Holding,Casado,27,11,16,2704,2.01,24.5,66,5.3,5.0,6.2,5.7,6.8,7.8,6.13,8.6,23,6.7,7.9,7.6,4,2,5.1,1.9,195,29.7,49,60,21.6,25.2,15.7,16.1,12.7,2.8,3.0,2.9
SUJ-3104,Retail/Comercio,Barranquilla,Técnico,Empresa propia,Soltero,17,8,12,2532,1.24,50.0,62,9.2,4.9,6.9,4.7,7.3,4.8,6.3,7.5,25,3.5,8.5,9.2,2,0,4.6,4.9,25,30.3,51,60,24.5,13.4,15.0,18.4,16.4,8.3,2.7,1.3
SUJ-3105,Finanzas,Bogotá,Posgrado,E-commerce,Soltero,40,8,17,6569,39.72,66.4,85,10.0,8.2,7.3,6.7,8.4,7.2,7.97,7.5,24,9.7,7.8,8.0,1,1,3.0,0.3,24,46.2,46,73,20.7,15.1,9.2,20.7,20.3,6.6,5.8,1.6
SUJ-3106,Retail/Comercio,Bogotá,Bachillerato,Franquicia,Casado,25,4,11,4329,8.81,26.8,53,5.5,7.0,7.1,2.9,6.6,7.0,6.02,7.4,23,7.0,6.9,6.5,2,4,4.4,6.2,5,30.1,68,64,30.2,19.0,17.2,13.5,6.1,8.3,4.6,1.1
SUJ-3107,Inmuebles,Bogotá,Universitario,E-commerce,Soltero,23,13,17,5691,5.34,23.0,64,8.1,6.7,7.3,5.2,9.8,5.6,7.12,9.7,16,2.6,6.2,7.1,1,2,6.4,4.1,11,24.5,44,67,18.1,11.9,16.7,25.4,18.0,2.0,7.4,0.5
SUJ-3108,Tecnología,Santiago,Universitario,Empresa propia,Unión libre,25,4,11,500,1.0,70.2,80,6.6,8.4,10.0,3.9,9.8,7.1,7.63,4.8,21,7.4,5.6,10.0,4,3,7.7,3.2,35,27.0,38,50,28.5,13.0,12.1,11.9,12.4,12.4,5.9,3.8
SUJ-3109,Manufactura,São Paulo,Posgrado,Holding,Unión libre,23,3,14,28488,20.05,56.8,71,5.7,6.2,8.5,6.3,8.3,8.0,7.17,7.5,19,9.1,8.5,6.4,2,1,5.9,0.8,5,40.1,51,61,30.3,12.5,24.6,5.2,13.0,5.1,5.9,3.4
SUJ-3110,Manufactura,Lima,Doctorado,Startup escalada,Soltero,21,8,11,500,1.0,24.4,71,9.6,4.2,9.2,4.8,7.1,5.6,6.75,8.1,42,5.5,4.9,7.4,2,3,5.6,3.2,13,18.7,39,67,23.6,21.3,12.1,14.7,13.4,5.3,6.3,3.3
SUJ-3111,Manufactura,Bucaramanga,Universitario,Empresa propia,Soltero,29,1,2,1576,2.54,31.8,58,7.3,4.5,3.1,4.2,5.7,4.9,4.95,8.2,16,10.0,8.3,8.5,2,1,4.8,3.7,114,30.6,62,69,26.2,17.2,12.5,18.7,11.1,8.2,5.2,0.9
SUJ-3112,Finanzas,Bucaramanga,Maestría,Empresa propia,Soltero,25,7,9,9070,5.16,43.5,59,6.7,4.4,4.8,5.0,8.0,6.1,5.83,3.9,23,5.8,7.5,5.3,1,1,5.9,4.1,12,25.0,74,45,15.0,23.5,12.4,19.2,15.4,7.2,3.5,3.8
SUJ-3113,Inmuebles,Santiago,Posgrado,Holding,Soltero,25,13,20,1352,3.47,39.1,70,8.2,7.4,8.0,4.2,8.3,6.3,7.07,6.0,22,8.6,10.0,8.4,0,2,5.5,3.6,31,31.9,31,64,30.5,17.4,17.1,17.2,8.2,5.4,2.0,2.2
SUJ-3114,Tecnología,Cali,Universitario,Holding,Casado,17,8,19,904,1.61,24.6,52,5.0,2.1,4.9,3.0,4.5,3.7,3.87,7.6,27,1.2,8.6,2.1,1,1,5.3,0.8,2,22.9,66,63,33.1,14.3,17.6,11.8,10.6,6.1,6.6,-0.1
SUJ-3115,Tecnología,Cali,Doctorado,Holding,Casado,24,7,16,1334,1.68,45.1,72,7.5,6.4,9.3,8.8,9.0,7.2,8.03,8.4,23,6.1,10.0,5.7,2,0,7.0,3.0,11,31.5,30,60,19.8,16.9,22.2,13.1,15.4,6.5,4.1,2.0
SUJ-3116,Servicios,CDMX,Maestría,Holding,Soltero,19,4,14,511,1.12,32.2,88,8.9,7.2,8.1,6.7,8.0,9.2,8.02,3.7,38,8.9,8.2,8.1,0,2,6.0,0.1,6,16.4,33,51,14.1,17.0,23.0,18.7,17.3,5.0,1.0,3.9
SUJ-3117,Inmuebles,Santiago,Maestría,Franquicia,Soltero,22,1,2,2315,5.45,19.5,86,6.9,7.7,9.8,7.8,10.0,7.1,8.22,6.5,26,1.8,5.7,8.1,1,0,5.0,1.8,55,31.6,54,57,26.6,18.7,8.7,18.5,10.4,9.5,4.9,2.7
SUJ-3118,Tecnología,Monterrey,Universitario,Franquicia,Soltero,27,10,13,2529,6.39,60.2,79,9.5,5.5,8.4,5.3,7.0,7.6,7.22,8.6,32,9.6,6.7,8.3,0,1,5.4,2.5,45,38.5,41,49,39.9,10.9,12.0,14.1,4.9,10.9,7.2,0.1
SUJ-3119,Finanzas,Medellín,Posgrado,Empresa propia,Soltero,22,7,9,5523,5.49,55.4,75,7.2,8.0,7.3,5.6,7.9,9.0,7.5,8.8,22,8.3,3.0,7.3,2,1,5.8,2.1,32,30.6,43,70,21.7,13.4,19.0,17.9,11.5,12.5,1.1,2.9
SUJ-3120,Tecnología,Bogotá,Universitario,Empresa propia,Casado,23,9,17,4620,15.38,60.5,71,6.2,6.4,6.1,4.7,8.8,7.7,6.65,8.5,2,8.0,8.5,8.2,0,1,4.2,1.4,26,42.0,52,62,35.8,16.5,8.9,10.9,13.5,6.6,7.2,0.6
SUJ-3121,Finanzas,Medellín,Universitario,Holding,Soltero,26,1,6,5135,4.85,41.0,73,9.6,4.8,7.7,7.5,7.5,6.2,7.22,7.8,15,7.0,9.6,8.5,1,0,4.9,2.2,98,38.4,48,62,9.1,3.2,33.2,13.0,26.2,10.4,3.9,1.0
SUJ-3122,Finanzas,Bogotá,Universitario,Empresa propia,Soltero,22,9,5,7657,1.0,58.8,61,8.0,4.2,6.1,5.3,7.1,7.8,6.42,8.6,31,3.8,7.1,8.0,3,2,4.3,3.8,1,21.4,51,57,37.5,17.8,14.9,6.5,15.5,3.4,2.1,2.3
SUJ-3123,Tecnología,Buenos Aires,Maestría,Empresa familiar,Soltero,19,14,23,2100,980.0,78.3,65,7.5,5.2,5.6,4.8,7.4,7.3,6.3,8.8,29,6.5,6.4,6.7,1,7,3.2,1.3,274,70.6,63,64,32.5,14.7,19.8,6.6,14.5,9.2,0.3,2.4
SUJ-3124,Retail/Comercio,Buenos Aires,Maestría,Startup escalada,Unión libre,17,12,22,1157,2.25,21.5,52,4.3,5.5,3.7,5.1,5.9,5.3,4.97,9.0,31,6.6,9.2,7.1,4,4,5.0,4.8,10,27.3,50,64,28.3,17.2,19.7,18.0,7.7,4.9,2.7,1.5
SUJ-3125,Inmuebles,Santiago,Universitario,Startup escalada,Soltero,28,8,21,16887,2.72,22.3,84,9.1,6.1,8.2,5.6,10.0,9.0,8.0,9.8,30,1.4,9.8,6.3,2,1,6.1,4.7,875,41.6,34,63,23.6,20.0,18.5,9.1,10.3,13.5,1.3,3.7
SUJ-3126,Manufactura,Buenos Aires,Bachillerato,Startup escalada,Unión libre,22,3,10,8039,1.0,22.4,71,7.4,7.0,8.5,3.9,9.1,6.4,7.05,7.6,22,5.0,8.7,6.4,3,3,5.5,3.5,10,23.5,34,50,22.0,21.4,24.0,4.6,12.4,6.9,6.4,2.3
SUJ-3127,Manufactura,Caracas,Maestría,Franquicia,Soltero,17,7,15,500,1.0,28.7,97,10.0,7.9,9.5,8.8,7.5,9.3,8.83,9.4,29,5.7,8.7,7.8,0,1,6.7,2.1,44,20.8,30,69,30.7,18.9,8.0,17.6,10.0,8.5,6.0,0.3
SUJ-3128,Tecnología,Lima,Técnico,Startup escalada,Unión libre,33,7,9,25964,3.31,38.0,65,8.5,7.7,7.7,4.9,8.9,6.3,7.33,7.1,34,7.3,6.3,8.0,1,1,7.1,0.1,101,31.0,42,72,35.9,13.3,17.9,12.0,6.7,7.0,4.0,3.2
SUJ-3129,Agroindustria,CDMX,Posgrado,Empresa propia,Casado,28,5,5,9449,1.15,12.9,72,6.8,5.5,7.0,6.2,7.5,8.6,6.93,7.3,38,4.9,6.3,8.4,3,2,5.7,0.0,17,21.5,49,67,16.6,33.1,20.7,9.7,10.3,4.0,2.7,2.9
SUJ-3130,Servicios,Cali,Bachillerato,Empresa propia,Soltero,18,5,15,1316,1.0,42.5,81,9.8,6.8,6.8,5.9,10.0,6.8,7.68,9.9,38,5.1,6.2,4.8,0,2,5.2,2.3,2,23.8,45,67,27.6,13.2,15.3,21.7,7.7,9.0,4.7,0.8
SUJ-3131,Inmuebles,Lima,Universitario,Startup escalada,Casado,21,15,23,27824,217.17,47.6,77,10.0,7.7,8.6,6.5,7.6,8.3,8.12,10.0,46,4.0,7.6,10.0,0,0,6.2,4.7,8,48.1,37,60,35.4,13.0,8.9,12.4,15.4,5.4,5.7,3.8
SUJ-3132,Servicios,Medellín,Doctorado,Empresa propia,Casado,32,3,13,3638,1.11,8.2,71,5.2,5.1,6.8,3.1,7.2,7.0,5.73,7.7,8,10.0,6.0,7.3,1,1,5.0,2.0,14,22.5,53,51,21.3,23.2,20.8,9.1,13.6,5.5,5.0,1.5
SUJ-3133,Agroindustria,Medellín,Técnico,Empresa familiar,Soltero,24,5,10,33340,3.99,45.4,94,10.0,6.6,8.9,6.1,9.6,8.2,8.23,8.4,18,3.5,8.7,4.6,2,2,4.8,4.2,2,25.3,38,71,26.0,10.0,10.8,14.3,21.8,10.7,5.6,0.8
SUJ-3134,Retail/Comercio,São Paulo,Universitario,Holding,Soltero,23,9,23,872,8.06,22.4,61,8.2,4.0,7.4,2.6,8.2,5.1,5.92,4.5,10,2.9,8.1,5.2,1,3,3.9,5.1,7,35.2,67,57,18.3,26.5,17.9,7.5,15.6,7.0,5.3,1.9
SUJ-3135,Tecnología,Buenos Aires,Universitario,Startup escalada,Casado,30,15,22,1394,29.95,57.1,80,7.9,7.6,8.9,8.4,8.4,9.2,8.4,7.0,13,7.5,8.1,8.3,3,0,6.0,4.3,8,42.6,33,50,23.1,19.3,14.4,10.6,15.8,10.1,5.7,1.0
SUJ-3136,Manufactura,Cali,Maestría,Empresa propia,Casado,24,6,9,8569,17.63,25.4,67,5.8,4.0,7.0,5.5,7.9,7.7,6.32,8.3,33,4.4,10.0,8.8,2,2,5.6,4.2,5,36.2,54,63,33.4,17.9,9.5,11.1,13.4,9.4,3.0,2.3
SUJ-3137,Inmuebles,CDMX,Maestría,Holding,Casado,33,1,6,500,1.0,44.6,71,10.0,6.5,8.4,5.2,8.5,5.2,7.3,7.2,22,3.0,10.0,6.0,2,2,5.8,0.0,43,32.6,52,51,16.0,18.8,18.7,20.8,8.1,9.7,7.8,0.1
SUJ-3138,Inmuebles,Bogotá,Universitario,Empresa propia,Casado,23,1,2,500,1.0,15.7,75,9.5,5.5,8.2,4.8,7.8,8.3,7.35,7.5,33,5.6,9.5,9.1,1,1,5.5,4.3,23,28.4,43,52,28.7,22.2,20.5,6.9,10.9,7.8,2.1,0.9
SUJ-3139,Retail/Comercio,Lima,Técnico,Startup escalada,Casado,22,16,19,12561,4.21,21.0,71,7.8,5.3,7.9,7.1,10.0,5.5,7.27,7.6,19,6.0,9.2,10.0,1,1,5.4,4.5,21,24.9,32,61,23.8,9.6,23.1,16.6,7.1,11.3,4.2,4.3
SUJ-3140,Tecnología,Caracas,Posgrado,Empresa propia,Casado,26,1,6,1469,4.15,39.6,70,4.8,3.6,8.9,7.9,7.6,7.6,6.73,8.7,35,7.3,6.6,5.9,1,2,3.9,1.4,34,30.7,48,58,29.9,16.4,16.1,14.6,9.3,9.9,3.3,0.5
SUJ-3141,Finanzas,CDMX,Universitario,Holding,Casado,31,7,18,20085,5.2,33.3,54,5.6,4.8,6.7,4.9,5.7,2.9,5.1,5.0,24,6.6,7.6,4.2,0,1,6.2,3.4,46,31.0,62,57,18.3,7.8,31.5,14.9,12.3,6.8,6.1,2.3
SUJ-3142,Agroindustria,Barranquilla,Posgrado,Empresa propia,Soltero,27,1,7,4439,1.02,8.9,83,10.0,6.0,10.0,6.7,9.0,5.4,7.85,9.9,24,6.3,10.0,6.3,1,3,5.2,2.2,14,17.3,37,60,28.2,18.5,25.9,9.1,7.1,7.4,2.2,1.6
SUJ-3143,Manufactura,Bucaramanga,Bachillerato,Empresa propia,Unión libre,26,4,14,16549,4.83,13.1,54,7.7,4.7,4.0,4.9,8.0,6.3,5.93,8.9,29,7.2,8.5,6.9,1,1,5.4,1.5,3,26.7,51,61,27.9,19.7,22.2,5.0,11.1,4.0,6.9,3.2
SUJ-3144,Retail/Comercio,Buenos Aires,Técnico,E-commerce,Soltero,21,4,10,4327,9.49,37.4,90,8.8,7.2,7.3,6.2,9.3,10.0,8.13,7.8,21,7.9,7.2,8.6,0,1,4.3,0.8,7,35.3,53,52,17.6,19.7,17.1,15.6,14.2,11.0,1.6,3.2
SUJ-3145,Finanzas,Bogotá,Posgrado,Empresa propia,Soltero,20,1,3,6044,13.8,42.7,71,7.0,8.4,6.5,5.4,8.4,8.9,7.43,7.4,13,4.8,7.0,7.6,2,1,4.4,3.9,4,36.9,45,65,23.2,16.6,25.4,7.4,15.6,9.6,2.2,-0.0
SUJ-3146,Finanzas,Barranquilla,Universitario,Holding,Casado,31,11,19,3044,6.34,44.5,84,10.0,5.9,6.6,4.1,8.7,8.0,7.22,5.6,7,4.9,7.0,10.0,0,0,5.6,0.3,8,27.7,37,54,25.8,12.5,24.9,8.1,13.3,9.8,4.6,1.0
SUJ-3147,Servicios,Bogotá,Maestría,Empresa propia,Soltero,32,8,11,8585,4.06,4.0,43,5.0,4.9,7.6,2.5,6.5,6.0,5.42,7.5,39,7.7,8.7,8.2,3,4,5.7,6.3,9,21.4,69,56,30.2,24.7,10.6,11.7,7.1,12.9,2.7,0.1
SUJ-3148,Manufactura,Bogotá,Bachillerato,Empresa propia,Soltero,32,5,10,3064,5.26,38.6,72,7.4,5.8,9.4,6.2,4.7,7.2,6.78,5.3,20,5.5,7.2,6.5,1,3,6.4,1.6,55,33.6,48,53,20.9,15.8,19.9,16.6,11.1,6.9,5.7,3.1
SUJ-3149,Inmuebles,Buenos Aires,Universitario,E-commerce,Soltero,30,5,18,2020,4.82,7.7,72,8.1,7.0,8.2,5.4,8.6,7.7,7.5,9.6,14,4.4,7.9,7.1,0,3,4.7,3.4,35,25.1,40,68,34.0,9.0,11.2,18.9,11.7,10.1,3.3,1.8
SUJ-3150,Retail/Comercio,Bogotá,Doctorado,Empresa propia,Casado,28,11,19,676,15.15,29.7,62,7.7,5.3,7.0,6.6,7.1,6.1,6.63,8.7,20,4.6,7.3,9.5,1,0,4.1,1.0,36,37.2,59,61,30.3,21.6,17.0,12.7,9.9,6.4,0.1,2.0
SUJ-3151,Manufactura,CDMX,Universitario,Empresa propia,Unión libre,28,7,10,500,5.01,43.4,83,7.2,9.3,6.6,4.8,10.0,9.2,7.85,8.0,11,2.9,7.5,8.0,1,0,7.4,2.3,1,24.1,30,66,22.2,19.3,15.7,18.0,13.0,4.6,7.1,0.1
SUJ-3152,Finanzas,CDMX,Maestría,Startup escalada,Casado,26,15,24,2921,940.29,69.6,65,8.5,5.7,7.3,6.6,7.7,7.7,7.25,5.6,27,7.0,7.6,10.0,3,4,6.5,2.6,15,62.4,42,54,32.2,19.6,11.8,14.0,9.0,9.6,0.8,3.0
SUJ-3153,Inmuebles,Barranquilla,Universitario,Empresa propia,Soltero,29,5,8,10668,1.44,12.3,62,5.5,5.7,6.6,4.3,6.7,7.0,5.97,5.5,25,10.0,6.9,6.4,0,1,5.3,2.7,3,19.3,62,59,14.9,19.3,24.0,16.8,11.6,5.8,5.9,1.7
SUJ-3154,Retail/Comercio,Caracas,Posgrado,Empresa propia,Soltero,25,8,8,1841,2.75,25.9,68,8.8,7.5,8.1,4.6,8.5,5.3,7.13,5.7,27,8.2,7.3,9.0,3,4,5.4,1.5,42,26.5,42,52,26.3,17.4,14.5,12.1,14.7,8.7,4.3,2.0
SUJ-3155,Retail/Comercio,Medellín,Maestría,Empresa propia,Soltero,29,2,12,2844,6.52,39.2,84,8.2,6.6,7.5,5.7,9.2,9.1,7.72,7.1,19,4.7,8.8,8.0,2,4,4.6,4.4,29,33.3,50,67,25.8,18.8,18.5,7.8,13.3,5.8,5.8,4.2
SUJ-3156,Manufactura,Caracas,Universitario,Franquicia,Soltero,31,5,12,18845,1.25,19.1,76,8.1,7.9,8.3,5.0,8.3,8.0,7.6,9.5,37,1.5,6.3,6.5,0,0,3.9,2.6,1,17.0,31,74,28.5,15.8,18.6,16.0,8.8,7.2,3.4,1.7
SUJ-3157,Agroindustria,Cali,Maestría,E-commerce,Soltero,18,11,16,8154,1.02,34.4,77,4.4,8.1,9.0,6.8,9.7,8.1,7.68,8.5,28,3.8,7.5,7.9,1,1,6.4,1.4,33,25.6,63,61,43.6,18.4,9.2,10.0,9.8,4.0,2.2,2.8
SUJ-3158,Tecnología,Lima,Posgrado,Empresa propia,Soltero,32,11,11,20178,1.4,23.9,81,9.2,6.1,9.2,5.5,9.5,3.4,7.15,8.3,36,5.9,9.5,6.9,3,0,6.4,3.4,10,22.6,52,59,13.0,16.4,21.9,21.2,14.4,6.7,1.0,5.4
SUJ-3159,Servicios,Lima,Universitario,Startup escalada,Soltero,25,14,19,19373,10.86,24.2,70,8.7,7.1,7.3,3.1,8.0,4.8,6.5,7.0,13,7.8,6.3,8.0,0,1,4.2,3.7,164,41.7,31,60,31.3,19.1,16.6,13.1,10.3,6.5,2.0,1.1
SUJ-3160,Finanzas,São Paulo,Posgrado,Empresa propia,Soltero,34,8,15,524,5.09,54.4,85,8.0,5.9,10.0,6.9,10.0,9.3,8.35,7.2,34,7.8,4.5,6.2,3,1,5.2,3.9,3,32.0,48,55,22.6,17.0,17.6,14.9,13.3,10.7,3.8,0.1
SUJ-3161,Retail/Comercio,São Paulo,Posgrado,Franquicia,Casado,33,11,13,24810,1.0,12.4,77,6.2,6.9,6.4,6.5,7.3,10.0,7.22,8.2,17,5.2,5.6,8.2,2,1,5.0,3.9,46,21.8,60,63,31.8,6.6,26.7,3.7,17.7,6.7,2.5,4.3
SUJ-3162,Tecnología,Monterrey,Técnico,Franquicia,Unión libre,19,9,15,500,1.0,63.6,82,6.5,6.1,8.3,6.2,9.1,7.1,7.22,7.4,22,6.0,7.6,4.1,2,0,3.5,2.4,56,25.3,49,49,19.4,20.6,19.4,19.4,4.8,10.5,4.2,1.7
SUJ-3163,Finanzas,Buenos Aires,Universitario,Holding,Unión libre,26,5,16,20788,5.51,33.8,63,6.9,5.5,7.3,5.2,8.4,6.4,6.62,7.7,24,4.8,7.4,7.4,0,2,5.0,4.1,2,24.0,65,65,22.1,20.4,14.3,5.9,17.3,9.2,9.3,1.5
SUJ-3164,Retail/Comercio,Santiago,Universitario,Empresa familiar,Casado,17,1,8,6330,2.77,51.1,73,6.3,7.2,7.3,5.7,5.3,4.1,5.98,5.3,20,5.0,9.9,6.9,3,1,5.8,1.0,195,32.2,61,53,26.3,13.9,24.8,12.2,13.1,5.2,3.3,1.2
SUJ-3165,Tecnología,São Paulo,Universitario,E-commerce,Soltero,23,6,14,6094,1.72,47.9,84,8.4,8.5,9.2,7.4,6.4,7.8,7.95,10.0,32,6.6,8.9,8.7,2,2,4.2,1.2,2,29.7,38,67,22.2,14.7,9.9,15.0,19.0,6.3,10.3,2.6
SUJ-3166,Retail/Comercio,Caracas,Maestría,Empresa familiar,Casado,28,2,6,9993,10.18,26.2,94,9.6,4.7,10.0,9.0,8.7,8.9,8.48,5.5,27,5.0,9.3,8.7,2,1,4.5,4.7,5,28.9,32,48,23.5,19.0,18.9,13.0,11.1,4.1,7.0,3.4
SUJ-3167,Agroindustria,Santiago,Universitario,Empresa propia,Soltero,31,11,13,16909,2.92,4.8,85,8.8,6.0,5.7,5.0,10.0,7.6,7.18,7.8,3,3.3,7.9,8.2,0,0,4.9,3.8,35,25.5,60,56,34.5,8.4,8.7,18.6,11.1,12.5,4.4,1.8
SUJ-3168,Tecnología,Barranquilla,Doctorado,Empresa propia,Casado,26,11,15,7677,5.78,47.5,86,10.0,9.0,10.0,9.0,10.0,10.0,9.67,7.4,39,6.3,7.0,7.8,0,1,5.6,2.4,13,32.9,29,58,28.1,14.1,9.4,15.1,17.8,7.5,5.2,2.8
SUJ-3169,Inmuebles,Caracas,Universitario,Empresa propia,Casado,28,3,13,4432,5.82,21.8,53,7.7,4.9,5.1,6.3,7.6,6.1,6.28,8.4,31,7.4,9.5,5.6,2,2,5.3,0.7,28,33.6,47,57,30.9,16.8,20.0,9.7,7.6,7.3,4.9,2.8
SUJ-3170,Retail/Comercio,Bogotá,Universitario,Franquicia,Casado,21,11,17,949,1.35,32.6,69,7.4,6.0,8.6,5.1,8.7,6.4,7.03,8.5,38,5.0,7.1,9.7,1,3,6.1,3.3,12,21.9,49,58,23.8,9.2,23.3,7.3,20.0,9.3,4.6,2.5
SUJ-3171,Manufactura,Bogotá,Maestría,Empresa propia,Unión libre,25,2,7,12455,2.52,28.4,80,9.0,8.1,6.9,6.6,9.1,8.6,8.05,9.3,21,10.0,7.1,5.8,1,1,4.8,2.4,4,25.1,40,60,33.9,19.7,6.2,10.0,15.8,10.2,3.0,1.2
SUJ-3172,Finanzas,Caracas,Posgrado,Empresa propia,Casado,22,12,16,1098,3.09,46.9,56,6.7,1.9,6.7,6.3,8.1,7.3,6.17,6.4,20,5.9,6.8,9.8,2,4,6.1,2.5,69,27.8,61,65,37.9,11.1,12.4,13.3,15.3,5.1,1.8,3.1
SUJ-3173,Tecnología,Buenos Aires,Posgrado,Franquicia,Casado,27,6,8,10367,10.61,54.8,78,9.9,5.4,8.4,6.9,8.4,6.3,7.55,9.1,17,4.3,9.1,10.0,1,1,4.6,2.8,3,31.6,47,57,24.2,16.4,17.8,9.3,14.5,11.2,5.5,1.1
SUJ-3174,Tecnología,Bucaramanga,Bachillerato,Empresa propia,Soltero,34,8,19,6004,2.83,37.1,68,7.4,7.2,6.7,6.2,7.1,5.8,6.73,7.5,22,10.0,7.5,9.2,2,1,4.9,1.1,37,29.8,42,63,21.1,20.9,14.2,17.8,13.6,10.4,1.9,0.1
SUJ-3175,Tecnología,Medellín,Universitario,Empresa propia,Unión libre,25,12,17,3899,5.19,37.9,69,8.5,3.8,6.4,6.9,9.9,5.0,6.75,8.4,28,9.2,8.3,8.1,1,3,4.3,3.6,32,38.6,40,49,32.7,24.8,4.8,5.5,16.7,10.3,4.0,1.2
SUJ-3176,Tecnología,Monterrey,Universitario,Empresa propia,Soltero,17,9,13,7594,9.7,69.3,73,10.0,6.4,10.0,3.8,8.1,7.1,7.57,9.1,21,10.0,7.1,7.5,1,1,5.6,3.1,14,36.9,45,59,23.3,24.5,17.2,13.8,7.7,8.3,3.8,1.4
SUJ-3177,Manufactura,CDMX,Doctorado,Startup escalada,Unión libre,27,6,12,11839,5.66,14.4,77,8.5,3.9,6.9,4.8,9.2,8.0,6.88,8.0,16,6.0,10.0,7.6,0,5,4.7,2.4,2,29.7,42,59,22.7,14.9,27.4,12.4,12.4,5.5,2.6,2.1
SUJ-3178,Servicios,Bogotá,Universitario,Empresa propia,Soltero,30,10,14,22660,5.95,26.3,82,7.9,6.2,10.0,6.1,10.0,7.0,7.87,5.1,30,5.3,10.0,6.1,0,2,5.4,1.5,7,33.4,40,67,30.5,14.5,12.0,18.6,17.3,2.6,3.2,1.3
SUJ-3179,Inmuebles,Monterrey,Maestría,Holding,Soltero,20,3,10,2459,1.0,4.0,58,5.8,6.7,10.0,6.1,6.6,7.7,7.15,7.8,20,5.9,7.5,7.4,2,0,4.7,6.5,23,18.8,59,53,38.3,18.8,14.8,13.2,8.4,5.0,1.6,-0.1
SUJ-3180,Manufactura,Lima,Posgrado,E-commerce,Casado,33,1,5,23519,1.0,30.8,85,7.6,4.7,7.7,8.8,10.0,9.4,8.03,8.7,26,7.5,6.1,9.1,0,2,5.5,1.9,137,29.2,50,67,23.5,19.8,17.8,14.9,9.3,9.0,2.9,2.8
SUJ-3181,Tecnología,Caracas,Universitario,Franquicia,Soltero,22,11,17,25942,188.95,68.7,81,9.8,6.5,5.7,7.2,8.4,6.9,7.42,7.6,9,8.8,7.5,5.4,1,3,4.3,0.1,140,61.9,61,49,23.7,31.5,8.5,8.8,12.0,9.2,5.2,1.1
SUJ-3182,Finanzas,Bucaramanga,Posgrado,Empresa propia,Casado,21,2,8,13440,2.2,49.8,69,7.7,7.2,7.0,4.8,8.1,5.8,6.77,9.3,12,8.3,10.0,10.0,0,2,4.9,5.3,85,34.4,53,68,30.8,23.1,8.9,15.3,10.0,8.1,0.8,3.0
SUJ-3183,Finanzas,Caracas,Maestría,Empresa propia,Soltero,17,10,22,17058,144.39,50.5,85,8.7,6.0,7.5,6.4,10.0,6.6,7.53,7.8,14,6.1,8.0,10.0,1,0,5.9,5.1,17,49.5,39,57,28.3,20.9,14.0,12.7,14.5,4.1,2.2,3.3
SUJ-3184,Finanzas,CDMX,Maestría,E-commerce,Unión libre,27,7,20,9432,387.89,70.1,50,8.3,5.1,6.5,3.3,6.5,4.9,5.77,9.1,21,7.7,5.5,8.4,3,1,5.2,1.2,49,65.9,62,56,15.6,10.5,26.4,10.2,17.4,15.3,4.6,0.0
SUJ-3185,Retail/Comercio,Buenos Aires,Técnico,Empresa propia,Casado,36,7,16,500,2.05,32.4,75,7.3,8.8,6.8,5.1,8.7,9.3,7.67,7.3,14,4.0,7.1,9.0,2,4,6.2,5.5,35,25.8,38,67,26.1,23.9,13.1,12.5,11.6,9.9,2.8,0.1
SUJ-3186,Retail/Comercio,Monterrey,Universitario,Empresa propia,Casado,28,3,9,6846,6.52,18.8,65,7.2,6.7,6.4,4.3,6.9,5.6,6.18,9.2,22,4.1,6.7,8.1,3,2,4.5,6.0,15,22.8,57,69,32.6,14.5,19.6,11.4,13.1,6.8,1.3,0.7
SUJ-3187,Finanzas,Barranquilla,Universitario,Empresa propia,Soltero,21,5,14,11001,9.31,42.0,58,5.6,5.5,6.1,5.5,8.3,6.8,6.3,6.7,16,6.4,9.6,6.7,2,1,4.9,2.2,74,38.5,63,56,24.1,17.4,16.8,16.2,2.5,19.0,2.7,1.3
SUJ-3188,Finanzas,CDMX,Bachillerato,Startup escalada,Soltero,29,7,16,22737,7.94,39.6,52,5.9,6.9,4.0,4.9,8.3,5.7,5.95,7.6,42,1.2,6.1,8.0,1,3,4.5,2.2,13,32.2,58,71,32.4,18.2,16.5,15.1,11.0,1.7,4.3,0.8
SUJ-3189,Servicios,Buenos Aires,Posgrado,Franquicia,Casado,30,7,11,6760,5.51,35.7,81,7.4,7.1,7.6,7.6,9.3,5.9,7.48,5.7,29,6.1,9.5,8.1,1,3,4.4,5.7,6,29.4,44,52,36.5,19.0,9.6,12.8,4.6,12.9,2.7,1.9
SUJ-3190,Inmuebles,Santiago,Maestría,E-commerce,Soltero,32,3,3,12646,1.22,49.7,79,7.9,6.6,7.6,6.4,8.1,8.9,7.58,7.1,20,8.2,6.3,7.8,2,3,4.7,4.6,16,28.0,46,53,24.9,21.3,12.4,7.8,12.7,11.7,6.7,2.5
SUJ-3191,Finanzas,Buenos Aires,Universitario,E-commerce,Soltero,18,10,9,9767,1.8,63.0,88,7.5,6.0,7.4,6.2,8.3,8.0,7.23,7.8,34,7.0,7.1,10.0,1,3,6.0,4.6,8,25.6,45,67,22.6,22.3,9.1,20.3,7.9,12.0,4.2,1.6
SUJ-3192,Agroindustria,Buenos Aires,Maestría,Startup escalada,Casado,35,10,16,2636,1.0,9.1,81,7.6,8.0,8.4,6.9,8.1,7.3,7.72,5.1,26,9.2,6.7,10.0,0,1,4.6,5.7,5,19.9,35,56,26.1,12.2,17.6,14.3,21.6,8.1,0.1,-0.0
SUJ-3193,Agroindustria,CDMX,Posgrado,E-commerce,Soltero,27,9,13,1344,2.11,20.3,68,6.3,8.6,8.5,7.0,6.7,6.9,7.33,9.5,22,5.2,5.6,8.4,1,3,6.6,1.6,9,19.8,47,56,11.8,26.6,20.9,14.2,8.4,12.2,4.7,1.2
SUJ-3194,Finanzas,Caracas,Universitario,E-commerce,Soltero,36,5,9,11119,2.5,57.9,109,9.7,6.1,9.7,8.9,10.0,10.0,9.07,7.7,13,2.9,7.1,4.9,3,6,5.5,0.8,2,22.8,9,57,21.3,13.5,19.8,18.3,13.7,10.7,2.3,0.4
SUJ-3195,Finanzas,Bucaramanga,Técnico,Startup escalada,Soltero,26,10,13,2130,1.47,31.8,86,7.5,6.1,8.2,8.3,7.1,9.6,7.8,8.4,23,4.4,8.6,7.4,1,0,3.4,3.6,23,25.6,50,60,21.8,21.3,15.7,16.8,11.0,5.8,5.6,2.0
SUJ-3196,Retail/Comercio,CDMX,Maestría,Holding,Soltero,29,9,12,2245,1.0,41.1,57,5.8,5.1,5.7,5.1,6.8,5.3,5.63,7.3,21,6.3,6.3,8.0,2,1,4.6,1.1,49,28.3,61,72,24.3,22.5,15.4,14.2,10.1,9.6,1.3,2.6
SUJ-3197,Agroindustria,Cali,Maestría,Empresa propia,Unión libre,20,1,9,8261,1.0,31.2,71,4.3,5.0,9.6,3.8,7.6,7.5,6.3,6.6,37,9.8,8.0,8.7,3,0,5.7,4.3,24,22.5,48,57,21.4,26.1,17.8,16.6,3.1,8.1,4.3,2.6
SUJ-3198,Servicios,Medellín,Posgrado,Empresa propia,Soltero,31,8,3,12449,1.0,30.5,75,8.5,7.5,6.6,7.0,9.7,8.2,7.92,4.4,7,10.0,4.7,6.0,0,4,6.1,5.3,50,22.4,43,45,30.3,21.2,20.2,12.5,8.7,3.2,1.3,2.6
SUJ-3199,Tecnología,São Paulo,Bachillerato,Startup escalada,Unión libre,19,14,22,6984,375.79,63.9,69,8.3,6.8,6.1,6.5,8.4,5.7,6.97,8.4,21,1.7,7.4,10.0,2,3,6.4,2.7,6,54.5,56,66,29.2,28.3,13.7,1.6,13.5,7.6,5.1,1.0
SUJ-3200,Finanzas,Bucaramanga,Universitario,Startup escalada,Soltero,27,10,15,17301,15.72,46.9,100,10.0,8.7,8.6,9.7,9.6,9.6,9.37,9.2,15,5.6,8.1,5.0,1,4,5.2,2.9,2,31.6,33,67,32.8,16.7,14.3,12.1,11.9,7.0,3.1,2.1
SUJ-3201,Retail/Comercio,Barranquilla,Bachillerato,E-commerce,Soltero,23,11,22,1900,1.0,16.7,68,6.9,8.3,8.7,4.4,7.6,5.9,6.97,7.5,18,4.4,7.6,7.0,2,3,4.9,2.9,3,17.0,59,57,28.2,15.6,14.0,5.5,19.1,10.6,5.4,1.6
SUJ-3202,Retail/Comercio,Bucaramanga,Posgrado,E-commerce,Casado,25,4,11,2327,1.0,44.8,67,8.5,6.3,8.7,5.7,8.6,7.4,7.53,5.5,14,4.7,10.0,8.3,0,4,6.8,2.9,11,29.8,47,58,24.8,22.6,22.5,5.3,9.9,8.6,4.1,2.2
SUJ-3203,Tecnología,Lima,Maestría,Holding,Soltero,32,7,7,8105,6.75,53.0,82,7.6,6.2,6.8,6.6,9.0,5.2,6.9,9.1,21,5.6,6.8,4.3,1,3,5.4,0.0,23,34.8,52,64,28.0,12.3,16.5,19.3,12.2,6.5,5.3,-0.1
SUJ-3204,Servicios,Caracas,Técnico,Franquicia,Casado,23,6,5,14145,1.0,14.8,74,5.5,4.9,8.5,5.5,5.6,9.0,6.5,9.2,8,4.4,6.3,4.8,0,0,5.6,1.2,15,17.6,54,55,19.9,20.8,20.2,8.6,11.3,12.2,5.5,1.5
SUJ-3205,Manufactura,Barranquilla,Maestría,Holding,Casado,32,7,9,6200,8.67,26.6,69,7.7,6.7,6.4,3.6,7.7,6.4,6.42,7.9,20,7.4,8.3,6.9,1,2,7.0,2.6,21,31.1,48,69,21.5,11.7,16.7,16.0,19.2,10.1,4.2,0.6
SUJ-3206,Servicios,Santiago,Posgrado,Empresa propia,Soltero,23,5,12,500,1.44,23.8,102,10.0,6.9,7.6,7.2,8.6,9.9,8.37,8.3,31,9.7,7.0,7.9,0,1,5.8,7.0,19,18.0,38,55,41.8,12.5,10.1,16.9,8.4,6.2,1.7,2.4
SUJ-3207,Servicios,CDMX,Posgrado,Empresa familiar,Casado,26,2,2,9039,2.33,15.6,93,10.0,8.7,6.9,6.7,9.7,9.3,8.55,9.6,24,9.6,6.0,7.2,2,0,3.8,5.8,13,25.1,40,55,18.6,28.5,14.5,12.3,14.6,5.0,3.5,3.0
SUJ-3208,Inmuebles,Buenos Aires,Doctorado,Startup escalada,Soltero,38,7,13,13438,5.33,39.3,53,7.2,4.3,5.6,3.9,8.0,5.1,5.68,8.4,25,4.4,4.3,5.5,1,1,4.2,3.4,6,25.9,46,64,18.0,9.3,17.7,26.2,18.8,5.3,2.4,2.3
SUJ-3209,Retail/Comercio,Caracas,Técnico,Holding,Soltero,26,4,12,2589,1.34,55.2,98,10.0,5.4,10.0,7.9,10.0,8.7,8.67,8.6,30,5.8,8.9,6.7,1,1,5.5,4.8,3,23.2,38,56,31.0,14.9,17.7,10.7,14.8,8.8,1.8,0.3
SUJ-3210,Manufactura,CDMX,Maestría,Empresa propia,Soltero,25,9,13,500,1.0,7.4,70,6.8,7.4,7.1,7.6,8.0,7.4,7.38,9.8,29,9.6,8.1,7.7,0,2,3.6,0.0,3,16.0,49,61,32.7,11.9,14.0,14.1,14.0,8.4,2.7,2.2
SUJ-3211,Tecnología,Lima,Técnico,Empresa propia,Unión libre,26,7,10,5837,5.1,35.3,88,8.3,8.1,8.6,7.7,8.5,10.0,8.53,8.0,13,7.2,9.7,10.0,2,0,6.6,3.9,124,35.7,28,52,17.2,18.1,11.5,28.1,8.4,10.0,5.0,1.7
SUJ-3212,Manufactura,Caracas,Universitario,Franquicia,Soltero,24,1,2,500,12.53,42.1,99,9.5,9.2,6.8,6.4,10.0,10.0,8.65,5.8,29,8.9,8.2,6.0,1,0,5.3,1.6,94,43.7,40,49,24.0,19.7,11.7,10.6,16.0,9.6,6.1,2.3
SUJ-3213,Tecnología,Monterrey,Maestría,Holding,Unión libre,19,12,23,4303,348.82,63.4,83,6.1,5.0,7.6,7.7,8.5,7.7,7.1,10.0,18,7.5,8.4,7.3,1,1,6.6,2.6,19,61.6,41,74,32.6,19.1,8.3,16.5,11.4,9.1,1.5,1.5
SUJ-3214,Manufactura,Lima,Maestría,Holding,Casado,38,8,20,500,6.54,48.2,103,10.0,10.0,9.2,9.2,10.0,10.0,9.73,9.3,33,8.3,9.2,5.9,4,1,5.6,2.5,141,41.9,29,48,24.9,20.1,3.1,17.5,14.4,10.2,7.5,2.3
SUJ-3215,Finanzas,Cali,Posgrado,Franquicia,Soltero,23,5,15,2038,17.21,74.6,84,8.7,9.5,7.6,7.2,8.8,10.0,8.63,9.1,30,5.0,9.1,7.0,2,3,5.2,2.4,19,42.8,48,50,25.2,24.7,17.1,16.6,5.2,6.9,2.2,2.1
SUJ-3216,Tecnología,Buenos Aires,Posgrado,E-commerce,Soltero,17,5,10,3938,1.31,63.2,81,7.4,5.6,6.5,8.4,9.3,7.7,7.48,6.8,17,4.7,8.3,8.0,0,2,4.2,1.5,249,39.0,41,61,37.3,13.0,15.2,17.6,2.5,7.0,4.9,2.5
SUJ-3217,Tecnología,Buenos Aires,Maestría,Startup escalada,Casado,25,2,8,947,1.31,36.4,86,8.3,7.7,10.0,6.4,9.2,8.8,8.4,7.7,8,1.9,8.0,5.3,3,1,3.8,0.8,42,27.8,48,61,21.9,20.9,16.5,14.9,7.1,14.0,3.2,1.5
SUJ-3218,Tecnología,Bogotá,Maestría,Empresa propia,Casado,28,6,14,969,1.3,57.4,56,5.0,4.6,6.9,7.5,6.8,6.4,6.2,5.3,29,3.5,7.1,10.0,1,1,4.6,1.0,43,28.1,62,53,23.7,22.0,18.7,18.0,7.8,5.8,3.9,0.1
SUJ-3219,Inmuebles,Monterrey,Técnico,Franquicia,Soltero,24,9,16,14038,1.0,26.8,70,7.3,5.6,8.3,5.9,7.6,9.0,7.28,6.9,23,5.3,5.4,4.3,3,2,5.6,4.9,139,17.2,44,62,28.8,11.3,12.7,15.3,17.9,9.9,1.0,3.1
SUJ-3220,Inmuebles,Bogotá,Maestría,Startup escalada,Unión libre,25,13,8,500,3.96,38.7,58,5.8,5.6,6.3,1.8,6.5,7.0,5.5,6.9,32,1.9,8.0,6.4,1,2,5.5,0.7,43,37.2,51,73,14.3,26.8,5.5,19.3,19.9,7.3,5.1,1.8
SUJ-3221,Retail/Comercio,Santiago,Universitario,E-commerce,Soltero,25,6,15,9342,1.0,18.2,70,6.7,5.3,9.0,8.4,7.9,8.3,7.6,6.8,22,8.1,6.8,7.9,0,1,6.7,3.1,51,25.2,51,64,29.4,21.3,7.8,18.0,9.2,9.5,4.1,0.7
SUJ-3222,Tecnología,Medellín,Universitario,Holding,Unión libre,28,7,17,13476,40.49,60.1,78,7.2,6.4,6.4,4.6,8.0,10.0,7.1,5.2,18,6.2,9.2,6.4,0,1,4.4,0.8,28,49.0,60,53,29.6,23.1,10.5,10.5,11.8,8.2,4.9,1.4
SUJ-3223,Tecnología,São Paulo,Universitario,E-commerce,Casado,30,11,21,1120,32.11,62.7,70,7.7,8.7,8.3,5.4,9.5,7.4,7.83,5.4,12,5.5,7.9,9.5,0,2,5.4,0.2,61,44.8,24,43,30.5,20.6,15.5,13.4,12.9,2.3,4.8,0.0
SUJ-3224,Tecnología,Medellín,Posgrado,Empresa familiar,Casado,24,2,10,1738,1.0,56.6,70,6.6,4.4,5.4,5.0,6.0,7.9,5.88,8.4,15,5.8,7.9,7.2,0,1,4.0,1.7,33,29.7,55,71,22.3,23.2,17.1,10.7,8.1,14.9,3.2,0.5
SUJ-3225,Tecnología,CDMX,Doctorado,Empresa propia,Casado,41,7,16,8206,13.61,58.5,54,7.9,5.4,6.0,4.2,7.5,6.2,6.2,8.0,35,8.6,9.7,8.5,3,2,6.5,3.9,54,42.6,47,66,25.8,16.1,18.6,16.2,11.0,9.4,1.5,1.4
SUJ-3226,Servicios,Medellín,Posgrado,E-commerce,Casado,32,4,5,3034,1.0,32.6,65,7.5,8.7,6.7,5.2,9.3,6.6,7.33,9.3,21,3.9,8.2,10.0,3,0,3.7,0.5,11,22.9,33,54,18.5,22.8,21.6,16.0,10.8,6.3,3.7,0.3
SUJ-3227,Finanzas,Buenos Aires,Doctorado,Empresa propia,Casado,25,7,13,5176,6.63,37.8,95,7.8,7.9,9.1,8.4,9.6,7.6,8.4,6.1,30,3.4,6.8,7.5,3,1,5.2,0.3,2,22.1,36,77,33.1,11.7,9.4,7.4,15.7,13.7,7.5,1.5
SUJ-3228,Finanzas,Lima,Universitario,Empresa propia,Casado,18,10,14,14463,9.96,52.7,65,7.8,6.7,6.8,5.8,7.3,5.4,6.63,8.1,12,5.1,7.1,5.0,1,4,5.0,1.8,20,36.1,50,70,26.0,20.5,19.8,10.2,9.9,8.8,1.6,3.2
SUJ-3229,Tecnología,Monterrey,Maestría,Franquicia,Soltero,26,1,12,1187,6.06,51.6,68,7.6,5.0,3.9,5.4,6.8,5.1,5.63,7.3,8,9.4,5.2,7.0,2,3,5.6,5.6,6,30.8,48,59,36.3,17.8,19.9,2.1,10.3,8.2,3.2,2.2
SUJ-3230,Finanzas,CDMX,Maestría,Empresa propia,Casado,30,11,18,7733,63.67,64.1,75,8.2,5.3,6.9,5.3,9.6,8.0,7.22,7.4,26,4.4,10.0,8.0,2,4,5.2,5.3,32,50.6,52,61,21.3,27.7,16.6,9.3,12.0,7.6,4.1,1.4
SUJ-3231,Retail/Comercio,CDMX,Posgrado,Empresa familiar,Soltero,30,8,13,22833,10.44,39.7,77,7.8,4.8,7.5,5.8,9.4,8.4,7.28,6.3,31,6.7,6.4,7.2,2,2,5.2,5.3,9,31.7,49,59,24.8,24.7,15.5,12.6,12.8,6.0,3.5,0.1
SUJ-3232,Manufactura,Monterrey,Posgrado,Empresa familiar,Soltero,17,7,9,500,1.0,17.1,70,8.6,6.2,6.4,7.0,6.8,5.9,6.82,4.7,48,4.8,7.5,7.0,1,0,5.6,2.4,3,16.3,35,53,22.6,31.5,10.8,9.6,14.7,4.1,4.0,2.7
SUJ-3233,Finanzas,Buenos Aires,Posgrado,Empresa propia,Soltero,26,12,14,500,7.22,58.2,53,4.7,7.3,3.6,4.8,5.0,5.0,5.07,7.6,5,1.5,7.5,7.6,1,3,4.7,5.1,5,34.0,71,53,33.9,5.8,17.0,16.8,11.6,10.4,2.9,1.6
SUJ-3234,Tecnología,São Paulo,Maestría,Holding,Soltero,23,4,6,6472,2.4,72.0,80,8.0,7.6,7.4,5.3,8.5,7.9,7.45,6.1,13,3.7,5.2,9.2,3,3,4.4,0.9,12,26.8,52,53,28.0,17.3,13.1,13.4,11.0,8.9,3.7,4.6
SUJ-3235,Finanzas,Santiago,Maestría,E-commerce,Soltero,34,2,11,25766,3.52,54.0,98,7.6,8.3,10.0,8.1,10.0,10.0,9.0,6.1,32,3.7,8.8,9.4,2,1,4.1,0.8,66,34.9,24,46,32.5,13.7,16.4,15.4,11.1,4.6,4.5,1.8
SUJ-3236,Finanzas,Santiago,Técnico,Startup escalada,Casado,26,3,11,1992,3.31,43.8,97,10.0,7.5,10.0,9.6,10.0,8.9,9.33,6.8,11,6.7,9.7,7.6,2,0,4.6,1.8,46,31.9,21,51,28.3,9.9,22.2,10.7,13.6,7.4,6.8,1.1
SUJ-3237,Tecnología,CDMX,Maestría,E-commerce,Soltero,17,9,16,3213,1.71,37.5,63,6.6,5.0,6.4,4.0,7.3,8.4,6.28,8.3,26,7.8,7.5,8.7,0,2,5.9,1.3,20,22.7,58,50,30.1,17.2,18.1,9.8,13.9,8.9,0.0,2.0
SUJ-3238,Agroindustria,Santiago,Universitario,Empresa propia,Casado,28,5,14,830,1.0,4.0,78,6.7,5.6,7.4,3.7,9.0,4.1,6.08,4.9,24,2.0,7.8,7.5,0,2,5.1,2.8,1,9.3,59,59,33.7,25.7,8.5,7.3,13.9,5.4,4.2,1.3
SUJ-3239,Manufactura,Buenos Aires,Universitario,Startup escalada,Soltero,17,3,6,3598,1.0,40.5,106,10.0,7.7,8.7,7.9,10.0,10.0,9.05,7.2,34,5.9,6.0,7.9,3,4,4.5,0.5,72,23.6,36,64,28.2,22.2,9.5,15.0,14.1,7.9,1.8,1.3
SUJ-3240,Retail/Comercio,Cali,Maestría,Holding,Soltero,28,3,3,500,1.65,9.5,72,9.0,6.9,9.4,6.5,7.5,5.7,7.5,5.1,35,5.7,8.2,10.0,6,1,5.9,3.0,54,23.6,43,52,23.7,17.9,15.8,9.8,11.3,11.9,5.3,4.3
SUJ-3241,Retail/Comercio,Cali,Universitario,E-commerce,Soltero,41,7,15,3942,5.28,14.2,76,8.0,9.7,6.5,8.0,8.6,7.5,8.05,8.8,26,10.0,7.1,6.0,1,0,5.3,5.7,18,25.6,39,71,32.8,18.7,16.1,13.0,2.1,12.4,1.7,3.2
SUJ-3242,Retail/Comercio,Bogotá,Maestría,Startup escalada,Soltero,34,7,13,6486,1.31,29.9,52,3.9,6.0,5.3,3.4,5.5,4.6,4.78,9.7,35,6.0,7.1,8.8,1,0,4.8,4.5,22,22.1,57,74,24.9,14.8,24.6,5.9,13.2,8.5,6.6,1.5
SUJ-3243,Retail/Comercio,Bucaramanga,Universitario,Startup escalada,Casado,27,1,10,29512,4.86,32.8,86,8.6,6.6,8.9,6.3,10.0,8.2,8.1,8.6,27,8.3,7.6,6.9,1,2,4.9,2.9,43,27.9,12,59,24.9,18.5,13.3,18.3,9.1,7.4,6.0,2.5
SUJ-3244,Manufactura,Barranquilla,Bachillerato,E-commerce,Casado,22,1,8,13647,1.0,45.4,76,8.0,5.5,8.9,5.4,7.9,7.3,7.17,9.0,16,2.8,9.9,8.7,2,0,4.9,3.3,218,32.2,47,57,23.9,20.9,10.9,21.7,7.4,8.0,4.4,2.8
SUJ-3245,Inmuebles,Medellín,Universitario,E-commerce,Soltero,33,5,11,13810,1.94,36.9,60,5.6,4.3,5.6,5.8,6.6,5.4,5.55,10.0,9,5.2,9.6,9.3,2,4,5.2,1.9,45,28.1,77,57,25.3,18.7,22.5,12.2,12.4,3.6,5.4,-0.1
SUJ-3246,Tecnología,Santiago,Técnico,Empresa familiar,Soltero,29,10,17,2071,2.15,48.6,82,10.0,9.9,7.7,4.9,6.9,8.1,7.92,4.2,15,2.6,4.2,9.9,1,2,4.7,2.4,3,20.5,38,47,21.8,31.6,8.2,7.2,17.9,7.7,5.6,0.0
SUJ-3247,Retail/Comercio,Cali,Maestría,Empresa propia,Unión libre,24,5,16,730,6.0,24.7,86,6.9,8.4,7.9,8.4,8.8,8.6,8.17,7.7,14,5.0,6.7,8.2,0,3,5.1,2.2,59,37.8,42,65,28.7,21.1,16.2,13.1,11.9,4.8,4.1,0.1
SUJ-3248,Retail/Comercio,Lima,Universitario,Empresa propia,Soltero,22,1,6,7392,10.33,7.2,63,3.9,6.1,4.6,5.8,7.4,5.2,5.5,7.2,48,5.9,8.1,7.9,1,1,5.0,2.8,120,33.4,54,72,28.8,22.4,17.8,10.4,10.8,5.6,3.8,0.4
SUJ-3249,Servicios,Monterrey,Universitario,Empresa propia,Soltero,20,6,15,5890,2.35,42.3,50,4.6,6.2,6.2,2.6,4.5,4.3,4.73,8.0,27,2.3,5.7,7.2,0,2,4.8,3.4,20,27.4,65,64,21.9,28.0,14.1,9.9,16.4,8.1,0.4,1.2
SUJ-3250,Manufactura,Bucaramanga,Técnico,Startup escalada,Casado,28,7,14,5813,13.98,37.2,74,5.5,7.3,6.5,5.4,9.5,9.1,7.22,6.6,15,8.0,6.1,3.6,2,1,5.2,0.5,108,40.8,55,52,21.4,22.3,8.5,17.2,8.0,14.9,4.7,3.0
SUJ-3251,Retail/Comercio,Bogotá,Universitario,Holding,Soltero,23,1,2,923,4.19,32.3,82,9.4,4.1,7.3,6.5,7.8,8.0,7.18,7.8,21,7.3,8.8,8.7,2,4,4.1,4.7,10,30.5,43,50,30.4,15.3,12.8,17.6,13.1,5.4,3.6,1.8
SUJ-3252,Tecnología,Barranquilla,Maestría,Empresa propia,Unión libre,27,2,3,5447,1.0,72.5,76,9.0,5.2,8.0,5.0,8.6,7.7,7.25,8.4,2,8.0,7.3,8.2,4,1,5.2,5.7,39,26.5,46,66,18.3,15.5,23.9,16.3,11.8,5.3,6.0,2.9
SUJ-3253,Manufactura,Cali,Técnico,Empresa familiar,Casado,31,10,16,1303,2.27,39.9,88,6.8,8.9,8.5,5.8,10.0,7.6,7.93,8.2,17,6.5,9.7,6.2,0,3,3.9,0.0,85,33.6,36,60,36.0,16.0,11.9,7.4,14.9,5.5,5.2,3.1
SUJ-3254,Tecnología,Bogotá,Posgrado,Holding,Soltero,23,2,6,4387,5.46,60.0,49,4.4,7.5,8.0,3.3,4.2,5.6,5.5,5.1,5,3.7,5.9,9.2,4,2,5.8,3.5,18,27.4,68,52,20.0,16.0,17.6,20.4,13.7,8.0,2.9,1.4
SUJ-3255,Finanzas,Caracas,Maestría,Startup escalada,Soltero,29,10,13,513,2.37,47.6,59,4.9,7.1,8.7,3.9,5.7,5.6,5.98,8.7,21,8.1,8.9,7.6,0,2,5.7,0.2,2,23.6,55,67,26.9,22.8,12.5,6.1,14.8,8.1,7.3,1.5
SUJ-3256,Tecnología,Bucaramanga,Posgrado,Empresa propia,Casado,33,1,11,15553,4.06,52.9,75,7.7,6.4,9.5,3.1,8.6,8.2,7.25,6.4,5,4.0,9.6,9.1,0,1,6.1,6.5,19,39.0,43,58,34.6,18.7,10.2,3.0,14.3,11.7,4.7,2.8
SUJ-3257,Manufactura,Monterrey,Maestría,E-commerce,Soltero,28,1,2,500,1.78,4.1,51,6.3,5.5,8.4,5.5,7.0,5.0,6.28,6.7,17,2.7,7.7,6.9,1,2,7.0,1.9,4,14.9,58,66,25.7,33.2,8.6,12.7,6.4,7.6,3.6,2.2
SUJ-3258,Tecnología,Medellín,Técnico,Holding,Unión libre,30,7,12,22417,12.36,67.4,62,8.6,4.3,8.7,6.7,4.4,6.2,6.48,6.5,14,5.0,9.0,6.3,0,3,6.0,3.8,44,40.1,53,68,28.3,19.0,21.2,14.2,11.3,3.5,1.0,1.5
SUJ-3259,Finanzas,Cali,Universitario,E-commerce,Casado,28,4,7,15895,1.0,45.3,65,7.3,6.3,4.4,3.0,7.7,9.2,6.32,8.3,16,5.6,7.7,6.8,1,0,5.9,0.5,28,27.0,40,49,27.3,21.8,23.9,8.7,12.6,1.9,3.0,0.8
SUJ-3260,Servicios,São Paulo,Maestría,Holding,Soltero,26,5,16,11174,4.64,37.0,86,8.2,7.6,9.0,6.8,8.5,9.1,8.2,5.1,10,6.4,8.6,10.0,0,3,3.4,0.2,55,32.1,49,58,24.8,19.5,19.1,11.7,11.2,7.9,4.8,1.0
SUJ-3261,Tecnología,Monterrey,Maestría,Startup escalada,Casado,31,7,22,32387,980.0,62.7,90,9.3,7.5,9.0,6.4,9.8,8.5,8.42,9.3,22,4.0,7.8,4.7,2,0,6.5,4.4,3,61.6,27,60,24.5,19.7,17.7,14.7,8.9,8.5,3.7,2.3
SUJ-3262,Retail/Comercio,Barranquilla,Posgrado,Empresa propia,Soltero,35,5,10,500,4.69,29.8,82,8.4,7.8,8.3,5.9,8.9,8.2,7.92,10.0,35,9.5,6.4,6.8,4,2,5.8,3.5,7,27.2,36,56,21.7,24.7,12.7,11.8,15.3,12.1,1.6,0.1
SUJ-3263,Retail/Comercio,Santiago,Posgrado,Startup escalada,Soltero,31,3,12,8208,3.41,40.2,98,9.8,8.3,8.5,6.2,10.0,10.0,8.8,7.2,39,7.2,8.1,7.6,1,3,5.9,4.3,39,30.8,50,47,16.5,15.4,18.7,17.1,12.5,10.4,8.7,0.7
SUJ-3264,Tecnología,Bucaramanga,Universitario,Empresa propia,Casado,24,9,19,15139,12.33,41.5,91,9.0,3.9,6.2,6.4,9.0,7.5,7.0,5.7,4,7.6,6.4,8.2,3,2,6.2,2.9,17,33.5,52,54,17.8,25.4,17.2,14.5,14.4,10.3,0.0,0.4
SUJ-3265,Inmuebles,Barranquilla,Bachillerato,Empresa propia,Casado,24,7,16,1083,1.0,11.1,83,8.4,6.2,7.3,9.3,10.0,8.2,8.23,4.8,15,8.5,6.8,8.0,2,3,4.5,1.4,19,23.8,44,53,28.3,18.2,14.3,16.9,8.7,7.6,4.0,2.0
SUJ-3266,Tecnología,Medellín,Maestría,Empresa propia,Casado,25,7,16,7031,11.55,50.3,83,8.5,6.1,7.1,7.4,9.9,8.2,7.87,7.2,32,6.7,7.9,9.2,2,0,6.4,3.2,89,43.6,38,55,36.9,22.1,11.4,10.8,9.3,4.4,1.0,4.1
SUJ-3267,Retail/Comercio,Monterrey,Posgrado,Empresa propia,Soltero,31,7,7,4005,1.71,34.5,64,5.0,5.5,7.6,5.1,7.0,6.8,6.17,6.7,16,6.8,8.4,7.8,0,4,4.6,2.3,37,30.4,66,55,32.9,19.8,12.1,7.5,13.5,6.0,4.6,3.6
SUJ-3268,Manufactura,Buenos Aires,Universitario,Empresa propia,Casado,22,4,14,4579,3.13,36.8,53,6.1,5.3,5.4,2.6,5.6,5.1,5.02,8.6,29,5.7,6.8,5.5,0,0,5.8,2.5,13,25.0,67,59,13.5,20.1,25.7,18.0,7.3,5.3,8.2,1.9
SUJ-3269,Manufactura,Medellín,Maestría,Startup escalada,Soltero,19,3,10,19491,1.0,26.1,63,5.6,6.2,8.3,4.5,8.2,6.3,6.52,9.0,25,5.8,6.1,9.2,2,3,5.1,3.5,6,17.3,40,68,16.0,22.3,20.3,19.7,11.3,7.4,2.0,1.0
SUJ-3270,Manufactura,Caracas,Universitario,Holding,Casado,28,5,10,6188,1.0,12.2,84,8.6,6.8,10.0,6.4,9.2,6.0,7.83,5.3,25,7.4,9.2,8.1,2,0,5.2,3.7,10,21.0,39,62,26.1,21.4,2.2,17.3,17.2,9.0,6.1,0.7
SUJ-3271,Finanzas,CDMX,Universitario,Franquicia,Casado,26,4,10,783,1.0,66.4,68,7.6,5.8,5.7,4.3,8.8,7.7,6.65,7.1,4,3.4,8.6,7.3,4,1,5.5,4.2,53,25.8,60,66,31.0,16.7,15.6,15.8,5.4,8.0,5.9,1.6
SUJ-3272,Tecnología,Cali,Maestría,Holding,Casado,34,7,14,22144,9.87,47.4,81,9.8,3.8,6.4,6.5,9.2,7.0,7.12,6.2,33,3.8,6.4,10.0,6,1,5.8,0.0,98,32.7,52,58,30.6,20.9,13.6,6.8,9.2,11.8,4.9,2.2
SUJ-3273,Inmuebles,Santiago,Maestría,Empresa propia,Unión libre,17,5,10,1638,3.16,37.1,48,5.5,5.9,6.1,3.9,3.4,7.6,5.4,7.8,35,10.0,5.5,6.0,0,2,5.0,2.1,4,20.0,73,63,24.6,21.4,19.9,8.8,10.1,9.6,3.6,2.0
SUJ-3274,Retail/Comercio,São Paulo,Posgrado,Empresa propia,Casado,27,7,12,17852,3.6,35.5,79,7.3,7.0,8.6,7.2,8.3,7.9,7.72,3.7,19,5.6,8.1,8.1,3,1,5.7,1.7,6,23.4,36,47,19.7,18.2,17.8,17.0,9.8,7.8,4.9,4.8
SUJ-3275,Servicios,Bucaramanga,Técnico,E-commerce,Unión libre,23,6,9,28301,7.74,23.1,61,7.7,5.2,6.5,3.9,7.2,5.2,5.95,5.2,24,10.0,7.7,7.9,3,0,5.3,2.4,1701,41.0,64,51,24.2,20.4,15.3,20.4,8.1,5.7,3.8,2.1
SUJ-3276,Servicios,Lima,Universitario,Holding,Unión libre,30,13,21,16819,1.0,4.0,62,6.6,5.2,4.8,5.7,5.3,4.7,5.38,6.6,19,7.9,8.1,5.0,1,1,6.1,3.0,94,25.8,58,57,28.8,17.2,12.1,18.9,11.5,3.8,5.4,2.3
SUJ-3277,Servicios,São Paulo,Posgrado,Startup escalada,Casado,24,1,6,9044,1.0,12.7,95,10.0,5.9,9.4,7.9,10.0,8.9,8.68,8.4,22,7.3,8.8,5.8,0,4,5.3,0.7,5,18.0,23,54,22.7,10.8,19.3,16.7,18.1,8.3,3.6,0.5
SUJ-3278,Retail/Comercio,Monterrey,Universitario,Franquicia,Unión libre,22,6,9,10886,1.0,34.9,101,8.0,10.0,9.1,7.9,10.0,10.0,9.17,6.4,31,4.3,8.3,7.8,2,4,6.5,1.3,104,27.0,28,60,25.4,17.1,25.3,9.3,13.3,6.6,3.1,-0.1
SUJ-3279,Finanzas,Caracas,Maestría,Holding,Unión libre,31,2,8,9628,2.33,70.1,58,5.6,4.4,7.1,4.5,5.5,6.7,5.63,8.9,14,5.5,5.9,7.9,2,1,5.2,5.2,4,28.2,42,59,27.3,15.9,9.2,26.1,5.9,12.5,1.3,1.8
SUJ-3280,Inmuebles,Buenos Aires,Doctorado,Holding,Casado,33,5,11,4937,6.44,41.2,69,6.5,4.0,6.7,6.3,7.2,5.9,6.1,5.6,28,1.9,8.4,8.3,0,4,4.8,5.9,6,31.2,48,53,39.3,21.4,17.6,6.0,10.2,4.2,1.4,-0.1
SUJ-3281,Retail/Comercio,Lima,Maestría,Empresa familiar,Soltero,25,4,12,2566,6.49,35.2,71,9.7,5.9,8.3,4.8,7.6,10.0,7.72,7.1,29,6.3,7.6,7.4,0,1,6.6,2.5,2,22.8,44,67,23.1,16.8,18.8,17.3,4.3,13.3,2.9,3.5
SUJ-3282,Tecnología,São Paulo,Universitario,Empresa propia,Soltero,25,9,15,2683,2.75,24.6,82,8.8,7.0,9.1,3.9,9.3,9.3,7.9,6.3,32,4.3,9.2,7.0,2,2,6.0,4.0,48,31.3,33,55,19.5,18.8,15.6,20.1,10.9,6.4,6.7,2.0
SUJ-3283,Servicios,Caracas,Maestría,E-commerce,Casado,33,1,9,10509,3.4,36.9,66,4.8,7.3,5.9,4.8,8.6,8.5,6.65,9.1,22,5.1,7.4,9.2,2,3,5.3,4.2,2,23.8,56,62,21.6,20.8,10.4,25.1,8.9,10.8,0.9,1.5
SUJ-3284,Servicios,Cali,Universitario,E-commerce,Soltero,32,10,15,7868,7.55,35.0,61,4.5,5.3,7.4,5.0,5.4,6.8,5.73,9.7,12,4.9,5.1,3.6,1,3,5.4,1.6,15,20.3,60,72,35.7,13.4,11.7,20.7,9.1,5.4,3.6,0.4
SUJ-3285,Retail/Comercio,Cali,Técnico,Empresa familiar,Casado,32,9,14,7033,3.48,36.4,76,8.8,6.2,8.2,4.9,9.0,6.4,7.25,8.7,19,3.7,7.2,9.4,0,1,5.7,0.7,72,29.1,48,68,27.9,12.4,19.5,15.6,8.4,11.4,2.3,2.5
SUJ-3286,Tecnología,Bucaramanga,Bachillerato,Empresa propia,Soltero,23,15,22,8458,155.04,56.2,73,6.8,5.3,7.0,5.6,6.9,7.5,6.52,9.5,24,0.0,6.8,6.1,4,0,5.9,4.2,16,49.6,35,65,37.1,18.8,9.2,14.3,11.6,5.5,2.3,1.2
SUJ-3287,Finanzas,São Paulo,Universitario,E-commerce,Soltero,22,14,21,11925,125.33,55.2,84,9.0,5.1,9.8,4.1,9.4,8.1,7.58,7.2,33,5.8,7.9,6.6,1,0,6.8,1.7,19,52.6,37,55,10.2,22.9,16.0,7.7,16.7,13.0,8.8,4.7
SUJ-3288,Inmuebles,Buenos Aires,Maestría,Empresa propia,Casado,35,4,14,11037,7.31,48.9,63,6.6,3.9,4.7,5.9,5.6,7.5,5.7,6.0,28,5.7,8.7,7.7,2,1,5.5,1.7,46,40.7,48,56,26.3,13.4,20.8,18.1,14.7,2.9,2.8,1.0
SUJ-3289,Servicios,Cali,Universitario,E-commerce,Unión libre,29,11,21,890,3.08,21.4,70,9.7,6.8,6.4,6.3,9.0,6.7,7.48,6.7,10,2.3,6.7,7.2,4,1,4.3,3.7,25,29.8,46,50,41.5,16.6,9.0,13.4,12.7,5.3,1.6,-0.1
SUJ-3290,Tecnología,Lima,Universitario,Empresa propia,Soltero,21,5,11,3608,1.5,57.7,83,8.0,7.6,9.7,6.4,9.8,7.9,8.23,5.6,7,4.8,10.0,6.7,0,0,4.9,4.0,53,27.7,14,52,31.6,10.5,16.9,16.1,14.5,4.1,4.4,1.9
SUJ-3291,Tecnología,Buenos Aires,Doctorado,Empresa propia,Unión libre,25,8,9,2451,1.62,48.1,71,6.8,7.4,7.4,7.3,8.7,5.1,7.12,8.0,14,5.3,7.7,9.7,1,1,6.0,3.6,33,28.0,49,61,25.5,18.1,18.9,17.4,7.1,7.0,4.3,1.7
SUJ-3292,Servicios,Caracas,Bachillerato,E-commerce,Casado,26,13,21,6181,2.33,22.3,50,6.4,4.5,5.4,3.1,7.0,5.7,5.35,6.7,16,7.0,5.6,9.7,3,1,5.0,0.3,12,21.1,62,48,19.5,17.2,27.2,16.1,6.8,3.8,5.7,3.7
SUJ-3293,Finanzas,Lima,Maestría,Empresa propia,Soltero,25,4,12,507,1.0,49.7,94,10.0,9.7,8.5,8.1,9.6,8.0,8.98,5.9,13,4.6,8.1,10.0,0,3,4.6,0.0,15,22.9,28,49,26.8,22.5,15.8,5.2,15.2,9.8,3.3,1.4
SUJ-3294,Retail/Comercio,Medellín,Universitario,Empresa propia,Soltero,24,7,14,11499,2.75,37.0,71,7.5,5.0,6.0,6.1,8.3,7.0,6.65,7.5,0,6.9,5.1,8.3,3,0,6.0,3.0,17,24.5,53,58,32.0,18.7,9.5,18.9,9.6,5.6,3.7,2.0
SUJ-3295,Salud/Farma,Caracas,Bachillerato,Empresa propia,Soltero,33,1,10,901,1.0,19.7,71,4.5,5.6,9.1,5.0,7.7,6.9,6.47,4.3,13,8.1,8.9,7.1,0,2,4.1,5.5,8,21.1,49,49,34.8,12.4,12.5,12.8,13.2,6.5,5.6,2.2
SUJ-3296,Tecnología,Barranquilla,Maestría,Empresa propia,Soltero,29,10,15,2533,3.27,50.7,106,10.0,8.5,10.0,7.7,10.0,8.4,9.1,7.8,23,4.2,5.9,8.0,0,1,5.2,1.4,9,22.3,33,55,29.1,28.8,13.0,12.0,7.7,2.4,4.5,2.5
SUJ-3297,Manufactura,Buenos Aires,Técnico,Empresa familiar,Soltero,39,15,15,12213,1.0,29.4,101,8.1,8.1,9.4,7.5,10.0,9.0,8.68,4.9,34,3.6,6.0,10.0,0,3,4.2,4.8,194,22.2,39,48,11.4,25.9,13.9,20.8,17.8,8.3,1.3,0.6
SUJ-3298,Tecnología,Bogotá,Posgrado,E-commerce,Soltero,33,9,12,500,8.97,50.6,85,6.8,6.1,9.7,6.9,8.4,7.6,7.58,7.4,35,3.4,8.9,8.0,1,1,3.8,2.2,2,33.2,47,57,26.5,18.3,15.7,13.2,11.7,11.4,2.0,1.2
SUJ-3299,Finanzas,Barranquilla,Universitario,Startup escalada,Soltero,26,12,8,8635,1.07,50.3,58,5.7,4.0,7.7,4.9,9.4,6.5,6.37,7.7,31,7.2,7.8,6.8,3,2,6.8,1.9,12,29.7,58,71,27.2,19.8,15.3,11.9,14.5,7.2,2.0,2.1
SUJ-3300,Inmuebles,Caracas,Bachillerato,Franquicia,Casado,34,11,19,20666,2.18,15.0,91,9.1,4.5,8.9,5.1,10.0,7.9,7.58,5.8,24,5.3,8.0,6.8,0,1,4.6,3.7,2,21.4,53,49,25.1,17.5,17.9,10.3,17.0,4.8,4.9,2.5
SUJ-3301,Retail/Comercio,São Paulo,Bachillerato,Startup escalada,Casado,28,4,10,7691,1.0,36.1,48,7.2,6.6,8.9,5.2,8.2,6.0,7.02,6.9,40,5.2,7.3,7.5,2,1,5.6,4.1,101,32.8,43,59,25.9,20.7,17.8,14.0,8.8,7.4,4.3,1.1
SUJ-3302,Salud/Farma,Barranquilla,Técnico,E-commerce,Casado,40,8,17,9976,1.0,18.2,74,5.1,6.4,5.4,7.0,6.8,8.1,6.47,7.6,20,6.4,7.5,7.0,3,0,7.1,3.6,10,18.4,59,55,33.8,12.4,15.0,16.1,13.1,6.5,2.6,0.5
SUJ-3303,Retail/Comercio,Buenos Aires,Bachillerato,E-commerce,Soltero,24,9,18,12572,3.61,9.1,66,7.2,5.4,9.1,5.5,6.3,6.2,6.62,5.8,28,1.9,9.6,6.7,1,1,4.5,2.8,30,24.3,45,63,16.1,22.2,20.7,22.5,10.0,3.1,4.0,1.4
SUJ-3304,Finanzas,Santiago,Maestría,E-commerce,Casado,28,2,6,2010,1.0,52.1,63,8.4,4.6,7.2,6.4,8.8,6.4,6.97,8.3,20,7.2,6.7,6.1,2,0,4.0,1.7,9,21.2,44,65,39.6,11.5,12.4,15.8,5.6,7.3,4.8,3.0
SUJ-3305,Finanzas,Cali,Universitario,Holding,Unión libre,22,12,15,6958,6.99,52.8,75,7.7,6.6,8.5,4.8,6.6,7.8,7.0,9.9,22,5.0,7.4,8.8,3,3,6.0,2.1,30,31.9,40,64,23.3,27.2,15.9,10.1,12.8,6.0,3.1,1.6
SUJ-3306,Finanzas,Medellín,Universitario,E-commerce,Casado,23,5,8,2957,1.0,54.2,81,9.0,6.7,6.2,8.4,8.6,7.4,7.72,7.3,30,4.5,6.3,6.5,2,3,3.5,3.9,43,24.2,34,52,19.1,25.2,14.5,12.1,12.4,8.4,6.0,2.3
SUJ-3307,Finanzas,Santiago,Universitario,Empresa propia,Unión libre,23,6,19,2296,10.69,54.4,83,9.3,9.3,6.6,5.3,9.9,8.7,8.18,8.9,13,5.5,7.0,6.5,1,0,7.1,2.6,12,29.0,36,56,18.5,19.5,17.8,16.0,16.3,8.3,1.8,1.8
SUJ-3308,Tecnología,Santiago,Doctorado,Empresa propia,Casado,33,6,11,1710,4.1,58.3,71,6.7,5.5,7.0,6.9,9.0,8.3,7.23,7.8,30,6.8,6.9,7.9,1,2,5.5,3.2,80,37.3,49,62,27.2,18.8,23.4,2.9,10.3,6.0,6.2,5.2
SUJ-3309,Finanzas,Bogotá,Maestría,E-commerce,Casado,27,7,12,7044,11.57,68.7,69,8.1,5.6,7.4,5.7,8.5,8.5,7.3,7.0,15,5.1,7.8,9.3,2,4,4.9,5.3,1,27.8,41,54,29.8,22.1,14.1,8.0,15.2,7.2,3.0,0.6
SUJ-3310,Retail/Comercio,Monterrey,Maestría,E-commerce,Casado,17,18,25,12659,60.03,40.1,84,9.0,8.1,8.6,7.0,10.0,9.6,8.72,7.4,24,4.1,6.9,7.3,1,2,3.6,3.6,20,41.4,47,44,33.0,12.3,17.4,9.6,13.3,9.3,4.3,0.8
SUJ-3311,Inmuebles,Buenos Aires,Maestría,Empresa propia,Soltero,26,4,4,16692,5.58,44.8,84,8.1,7.9,7.9,8.1,7.6,8.5,8.02,7.1,26,8.4,7.1,5.3,0,2,5.1,5.8,8,31.9,47,63,12.8,20.9,22.7,7.4,18.4,6.6,7.5,3.7
SUJ-3312,Manufactura,Lima,Universitario,Franquicia,Soltero,20,1,6,4477,4.89,32.8,74,9.6,4.8,6.5,6.6,7.7,6.7,6.98,7.8,29,4.2,6.6,6.2,1,0,5.5,2.1,4,29.2,52,68,30.5,16.8,14.5,9.1,11.8,8.6,6.3,2.4
SUJ-3313,Inmuebles,Cali,Universitario,E-commerce,Soltero,23,7,10,3733,1.19,43.8,61,6.3,6.2,6.6,4.0,8.2,7.9,6.53,7.8,21,3.3,6.1,9.1,2,1,4.5,6.9,14,23.4,44,52,37.0,16.1,19.5,4.3,11.1,6.3,3.4,2.3
SUJ-3314,Tecnología,São Paulo,Posgrado,Startup escalada,Soltero,32,3,5,9300,6.29,46.4,49,7.5,6.2,2.9,4.9,6.2,5.3,5.5,9.0,9,5.0,6.9,5.3,0,1,5.1,2.2,36,34.3,57,54,28.2,26.8,19.3,10.1,8.1,4.4,2.4,0.7
SUJ-3315,Tecnología,Santiago,Posgrado,Empresa propia,Soltero,17,5,10,12126,4.53,61.5,81,7.8,8.7,10.0,9.0,7.9,8.5,8.65,6.6,35,6.1,6.6,6.4,0,1,5.5,3.8,8,32.0,36,66,17.1,5.3,27.1,19.6,15.1,7.8,4.6,3.4
SUJ-3316,Manufactura,Medellín,Universitario,Empresa propia,Unión libre,18,9,15,2336,1.0,41.1,85,8.3,5.5,8.0,9.0,10.0,5.1,7.65,6.6,24,3.5,7.7,4.2,0,1,4.4,3.6,214,27.3,43,69,26.1,22.7,8.2,20.7,6.6,9.6,5.2,0.9
SUJ-3317,Retail/Comercio,Monterrey,Universitario,Startup escalada,Soltero,17,3,5,2822,8.4,25.5,70,7.2,6.1,5.9,6.9,7.3,9.3,7.12,8.9,10,5.8,6.4,4.8,2,2,4.5,0.5,13,28.6,41,61,30.2,23.9,12.2,14.2,8.1,7.2,4.1,0.1
SUJ-3318,Tecnología,Bogotá,Doctorado,Holding,Unión libre,23,5,10,6098,1.93,71.6,77,9.1,5.2,6.6,6.6,8.4,9.7,7.6,7.5,49,7.4,9.2,5.4,0,2,7.7,3.0,1,26.1,39,63,15.8,16.3,25.0,21.9,9.6,4.3,5.3,1.8
SUJ-3319,Inmuebles,CDMX,Maestría,Empresa propia,Casado,17,8,14,4701,2.04,27.0,90,7.8,8.6,7.0,5.8,9.6,7.4,7.7,7.2,31,8.4,6.4,8.0,1,3,5.2,6.7,30,22.8,41,56,22.2,27.0,19.8,13.0,9.7,2.8,1.8,3.7
SUJ-3320,Inmuebles,Cali,Universitario,Startup escalada,Soltero,17,4,12,9787,2.36,38.3,99,10.0,8.3,10.0,8.0,10.0,9.1,9.23,3.8,36,2.7,7.8,5.9,0,1,5.6,2.3,17,24.2,34,39,22.7,13.7,14.7,21.4,8.9,9.2,5.5,3.9
SUJ-3321,Retail/Comercio,CDMX,Maestría,E-commerce,Soltero,24,7,12,5617,2.97,14.2,67,7.5,7.5,7.5,5.3,8.4,6.3,7.08,9.8,20,7.3,7.7,5.9,3,1,3.8,1.1,8,25.8,41,67,30.6,20.4,17.8,12.6,7.9,5.5,2.5,2.7
SUJ-3322,Tecnología,Barranquilla,Universitario,E-commerce,Soltero,27,8,15,946,4.8,63.6,71,7.9,6.9,7.0,4.9,8.5,5.4,6.77,6.6,39,5.2,7.6,6.7,1,0,5.3,4.8,14,30.3,50,55,26.4,19.3,18.2,8.6,11.1,10.2,3.3,2.9
SUJ-3323,Inmuebles,Santiago,Técnico,Empresa familiar,Unión libre,20,6,11,1451,1.0,48.9,78,10.0,5.5,7.4,5.8,7.2,6.8,7.12,7.8,10,6.4,7.0,10.0,0,2,6.8,2.8,3,19.2,44,57,21.8,17.7,16.2,13.3,12.9,12.8,3.2,2.1
SUJ-3324,Manufactura,Bucaramanga,Universitario,Empresa familiar,Casado,28,7,17,18574,2.06,24.4,56,5.9,5.2,5.4,3.7,6.5,8.6,5.88,6.6,24,4.2,10.0,6.1,2,3,5.3,4.5,52,29.2,68,74,25.9,22.7,19.7,11.6,11.0,6.2,2.8,0.1
SUJ-3325,Inmuebles,Cali,Universitario,Empresa propia,Soltero,26,8,16,2063,1.0,13.1,43,8.3,3.2,2.2,6.8,5.2,5.4,5.18,8.4,27,4.3,9.2,8.7,1,1,5.8,2.6,81,22.3,50,72,21.6,17.6,15.4,12.1,14.2,11.4,6.1,1.6
SUJ-3326,Inmuebles,Lima,Bachillerato,Empresa propia,Unión libre,29,4,8,500,1.0,32.2,54,7.3,3.6,6.9,4.0,4.8,7.5,5.68,8.8,13,5.4,9.6,10.0,2,2,5.6,2.0,25,28.0,44,75,25.3,19.7,12.6,12.9,15.3,6.8,3.4,4.0
SUJ-3327,Inmuebles,Monterrey,Maestría,Empresa propia,Casado,19,1,5,10517,5.26,19.3,69,5.6,5.4,7.0,6.5,8.5,7.0,6.67,5.9,17,4.7,8.9,8.9,2,2,5.3,0.0,14,35.8,51,70,21.1,19.0,19.9,16.8,15.7,3.6,4.0,-0.1
SUJ-3328,Retail/Comercio,Medellín,Universitario,Empresa propia,Soltero,37,3,10,9216,4.29,29.7,63,5.4,5.9,7.4,5.1,9.6,4.0,6.23,9.8,21,4.3,8.4,6.8,0,1,3.0,0.2,9,25.8,59,81,23.0,19.3,22.0,15.1,12.6,3.7,3.2,1.1
SUJ-3329,Tecnología,Cali,Posgrado,Empresa propia,Casado,19,2,6,7331,1.9,64.1,61,7.8,4.2,7.6,3.3,8.8,6.1,6.3,5.2,6,3.8,7.3,7.0,2,3,5.1,3.3,10,32.4,39,57,36.2,23.0,12.7,7.5,4.4,11.6,4.3,0.3
SUJ-3330,Manufactura,Lima,Bachillerato,Franquicia,Casado,22,11,10,5581,1.0,31.4,73,6.6,6.5,8.7,5.6,9.1,7.3,7.3,7.3,26,6.2,7.0,8.4,2,1,4.8,0.9,3,22.2,50,65,26.5,11.7,18.4,7.5,15.8,15.0,4.1,1.0
SUJ-3331,Manufactura,Buenos Aires,Técnico,Empresa familiar,Soltero,29,1,8,27941,1.83,4.0,72,7.7,4.5,7.4,5.8,6.2,6.8,6.4,5.9,17,5.2,9.8,9.0,1,0,5.6,0.9,47,26.7,63,58,31.7,11.8,14.2,16.1,13.4,5.9,5.1,1.8
SUJ-3332,Inmuebles,CDMX,Maestría,Startup escalada,Casado,26,9,14,1021,1.08,27.1,62,5.7,3.1,6.6,7.0,7.1,4.4,5.65,8.4,21,2.8,8.6,6.1,1,3,6.3,3.7,15,26.8,48,62,26.2,23.7,12.0,13.2,8.9,9.0,3.9,3.1
SUJ-3333,Tecnología,Buenos Aires,Posgrado,E-commerce,Soltero,31,4,12,5709,5.64,55.3,51,5.3,7.1,7.2,4.2,7.8,6.6,6.37,9.8,31,4.1,8.2,6.1,1,3,6.3,4.2,6,30.0,61,75,29.7,20.5,16.4,8.4,6.6,12.4,2.7,3.3
SUJ-3334,Tecnología,Monterrey,Doctorado,E-commerce,Soltero,24,11,17,6641,66.01,71.8,78,8.1,6.1,7.5,4.7,10.0,6.6,7.17,8.0,29,7.9,6.2,8.9,2,4,6.2,0.3,9,47.8,33,59,37.2,17.3,9.5,9.2,15.4,7.9,2.3,1.2
SUJ-3335,Servicios,Bogotá,Doctorado,Empresa propia,Soltero,18,5,13,500,1.81,20.0,87,9.8,7.0,10.0,5.2,9.8,8.0,8.3,6.5,14,3.1,8.2,6.9,1,1,4.4,2.0,27,26.8,36,61,26.5,15.0,16.8,10.7,14.1,9.7,5.8,1.4
SUJ-3336,Inmuebles,Santiago,Universitario,Empresa propia,Unión libre,17,7,22,4248,8.36,38.7,64,6.7,5.2,8.1,6.5,7.0,7.6,6.85,6.2,18,7.9,8.4,7.6,0,1,6.6,1.5,8,34.5,49,63,28.6,15.9,14.8,17.3,12.9,9.1,0.0,1.4
SUJ-3337,Servicios,Cali,Universitario,Empresa propia,Casado,36,9,19,12215,13.55,24.6,67,9.0,6.6,6.1,4.5,7.4,5.8,6.57,10.0,17,4.9,8.4,8.8,2,2,6.1,5.5,34,38.2,47,66,20.7,25.5,29.3,8.0,6.8,5.8,2.3,1.6
SUJ-3338,Inmuebles,Bucaramanga,Maestría,Startup escalada,Soltero,24,11,16,5095,1.0,23.5,83,7.1,7.2,7.1,6.5,9.3,8.2,7.57,6.2,16,8.1,6.4,7.8,3,3,7.3,3.6,16,20.8,45,48,29.3,16.4,13.4,15.2,13.5,10.9,0.0,1.3
SUJ-3339,Manufactura,CDMX,Doctorado,Empresa propia,Soltero,24,5,12,16653,1.0,18.4,86,9.4,8.4,6.7,4.4,6.8,8.9,7.43,5.9,18,4.9,5.5,8.5,1,1,6.1,3.5,28,19.6,51,67,22.1,15.2,12.4,17.0,13.6,10.1,6.0,3.6
SUJ-3340,Manufactura,CDMX,Posgrado,Startup escalada,Soltero,36,4,10,8280,13.34,22.1,66,7.4,6.2,8.0,7.5,6.7,9.2,7.5,6.6,18,8.2,7.6,7.1,3,2,4.6,4.4,15,34.6,50,51,18.3,24.8,15.6,7.9,18.1,10.0,5.0,0.3
SUJ-3341,Servicios,Cali,Maestría,Holding,Casado,23,9,16,11622,4.06,39.9,71,5.9,6.1,3.4,4.4,5.7,7.0,5.42,6.7,15,9.3,6.1,9.9,3,1,5.1,0.4,65,32.2,62,63,9.4,17.7,19.8,12.3,13.7,12.5,12.6,2.0
SUJ-3342,Manufactura,Barranquilla,Maestría,Empresa propia,Soltero,26,1,2,13056,4.1,13.9,92,8.4,9.0,5.0,8.2,7.5,9.9,8.0,6.4,8,6.6,7.9,7.2,1,0,6.0,1.9,24,32.8,32,57,21.5,23.0,4.9,16.3,13.3,14.4,4.5,2.1
SUJ-3343,Manufactura,Buenos Aires,Universitario,Empresa propia,Casado,19,1,11,9356,4.68,22.3,84,8.3,6.6,8.6,7.9,7.2,7.8,7.73,6.2,24,6.2,6.3,8.3,0,0,3.8,0.0,3,23.0,27,52,23.4,14.3,16.8,14.8,15.4,12.8,0.1,2.4
SUJ-3344,Tecnología,CDMX,Posgrado,E-commerce,Unión libre,18,8,6,11070,1.23,44.0,57,7.7,5.1,4.0,7.5,7.1,8.0,6.57,7.1,16,8.2,5.9,7.3,2,2,3.9,3.0,92,23.4,50,59,24.1,24.6,16.5,11.8,7.3,7.7,4.7,3.3
SUJ-3345,Retail/Comercio,Lima,Maestría,Startup escalada,Casado,37,9,15,9507,3.71,46.7,49,5.5,4.3,4.0,2.9,5.1,3.3,4.18,7.6,13,6.0,6.9,9.1,2,2,3.3,2.3,13,27.5,71,59,28.0,21.2,16.4,12.7,11.6,6.5,1.7,1.9
SUJ-3346,Inmuebles,Medellín,Posgrado,Holding,Soltero,37,8,8,6396,1.05,37.1,69,9.6,7.8,7.2,5.6,7.8,5.3,7.22,7.6,14,3.9,7.4,6.6,0,0,5.3,0.7,2,20.2,48,67,20.9,20.3,24.4,5.8,14.0,9.1,2.4,3.1
SUJ-3347,Finanzas,Santiago,Bachillerato,Empresa propia,Soltero,32,6,10,6687,5.49,67.3,59,6.1,5.8,4.1,8.7,7.1,6.4,6.37,4.6,23,3.5,9.4,8.0,2,0,5.2,1.0,327,42.0,58,53,31.2,15.8,20.1,14.8,9.7,5.5,1.7,1.2
SUJ-3348,Tecnología,CDMX,Universitario,E-commerce,Soltero,31,5,12,1684,5.52,15.1,79,8.2,6.8,5.8,5.4,7.2,7.2,6.77,6.2,8,6.6,7.4,6.5,0,1,6.1,3.3,14,21.7,47,57,21.9,14.1,18.9,17.2,12.9,11.0,4.0,-0.0
SUJ-3349,Finanzas,Lima,Técnico,Empresa propia,Casado,30,13,22,14056,509.39,61.1,82,10.0,4.1,10.0,6.2,7.4,8.9,7.77,6.9,39,5.1,7.4,6.9,0,1,6.2,4.5,46,59.3,31,51,22.9,27.6,16.2,16.2,8.4,1.4,6.1,1.2
SUJ-3350,Finanzas,Monterrey,Universitario,Empresa familiar,Casado,21,13,23,2993,4.99,35.5,76,6.3,7.0,8.1,6.9,7.2,8.6,7.35,7.3,27,6.8,9.4,8.9,6,2,4.5,2.5,4,30.7,53,56,29.5,24.5,16.2,10.5,6.3,10.1,1.9,1.0
SUJ-3351,Tecnología,Monterrey,Maestría,Holding,Casado,27,7,12,6138,1.41,44.1,61,8.0,6.4,7.7,6.2,7.1,4.2,6.6,7.6,17,6.5,7.9,7.2,4,1,5.6,5.2,17,16.9,45,50,20.1,27.2,13.5,22.0,10.3,2.1,3.8,1.0
SUJ-3352,Retail/Comercio,Santiago,Bachillerato,E-commerce,Soltero,22,4,13,2296,1.71,25.7,55,5.3,6.2,5.1,7.1,7.9,7.2,6.47,5.6,9,4.1,7.5,7.5,3,2,5.5,2.1,62,30.1,51,55,32.0,17.2,12.8,13.9,8.1,10.4,3.3,2.3
SUJ-3353,Servicios,Barranquilla,Universitario,Franquicia,Unión libre,17,3,9,9522,7.43,21.8,81,8.0,6.6,10.0,5.6,5.7,8.4,7.38,7.2,30,6.9,9.3,6.6,0,3,4.4,1.8,69,37.5,42,61,23.5,17.2,13.7,12.8,15.7,9.2,4.3,3.6
SUJ-3354,Retail/Comercio,São Paulo,Universitario,E-commerce,Soltero,32,8,12,29565,6.55,28.2,83,8.7,7.9,3.7,5.7,10.0,10.0,7.67,10.0,17,8.6,8.2,6.6,1,0,3.9,4.2,82,34.7,30,64,16.0,18.8,19.7,10.8,18.1,12.6,1.9,2.1
SUJ-3355,Tecnología,São Paulo,Posgrado,Empresa propia,Soltero,29,2,9,12953,1.49,42.5,87,7.6,7.9,6.1,6.9,10.0,7.9,7.73,6.5,9,5.9,8.5,10.0,5,0,4.5,2.9,7,19.4,44,68,28.0,15.6,17.4,10.1,18.3,7.1,2.4,1.1
SUJ-3356,Tecnología,Bucaramanga,Posgrado,Empresa propia,Casado,18,2,5,7721,1.25,50.9,68,10.0,3.3,4.5,7.6,6.5,7.9,6.63,5.0,14,4.8,8.6,9.4,2,2,5.3,2.7,30,22.7,56,43,23.4,19.4,16.5,16.7,11.6,8.5,1.4,2.5
SUJ-3357,Manufactura,Santiago,Universitario,Franquicia,Soltero,23,5,11,6705,4.61,23.5,71,7.7,7.6,5.8,4.8,7.8,8.0,6.95,9.2,13,4.0,7.2,7.7,1,2,5.1,3.7,3,23.7,50,62,38.5,17.0,18.8,9.3,7.6,5.8,0.8,2.2
SUJ-3358,Finanzas,Bogotá,Técnico,Empresa familiar,Casado,32,9,13,5383,1.77,25.0,83,8.5,6.8,9.7,6.0,9.1,10.0,8.35,7.3,25,8.1,8.6,6.4,2,2,6.6,5.0,3,18.7,45,51,19.9,19.9,10.8,19.3,13.7,8.6,5.5,2.3
SUJ-3359,Servicios,Barranquilla,Universitario,E-commerce,Casado,26,12,13,1835,2.59,26.9,72,6.7,6.5,9.9,5.0,8.0,4.1,6.7,6.5,17,4.2,8.8,6.5,2,0,5.4,3.2,14,24.2,37,51,28.6,15.3,14.3,14.5,10.3,8.4,7.5,1.1
SUJ-3360,Manufactura,CDMX,Posgrado,Empresa propia,Casado,17,8,15,3421,1.74,25.0,65,5.2,4.9,6.9,5.0,7.2,4.8,5.67,9.6,29,9.6,8.0,5.3,0,5,5.6,3.3,9,25.2,64,58,33.8,11.0,15.0,12.2,10.3,11.4,4.2,2.1
SUJ-3361,Inmuebles,São Paulo,Universitario,Startup escalada,Soltero,18,9,16,4172,1.31,34.4,61,7.9,6.4,7.2,4.3,8.1,7.7,6.93,2.6,19,6.1,9.2,10.0,3,2,4.4,4.7,15,29.2,52,48,28.2,14.4,18.8,11.6,16.2,5.6,5.3,-0.1
SUJ-3362,Finanzas,Santiago,Doctorado,Empresa propia,Soltero,37,10,20,23140,23.27,41.1,82,8.2,7.4,4.6,6.8,7.8,9.8,7.43,6.6,24,7.3,7.9,6.1,3,1,5.7,2.3,11,43.0,41,52,31.1,8.8,17.8,14.2,15.9,7.5,2.2,2.5
SUJ-3363,Manufactura,São Paulo,Universitario,Empresa propia,Soltero,26,10,9,4435,1.0,25.2,68,7.4,3.8,7.6,5.1,8.5,7.8,6.7,4.8,10,5.2,9.8,5.9,2,3,4.0,2.8,8,29.2,54,63,25.8,13.2,23.2,12.1,13.7,6.8,2.4,2.8
SUJ-3364,Finanzas,Caracas,Bachillerato,Empresa propia,Soltero,32,5,9,7058,1.0,17.7,65,5.6,4.9,5.7,6.6,7.4,5.2,5.9,9.7,20,8.2,7.0,7.7,2,1,5.6,2.5,23,22.1,65,78,33.4,26.2,7.1,13.8,11.4,2.7,5.3,0.1
SUJ-3365,Agroindustria,Buenos Aires,Maestría,E-commerce,Unión libre,37,10,20,20452,1.18,11.8,78,8.8,8.5,6.1,6.1,7.5,7.4,7.4,6.5,19,4.2,7.6,4.7,1,5,4.3,3.4,56,20.5,48,50,32.0,12.4,13.9,13.4,11.1,7.1,7.2,2.9
SUJ-3366,Manufactura,Monterrey,Universitario,E-commerce,Casado,23,11,19,5845,1.0,18.5,63,6.3,6.6,5.9,2.7,6.7,7.8,6.0,5.2,22,8.7,6.8,7.4,1,1,5.6,0.0,42,23.4,52,56,30.7,12.5,21.6,11.4,9.1,9.8,2.8,2.1
SUJ-3367,Finanzas,Caracas,Posgrado,E-commerce,Soltero,28,8,17,2316,2.59,47.4,64,4.8,5.3,6.4,7.2,4.4,6.3,5.73,4.9,17,4.3,8.9,9.4,1,1,4.8,4.2,36,31.6,50,63,31.7,10.7,20.6,13.0,12.4,6.0,3.6,2.0
SUJ-3368,Finanzas,Lima,Universitario,Holding,Unión libre,17,7,18,3837,4.53,47.7,73,7.2,5.9,9.1,6.8,9.5,7.2,7.62,9.1,15,4.9,6.4,8.5,1,0,5.6,3.4,2,28.1,49,62,18.4,20.5,23.2,11.8,13.2,9.3,2.7,0.9
SUJ-3369,Tecnología,Santiago,Posgrado,Empresa propia,Casado,22,9,12,3766,2.88,65.8,66,7.9,4.7,4.5,6.8,6.9,8.5,6.55,10.0,17,5.4,8.3,7.8,2,0,5.5,2.6,16,31.1,47,78,24.2,28.4,18.9,7.3,10.6,6.6,4.0,0.0
SUJ-3370,Manufactura,Buenos Aires,Maestría,Startup escalada,Soltero,29,9,12,10034,2.23,9.2,91,9.7,6.5,7.2,6.6,9.0,9.6,8.1,7.1,10,10.0,8.5,6.3,3,0,4.0,2.3,7,24.2,50,67,17.9,21.7,13.6,11.5,19.5,9.5,3.9,2.4
SUJ-3371,Tecnología,Barranquilla,Doctorado,Empresa propia,Soltero,24,1,10,2809,9.04,62.5,80,8.7,7.1,9.5,8.9,7.6,8.1,8.32,7.4,25,5.0,9.5,6.5,1,2,7.3,5.7,85,43.0,32,44,23.1,25.7,19.2,13.4,6.5,4.5,5.4,2.2
SUJ-3372,Manufactura,Bogotá,Universitario,Startup escalada,Soltero,28,8,16,10483,10.54,52.8,74,7.7,8.5,5.6,6.8,9.6,7.9,7.68,6.5,19,5.8,8.0,6.7,0,2,5.2,5.6,12,35.5,33,65,18.7,21.1,24.5,9.1,10.5,10.4,5.2,0.5
SUJ-3373,Finanzas,Lima,Universitario,Holding,Unión libre,31,11,17,17603,6.38,41.3,91,9.1,7.2,6.0,7.9,8.9,9.7,8.13,8.8,2,8.9,7.8,6.4,0,3,6.3,6.1,370,43.0,37,53,36.2,10.3,14.9,10.4,13.5,8.4,3.1,3.2
SUJ-3374,Manufactura,Medellín,Universitario,Holding,Soltero,29,10,15,3276,1.65,35.1,73,6.8,6.4,10.0,2.9,8.3,7.3,6.95,6.3,24,8.5,9.4,5.7,0,4,5.3,5.5,23,26.7,49,62,36.3,18.2,15.2,8.4,8.4,7.8,3.5,2.2
SUJ-3375,Inmuebles,São Paulo,Doctorado,E-commerce,Unión libre,27,8,11,1163,5.21,51.8,87,10.0,6.3,6.8,6.4,7.1,9.2,7.63,6.0,12,8.6,7.6,6.8,2,0,5.4,2.9,45,35.5,41,60,28.2,19.3,10.7,15.7,7.0,12.7,3.6,2.8
SUJ-3376,Inmuebles,Bogotá,Maestría,Holding,Soltero,27,7,19,8141,22.78,51.4,59,6.6,5.2,6.0,5.7,9.3,5.2,6.33,6.6,14,3.3,7.4,9.0,1,1,6.4,3.9,7,37.7,41,58,33.4,20.7,8.5,13.8,12.5,4.6,4.8,1.7
SUJ-3377,Inmuebles,CDMX,Técnico,Empresa propia,Unión libre,22,5,18,3580,1.32,27.6,64,6.1,6.1,6.3,5.6,6.5,7.7,6.38,8.4,50,5.4,5.6,7.1,2,0,5.5,3.9,42,20.2,44,74,17.1,15.8,20.7,20.7,9.9,9.9,4.7,1.2
SUJ-3378,Tecnología,Caracas,Técnico,Startup escalada,Soltero,20,6,16,6108,31.21,67.6,59,8.9,7.8,8.2,4.1,4.9,5.8,6.62,8.5,27,7.9,8.3,8.1,1,2,8.1,3.4,6,44.6,51,57,26.7,20.7,16.8,14.5,12.1,5.7,3.1,0.4
SUJ-3379,Tecnología,Buenos Aires,Universitario,Empresa propia,Unión libre,34,9,17,8044,38.71,64.4,79,9.9,8.3,7.8,2.6,9.2,6.9,7.45,5.4,16,7.8,8.2,8.6,1,2,5.0,1.1,44,43.7,46,51,25.3,10.2,23.8,15.1,12.5,5.2,6.9,1.0
SUJ-3380,Manufactura,Santiago,Técnico,Empresa propia,Unión libre,30,8,16,4190,11.65,41.7,51,6.1,6.3,6.1,4.6,5.8,7.0,5.98,7.2,22,7.2,8.3,9.6,1,1,5.2,3.5,18,39.5,60,55,21.3,17.4,14.3,19.6,14.0,7.8,3.4,2.2
SUJ-3381,Finanzas,São Paulo,Universitario,E-commerce,Soltero,21,10,17,20689,53.62,57.8,77,7.8,6.0,8.6,6.4,8.8,8.1,7.62,3.5,19,3.5,9.6,5.4,3,3,4.7,2.0,1,43.4,32,41,25.2,15.2,13.2,16.4,16.5,6.9,5.3,1.3
SUJ-3382,Retail/Comercio,Caracas,Técnico,Holding,Casado,26,5,5,4081,3.48,44.8,66,6.6,4.6,7.9,7.2,9.1,7.1,7.08,5.6,50,5.6,7.7,8.3,0,2,4.7,5.8,13,27.2,51,47,19.5,19.3,11.4,22.2,10.0,8.1,6.3,3.2
SUJ-3383,Tecnología,Caracas,Posgrado,Empresa propia,Casado,17,11,15,2938,3.92,49.2,74,6.5,6.4,8.7,6.7,7.2,8.0,7.25,6.8,25,3.2,7.0,7.6,2,2,4.9,1.7,19,32.1,38,63,19.2,18.2,20.0,23.9,4.0,8.9,4.0,1.8
SUJ-3384,Finanzas,Santiago,Doctorado,Startup escalada,Unión libre,23,4,13,17349,2.37,41.7,72,8.6,5.4,9.1,5.9,7.6,5.4,7.0,5.9,27,6.3,9.2,10.0,2,0,4.7,4.2,8,27.3,52,55,31.0,10.5,16.4,13.8,14.3,9.8,2.4,1.8
SUJ-3385,Tecnología,Cali,Doctorado,Empresa familiar,Soltero,29,7,10,1172,3.94,21.9,80,10.0,6.2,6.8,6.4,8.4,8.9,7.78,7.4,6,6.0,8.0,8.2,0,1,6.3,0.5,30,28.7,43,52,16.7,19.1,24.0,6.8,17.0,12.2,2.0,2.2
SUJ-3386,Servicios,Monterrey,Universitario,E-commerce,Soltero,27,5,12,1061,1.29,16.2,102,10.0,8.7,8.1,7.9,9.3,9.6,8.93,9.4,21,5.6,6.9,8.6,0,3,5.1,3.6,6,16.6,33,59,17.8,24.9,18.7,15.7,13.2,3.2,4.8,1.7
SUJ-3387,Finanzas,CDMX,Posgrado,E-commerce,Unión libre,26,6,16,21953,9.33,43.8,100,10.0,9.0,8.6,6.9,10.0,10.0,9.08,7.8,12,7.0,7.7,7.7,2,3,3.9,1.5,67,37.1,37,55,19.7,17.6,11.9,9.5,16.0,14.6,10.2,0.5
SUJ-3388,Retail/Comercio,Buenos Aires,Maestría,Holding,Casado,20,14,24,1875,1.0,4.0,83,9.3,8.6,7.0,5.8,7.6,10.0,8.05,9.9,32,6.0,7.2,6.1,1,1,4.3,2.4,27,21.7,26,72,21.6,14.6,22.8,15.3,9.4,10.0,4.2,2.1
SUJ-3389,Tecnología,Santiago,Técnico,Empresa propia,Soltero,19,9,18,1285,3.77,53.0,68,5.4,6.6,8.0,5.7,8.3,7.4,6.9,6.7,36,5.5,7.2,6.8,2,1,6.4,4.9,28,35.4,36,52,36.0,14.7,8.2,14.3,12.4,8.5,5.5,0.4
SUJ-3390,Manufactura,Medellín,Posgrado,E-commerce,Casado,31,8,15,6128,3.19,39.8,75,9.5,6.6,4.5,7.5,8.7,8.1,7.48,7.0,12,5.4,10.0,8.0,3,2,5.0,4.4,6,32.2,49,42,13.3,35.5,4.6,16.0,14.1,9.8,6.2,0.5
SUJ-3391,Finanzas,Lima,Universitario,Startup escalada,Soltero,36,12,21,500,2.18,35.3,67,6.8,4.8,8.6,6.4,6.9,7.1,6.77,8.5,11,7.1,8.5,9.7,2,3,5.7,4.4,66,26.7,50,59,23.5,19.0,20.6,12.4,12.0,10.0,0.8,1.7
SUJ-3392,Servicios,CDMX,Universitario,Empresa familiar,Casado,29,1,6,7740,1.34,48.3,62,6.9,7.1,7.1,5.7,6.3,4.3,6.23,9.5,12,7.0,5.9,6.5,2,1,4.9,3.6,28,22.1,47,74,23.4,23.4,18.5,13.9,11.8,5.0,2.6,1.4
SUJ-3393,Servicios,Barranquilla,Universitario,Startup escalada,Soltero,24,6,18,4825,2.29,27.3,46,4.3,5.4,2.9,2.1,4.9,3.4,3.83,8.2,41,4.8,8.6,5.3,3,1,4.6,1.7,83,33.0,62,74,24.5,19.8,20.2,7.5,15.7,7.7,4.1,0.5
SUJ-3394,Finanzas,Medellín,Bachillerato,Empresa propia,Soltero,33,5,5,8182,4.18,59.9,69,5.2,5.5,7.0,6.7,8.6,5.6,6.43,8.8,15,3.4,7.0,7.1,2,1,3.9,3.4,7,32.4,45,57,30.4,15.9,13.7,15.7,14.1,5.5,4.7,0.0
SUJ-3395,Servicios,Lima,Posgrado,Empresa propia,Soltero,20,3,9,2671,1.86,21.4,76,7.0,7.6,8.0,6.5,10.0,8.4,7.92,7.2,19,6.6,9.3,8.1,0,2,6.7,0.0,10,29.4,46,58,30.7,28.9,18.5,8.0,9.3,1.1,3.5,-0.0
SUJ-3396,Salud/Farma,São Paulo,Universitario,Empresa propia,Soltero,32,1,5,18870,2.15,14.2,81,8.5,7.0,9.1,9.5,8.2,9.9,8.7,5.6,28,7.7,8.9,7.1,5,3,4.2,4.2,32,28.8,34,54,40.3,4.9,8.1,20.6,13.6,5.8,4.5,2.2
SUJ-3397,Servicios,Bucaramanga,Universitario,Franquicia,Casado,22,6,14,2524,3.72,29.7,74,7.8,7.9,7.3,5.9,7.2,8.1,7.37,8.6,1,6.9,6.1,8.4,1,1,4.9,1.9,15,29.5,30,56,31.2,14.9,21.3,10.0,10.6,4.9,4.8,2.3
SUJ-3398,Servicios,Monterrey,Técnico,Empresa propia,Casado,22,9,14,8119,5.95,32.7,63,7.8,5.3,6.5,6.1,7.0,5.1,6.3,6.8,30,6.9,6.9,9.1,3,0,4.7,2.3,10,25.4,51,62,26.1,22.8,11.1,8.5,20.3,5.6,3.4,2.2
SUJ-3399,Finanzas,São Paulo,Maestría,Empresa propia,Soltero,24,6,20,23216,45.39,45.7,66,7.7,5.6,6.6,6.0,7.2,4.3,6.23,7.3,26,4.5,7.4,6.6,1,0,7.1,2.3,2,36.4,51,60,26.0,20.1,16.3,15.7,10.4,4.3,5.1,2.1
SUJ-3400,Manufactura,CDMX,Universitario,E-commerce,Soltero,25,10,19,4097,9.35,28.4,85,8.8,5.1,9.8,6.5,9.0,7.8,7.83,4.7,10,6.2,9.9,6.8,0,2,4.3,4.6,36,37.5,42,45,30.7,15.8,16.8,11.5,12.0,8.1,3.2,1.9
SUJ-3401,Tecnología,Buenos Aires,Posgrado,Startup escalada,Casado,31,7,10,1408,1.4,52.3,49,4.9,4.0,8.1,4.2,5.8,4.9,5.32,10.0,15,5.1,8.9,8.7,2,3,6.5,3.0,12,27.2,62,70,22.0,22.4,19.2,12.2,10.7,9.0,2.7,1.8
SUJ-3402,Tecnología,Bogotá,Posgrado,Holding,Soltero,18,11,8,566,1.0,43.3,65,9.2,7.9,7.1,4.6,7.7,7.7,7.37,8.6,15,6.2,8.3,6.5,3,2,5.7,1.9,11,23.3,35,64,28.1,21.3,17.2,6.7,14.9,5.6,4.3,1.9
SUJ-3403,Salud/Farma,Lima,Universitario,Startup escalada,Soltero,22,5,7,26378,3.72,31.3,73,9.9,9.8,6.5,6.6,8.9,8.7,8.4,9.5,27,4.3,9.5,10.0,3,2,6.2,0.1,4,36.8,40,61,18.2,28.2,15.4,15.6,6.2,10.2,3.0,3.2
SUJ-3404,Finanzas,Barranquilla,Universitario,Empresa propia,Casado,27,1,9,11541,1.0,38.2,67,7.3,6.5,7.4,3.7,7.8,7.1,6.63,9.4,33,5.3,6.8,8.8,0,1,5.7,5.0,37,24.0,38,57,25.1,27.9,12.1,10.4,14.8,6.7,1.1,1.9
SUJ-3405,Inmuebles,Santiago,Maestría,Empresa propia,Unión libre,29,1,6,20101,7.07,42.4,52,4.3,4.2,8.3,8.1,7.5,4.3,6.12,7.5,21,4.2,10.0,7.5,2,0,5.4,3.9,11,33.0,55,71,35.0,17.5,19.6,9.3,6.7,1.9,4.2,5.8
SUJ-3406,Inmuebles,Bogotá,Técnico,Startup escalada,Casado,17,5,9,9600,2.3,64.2,85,8.9,6.8,8.2,6.4,10.0,8.4,8.12,4.1,30,5.7,6.6,8.2,0,0,6.0,4.2,105,33.3,32,53,34.1,22.6,14.6,2.4,13.4,8.5,3.1,1.3
SUJ-3407,Servicios,São Paulo,Técnico,E-commerce,Soltero,21,3,6,3353,3.62,37.5,88,7.3,7.3,7.4,6.1,8.8,6.3,7.2,7.5,14,5.2,7.1,8.5,1,0,5.9,0.8,14,25.7,54,57,52.8,9.3,9.3,9.0,10.1,4.2,3.4,1.9
SUJ-3408,Salud/Farma,Medellín,Maestría,E-commerce,Casado,17,4,13,1050,2.55,24.1,59,4.7,4.9,8.5,4.6,6.7,5.9,5.88,6.4,22,5.9,9.0,9.6,2,1,6.2,0.2,35,28.7,57,68,24.4,18.8,14.6,14.5,10.5,8.9,3.8,4.5
SUJ-3409,Finanzas,Monterrey,Universitario,Empresa propia,Unión libre,21,11,16,21195,19.28,53.0,40,6.4,5.0,5.1,4.9,5.6,6.1,5.52,9.5,17,4.1,7.2,8.7,3,0,4.3,1.7,48,47.5,75,57,37.6,10.5,11.8,7.7,18.0,10.4,3.0,1.0
SUJ-3410,Tecnología,São Paulo,Universitario,Empresa propia,Soltero,23,1,5,5380,3.78,68.3,99,8.6,6.3,9.4,8.4,10.0,9.3,8.67,8.4,21,2.5,8.5,8.0,3,0,5.4,1.1,4,29.0,26,72,24.7,13.2,18.9,18.1,13.4,8.6,1.0,2.1
SUJ-3411,Retail/Comercio,Buenos Aires,Universitario,Holding,Unión libre,29,12,21,4040,5.29,27.0,67,6.5,5.9,4.8,5.4,7.3,8.5,6.4,7.9,11,7.9,5.5,7.8,0,1,6.6,1.4,35,29.6,59,60,5.9,35.8,11.5,14.4,18.3,10.7,2.1,1.3
SUJ-3412,Tecnología,São Paulo,Universitario,Startup escalada,Casado,17,4,15,6898,20.24,60.2,59,7.8,7.7,6.4,4.4,9.1,5.8,6.87,5.9,5,2.7,7.0,5.8,1,3,4.0,4.4,2,36.6,44,51,20.3,23.9,10.1,18.7,15.6,5.7,4.1,1.6
SUJ-3413,Tecnología,Bogotá,Maestría,Startup escalada,Soltero,29,2,4,901,1.62,62.5,71,7.9,7.5,8.3,4.3,7.2,7.8,7.17,6.0,25,8.0,8.6,8.5,1,2,5.4,0.0,20,28.7,47,49,21.6,16.7,22.2,8.0,12.8,7.6,6.2,4.9
SUJ-3414,Finanzas,Barranquilla,Posgrado,E-commerce,Soltero,22,6,16,2959,4.45,51.8,77,8.8,9.3,6.9,6.0,7.6,6.0,7.43,4.9,19,4.6,6.2,8.0,0,0,5.1,0.4,9,26.7,47,58,36.8,23.3,4.8,15.6,12.3,1.2,4.0,2.0
SUJ-3415,Inmuebles,Lima,Posgrado,E-commerce,Casado,23,12,18,8126,7.9,34.4,64,9.1,5.5,6.3,5.7,5.7,7.1,6.57,5.8,18,8.4,5.0,7.6,0,6,5.6,6.7,13,33.5,48,56,35.1,10.3,9.5,22.0,6.1,10.5,2.6,3.9
SUJ-3416,Manufactura,Buenos Aires,Maestría,Startup escalada,Soltero,31,4,13,843,1.0,39.5,74,6.9,5.5,7.4,3.1,8.5,7.4,6.47,7.3,20,7.6,8.2,7.1,1,2,6.5,3.1,8,22.6,45,62,34.0,13.7,18.1,4.7,12.8,9.7,3.9,3.1
SUJ-3417,Finanzas,Bucaramanga,Universitario,E-commerce,Soltero,34,4,12,1162,1.43,72.4,71,7.7,6.6,7.2,6.9,7.3,6.7,7.07,6.1,32,5.1,10.0,9.8,2,2,4.5,1.5,15,31.3,33,55,18.4,14.2,12.0,21.6,20.5,7.6,4.6,1.1
SUJ-3418,Manufactura,Santiago,Universitario,E-commerce,Soltero,22,5,11,5716,1.0,23.6,63,8.4,4.6,6.8,5.8,7.2,8.0,6.8,7.8,0,3.9,7.0,8.4,1,0,5.6,0.9,21,30.0,63,56,40.4,3.5,23.7,14.9,6.3,3.1,4.5,3.6
SUJ-3419,Finanzas,São Paulo,Universitario,Startup escalada,Soltero,22,11,17,7813,52.45,65.5,50,5.0,4.0,8.0,3.9,5.8,6.1,5.47,8.5,49,7.5,7.4,8.0,1,0,4.5,2.7,1,40.0,61,69,15.9,23.3,16.8,19.6,13.2,4.5,6.6,0.1
SUJ-3420,Tecnología,São Paulo,Universitario,Startup escalada,Soltero,23,5,13,1656,1.0,31.6,90,8.6,7.2,7.9,7.0,9.6,8.3,8.1,8.0,13,4.0,8.5,10.0,1,2,3.9,3.0,71,32.1,29,62,29.8,20.6,20.8,8.1,9.6,4.0,5.3,1.8
SUJ-3421,Inmuebles,Monterrey,Doctorado,Startup escalada,Casado,21,8,10,500,4.26,38.5,80,9.2,8.4,6.9,5.1,9.5,9.5,8.1,10.0,17,3.6,7.5,7.1,1,1,4.5,4.5,18,30.4,31,72,17.8,27.4,12.3,8.9,17.5,11.6,2.6,1.9
SUJ-3422,Manufactura,Bogotá,Maestría,Empresa propia,Soltero,17,7,9,25430,1.83,4.0,62,5.1,6.8,5.3,5.3,7.1,9.0,6.43,7.0,35,6.7,9.2,8.5,0,1,3.4,1.2,8,22.4,42,56,24.0,20.4,14.4,12.1,14.3,3.3,8.7,2.8
SUJ-3423,Inmuebles,Monterrey,Técnico,E-commerce,Unión libre,25,6,19,500,1.0,20.9,78,8.1,7.3,7.2,3.5,8.3,6.5,6.82,9.3,36,9.0,8.9,10.0,2,1,5.6,3.2,21,25.1,56,55,17.6,13.6,7.5,23.0,10.2,16.7,8.4,3.0
SUJ-3424,Tecnología,Monterrey,Bachillerato,Startup escalada,Soltero,22,5,15,500,7.4,37.9,61,6.4,5.6,4.9,6.3,6.3,6.0,5.92,9.4,5,1.4,5.2,6.1,0,5,5.2,0.2,20,31.6,39,76,27.6,15.6,21.8,15.2,8.3,3.6,6.1,1.8
SUJ-3425,Servicios,Monterrey,Bachillerato,Empresa propia,Soltero,26,14,23,3124,17.95,45.0,72,6.6,8.5,6.9,5.5,10.0,7.5,7.5,5.3,13,5.5,5.9,6.7,3,1,3.0,1.5,193,41.8,41,61,33.7,13.2,19.7,19.6,9.7,1.8,1.5,0.8
SUJ-3426,Manufactura,Lima,Universitario,Startup escalada,Soltero,36,17,22,2012,2.63,20.8,80,9.5,7.4,8.9,3.8,9.3,10.0,8.15,8.1,24,4.4,6.5,9.3,3,2,5.8,0.0,27,26.1,40,59,28.4,17.0,15.7,8.9,14.4,6.4,6.3,2.9
SUJ-3427,Manufactura,Monterrey,Técnico,Empresa propia,Soltero,25,3,3,6818,1.0,24.1,79,9.0,5.5,9.1,7.6,7.0,7.0,7.53,9.9,11,2.1,7.5,6.8,3,2,4.5,1.8,12,23.1,53,76,26.8,20.5,9.8,14.8,10.9,10.2,5.0,2.0
SUJ-3428,Manufactura,Bucaramanga,Posgrado,Startup escalada,Soltero,21,3,7,17970,1.25,21.7,67,7.6,6.1,5.4,4.8,6.7,6.7,6.22,6.7,27,5.8,9.0,4.3,1,2,5.8,4.1,12,18.3,42,67,35.3,21.0,9.7,7.7,12.0,8.3,4.0,2.0
SUJ-3429,Servicios,São Paulo,Maestría,E-commerce,Casado,24,7,14,5248,4.14,4.0,83,9.2,5.8,7.5,5.8,10.0,9.7,8.0,5.9,20,7.2,7.5,6.1,0,2,4.3,3.2,6,27.5,39,49,24.3,11.9,18.0,12.4,20.2,6.6,3.9,2.7
SUJ-3430,Manufactura,Medellín,Maestría,Empresa propia,Casado,26,1,11,11873,1.45,28.8,72,6.9,5.6,8.0,5.2,7.4,9.0,7.02,8.0,3,7.0,6.2,5.6,2,7,5.3,4.3,42,25.1,54,71,24.4,23.2,13.4,18.8,7.4,5.9,4.5,2.4
SUJ-3431,Manufactura,Barranquilla,Universitario,Franquicia,Soltero,25,7,14,19195,2.6,25.9,65,7.0,7.5,5.8,4.6,7.4,5.4,6.28,7.7,34,5.5,8.0,5.6,2,0,4.9,1.5,121,31.6,58,74,24.5,15.8,20.4,9.8,15.7,8.6,4.1,1.1
SUJ-3432,Salud/Farma,Buenos Aires,Universitario,Holding,Soltero,22,14,22,1679,1.0,15.3,95,8.2,8.3,10.0,8.0,10.0,9.4,8.98,10.0,30,10.0,5.2,8.5,0,3,6.0,3.0,45,21.9,19,58,38.6,16.9,11.0,10.1,10.7,9.2,1.3,2.2
SUJ-3433,Inmuebles,Bucaramanga,Posgrado,Holding,Soltero,17,4,9,5360,5.91,51.0,57,7.3,5.3,5.8,4.6,6.2,5.7,5.82,9.1,24,6.8,7.6,8.5,2,2,4.4,2.1,19,34.7,50,65,6.4,27.3,19.0,9.2,20.4,11.3,2.9,3.5
SUJ-3434,Retail/Comercio,Buenos Aires,Maestría,Franquicia,Casado,29,11,19,8219,16.92,47.3,78,7.1,7.0,5.4,5.6,9.1,5.5,6.62,8.3,40,7.6,9.9,7.6,0,2,4.6,1.9,17,40.6,43,68,24.2,34.0,12.5,9.9,7.1,5.9,4.5,1.9
SUJ-3435,Inmuebles,Barranquilla,Maestría,Startup escalada,Casado,20,12,15,3226,4.31,14.1,91,8.4,7.5,9.1,6.6,9.4,7.8,8.13,6.0,27,5.8,6.2,7.3,1,1,4.7,2.7,60,22.4,29,49,19.5,23.6,15.5,19.0,12.8,2.4,4.4,2.8
SUJ-3436,Finanzas,Medellín,Maestría,E-commerce,Soltero,34,3,9,10768,1.0,38.5,49,4.3,1.9,6.6,5.8,6.3,6.3,5.2,4.8,13,10.0,8.0,8.8,0,2,6.6,7.0,33,21.2,64,62,26.4,11.6,18.6,16.9,13.2,9.2,0.0,4.1
SUJ-3437,Finanzas,CDMX,Posgrado,E-commerce,Soltero,23,7,12,9774,3.89,54.7,94,9.5,8.7,7.6,6.3,9.0,8.4,8.25,9.5,8,6.6,7.3,8.6,1,4,4.6,1.4,18,30.3,43,58,31.4,18.5,15.6,19.3,6.5,5.5,1.6,1.6
SUJ-3438,Manufactura,Buenos Aires,Posgrado,Empresa propia,Unión libre,22,8,19,4372,1.0,18.3,95,8.9,8.7,8.2,7.1,7.6,10.0,8.42,8.1,0,5.2,3.8,6.8,0,1,5.5,1.9,5,11.2,32,58,12.3,31.8,11.7,13.4,5.3,16.7,8.2,0.6
SUJ-3439,Agroindustria,Buenos Aires,Técnico,Startup escalada,Soltero,23,9,5,736,1.14,16.3,66,7.4,6.1,5.9,4.0,6.6,7.4,6.23,7.3,11,5.2,6.2,4.6,0,2,6.5,2.9,21,23.7,43,63,19.4,9.6,16.3,24.9,13.3,12.8,2.7,1.0
SUJ-3440,Agroindustria,Medellín,Posgrado,Empresa propia,Casado,26,10,15,500,1.28,5.1,76,6.9,5.6,7.9,7.6,7.6,7.9,7.25,7.4,25,3.6,7.2,4.9,1,0,3.9,3.4,28,22.8,46,60,25.9,20.2,10.6,17.4,11.5,4.4,7.8,2.2
SUJ-3441,Finanzas,Bogotá,Universitario,E-commerce,Soltero,20,11,18,3688,8.07,34.0,62,5.9,7.9,5.3,4.2,7.3,6.1,6.12,8.4,20,8.1,8.9,6.0,1,1,5.3,4.0,4,32.3,47,73,19.6,14.5,21.9,14.6,10.8,10.1,7.4,1.1
SUJ-3442,Retail/Comercio,Bucaramanga,Universitario,Startup escalada,Casado,21,4,4,685,14.8,21.1,61,7.3,4.9,6.1,7.0,7.9,6.6,6.63,6.4,18,6.1,7.3,10.0,2,2,4.1,1.6,1,28.7,48,51,28.0,17.9,24.6,15.4,6.4,1.5,4.7,1.5
SUJ-3443,Tecnología,Caracas,Posgrado,Empresa propia,Unión libre,29,7,16,12172,15.32,54.2,57,6.3,4.2,4.6,7.9,7.4,7.5,6.32,3.6,24,7.6,9.0,6.4,0,5,4.9,0.2,8,38.4,60,51,28.4,15.5,17.9,10.2,15.4,8.5,3.3,0.8
SUJ-3444,Salud/Farma,Bogotá,Universitario,E-commerce,Unión libre,19,12,18,3255,2.52,29.5,95,10.0,8.0,8.6,8.1,10.0,6.9,8.6,6.3,24,7.6,10.0,5.9,0,3,4.8,2.5,13,28.5,35,49,21.7,26.0,18.7,14.4,12.4,1.2,5.5,0.1
SUJ-3445,Salud/Farma,Bogotá,Bachillerato,Empresa propia,Casado,29,13,16,8775,1.83,15.3,69,8.0,7.0,6.9,4.7,6.8,5.7,6.52,7.2,33,1.5,7.2,7.4,1,3,4.7,4.4,73,28.5,49,56,17.9,20.5,16.0,23.3,4.6,10.8,6.4,0.5
SUJ-3446,Manufactura,Bogotá,Bachillerato,Startup escalada,Soltero,30,8,18,3401,1.0,8.7,54,6.1,5.6,5.2,3.3,6.0,7.4,5.6,5.7,29,7.0,8.6,7.3,3,1,5.4,4.4,9,17.1,57,52,32.6,13.5,15.5,14.5,3.2,19.1,0.2,1.4
SUJ-3447,Inmuebles,Monterrey,Bachillerato,E-commerce,Soltero,30,5,8,12714,4.87,14.3,86,10.0,8.0,5.8,8.2,9.3,6.1,7.9,7.4,21,5.5,8.6,7.3,1,4,5.5,0.0,69,29.3,45,51,31.1,25.1,15.9,12.4,10.4,3.3,1.7,0.1
SUJ-3448,Inmuebles,Santiago,Bachillerato,Startup escalada,Soltero,27,11,20,17543,35.06,45.5,81,9.7,8.4,10.0,6.7,10.0,6.7,8.58,10.0,19,5.4,7.8,5.5,1,2,4.9,1.6,10,38.6,25,61,25.1,13.4,18.4,13.5,13.2,8.1,5.6,2.7
SUJ-3449,Manufactura,Buenos Aires,Técnico,Startup escalada,Unión libre,17,9,16,14537,18.63,54.6,77,8.3,7.0,8.1,6.0,10.0,8.4,7.97,7.3,31,7.2,6.4,7.7,0,2,5.7,2.5,1,31.0,44,60,36.0,21.0,15.9,15.3,8.3,0.9,2.6,0.0
SUJ-3450,Tecnología,São Paulo,Universitario,Holding,Casado,18,9,14,5300,8.28,58.4,63,10.0,7.4,5.6,5.8,6.7,6.9,7.07,5.1,24,6.0,7.1,5.6,2,1,6.4,4.1,2,31.3,53,54,21.1,16.2,16.0,20.5,14.1,6.5,4.4,1.2
SUJ-3451,Retail/Comercio,Caracas,Universitario,Holding,Soltero,17,10,12,701,7.9,4.0,67,8.6,6.5,7.3,4.2,6.5,6.0,6.52,7.7,17,8.3,5.8,5.4,4,2,6.4,4.1,29,30.6,48,74,19.3,24.7,20.9,11.4,10.7,5.5,4.5,3.0
SUJ-3452,Manufactura,Bogotá,Doctorado,E-commerce,Soltero,23,3,7,3718,1.51,32.8,100,8.3,8.1,10.0,7.3,9.2,10.0,8.82,7.7,8,6.7,7.1,9.8,1,5,3.7,1.3,26,24.6,32,63,20.0,28.1,21.3,14.3,6.0,8.3,0.9,1.1
SUJ-3453,Manufactura,Bucaramanga,Universitario,Franquicia,Casado,26,10,19,4419,4.86,41.4,77,7.5,6.0,8.2,4.8,7.5,5.9,6.65,7.3,37,4.8,8.2,7.0,5,0,5.5,5.2,19,37.8,45,48,30.7,14.9,15.3,10.8,14.4,8.4,5.5,-0.0
SUJ-3454,Finanzas,Santiago,Técnico,Holding,Unión libre,18,7,17,25801,18.05,39.0,65,5.0,7.6,7.7,5.8,8.8,10.0,7.48,5.3,33,3.0,8.0,8.1,1,1,3.9,2.5,11,37.6,49,61,34.9,20.3,13.2,6.1,12.6,7.0,3.7,2.2
SUJ-3455,Agroindustria,Santiago,Posgrado,Startup escalada,Casado,24,11,19,6668,4.51,31.6,82,6.6,7.8,9.4,7.3,9.8,8.9,8.3,8.5,15,5.5,8.2,4.3,0,2,4.7,3.1,12,27.4,42,58,18.3,29.4,17.5,13.7,10.0,7.8,1.6,1.7
SUJ-3456,Tecnología,Bogotá,Maestría,Franquicia,Soltero,30,7,13,8192,12.36,67.4,84,10.0,6.7,7.0,8.0,6.9,8.2,7.8,10.0,24,6.4,10.0,8.1,2,2,4.6,3.8,175,52.0,46,63,18.6,16.1,23.0,18.6,11.9,1.1,7.6,3.1
SUJ-3457,Retail/Comercio,Lima,Posgrado,Empresa propia,Soltero,20,9,17,12186,8.7,46.4,97,10.0,7.4,8.6,6.5,8.3,10.0,8.47,9.3,30,7.2,5.9,7.6,4,2,4.8,2.3,15,32.4,33,62,30.3,10.1,19.4,14.0,14.6,5.6,4.3,1.7
SUJ-3458,Manufactura,Bogotá,Universitario,Franquicia,Soltero,21,8,15,6718,1.21,16.6,73,5.4,5.0,7.4,7.1,9.2,8.6,7.12,9.1,34,2.4,6.8,7.1,0,2,6.3,4.9,5,20.4,48,70,31.8,16.6,18.0,8.8,11.7,2.1,7.3,3.7
SUJ-3459,Manufactura,Lima,Posgrado,Franquicia,Unión libre,33,5,9,7300,1.55,25.9,82,8.2,9.2,8.5,4.1,10.0,9.4,8.23,5.2,22,4.8,9.8,5.7,0,2,5.8,1.9,79,25.9,34,46,28.3,14.7,16.8,14.4,10.9,13.2,1.5,0.2
SUJ-3460,Manufactura,Bogotá,Maestría,Empresa propia,Unión libre,20,3,6,2251,1.15,27.3,79,7.5,7.4,8.2,4.8,9.8,7.6,7.55,6.6,7,10.0,7.6,7.0,2,1,4.9,3.6,34,23.7,41,63,21.9,12.1,18.9,14.6,17.5,9.2,5.9,-0.1
SUJ-3461,Finanzas,Caracas,Maestría,E-commerce,Unión libre,28,10,15,500,7.53,66.6,63,10.0,7.5,3.6,6.0,6.4,4.7,6.37,6.0,30,6.6,8.8,5.8,1,1,4.9,2.9,36,40.2,62,58,39.9,15.8,16.1,9.4,10.5,6.7,0.0,1.6
SUJ-3462,Tecnología,Bucaramanga,Posgrado,E-commerce,Casado,33,3,7,10223,2.3,46.7,54,3.2,7.7,9.8,5.3,5.7,7.1,6.47,7.2,11,8.4,7.3,7.0,3,2,5.8,2.3,30,26.8,55,63,29.2,21.2,16.7,15.5,3.9,8.2,3.0,2.3
SUJ-3463,Manufactura,Lima,Maestría,E-commerce,Casado,18,5,11,15107,9.74,38.0,81,7.6,9.3,10.0,6.8,9.2,9.1,8.67,8.6,16,3.3,8.9,4.3,0,2,5.2,0.9,44,35.8,40,56,28.0,17.3,7.2,17.4,11.1,11.8,5.9,1.3
SUJ-3464,Manufactura,Monterrey,Maestría,Empresa propia,Casado,19,5,17,4248,1.47,28.6,82,7.4,6.4,7.2,4.3,9.8,9.2,7.38,8.5,21,8.0,7.8,5.1,1,0,3.8,6.5,3,19.9,48,53,24.4,15.6,17.4,15.5,16.0,5.8,4.3,1.0
SUJ-3465,Tecnología,Santiago,Posgrado,E-commerce,Casado,24,8,15,6368,12.64,65.8,40,4.2,7.8,5.7,5.0,6.0,3.8,5.42,7.6,24,5.5,7.6,5.2,2,3,3.0,1.7,5,38.3,51,73,31.7,28.3,12.8,8.3,11.0,1.0,2.5,4.4
SUJ-3466,Inmuebles,Bogotá,Universitario,Startup escalada,Casado,26,9,20,2937,3.85,42.3,79,8.4,7.7,6.7,6.6,6.7,9.1,7.53,5.8,23,5.9,8.0,8.8,2,2,4.3,0.0,4,19.6,45,57,35.0,14.1,16.0,17.6,11.1,3.0,0.2,3.0
SUJ-3467,Retail/Comercio,Santiago,Posgrado,Empresa familiar,Soltero,22,1,7,4785,1.0,19.2,71,8.3,4.7,5.7,5.9,8.3,6.7,6.6,8.7,42,3.8,6.9,8.6,0,1,5.4,2.4,2,12.3,62,62,30.0,13.1,20.0,12.6,7.3,9.0,5.9,2.1
SUJ-3468,Manufactura,Bogotá,Maestría,E-commerce,Casado,37,4,9,1874,3.08,28.6,78,7.3,7.0,6.4,7.1,9.1,9.4,7.72,8.2,23,6.4,9.3,6.2,2,0,4.7,1.8,18,32.3,44,67,16.2,15.6,21.3,12.6,15.0,13.4,3.4,2.5
SUJ-3469,Servicios,Buenos Aires,Bachillerato,Empresa propia,Soltero,29,4,5,11413,1.0,12.4,66,6.8,6.0,6.1,4.8,8.3,6.7,6.45,2.6,12,8.3,8.6,4.0,1,0,5.5,4.3,1,18.3,41,52,27.8,20.1,18.6,15.4,3.3,8.2,3.4,3.2
SUJ-3470,Tecnología,Buenos Aires,Doctorado,Empresa familiar,Soltero,21,6,14,5416,3.36,52.1,92,7.9,8.2,9.3,8.6,9.6,7.4,8.5,7.9,0,3.0,7.5,10.0,2,1,4.7,4.2,6,26.2,37,49,31.2,27.1,9.4,8.9,8.0,11.2,1.0,3.2
SUJ-3471,Tecnología,Cali,Universitario,Holding,Casado,17,1,5,6337,4.87,76.9,86,7.6,7.6,9.0,7.0,10.0,7.3,8.08,5.5,20,4.5,8.6,7.0,1,3,5.5,0.0,10,37.7,29,54,26.2,17.8,17.2,20.3,8.9,4.7,4.5,0.4
SUJ-3472,Inmuebles,Bogotá,Universitario,Empresa propia,Unión libre,25,11,14,500,1.0,25.8,54,6.4,5.8,5.6,5.1,7.0,5.1,5.83,6.9,24,5.9,8.1,7.5,1,3,4.1,3.0,9,21.3,60,57,23.7,15.5,18.2,11.1,15.9,9.4,3.8,2.4
SUJ-3473,Manufactura,Cali,Maestría,Empresa propia,Casado,28,7,9,7791,1.0,16.2,59,7.0,4.4,4.0,5.9,5.7,7.8,5.8,5.8,41,10.0,8.9,10.0,2,1,4.8,1.2,4,15.7,49,62,26.9,14.9,19.4,10.0,11.8,10.9,2.9,3.2
SUJ-3474,Manufactura,Caracas,Universitario,Empresa propia,Soltero,37,6,13,1811,2.35,22.2,73,5.3,6.7,7.9,3.6,8.1,7.3,6.48,7.6,0,5.4,6.6,8.6,1,1,5.6,0.3,33,21.3,57,64,5.7,20.5,28.9,13.0,15.2,13.2,2.6,0.9
SUJ-3475,Servicios,São Paulo,Universitario,Empresa propia,Unión libre,26,10,14,3868,3.77,31.6,64,6.0,5.1,8.6,4.6,7.2,6.2,6.28,7.9,37,4.5,8.2,8.5,0,1,4.5,0.0,119,29.1,58,54,30.7,14.9,13.9,9.2,8.8,11.0,6.1,5.4
SUJ-3476,Inmuebles,Medellín,Técnico,Empresa propia,Casado,24,9,21,4257,13.05,41.0,87,8.5,7.6,8.0,6.2,7.5,10.0,7.97,8.0,30,8.1,6.9,8.6,1,1,6.0,2.5,6,31.1,37,57,18.6,30.6,19.9,17.9,2.2,4.4,6.5,-0.1
SUJ-3477,Salud/Farma,Medellín,Universitario,Startup escalada,Soltero,20,9,19,4764,4.15,31.7,59,6.0,5.1,6.1,4.0,5.5,6.0,5.45,7.7,32,6.8,7.2,7.8,3,3,5.7,2.5,3,26.7,56,60,35.4,13.9,14.7,12.4,8.7,12.9,0.9,1.1
SUJ-3478,Retail/Comercio,Santiago,Técnico,E-commerce,Casado,28,7,11,2064,8.78,17.2,87,8.5,6.8,10.0,7.1,10.0,7.3,8.28,7.7,26,4.3,7.7,6.3,1,5,5.4,0.0,9,26.3,34,52,35.8,17.9,7.9,11.5,11.3,10.4,3.8,1.4
SUJ-3479,Retail/Comercio,Lima,Universitario,Holding,Soltero,32,7,5,15182,1.0,24.9,40,1.8,5.0,6.0,3.2,4.9,7.4,4.72,6.6,5,8.0,8.7,8.7,1,0,6.0,5.2,187,26.7,61,69,36.1,13.4,19.2,12.9,7.5,6.3,4.6,-0.0
SUJ-3480,Retail/Comercio,Bogotá,Universitario,Startup escalada,Soltero,17,10,16,4466,3.65,48.1,67,8.4,6.6,5.5,6.5,9.9,6.0,7.15,7.6,6,7.7,8.6,5.9,1,2,4.7,1.3,36,33.7,41,55,41.3,17.8,5.4,13.5,9.5,7.3,4.9,0.3
SUJ-3481,Tecnología,Caracas,Doctorado,Startup escalada,Unión libre,26,9,14,7576,5.82,31.2,91,9.0,8.1,7.1,7.3,9.5,7.5,8.08,8.5,14,4.1,4.3,8.4,0,0,5.6,0.2,19,28.5,43,48,30.1,28.8,17.1,2.0,7.1,7.3,6.7,0.9
SUJ-3482,Manufactura,Barranquilla,Doctorado,Startup escalada,Soltero,19,13,22,7614,6.86,28.4,72,10.0,5.7,5.5,4.8,9.2,8.7,7.32,7.4,32,10.0,7.7,8.4,2,5,4.5,3.5,17,29.2,38,54,26.8,19.1,13.6,4.2,14.8,11.7,6.7,3.1
SUJ-3483,Finanzas,Bogotá,Técnico,Empresa familiar,Soltero,17,7,13,7471,4.22,45.0,73,8.3,7.1,7.8,6.1,9.4,6.4,7.52,7.4,23,6.5,8.0,6.6,2,1,4.5,0.0,65,31.6,43,53,31.8,15.2,10.2,11.3,19.0,6.4,3.3,2.8
SUJ-3484,Agroindustria,Bogotá,Maestría,Franquicia,Soltero,36,9,19,6555,2.64,25.9,83,8.8,7.0,10.0,5.1,9.7,7.9,8.08,5.9,22,3.9,7.3,5.1,0,2,4.3,0.5,10,20.3,45,62,23.6,23.4,19.0,13.4,6.6,5.4,7.9,0.7
SUJ-3485,Manufactura,Caracas,Bachillerato,Empresa familiar,Soltero,31,6,14,13835,1.0,26.7,79,6.9,6.2,8.5,4.6,8.2,8.1,7.08,8.3,26,10.0,6.9,6.4,1,1,6.2,4.8,17,28.1,47,63,31.4,24.7,18.3,8.7,7.3,7.5,0.0,2.1
SUJ-3486,Manufactura,Caracas,Bachillerato,Holding,Soltero,22,8,10,13396,1.01,4.0,71,6.6,7.5,5.8,5.3,9.6,6.9,6.95,9.0,29,8.4,9.0,7.2,5,2,4.3,4.2,44,19.0,47,54,31.3,9.2,13.2,14.3,17.7,6.6,5.6,2.1
SUJ-3487,Finanzas,Barranquilla,Técnico,Empresa propia,Soltero,25,8,11,4318,1.1,56.3,90,9.8,8.6,9.7,7.6,8.7,8.5,8.82,8.7,17,5.9,6.7,6.7,2,3,4.3,1.0,49,25.0,29,69,37.6,18.2,7.8,9.5,15.6,6.7,1.6,3.0
SUJ-3488,Tecnología,Medellín,Doctorado,Holding,Soltero,24,5,9,8081,1.0,38.7,74,7.2,2.5,6.2,6.6,8.7,8.2,6.57,7.0,19,7.8,7.6,9.4,1,2,5.6,5.2,53,21.7,52,67,27.7,15.2,14.4,17.6,12.5,5.5,5.2,1.9
SUJ-3489,Tecnología,Cali,Doctorado,Holding,Soltero,19,4,9,868,4.5,35.9,80,7.3,4.0,10.0,7.1,10.0,7.8,7.7,9.0,18,4.9,5.9,10.0,1,2,4.8,2.7,34,32.8,34,67,22.1,25.6,15.5,12.8,13.1,6.2,2.0,2.7
SUJ-3490,Retail/Comercio,São Paulo,Universitario,Startup escalada,Soltero,22,9,14,761,1.0,29.1,85,10.0,9.2,7.4,5.8,10.0,7.3,8.28,7.5,17,5.3,6.0,6.3,3,0,6.0,2.5,9,22.8,43,41,11.3,33.3,16.8,16.7,11.4,1.1,6.7,2.7
SUJ-3491,Tecnología,Santiago,Técnico,Empresa propia,Soltero,30,8,17,5230,4.82,46.6,40,5.4,2.4,3.3,2.9,5.1,4.5,3.93,5.1,16,6.0,8.1,9.3,0,0,4.4,2.3,9,31.7,60,61,30.0,15.3,14.2,8.5,15.6,11.4,3.7,1.3
SUJ-3492,Manufactura,Medellín,Universitario,E-commerce,Casado,22,12,20,18437,11.61,13.6,63,7.9,3.9,7.0,2.0,6.8,8.0,5.93,8.8,32,4.4,8.5,8.2,0,0,4.7,5.1,3,26.4,52,79,31.5,16.2,17.6,11.1,13.1,6.6,1.9,2.0
SUJ-3493,Servicios,Barranquilla,Posgrado,Empresa propia,Casado,28,7,12,8398,1.63,16.7,64,6.4,5.5,7.8,3.3,8.8,6.1,6.32,5.9,33,3.3,7.8,9.1,3,1,5.3,4.4,11,24.8,54,65,27.9,16.7,14.5,13.0,12.7,9.5,2.8,2.9
SUJ-3494,Servicios,Bogotá,Posgrado,Empresa propia,Soltero,22,3,11,8850,1.0,11.8,81,9.5,7.2,8.4,8.5,10.0,9.2,8.8,6.4,29,9.7,7.3,7.4,3,0,4.0,5.5,64,23.5,31,45,28.9,17.1,23.6,7.0,9.1,6.8,5.9,1.6
SUJ-3495,Manufactura,Medellín,Universitario,Empresa propia,Casado,18,7,9,1372,3.55,46.5,96,8.8,7.3,9.5,7.4,9.3,9.5,8.63,7.4,8,1.3,8.0,7.1,3,2,4.1,4.8,89,35.3,34,67,30.4,16.4,14.9,10.8,14.9,6.5,4.6,1.5
SUJ-3496,Tecnología,Bucaramanga,Maestría,E-commerce,Unión libre,33,10,18,4830,20.84,56.8,47,7.2,0.5,6.3,3.5,6.4,4.7,4.77,8.0,19,8.6,8.2,7.1,3,1,3.6,4.3,13,41.2,61,67,35.0,14.9,18.6,12.5,6.7,6.7,4.2,1.4
SUJ-3497,Servicios,Buenos Aires,Universitario,Startup escalada,Unión libre,17,1,10,4097,1.01,19.9,67,6.4,6.1,6.9,6.5,8.6,6.1,6.77,8.6,11,7.8,8.6,5.4,0,1,6.6,2.2,4,13.4,38,67,25.8,22.3,12.7,11.2,10.2,12.2,2.0,3.6
SUJ-3498,Servicios,Bogotá,Doctorado,Empresa propia,Soltero,36,7,14,12222,5.61,32.7,87,10.0,9.6,8.9,7.3,9.4,8.6,8.97,4.8,21,3.1,9.8,4.8,2,3,4.4,3.5,9,31.0,29,50,27.1,17.2,22.7,10.8,12.3,6.5,3.4,-0.0
SUJ-3499,Tecnología,São Paulo,Posgrado,E-commerce,Casado,31,9,17,1186,2.09,49.8,49,7.2,2.8,6.6,4.6,6.4,7.2,5.8,8.1,27,5.6,7.3,7.7,1,2,5.0,2.8,5,24.3,64,67,24.6,18.9,23.9,12.2,6.4,6.8,6.2,1.0
SUJ-3500,Inmuebles,CDMX,Universitario,Empresa propia,Soltero,27,8,16,6198,3.87,28.1,77,7.4,8.7,5.9,5.5,9.6,7.5,7.43,5.1,27,6.7,7.4,8.2,3,2,4.7,1.7,3,24.8,59,55,27.0,17.9,17.3,12.3,12.1,8.8,2.4,2.2
SUJ-3501,Finanzas,Barranquilla,Maestría,Empresa propia,Soltero,23,5,15,19384,25.4,61.2,78,10.0,6.3,7.3,6.0,7.9,6.6,7.35,7.6,10,7.7,9.0,7.5,1,3,5.2,4.9,2,37.8,53,54,33.5,16.4,18.8,4.7,9.2,8.6,8.8,0.0
SUJ-3502,Inmuebles,Monterrey,Maestría,E-commerce,Soltero,23,2,11,17839,1.83,22.0,80,8.2,9.1,8.8,7.1,9.3,7.0,8.25,7.3,37,4.0,7.4,7.2,1,1,5.7,2.2,7,22.7,54,54,27.6,24.6,4.6,12.1,3.3,18.4,5.9,3.5
SUJ-3503,Salud/Farma,Lima,Universitario,Empresa propia,Soltero,27,7,17,15302,2.32,12.4,57,8.3,6.0,3.9,6.1,6.6,7.0,6.32,4.2,8,5.8,5.3,7.8,2,2,5.2,2.1,3,20.3,39,61,34.2,19.5,10.6,9.2,13.2,9.1,3.1,1.1
SUJ-3504,Tecnología,Monterrey,Universitario,E-commerce,Casado,27,2,2,3759,3.89,61.6,72,6.2,5.5,7.7,5.5,8.3,6.5,6.62,10.0,22,7.0,8.3,9.4,1,1,4.2,1.3,3,20.5,43,79,18.7,16.2,21.6,16.5,15.3,6.1,4.2,1.4
SUJ-3505,Servicios,Medellín,Doctorado,Empresa propia,Casado,20,9,15,22655,3.75,24.4,56,7.1,5.9,5.3,5.5,8.3,7.8,6.65,4.4,31,3.7,9.9,9.9,1,3,4.8,0.3,18,34.4,49,59,22.7,20.8,18.4,14.4,15.0,5.1,2.0,1.6
SUJ-3506,Manufactura,Bogotá,Técnico,Empresa propia,Casado,26,7,13,13090,6.05,27.0,87,9.2,9.0,8.0,4.5,10.0,9.8,8.42,7.6,27,3.0,7.1,10.0,2,5,6.1,2.5,14,28.9,43,56,43.6,12.3,15.1,14.4,3.0,6.9,3.9,0.8
SUJ-3507,Salud/Farma,Lima,Bachillerato,E-commerce,Soltero,27,12,19,15238,1.26,21.8,58,5.8,3.4,6.2,3.8,6.4,5.2,5.13,7.0,23,6.0,3.7,7.7,5,4,6.0,4.0,99,20.0,66,52,29.0,15.2,13.7,12.9,14.3,9.7,4.9,0.3
SUJ-3508,Retail/Comercio,Lima,Universitario,E-commerce,Soltero,24,1,10,21547,3.74,36.7,73,8.7,6.5,5.1,5.3,8.4,7.3,6.88,7.0,23,3.3,5.7,8.3,2,4,5.3,0.0,99,30.8,37,62,30.3,21.7,7.0,12.7,9.0,7.1,9.2,3.0
SUJ-3509,Servicios,Santiago,Maestría,Empresa propia,Soltero,39,5,11,22117,1.0,4.0,101,10.0,9.6,8.6,6.2,10.0,10.0,9.07,4.7,14,3.4,6.5,6.7,0,1,7.0,3.8,47,18.8,28,49,29.1,18.4,16.5,10.5,14.0,9.4,2.0,0.1
SUJ-3510,Tecnología,Monterrey,Maestría,E-commerce,Soltero,25,9,15,2196,2.02,25.3,88,9.4,6.9,10.0,6.1,8.7,8.1,8.2,8.2,34,6.4,6.6,8.1,1,3,5.8,1.4,53,23.1,39,53,22.4,16.5,13.5,19.1,4.7,14.9,5.5,3.4
SUJ-3511,Finanzas,Caracas,Maestría,Startup escalada,Unión libre,17,11,19,1092,3.14,42.5,48,6.0,2.8,2.7,7.6,5.7,5.4,5.03,10.0,18,4.6,9.5,9.1,1,2,5.5,3.4,16,29.0,67,66,23.3,20.3,12.0,16.4,14.7,6.8,5.3,1.2
SUJ-3512,Tecnología,Bogotá,Posgrado,Holding,Casado,19,10,11,9392,1.88,61.2,68,7.4,8.6,9.2,7.8,9.2,8.1,8.38,7.3,5,4.7,9.2,7.4,1,4,6.3,1.7,33,34.7,38,51,24.5,12.0,20.5,14.1,11.7,10.5,4.6,2.1
SUJ-3513,Salud/Farma,Santiago,Técnico,Empresa propia,Unión libre,30,3,14,6626,1.32,44.1,73,8.1,4.0,6.5,4.1,8.2,9.2,6.68,7.8,17,9.5,10.0,7.2,0,2,4.7,4.7,22,29.5,43,57,29.9,21.0,19.4,1.7,10.8,12.1,4.1,1.0
SUJ-3514,Inmuebles,Caracas,Posgrado,E-commerce,Casado,21,5,11,3173,5.61,39.4,70,8.3,5.7,6.2,5.2,6.6,7.9,6.65,7.3,21,7.8,9.7,10.0,0,0,6.9,5.9,35,35.3,46,63,31.6,27.3,13.4,14.8,8.3,1.2,0.7,2.7
SUJ-3515,Servicios,Cali,Maestría,Holding,Soltero,20,1,12,9227,1.04,9.2,78,8.8,6.6,7.8,5.6,9.3,8.0,7.68,8.8,23,8.4,8.3,6.7,0,0,5.0,0.8,6,20.4,40,50,21.1,20.6,16.8,19.1,5.5,9.1,6.7,1.1
SUJ-3516,Agroindustria,São Paulo,Técnico,Empresa propia,Soltero,34,7,10,512,1.28,6.5,81,8.8,9.6,9.9,5.4,9.1,7.6,8.4,8.9,28,4.4,7.7,8.2,3,1,6.1,4.3,19,26.5,36,60,30.4,19.2,16.3,4.3,10.9,13.0,0.6,5.3
SUJ-3517,Tecnología,Monterrey,Técnico,Startup escalada,Soltero,27,11,14,500,3.86,69.3,97,9.0,5.1,7.2,5.6,10.0,7.8,7.45,5.4,30,6.2,6.0,8.5,0,1,4.1,2.0,37,31.7,36,60,29.2,17.9,18.1,15.4,6.7,5.8,4.1,2.8
SUJ-3518,Finanzas,Buenos Aires,Bachillerato,Startup escalada,Soltero,22,7,12,3499,1.79,60.8,66,8.1,5.8,6.0,5.1,8.2,6.4,6.6,5.9,8,8.1,5.4,8.5,2,2,5.8,3.0,5,30.8,57,63,32.8,20.1,11.0,16.8,7.0,8.8,2.2,1.3
SUJ-3519,Tecnología,Buenos Aires,Posgrado,Startup escalada,Casado,17,9,15,1723,2.65,60.1,82,8.9,6.1,9.0,5.3,9.8,7.8,7.82,6.2,17,6.6,7.2,8.0,1,1,5.3,4.1,21,31.0,50,61,25.7,17.4,21.2,6.8,16.6,8.8,1.3,2.2
SUJ-3520,Tecnología,São Paulo,Maestría,Startup escalada,Soltero,29,9,13,10142,8.62,65.3,70,7.9,5.3,8.1,3.9,7.4,8.0,6.77,7.6,13,7.7,5.5,10.0,2,1,6.1,0.3,109,38.1,53,52,28.2,15.8,7.0,19.6,13.5,10.8,4.7,0.4
SUJ-3521,Finanzas,Caracas,Posgrado,Holding,Soltero,26,5,8,23655,1.0,50.5,93,8.8,9.7,10.0,6.2,10.0,8.8,8.92,8.9,25,4.7,9.9,8.0,3,2,5.0,2.1,40,26.0,44,54,31.6,18.6,15.6,11.9,10.2,9.1,0.7,2.3
SUJ-3522,Retail/Comercio,Santiago,Doctorado,Holding,Casado,33,1,8,8668,7.52,25.5,78,9.3,5.4,6.1,7.6,10.0,7.8,7.7,3.7,17,4.4,7.4,6.3,0,1,5.1,2.7,13,28.7,44,66,7.4,30.8,21.9,19.7,13.1,2.8,3.3,1.0
SUJ-3523,Finanzas,São Paulo,Bachillerato,Holding,Casado,19,12,23,8508,58.92,45.9,73,5.5,4.7,5.6,5.1,7.3,9.0,6.2,8.1,28,3.0,7.9,7.9,4,2,6.9,4.9,50,50.5,65,53,34.1,16.2,16.0,15.1,10.8,5.6,1.0,1.2
SUJ-3524,Tecnología,Cali,Maestría,Startup escalada,Soltero,23,8,20,500,8.89,61.3,69,7.3,4.5,8.1,4.8,7.1,7.1,6.48,9.7,14,7.1,9.0,6.8,1,0,3.0,3.4,38,36.7,50,83,32.6,11.5,19.3,12.4,11.5,4.1,6.3,2.3
SUJ-3525,Tecnología,Bucaramanga,Maestría,Holding,Casado,27,2,7,5744,1.0,55.7,61,6.0,5.7,5.5,5.0,8.3,5.7,6.03,6.9,26,7.4,8.1,9.1,3,2,6.7,2.2,13,22.4,68,51,21.2,17.3,14.0,23.5,12.6,6.9,2.7,1.8
SUJ-3526,Tecnología,Bucaramanga,Universitario,Empresa propia,Soltero,33,8,10,13590,2.03,24.9,84,7.8,7.0,8.7,7.9,9.3,6.9,7.93,7.3,17,7.5,5.5,8.1,0,2,6.9,2.4,2,16.9,34,58,26.8,14.9,14.0,15.2,9.3,6.5,8.9,4.4
SUJ-3527,Salud/Farma,Buenos Aires,Doctorado,Empresa propia,Casado,27,7,12,8493,1.0,39.1,61,6.2,5.1,7.4,3.1,6.3,5.9,5.67,8.9,34,4.6,7.1,8.2,1,2,5.4,6.7,27,29.0,51,72,27.9,21.7,12.9,20.4,3.0,7.3,4.9,1.9
SUJ-3528,Inmuebles,CDMX,Universitario,Startup escalada,Soltero,21,12,24,2067,8.05,39.9,47,4.4,3.8,3.0,4.8,5.0,4.1,4.18,8.5,23,7.1,6.3,9.1,3,1,6.1,3.9,23,32.2,61,64,39.0,14.6,14.1,9.7,9.9,6.5,4.0,2.2
SUJ-3529,Salud/Farma,Barranquilla,Maestría,Empresa propia,Soltero,33,8,18,15096,2.26,31.3,59,6.0,7.2,8.8,5.1,10.0,5.5,7.1,6.9,5,9.1,8.7,9.3,2,2,3.1,3.6,13,28.6,45,60,32.8,16.6,10.0,19.3,11.6,5.9,0.6,3.2
SUJ-3530,Retail/Comercio,São Paulo,Maestría,Holding,Casado,24,9,16,26678,17.96,48.1,74,6.5,3.8,7.8,7.0,6.6,10.0,6.95,8.0,23,8.5,7.9,5.8,2,2,3.1,5.2,1,32.8,61,54,21.4,20.3,16.2,11.4,13.3,10.4,5.4,1.6
SUJ-3531,Finanzas,Barranquilla,Maestría,Empresa familiar,Soltero,27,7,11,2616,1.05,36.8,56,6.6,6.7,5.2,5.4,5.6,5.7,5.87,2.7,10,8.7,7.4,6.5,1,2,4.4,5.9,43,25.2,46,53,31.4,19.5,18.5,11.2,8.1,7.1,4.0,0.2
SUJ-3532,Inmuebles,CDMX,Posgrado,Holding,Casado,30,4,13,1856,2.22,16.8,61,7.7,3.7,6.5,7.4,7.8,6.8,6.65,8.0,33,1.8,7.8,10.0,2,3,6.4,2.0,5,14.7,52,57,24.8,18.3,14.3,12.6,17.1,5.1,5.7,2.1
SUJ-3533,Finanzas,Santiago,Técnico,Empresa familiar,Unión libre,35,9,23,3306,80.09,55.1,47,7.2,5.9,5.6,3.3,5.0,7.6,5.77,7.4,21,8.9,7.5,7.2,2,3,3.4,4.6,31,49.8,60,70,43.2,5.7,16.9,2.5,12.1,11.7,6.1,1.8
SUJ-3534,Finanzas,São Paulo,Posgrado,Holding,Soltero,28,7,13,521,2.26,37.5,61,7.2,6.5,6.7,3.8,7.4,5.2,6.13,9.8,22,4.0,6.5,7.8,1,1,5.3,4.8,56,30.8,52,69,33.1,18.7,16.1,10.0,12.5,4.4,4.0,1.2
SUJ-3535,Finanzas,Barranquilla,Universitario,Empresa propia,Casado,41,3,2,16535,1.0,71.4,95,8.5,8.7,10.0,6.3,8.7,9.7,8.65,9.9,5,6.9,7.1,7.6,1,1,5.1,2.2,9,25.5,33,62,30.1,19.7,22.5,6.0,14.6,4.5,1.1,1.5
SUJ-3536,Tecnología,Barranquilla,Maestría,Startup escalada,Soltero,25,4,6,21194,7.96,42.7,64,5.6,5.6,5.8,5.5,7.2,8.0,6.28,7.1,21,5.8,6.5,8.0,2,1,5.4,3.8,8,29.8,54,59,27.7,21.8,14.1,9.7,17.4,8.2,0.2,0.9
SUJ-3537,Finanzas,Monterrey,Maestría,Empresa propia,Soltero,27,2,8,8025,2.19,38.0,71,6.6,5.6,7.4,7.1,7.7,7.6,7.0,9.4,5,4.2,8.3,7.5,5,4,3.6,2.1,86,36.3,61,70,11.4,25.3,22.8,10.6,13.6,11.8,3.1,1.4
SUJ-3538,Finanzas,Monterrey,Maestría,Franquicia,Casado,22,11,16,11562,3.66,42.5,103,9.6,8.7,9.1,9.6,10.0,9.3,9.38,6.3,26,4.1,8.9,9.2,0,2,5.9,1.9,1,30.4,28,53,24.8,17.8,17.7,11.4,18.7,6.5,3.2,-0.1
SUJ-3539,Manufactura,CDMX,Bachillerato,Empresa propia,Casado,27,14,25,8836,2.21,20.6,77,7.1,8.1,8.1,5.2,8.8,8.4,7.62,7.4,19,7.7,6.0,6.3,3,1,6.2,0.7,7,21.0,27,60,23.7,28.9,10.1,10.7,9.2,6.8,6.5,4.1
SUJ-3540,Tecnología,Bogotá,Maestría,Empresa propia,Soltero,27,11,15,3790,1.39,47.2,76,10.0,6.1,7.7,8.2,7.8,6.6,7.73,9.3,22,6.6,10.0,5.8,2,4,7.7,2.2,2,28.4,46,61,38.4,9.5,16.8,13.9,8.2,2.9,6.0,4.3
SUJ-3541,Tecnología,São Paulo,Doctorado,Franquicia,Unión libre,32,8,13,7998,3.66,48.7,59,7.3,4.7,3.4,5.2,7.7,6.0,5.72,7.7,24,4.7,9.5,8.1,1,3,3.1,2.4,1,27.6,46,65,23.8,15.2,19.3,16.8,10.2,7.5,3.7,3.5
SUJ-3542,Inmuebles,Cali,Maestría,Empresa propia,Casado,28,6,10,14478,1.0,26.6,75,8.3,6.4,6.5,5.8,7.4,5.6,6.67,8.4,28,2.3,6.1,8.6,0,0,3.6,4.5,66,26.9,41,67,29.1,14.9,6.2,23.6,4.7,11.0,7.2,3.3
SUJ-3543,Tecnología,Santiago,Técnico,Holding,Unión libre,22,6,15,13281,2.65,30.6,96,9.7,7.6,6.5,7.2,10.0,10.0,8.5,7.4,31,2.7,7.7,6.7,4,1,3.3,0.8,84,35.1,24,57,32.6,14.5,18.1,10.0,12.2,6.3,5.3,1.0
SUJ-3544,Finanzas,Monterrey,Técnico,Startup escalada,Soltero,27,3,6,676,1.1,55.2,56,5.5,4.9,8.5,6.4,7.5,7.5,6.72,6.4,19,2.9,6.5,5.8,0,1,4.0,7.0,7,22.9,49,62,23.4,17.6,19.9,12.8,14.6,10.2,1.5,-0.0
SUJ-3545,Servicios,Monterrey,Bachillerato,Empresa propia,Soltero,21,14,19,4968,4.38,16.0,70,7.5,8.3,8.3,4.4,8.7,8.1,7.55,7.1,20,10.0,6.8,7.7,2,1,5.2,4.0,45,27.1,40,47,38.7,10.6,9.9,9.9,12.8,5.0,9.5,3.6
SUJ-3546,Tecnología,Bucaramanga,Posgrado,Empresa propia,Soltero,29,3,4,4050,2.0,50.3,56,7.0,4.1,4.2,5.1,8.1,6.7,5.87,6.6,33,7.8,4.5,7.1,2,1,5.6,2.0,6,18.3,52,47,22.6,23.1,20.4,15.0,6.3,7.8,3.8,1.0
SUJ-3547,Tecnología,São Paulo,Posgrado,Holding,Soltero,22,3,7,11154,5.75,35.4,94,10.0,9.4,10.0,7.3,8.3,9.1,9.02,6.7,31,8.9,4.2,6.7,0,5,3.3,2.6,5,23.9,33,57,32.4,12.5,10.8,14.9,14.1,11.3,2.1,1.9
SUJ-3548,Retail/Comercio,Cali,Doctorado,Holding,Casado,17,6,18,5567,8.53,7.1,56,6.7,6.3,5.4,2.9,5.4,5.4,5.35,9.4,28,5.2,7.6,7.4,1,1,4.1,0.0,41,28.1,67,65,30.6,17.4,24.9,5.9,9.2,3.8,7.3,0.9
SUJ-3549,Finanzas,São Paulo,Universitario,Startup escalada,Casado,19,6,18,3442,13.92,46.8,63,7.9,3.7,6.8,1.7,5.6,4.9,5.1,6.2,25,2.6,8.5,7.2,2,1,5.2,0.0,7,35.6,61,55,48.3,18.3,7.9,11.6,6.8,6.0,1.1,0.0
SUJ-3550,Manufactura,Bucaramanga,Universitario,Empresa propia,Soltero,18,9,17,9802,7.44,46.6,57,5.8,4.3,3.2,4.8,7.3,5.0,5.07,5.5,36,7.4,6.7,9.6,0,3,4.8,0.6,27,34.5,65,59,29.2,9.8,10.1,27.0,12.9,1.4,6.4,3.2
SUJ-3551,Inmuebles,Bogotá,Posgrado,Startup escalada,Soltero,22,4,12,5133,5.22,53.0,54,4.2,4.9,6.4,2.9,5.5,4.9,4.8,10.0,16,6.9,7.4,8.6,0,2,4.7,3.0,4,29.2,57,78,19.5,21.0,24.7,8.4,12.0,8.2,4.9,1.3
SUJ-3552,Tecnología,Cali,Maestría,E-commerce,Soltero,20,1,5,2372,1.74,39.7,74,9.1,6.3,7.9,5.5,7.8,8.0,7.43,7.2,31,5.9,7.9,9.9,4,1,5.4,0.0,10,26.5,43,55,14.2,18.2,21.7,7.3,21.9,7.4,7.6,1.7
SUJ-3553,Manufactura,Barranquilla,Doctorado,E-commerce,Soltero,25,6,13,17688,1.77,14.4,68,6.4,5.3,4.4,5.4,8.6,8.4,6.42,9.2,14,6.1,9.8,6.1,1,2,4.0,0.0,14,26.0,42,67,24.9,18.2,19.1,16.3,11.0,5.9,2.9,1.7
SUJ-3554,Retail/Comercio,Bucaramanga,Maestría,Empresa propia,Casado,23,6,13,959,6.11,30.8,77,7.2,7.9,9.4,3.8,9.5,8.0,7.63,9.6,12,10.0,8.6,7.5,0,3,5.2,3.4,3,21.3,62,59,31.1,19.4,20.1,6.5,9.7,5.9,6.7,0.6
SUJ-3555,Tecnología,Buenos Aires,Universitario,Franquicia,Casado,29,6,12,500,1.0,15.1,81,7.0,7.1,9.5,6.0,6.3,7.9,7.3,7.7,45,6.6,8.3,9.0,2,3,5.6,5.0,18,20.3,49,52,27.4,19.1,26.7,6.4,7.1,8.9,2.0,2.4
SUJ-3556,Manufactura,Santiago,Posgrado,Empresa propia,Unión libre,28,6,15,1243,1.96,16.6,50,6.0,4.8,5.8,3.5,6.3,7.7,5.68,8.8,33,2.5,7.1,10.0,4,3,4.6,4.5,41,28.6,53,67,26.7,18.9,16.7,18.4,9.2,2.7,4.3,3.1
SUJ-3557,Finanzas,Barranquilla,Maestría,Empresa propia,Soltero,24,5,8,1429,2.74,51.2,76,7.1,8.2,6.9,5.2,7.9,8.3,7.27,6.7,20,5.7,9.0,7.7,2,3,4.3,3.6,34,38.2,46,46,16.8,29.1,20.0,8.5,12.8,10.8,0.3,1.7
SUJ-3558,Retail/Comercio,Cali,Universitario,E-commerce,Casado,33,2,17,6178,1.0,25.2,60,8.2,4.5,5.9,4.3,7.4,4.7,5.83,5.8,2,4.4,6.2,7.9,0,2,4.4,1.3,11,15.4,52,48,18.6,21.9,9.7,16.4,16.0,7.8,7.7,1.9
SUJ-3559,Tecnología,Buenos Aires,Universitario,Startup escalada,Casado,20,12,24,7843,7.93,25.8,74,9.5,5.6,9.7,5.3,8.4,7.4,7.65,7.8,6,5.7,8.8,8.7,0,2,5.7,0.7,9,33.7,49,52,23.5,25.3,19.4,6.2,13.5,9.2,2.1,0.8
SUJ-3560,Retail/Comercio,Bogotá,Técnico,Holding,Unión libre,32,12,15,4762,1.14,4.0,77,8.2,6.1,10.0,4.6,8.3,7.2,7.4,10.0,28,8.4,10.0,7.7,3,3,5.2,5.2,14,22.0,38,63,30.4,13.5,5.9,8.6,18.0,8.0,12.1,3.5
SUJ-3561,Finanzas,Buenos Aires,Bachillerato,E-commerce,Casado,26,12,18,1826,3.37,28.1,69,6.4,4.2,6.2,10.0,9.7,5.0,6.92,4.8,29,7.0,6.8,5.3,0,2,4.8,0.7,6,25.5,40,52,33.8,9.0,16.8,16.2,12.4,5.1,5.2,1.5
SUJ-3562,Servicios,Monterrey,Maestría,E-commerce,Soltero,23,2,6,1134,7.9,21.0,90,10.0,7.5,6.1,4.6,10.0,10.0,8.03,8.4,24,4.7,6.5,7.4,3,0,4.3,3.1,33,25.8,42,64,27.9,10.4,24.0,3.4,24.2,3.3,5.5,1.3
SUJ-3563,Tecnología,CDMX,Técnico,Franquicia,Soltero,32,8,16,5420,5.09,40.7,53,7.4,5.7,5.6,5.0,5.9,6.0,5.93,6.8,27,7.8,7.2,5.1,3,1,6.1,0.0,42,32.9,58,60,24.4,18.5,17.9,9.9,10.5,12.0,5.3,1.5
SUJ-3564,Retail/Comercio,Buenos Aires,Universitario,Empresa familiar,Casado,29,5,11,6668,7.1,50.2,57,5.6,3.5,7.9,4.3,6.5,8.2,6.0,4.7,0,8.9,7.8,6.3,2,1,4.2,1.8,43,36.7,63,53,23.1,18.0,19.2,9.3,15.4,10.9,1.8,2.3
SUJ-3565,Retail/Comercio,Lima,Universitario,E-commerce,Casado,19,5,4,2898,1.0,9.7,76,8.2,5.2,6.6,4.9,6.5,9.0,6.73,7.3,22,6.2,10.0,9.3,1,2,6.0,0.4,343,33.7,48,68,32.5,2.0,18.8,20.8,11.2,9.8,2.7,2.2
SUJ-3566,Inmuebles,Caracas,Posgrado,Empresa propia,Unión libre,28,3,6,1992,2.06,48.9,101,10.0,8.3,7.9,8.3,8.7,9.0,8.7,6.7,34,7.9,6.8,7.6,1,2,5.9,2.9,103,32.5,35,47,25.0,11.1,19.8,21.9,9.7,8.3,3.4,0.8
SUJ-3567,Manufactura,Bogotá,Universitario,Empresa propia,Soltero,28,16,27,672,2.5,8.0,60,7.2,5.8,9.0,6.3,6.6,6.9,6.97,6.3,20,4.0,7.1,7.6,0,0,5.4,3.8,10,19.8,68,56,29.5,7.4,12.4,19.4,11.8,10.7,4.4,4.4
SUJ-3568,Manufactura,Caracas,Posgrado,E-commerce,Unión libre,32,6,11,500,3.59,60.0,71,7.6,5.8,5.1,5.8,8.4,7.8,6.75,7.4,32,8.2,3.9,7.2,1,0,5.7,0.0,13,25.4,38,58,15.1,21.8,23.3,17.5,13.0,5.8,2.5,1.0
SUJ-3569,Inmuebles,Barranquilla,Bachillerato,E-commerce,Soltero,29,3,8,894,1.0,41.0,88,8.7,6.8,10.0,6.9,10.0,8.5,8.48,7.4,41,9.0,7.2,4.9,1,4,5.3,2.8,13,25.4,44,55,27.3,14.5,14.1,17.2,11.9,4.3,8.4,2.3
SUJ-3570,Servicios,São Paulo,Técnico,Empresa propia,Unión libre,29,7,15,10840,3.23,4.0,85,10.0,8.9,8.2,6.8,8.1,6.2,8.03,4.0,18,7.3,5.8,8.5,2,2,4.9,3.3,11,26.3,37,45,23.1,20.0,7.1,11.9,14.9,14.1,5.2,3.7
SUJ-3571,Finanzas,Bucaramanga,Universitario,Startup escalada,Casado,23,10,19,3372,46.72,65.1,81,9.3,6.1,7.8,6.0,9.5,9.0,7.95,10.0,30,8.2,8.4,9.1,1,2,4.9,0.9,27,48.0,39,52,26.9,22.2,21.1,5.1,8.5,7.6,5.7,2.9
SUJ-3572,Retail/Comercio,Medellín,Universitario,Holding,Casado,24,6,12,500,1.0,21.9,63,5.9,7.6,7.1,6.0,9.2,4.5,6.72,9.7,19,7.4,7.8,7.8,1,0,5.8,1.9,14,20.7,55,61,41.6,13.7,10.2,14.8,7.0,9.7,2.5,0.5
SUJ-3573,Servicios,Bogotá,Universitario,Holding,Casado,24,8,6,5676,1.94,35.1,72,7.0,5.5,7.1,4.1,9.6,5.7,6.5,9.8,20,2.6,9.9,7.1,1,2,3.9,4.6,116,32.1,26,74,20.9,23.7,18.5,18.1,9.0,4.2,4.5,1.1
SUJ-3574,Salud/Farma,Lima,Bachillerato,Empresa propia,Soltero,17,11,14,6144,2.92,26.5,73,9.8,7.0,7.2,4.1,9.0,7.8,7.48,7.4,28,4.6,9.7,8.2,2,1,5.6,5.8,47,30.6,49,69,27.0,23.1,6.9,18.7,14.5,6.4,1.9,1.5
SUJ-3575,Servicios,Monterrey,Maestría,Empresa propia,Soltero,33,3,2,4478,9.52,17.1,86,8.4,6.5,7.0,8.0,7.8,7.2,7.48,7.6,22,8.0,8.2,10.0,0,4,5.9,1.9,8,29.0,54,50,23.5,19.6,22.1,14.3,8.9,9.2,1.5,0.9
SUJ-3576,Finanzas,Bucaramanga,Posgrado,Empresa familiar,Soltero,19,7,8,938,3.62,44.5,71,6.4,5.6,6.6,3.3,7.4,6.3,5.93,9.2,43,4.7,8.3,7.9,2,2,5.5,2.9,10,28.5,51,65,29.1,15.3,18.1,12.5,7.4,13.3,3.5,0.8
SUJ-3577,Tecnología,Santiago,Técnico,Startup escalada,Soltero,27,4,10,11250,2.93,36.0,91,9.1,6.7,9.6,6.6,10.0,9.0,8.5,10.0,10,5.3,7.7,5.7,0,2,6.1,3.6,18,28.2,40,49,27.3,16.2,23.7,13.1,14.4,1.8,2.5,1.0
SUJ-3578,Retail/Comercio,São Paulo,Bachillerato,Empresa propia,Casado,24,4,10,9345,1.0,22.2,72,7.2,7.2,5.5,4.0,8.8,8.2,6.82,9.5,25,7.1,7.0,8.8,0,1,5.2,5.9,13,19.6,56,73,17.4,21.7,16.7,16.1,14.0,6.5,4.6,3.0
SUJ-3579,Inmuebles,São Paulo,Doctorado,Empresa propia,Soltero,24,13,23,4016,1.0,13.6,74,9.3,8.5,8.6,5.6,8.9,7.1,8.0,7.5,23,7.6,7.1,3.6,2,4,6.1,2.9,94,28.7,57,54,33.5,11.5,20.4,10.9,9.8,10.1,2.3,1.5
SUJ-3580,Retail/Comercio,Medellín,Posgrado,Franquicia,Unión libre,30,6,12,3834,2.84,21.8,71,9.4,6.3,6.9,4.9,9.0,9.2,7.62,7.8,39,5.6,7.8,7.9,2,3,6.0,1.6,13,24.7,32,79,25.4,25.5,8.9,17.3,8.5,10.8,3.0,0.6
SUJ-3581,Retail/Comercio,Buenos Aires,Universitario,Empresa propia,Soltero,21,3,6,1356,1.0,31.1,70,6.9,4.7,5.4,6.8,7.5,5.9,6.2,9.0,23,3.8,9.2,5.2,1,2,4.1,1.4,68,31.0,62,76,22.4,9.8,20.6,11.1,12.7,11.5,8.0,3.9
SUJ-3582,Servicios,Caracas,Maestría,Holding,Casado,28,6,16,11204,5.38,36.9,71,8.5,7.0,6.9,7.9,7.5,8.7,7.75,6.9,21,6.8,7.6,6.7,1,3,3.9,3.5,65,34.2,35,53,23.8,22.0,15.6,12.2,15.2,4.4,3.3,3.5
SUJ-3583,Finanzas,Lima,Maestría,Empresa familiar,Casado,28,2,14,7321,11.62,68.9,73,7.7,8.2,7.9,4.3,10.0,6.4,7.42,8.0,25,3.6,8.2,9.5,1,0,5.2,0.9,149,45.4,57,71,27.6,28.3,17.5,7.9,13.9,2.1,1.0,1.7
SUJ-3584,Servicios,São Paulo,Maestría,Empresa propia,Soltero,21,6,15,717,1.26,21.9,50,4.8,5.8,4.4,3.1,6.5,7.8,5.4,5.6,35,8.3,8.5,6.3,0,4,5.9,3.8,20,20.9,54,60,26.5,23.4,12.7,12.0,13.5,7.8,1.9,2.2
SUJ-3585,Retail/Comercio,Buenos Aires,Universitario,Empresa propia,Soltero,31,4,10,3799,4.46,12.6,69,9.5,4.2,9.0,4.8,9.3,8.8,7.6,5.0,21,6.7,8.0,6.6,0,0,5.2,1.5,3,25.6,36,46,20.7,24.5,9.3,13.1,15.8,5.3,7.9,3.4
SUJ-3586,Finanzas,Santiago,Universitario,Startup escalada,Soltero,34,9,14,18710,9.61,47.4,95,10.0,7.1,10.0,6.9,10.0,9.6,8.93,6.7,16,8.3,5.5,7.4,0,2,5.6,4.6,60,40.7,39,57,23.3,9.0,21.3,14.9,13.5,9.0,7.4,1.6
SUJ-3587,Retail/Comercio,Bogotá,Bachillerato,Empresa propia,Casado,38,14,16,4817,1.47,26.1,48,6.0,3.5,6.3,5.3,6.4,6.4,5.65,6.8,9,5.9,10.0,9.7,1,0,5.8,3.9,19,24.5,61,61,29.9,13.2,12.2,15.7,15.7,8.8,1.8,2.7
SUJ-3588,Inmuebles,CDMX,Doctorado,Empresa familiar,Casado,24,6,9,3143,1.0,50.1,69,6.5,6.1,6.6,4.2,7.5,8.3,6.53,6.8,18,6.2,7.7,8.2,0,2,4.3,2.6,27,26.0,52,52,27.2,11.2,14.3,15.9,15.8,10.4,2.8,2.4
SUJ-3589,Tecnología,Lima,Posgrado,Holding,Soltero,27,4,8,8257,9.97,64.7,65,6.0,6.5,7.9,4.9,7.7,6.4,6.57,7.4,22,4.2,8.5,7.9,1,2,5.2,3.2,43,35.9,41,61,22.8,10.8,22.1,14.0,12.5,11.8,2.3,3.7
SUJ-3590,Tecnología,Cali,Universitario,Empresa familiar,Casado,27,7,8,1814,4.36,55.7,77,8.8,8.0,9.2,5.7,7.0,7.9,7.77,8.2,0,0.0,7.9,6.6,1,2,6.2,0.1,11,30.8,29,55,22.1,17.2,13.6,19.1,13.6,9.3,2.7,2.4
SUJ-3591,Agroindustria,Barranquilla,Maestría,Empresa propia,Soltero,29,12,17,5935,6.88,40.6,79,9.8,7.3,6.9,5.5,9.7,6.3,7.58,7.3,11,3.9,4.5,4.6,0,1,6.0,1.4,56,30.8,43,58,16.5,16.8,18.7,10.9,19.5,8.1,6.8,2.7
SUJ-3592,Tecnología,Cali,Maestría,Empresa propia,Casado,36,9,14,8857,2.41,45.3,74,7.9,8.3,7.3,6.6,10.0,6.0,7.68,8.1,24,3.4,7.9,9.6,1,1,6.9,0.6,14,26.2,53,62,25.2,20.2,13.8,20.0,10.5,6.5,3.2,0.6
SUJ-3593,Manufactura,CDMX,Doctorado,E-commerce,Soltero,28,6,16,15441,3.25,33.6,45,6.8,6.8,4.9,3.6,6.0,6.5,5.77,7.6,7,4.3,5.3,7.4,0,1,5.7,2.0,3,19.0,48,62,33.6,10.0,14.4,14.1,8.5,8.2,6.9,4.3
SUJ-3594,Manufactura,Santiago,Maestría,Franquicia,Casado,29,1,2,9434,1.0,17.7,45,5.1,6.2,4.9,1.8,3.8,5.1,4.48,8.4,27,6.0,6.3,6.4,1,1,4.8,1.5,49,26.2,55,79,28.7,15.5,24.4,5.8,15.4,3.5,5.0,1.7
SUJ-3595,Retail/Comercio,Cali,Doctorado,Empresa propia,Unión libre,19,7,14,3881,1.0,21.8,40,4.3,3.1,6.8,1.8,4.5,6.0,4.42,6.0,17,6.5,8.7,6.3,4,0,4.9,4.8,21,20.8,68,50,25.9,22.2,20.0,10.8,9.0,3.6,8.4,0.1
SUJ-3596,Manufactura,Monterrey,Universitario,Empresa familiar,Casado,38,10,11,11681,1.0,4.0,70,7.7,7.0,8.7,5.4,9.7,8.0,7.75,8.9,13,6.0,8.3,7.2,1,2,6.2,5.2,23,18.1,44,60,17.6,13.7,17.1,25.3,12.4,5.4,5.7,2.8
SUJ-3597,Finanzas,Lima,Maestría,Startup escalada,Soltero,23,10,9,18293,1.77,49.5,50,3.4,5.4,7.0,6.6,4.8,5.8,5.5,8.2,26,3.2,7.2,9.2,3,2,5.7,0.0,4,22.5,51,66,28.0,20.6,21.9,10.5,10.8,5.3,2.7,0.2
SUJ-3598,Retail/Comercio,Monterrey,Maestría,Holding,Soltero,17,12,16,5197,17.97,30.2,41,4.8,6.5,5.7,4.3,5.9,6.5,5.62,6.2,23,8.4,6.2,6.9,0,2,5.8,3.3,5,37.8,75,60,33.3,9.4,15.2,16.3,18.0,3.8,3.5,0.5
SUJ-3599,Finanzas,Medellín,Universitario,Empresa propia,Casado,17,4,10,500,1.67,46.2,60,7.6,9.5,6.4,6.2,8.4,7.8,7.65,7.6,24,6.9,7.6,7.2,3,1,4.8,7.0,20,30.5,31,74,29.5,19.1,14.7,17.8,5.4,7.0,4.6,1.9
SUJ-3600,Manufactura,CDMX,Técnico,Holding,Soltero,27,5,15,17023,4.59,31.2,63,4.0,5.1,6.3,5.0,7.9,5.7,5.67,6.3,24,1.5,7.4,8.3,0,1,6.2,0.0,74,29.6,52,59,40.6,20.1,14.1,7.9,7.6,3.4,6.2,0.1
SUJ-3601,Tecnología,Medellín,Doctorado,Holding,Soltero,18,6,11,1446,7.44,66.4,71,6.1,6.5,7.8,5.6,6.0,5.6,6.27,9.5,20,4.9,8.1,6.0,2,1,5.4,4.8,3,34.3,40,65,32.0,13.0,15.0,8.5,17.9,6.8,3.7,3.1
SUJ-3602,Manufactura,Medellín,Universitario,Franquicia,Casado,26,9,13,1080,1.0,24.6,72,7.4,6.4,5.0,6.0,7.5,6.2,6.42,4.8,7,4.8,8.7,6.0,2,5,4.5,4.5,3,17.0,49,61,31.9,13.9,18.4,14.8,5.3,11.2,3.0,1.5
SUJ-3603,Tecnología,Medellín,Maestría,Startup escalada,Soltero,17,6,10,2941,1.0,60.8,73,6.2,7.9,8.5,5.8,9.3,9.0,7.78,6.4,5,7.8,8.0,5.3,1,1,5.0,2.3,49,30.7,28,42,32.0,17.0,10.9,12.9,14.0,7.6,4.2,1.4
SUJ-3604,Finanzas,São Paulo,Bachillerato,Empresa propia,Soltero,27,9,13,3824,1.82,53.3,83,7.9,6.9,9.4,6.6,8.0,9.2,8.0,8.6,0,3.9,9.0,9.9,2,1,7.1,4.3,36,33.3,50,60,14.5,27.9,22.5,6.5,14.0,10.5,1.9,2.2
SUJ-3605,Tecnología,Bogotá,Bachillerato,Empresa propia,Unión libre,29,5,2,12850,6.46,67.5,68,5.0,6.9,5.6,6.8,8.2,5.2,6.28,8.2,27,1.4,8.8,5.2,1,2,5.2,1.9,2,31.5,47,55,35.2,19.5,15.0,9.7,12.4,5.7,2.5,-0.0
SUJ-3606,Tecnología,São Paulo,Universitario,Empresa propia,Soltero,27,4,7,3943,3.39,59.9,82,9.2,7.1,6.1,6.4,7.9,8.0,7.45,9.0,18,7.7,8.4,10.0,0,2,5.4,0.7,64,36.6,50,56,29.8,17.8,17.2,18.1,2.8,7.4,6.0,0.9
SUJ-3607,Servicios,Bogotá,Universitario,Startup escalada,Soltero,21,11,20,500,3.0,47.6,68,8.6,4.1,7.7,5.3,8.6,8.3,7.1,5.4,19,6.3,5.9,8.7,3,3,4.0,7.0,1,17.4,39,62,32.0,16.9,18.5,8.4,11.9,7.1,1.7,3.5
SUJ-3608,Finanzas,CDMX,Posgrado,E-commerce,Casado,31,8,5,8083,5.21,51.8,67,5.5,5.9,4.7,7.5,7.8,5.9,6.22,5.9,1,5.1,6.4,7.9,1,2,4.8,2.5,5,29.2,43,58,36.6,14.8,15.0,10.2,15.0,5.0,3.0,0.4
SUJ-3609,Agroindustria,Caracas,Posgrado,Empresa propia,Unión libre,23,10,15,8898,1.0,6.2,65,7.2,6.1,7.1,5.9,7.9,6.8,6.83,9.0,8,8.7,8.6,7.7,3,0,6.3,2.4,36,26.4,59,73,24.4,21.1,10.9,15.8,17.5,4.1,4.8,1.4
SUJ-3610,Salud/Farma,Bucaramanga,Bachillerato,Empresa propia,Soltero,24,6,11,13465,1.59,44.4,72,7.3,6.7,6.1,3.4,7.3,8.5,6.55,8.8,9,3.2,6.6,8.5,3,1,3.7,3.2,20,20.8,65,64,22.7,5.2,30.6,20.9,7.0,8.0,4.2,1.4
SUJ-3611,Manufactura,São Paulo,Técnico,Empresa propia,Casado,22,10,19,4071,3.54,33.8,81,8.9,8.3,5.9,5.2,7.8,9.0,7.52,6.2,9,8.5,7.2,4.0,1,1,4.7,3.5,39,31.0,31,69,25.6,10.1,18.0,15.0,12.0,13.9,2.0,3.4
SUJ-3612,Tecnología,Cali,Universitario,Empresa propia,Casado,24,3,9,720,4.73,59.1,81,10.0,6.4,8.9,4.6,6.4,6.6,7.15,10.0,19,8.8,9.5,7.1,1,2,3.9,5.9,22,33.4,54,61,20.4,17.4,13.6,14.2,21.9,6.7,3.3,2.5
SUJ-3613,Finanzas,Bogotá,Universitario,Franquicia,Soltero,37,3,10,6442,1.0,26.5,81,6.9,5.6,9.8,7.0,8.1,8.9,7.72,7.5,14,9.5,8.6,9.5,2,0,5.3,4.7,17,21.6,43,62,25.4,22.0,19.1,11.1,13.3,6.4,1.4,1.3
SUJ-3614,Inmuebles,São Paulo,Maestría,Empresa propia,Soltero,25,10,13,1031,1.0,52.5,76,9.4,8.5,7.0,7.7,8.0,7.9,8.08,6.9,36,7.5,8.3,7.4,2,1,5.1,2.6,20,21.2,36,48,24.8,15.1,26.3,2.7,18.9,1.3,8.5,2.4
SUJ-3615,Finanzas,Buenos Aires,Universitario,Empresa propia,Soltero,18,6,6,500,1.94,62.1,57,8.4,4.7,7.2,5.7,7.4,7.1,6.75,5.3,29,4.1,7.8,7.1,2,4,5.4,5.1,33,35.1,47,55,22.6,15.2,18.3,14.2,12.0,8.5,7.5,1.7
SUJ-3616,Tecnología,Monterrey,Técnico,Startup escalada,Casado,20,6,10,12061,1.52,56.8,110,8.5,9.3,9.0,8.0,9.3,9.7,8.97,8.3,42,5.4,9.3,10.0,1,1,5.7,3.1,16,36.0,43,57,21.0,22.7,15.5,16.1,7.2,8.0,5.0,4.5
SUJ-3617,Retail/Comercio,São Paulo,Universitario,E-commerce,Casado,24,3,9,4132,4.14,4.0,54,7.4,5.2,7.1,6.8,8.4,6.9,6.97,8.0,23,6.9,8.7,7.4,0,1,4.6,1.5,76,27.2,48,68,35.5,5.2,17.0,16.2,12.1,6.2,6.6,1.2
SUJ-3618,Servicios,Bogotá,Técnico,Holding,Soltero,21,10,20,5955,2.73,17.4,74,6.7,4.5,6.7,6.2,7.5,8.0,6.6,6.9,1,8.9,8.4,9.6,3,5,5.2,4.8,26,27.8,49,47,26.2,32.1,15.4,13.2,8.6,3.0,1.0,0.5
SUJ-3619,Inmuebles,Santiago,Técnico,Empresa propia,Casado,31,14,15,8697,10.86,58.5,113,10.0,10.0,10.0,9.5,10.0,10.0,9.92,6.6,50,5.1,4.7,8.4,4,3,7.4,0.5,8,26.7,24,51,21.0,12.7,22.9,14.2,15.9,6.8,5.9,0.6
SUJ-3620,Tecnología,Medellín,Universitario,Empresa propia,Casado,17,9,22,4100,118.25,59.1,84,8.2,7.6,5.0,7.0,9.7,8.1,7.6,6.6,16,4.2,7.8,7.9,1,1,4.6,5.5,6,56.3,47,50,25.4,16.1,21.3,13.7,11.7,6.9,4.7,0.2
SUJ-3621,Manufactura,Bogotá,Maestría,Franquicia,Soltero,25,5,12,500,3.96,7.9,63,6.3,6.5,5.8,3.7,7.0,5.7,5.83,5.1,27,7.3,7.1,5.1,1,1,7.1,4.5,12,21.9,56,50,27.8,17.9,14.2,16.8,11.9,4.6,5.2,1.6
SUJ-3622,Finanzas,Caracas,Doctorado,Empresa propia,Casado,32,12,15,2330,1.0,40.3,89,8.1,9.2,8.0,6.3,10.0,7.2,8.13,8.9,30,6.6,7.0,7.9,0,1,5.1,2.4,31,19.5,38,63,31.4,15.6,18.2,14.3,6.5,7.1,4.7,2.2
SUJ-3623,Tecnología,CDMX,Maestría,Empresa propia,Soltero,22,8,11,1728,1.75,46.8,75,6.7,6.4,5.2,6.5,7.6,9.1,6.92,9.3,25,6.9,8.4,10.0,0,3,3.9,3.9,98,31.3,54,70,20.8,12.3,11.8,24.4,14.6,7.6,4.7,3.8
SUJ-3624,Servicios,Monterrey,Universitario,Startup escalada,Unión libre,28,5,10,30316,1.92,37.9,61,7.6,6.4,7.4,5.4,6.4,3.8,6.17,3.6,10,8.2,8.2,10.0,1,2,6.6,2.4,5,17.9,65,45,21.3,15.0,18.1,19.2,12.0,11.2,3.3,-0.1
SUJ-3625,Finanzas,Monterrey,Universitario,Empresa familiar,Casado,25,12,18,10761,5.65,27.0,75,8.5,6.8,7.4,5.7,8.0,5.6,7.0,7.2,19,7.0,9.0,9.0,0,4,6.0,3.9,48,33.9,35,64,22.5,13.7,17.6,15.8,9.2,11.0,8.8,1.4
SUJ-3626,Finanzas,Bucaramanga,Posgrado,Empresa propia,Casado,25,6,12,4805,5.49,62.9,67,7.9,7.1,7.9,4.8,7.0,7.0,6.95,7.7,10,5.4,7.8,5.8,0,3,5.6,0.4,13,30.9,40,70,28.5,20.1,11.2,11.7,12.5,7.7,6.8,1.5
SUJ-3627,Tecnología,São Paulo,Maestría,Empresa propia,Casado,29,1,9,523,1.96,63.5,69,6.9,5.7,5.9,6.3,8.1,6.4,6.55,8.5,21,8.4,6.8,7.5,1,2,4.8,2.7,28,32.7,57,61,30.7,25.0,19.3,12.6,1.8,0.9,7.8,1.9
SUJ-3628,Servicios,Barranquilla,Doctorado,Empresa familiar,Casado,17,5,9,985,5.25,53.5,73,7.5,8.5,5.7,7.0,9.5,5.7,7.32,6.7,9,6.5,6.7,5.7,0,4,6.0,1.3,3,27.8,60,75,38.7,13.3,14.8,7.9,11.3,9.3,3.4,1.3
SUJ-3629,Inmuebles,São Paulo,Técnico,Empresa propia,Casado,33,9,15,13408,3.5,39.2,82,8.9,5.6,7.2,6.7,6.4,8.8,7.27,7.1,22,7.2,10.0,7.3,2,2,6.6,7.0,14,31.9,49,56,24.4,20.0,18.7,10.3,17.9,6.6,2.1,-0.0
SUJ-3630,Manufactura,Barranquilla,Bachillerato,Holding,Casado,17,4,9,23268,4.93,7.5,84,7.7,9.0,6.4,8.5,10.0,9.0,8.43,7.8,21,8.9,9.7,8.6,0,1,4.4,3.2,1,22.7,47,55,28.6,15.6,19.5,15.7,6.2,5.1,6.7,2.6
SUJ-3631,Inmuebles,Cali,Posgrado,Empresa familiar,Unión libre,32,1,13,500,1.0,31.0,62,6.1,7.6,6.0,6.6,7.6,6.8,6.78,7.6,38,5.5,7.9,8.3,1,3,4.3,2.8,15,21.7,47,51,16.2,28.1,22.2,10.7,13.5,5.6,2.3,1.4
SUJ-3632,Tecnología,Buenos Aires,Maestría,Empresa familiar,Casado,28,12,12,19298,1.4,38.5,77,9.1,7.2,9.5,5.4,10.0,8.9,8.35,8.6,27,6.3,5.9,6.0,1,2,3.5,2.8,181,28.1,36,55,25.2,17.8,18.4,16.6,6.0,10.7,5.0,0.3
SUJ-3633,Retail/Comercio,Lima,Maestría,Franquicia,Soltero,28,18,32,3831,46.88,33.8,69,8.2,6.1,7.4,6.5,8.2,7.4,7.3,5.6,22,8.8,8.0,7.8,1,0,5.2,1.6,9,36.9,51,57,35.8,9.7,14.3,12.4,8.6,9.9,8.7,0.6
SUJ-3634,Finanzas,CDMX,Posgrado,Empresa propia,Unión libre,35,5,8,1922,1.0,72.5,83,9.8,8.9,9.0,10.0,9.7,5.7,8.85,5.5,15,5.7,8.9,7.1,2,2,7.1,4.0,25,36.4,18,60,28.9,14.7,18.5,11.7,8.7,11.4,3.1,3.0
SUJ-3635,Tecnología,Santiago,Doctorado,Empresa propia,Casado,33,4,6,862,3.46,40.4,59,3.6,6.7,5.6,3.8,5.7,5.8,5.2,6.8,19,7.8,8.7,7.8,3,1,6.7,3.5,40,28.6,64,61,15.4,23.3,25.9,13.0,17.1,3.2,0.3,1.8
SUJ-3636,Retail/Comercio,Bogotá,Posgrado,Startup escalada,Casado,30,2,7,11818,3.99,41.4,72,9.4,5.3,5.9,6.5,9.5,7.6,7.37,5.1,10,4.3,8.8,7.8,0,0,3.0,0.8,10,30.0,40,66,29.1,23.1,11.3,11.2,9.0,9.7,4.9,1.7
SUJ-3637,Agroindustria,CDMX,Maestría,Startup escalada,Unión libre,24,4,11,5062,3.27,10.6,48,6.8,5.4,5.7,1.9,4.8,6.1,5.12,10.0,29,7.6,9.6,5.1,2,3,4.4,2.3,1,18.9,55,72,19.9,26.3,24.0,6.1,12.3,3.8,4.1,3.5
SUJ-3638,Tecnología,Buenos Aires,Doctorado,E-commerce,Soltero,23,1,6,14290,5.19,30.7,82,9.6,6.8,8.0,7.3,8.8,8.5,8.17,5.9,26,9.0,7.1,9.4,0,0,6.7,0.7,8,29.6,43,50,28.6,19.6,11.7,16.0,11.9,6.3,3.9,2.0
SUJ-3639,Finanzas,Barranquilla,Maestría,Startup escalada,Soltero,31,2,10,2051,2.58,70.5,97,7.7,8.7,10.0,8.5,10.0,10.0,9.15,8.8,0,5.8,7.4,10.0,0,2,5.5,3.1,3,25.8,33,69,30.5,20.5,17.1,7.6,8.8,6.9,4.9,3.7
SUJ-3640,Tecnología,CDMX,Universitario,Holding,Soltero,28,7,11,9079,8.0,55.7,93,8.8,8.6,10.0,7.0,10.0,8.4,8.8,9.7,29,8.2,9.5,8.8,1,1,4.1,3.1,3,30.7,36,72,19.0,17.0,18.1,20.0,12.0,8.6,3.5,1.8
SUJ-3641,Finanzas,Caracas,Universitario,Holding,Casado,27,1,5,1005,2.54,55.0,84,8.1,6.2,9.4,6.1,8.5,8.3,7.77,7.8,22,7.4,5.9,5.4,1,4,5.1,3.4,46,28.9,33,63,23.9,19.0,13.1,16.7,3.4,14.4,8.7,0.8
SUJ-3642,Servicios,Bogotá,Posgrado,Startup escalada,Casado,25,1,4,752,2.13,34.2,80,8.4,5.1,10.0,6.2,8.6,8.7,7.83,6.2,40,3.6,8.8,8.6,2,4,3.2,1.4,7,21.8,46,43,20.8,18.3,22.7,21.0,6.9,7.0,2.8,0.5
SUJ-3643,Retail/Comercio,Bucaramanga,Universitario,Holding,Unión libre,23,7,17,1145,2.14,4.6,100,10.0,7.6,9.4,6.0,10.0,10.0,8.83,7.6,9,6.4,9.1,5.4,1,0,6.3,3.4,17,15.8,22,55,29.0,10.7,16.6,12.5,14.9,8.1,7.5,0.7
SUJ-3644,Retail/Comercio,Cali,Maestría,E-commerce,Soltero,17,4,11,13239,7.44,24.7,65,7.4,7.5,7.6,4.8,8.8,5.6,6.95,5.3,44,7.2,7.8,10.0,0,0,5.5,0.0,7,29.2,38,60,17.2,28.8,16.7,13.9,13.4,3.8,3.8,2.4
SUJ-3645,Inmuebles,Bucaramanga,Técnico,Empresa propia,Casado,29,8,10,8528,1.0,8.7,69,8.7,6.3,8.7,5.4,6.7,7.8,7.27,5.2,29,8.6,8.1,10.0,0,4,6.6,2.9,7,17.2,59,46,23.7,14.3,18.3,15.1,14.9,5.3,7.3,1.1
SUJ-3646,Tecnología,Barranquilla,Universitario,Holding,Unión libre,24,5,9,1451,3.6,45.1,91,10.0,9.4,9.8,8.0,10.0,7.5,9.12,10.0,27,6.5,7.9,6.9,5,2,4.1,1.6,17,28.6,29,63,24.8,16.6,16.4,22.2,9.9,5.4,3.5,1.2
SUJ-3647,Retail/Comercio,Medellín,Maestría,Franquicia,Casado,24,6,7,3886,1.0,44.5,70,8.2,8.5,8.5,2.6,7.8,6.4,7.0,4.9,16,8.0,8.7,5.8,2,4,4.3,3.5,17,30.2,51,57,26.5,21.1,19.1,9.5,11.8,7.4,2.9,1.7
SUJ-3648,Retail/Comercio,São Paulo,Técnico,Empresa propia,Soltero,17,10,26,11540,26.94,34.7,60,7.2,5.7,6.4,5.1,5.9,7.5,6.3,4.7,0,5.5,4.5,8.5,3,3,4.6,4.1,12,40.1,50,53,30.1,21.7,11.6,12.4,13.8,5.2,2.6,2.6
SUJ-3649,Manufactura,Barranquilla,Universitario,Startup escalada,Casado,26,5,12,2691,9.24,16.2,52,7.7,5.6,5.6,3.3,7.3,6.1,5.93,8.5,23,3.9,9.8,8.6,0,1,6.6,1.5,9,27.0,58,70,27.3,20.6,10.7,19.1,11.7,5.0,3.8,1.8
SUJ-3650,Salud/Farma,Cali,Universitario,Holding,Unión libre,17,9,8,20333,1.0,27.0,61,4.7,6.7,6.0,5.0,6.4,6.2,5.83,6.5,30,2.1,6.1,8.1,1,1,4.9,5.3,31,20.0,49,55,37.0,13.0,15.9,21.7,4.4,5.8,2.3,-0.1
SUJ-3651,Inmuebles,Bogotá,Posgrado,Empresa familiar,Unión libre,23,5,6,19683,3.57,29.7,96,10.0,5.4,8.7,9.9,9.0,10.0,8.83,9.3,27,4.7,6.3,8.9,0,0,6.3,0.0,15,28.3,37,50,20.9,10.7,11.0,14.8,20.9,19.0,2.2,0.5
SUJ-3652,Finanzas,Caracas,Técnico,Empresa propia,Casado,30,4,6,6439,1.74,52.5,71,9.3,5.5,7.2,5.0,8.1,6.5,6.93,2.1,22,1.9,6.5,7.4,3,1,5.4,1.1,12,22.8,58,44,27.0,14.8,9.5,17.5,13.7,11.1,4.2,2.2
SUJ-3653,Servicios,Buenos Aires,Maestría,Holding,Unión libre,26,3,10,7996,5.47,13.3,62,7.1,5.6,5.5,3.3,7.5,7.0,6.0,7.2,24,3.2,7.9,5.5,2,2,6.0,1.3,2,20.0,68,79,29.8,17.0,20.2,16.0,14.8,1.2,0.0,1.0
SUJ-3654,Tecnología,Lima,Universitario,Empresa propia,Soltero,25,1,2,8472,4.47,50.7,71,8.3,7.7,5.6,3.5,7.9,8.1,6.85,5.4,16,0.0,7.7,9.0,1,3,4.7,3.7,3,25.6,58,63,13.3,21.6,15.0,22.8,13.6,5.2,3.6,4.9
SUJ-3655,Tecnología,Bucaramanga,Maestría,Startup escalada,Soltero,21,2,3,2392,1.0,54.5,77,9.1,4.8,6.0,6.2,7.1,5.8,6.5,4.4,22,4.3,6.9,9.5,1,1,5.0,3.2,2,23.1,51,51,25.2,27.3,12.8,10.4,15.0,5.2,2.0,2.1
SUJ-3656,Tecnología,Barranquilla,Universitario,Empresa propia,Unión libre,22,1,6,3637,1.95,58.4,47,5.1,5.6,7.1,5.7,7.8,5.0,6.05,5.2,18,2.8,7.6,5.3,2,1,5.7,1.6,8,24.7,68,57,38.7,11.3,12.0,21.7,4.5,5.1,3.8,2.9
SUJ-3657,Finanzas,Buenos Aires,Universitario,Holding,Soltero,35,3,9,1168,1.0,51.2,60,10.0,4.9,5.7,2.7,8.0,4.9,6.03,5.0,15,5.3,7.9,8.5,4,0,5.4,2.0,1,20.7,58,59,37.2,13.9,10.5,10.4,10.6,11.5,4.1,1.8
SUJ-3658,Retail/Comercio,Caracas,Técnico,Startup escalada,Soltero,30,10,14,20708,1.73,5.5,52,4.5,5.7,6.5,5.3,7.1,2.9,5.33,6.9,3,6.2,7.2,10.0,1,3,4.8,3.7,9,17.5,70,61,29.4,28.8,14.3,11.5,4.0,6.9,4.0,1.1
SUJ-3659,Manufactura,Bucaramanga,Bachillerato,Empresa propia,Soltero,23,7,12,10294,3.64,7.2,92,7.0,7.3,8.5,6.1,8.8,9.4,7.85,6.5,22,2.6,6.9,7.8,1,2,4.8,1.1,11,22.2,35,56,27.7,28.9,10.4,13.7,13.3,2.4,3.5,0.1
SUJ-3660,Agroindustria,Barranquilla,Posgrado,Empresa familiar,Casado,25,5,6,500,1.0,28.0,71,8.3,6.0,9.0,5.6,7.5,7.8,7.37,8.2,31,9.2,9.2,8.3,2,2,6.3,4.9,6,26.4,56,63,32.3,12.4,21.3,13.5,7.8,7.8,3.7,1.2
SUJ-3661,Retail/Comercio,Cali,Técnico,Startup escalada,Casado,27,4,12,6377,5.07,24.8,70,6.8,5.6,5.3,7.3,6.4,6.4,6.3,4.5,4,9.1,5.6,6.7,2,2,6.0,1.1,15,27.6,52,46,21.2,9.2,20.8,20.8,11.2,10.6,4.0,2.2
SUJ-3662,Retail/Comercio,Bucaramanga,Universitario,Empresa propia,Soltero,28,6,5,3361,1.0,22.2,70,7.5,5.8,6.8,5.1,7.6,5.9,6.45,8.1,31,5.7,7.3,9.0,0,1,4.9,1.9,92,27.9,46,63,25.8,17.9,18.8,15.9,6.5,10.2,2.5,2.4
SUJ-3663,Tecnología,Barranquilla,Posgrado,Empresa propia,Unión libre,25,7,12,13511,1.71,48.9,57,6.7,6.9,5.4,5.3,5.4,7.9,6.27,8.9,26,7.2,8.5,7.9,5,1,6.9,3.9,11,24.1,54,65,25.8,27.5,10.6,5.4,19.5,8.9,0.0,2.3
SUJ-3664,Tecnología,Bogotá,Universitario,Empresa propia,Unión libre,17,2,14,3370,1.0,48.9,79,8.6,5.5,7.7,5.3,8.0,10.0,7.52,9.1,29,6.6,8.6,7.5,0,1,4.6,6.2,76,28.8,36,59,37.7,12.3,16.3,11.4,10.2,9.8,0.4,1.9
SUJ-3665,Retail/Comercio,Caracas,Técnico,Empresa propia,Soltero,25,8,13,8265,1.0,4.0,97,7.9,6.3,10.0,6.9,10.0,10.0,8.52,8.4,12,4.8,8.8,7.6,0,3,3.4,0.9,31,23.7,35,68,28.0,12.3,14.6,20.3,11.4,8.7,2.3,2.4
SUJ-3666,Retail/Comercio,Cali,Maestría,Startup escalada,Soltero,25,5,6,1449,1.91,52.6,64,6.0,4.3,6.5,5.1,10.0,6.7,6.43,7.9,20,2.9,8.5,6.5,0,2,5.0,3.0,7,29.8,49,71,29.4,9.4,17.4,12.9,18.6,7.9,2.7,1.7
SUJ-3667,Servicios,Buenos Aires,Doctorado,Empresa familiar,Casado,38,8,14,6545,1.0,20.5,84,9.8,6.5,7.3,6.1,9.1,7.6,7.73,6.4,23,4.7,7.5,6.9,6,1,5.2,1.8,36,17.1,37,60,14.8,21.6,26.0,11.1,15.6,4.2,5.0,1.7
SUJ-3668,Tecnología,Buenos Aires,Técnico,Empresa propia,Casado,42,7,12,2783,17.63,52.6,71,7.1,6.2,7.1,2.9,7.5,7.6,6.4,9.1,31,4.9,6.1,8.7,2,1,6.4,0.0,58,46.0,49,70,31.3,21.6,7.8,13.2,10.1,7.7,3.8,4.5
SUJ-3669,Tecnología,Lima,Técnico,Franquicia,Soltero,29,1,8,1441,23.24,53.5,62,6.9,5.9,6.0,5.2,8.3,6.4,6.45,8.9,13,8.8,7.9,6.9,2,1,4.7,4.7,116,45.1,42,61,27.5,18.1,14.7,12.2,4.8,12.2,7.2,3.3
SUJ-3670,Retail/Comercio,CDMX,Doctorado,E-commerce,Soltero,21,12,19,7725,8.17,41.9,85,8.0,7.1,8.8,7.3,8.9,9.2,8.22,7.0,23,8.9,7.9,8.0,0,3,5.6,6.3,8,35.4,45,48,27.1,13.6,19.5,17.6,10.0,6.5,2.3,3.4
SUJ-3671,Finanzas,Medellín,Bachillerato,Empresa propia,Soltero,30,7,16,8143,14.43,57.7,50,6.6,4.0,2.0,4.4,7.6,7.0,5.27,5.6,25,3.5,8.4,6.4,0,2,4.6,6.2,84,42.4,60,47,24.6,22.2,18.5,8.8,13.5,7.7,2.7,2.0
SUJ-3672,Tecnología,Bogotá,Doctorado,Empresa propia,Soltero,17,5,9,32764,9.21,51.4,53,5.7,7.6,5.3,5.6,6.8,6.1,6.18,5.9,36,6.0,6.9,6.0,1,5,5.7,3.0,29,29.9,55,62,41.3,10.2,4.3,23.2,5.4,9.3,2.3,4.0
SUJ-3673,Inmuebles,Cali,Bachillerato,Empresa propia,Soltero,22,9,12,8847,4.48,19.5,96,10.0,8.8,9.1,7.6,10.0,9.3,9.13,5.2,15,6.9,7.5,7.1,2,1,5.0,6.5,60,27.7,42,55,31.5,10.2,11.8,18.9,19.1,3.2,2.1,3.2
SUJ-3674,Tecnología,Bucaramanga,Maestría,E-commerce,Casado,17,2,5,5800,1.0,69.7,67,6.1,5.0,7.9,3.5,9.2,5.1,6.13,6.1,17,10.0,7.2,8.6,6,1,4.8,4.5,21,18.6,55,49,35.5,10.5,24.0,11.0,6.1,6.8,5.3,0.8
SUJ-3675,Manufactura,Buenos Aires,Universitario,Holding,Casado,29,1,5,19499,4.78,25.6,88,7.1,7.5,9.7,6.2,8.8,9.1,8.07,8.4,32,2.6,6.4,4.6,1,5,4.3,0.9,81,27.6,41,68,16.6,25.4,13.3,18.8,14.1,5.0,3.8,3.0
SUJ-3676,Finanzas,São Paulo,Doctorado,Holding,Casado,18,9,16,14095,18.85,56.4,71,6.2,7.7,6.2,4.4,7.7,8.0,6.7,8.9,25,10.0,8.6,7.8,0,2,6.3,0.6,5,33.2,56,78,42.1,20.6,11.5,7.8,4.7,5.7,5.7,1.9
SUJ-3677,Tecnología,Caracas,Universitario,Empresa propia,Soltero,24,11,12,6365,1.97,37.2,40,6.3,3.4,4.2,0.2,5.8,5.9,4.3,6.6,33,5.7,8.2,7.9,1,4,5.5,1.4,52,26.5,77,63,25.7,15.5,16.5,16.7,11.0,8.1,5.0,1.5
SUJ-3678,Finanzas,Bogotá,Posgrado,Startup escalada,Casado,25,8,11,5728,3.11,57.2,81,6.8,6.7,5.5,7.6,10.0,5.9,7.08,6.7,23,4.4,9.5,7.2,2,4,5.3,0.0,1,28.7,39,59,15.2,16.6,24.1,22.5,8.3,5.1,5.3,2.9
SUJ-3679,Inmuebles,Cali,Técnico,Holding,Soltero,25,10,16,22774,3.92,11.7,77,6.3,6.2,7.7,9.7,10.0,8.1,8.0,6.4,24,3.6,10.0,9.8,1,2,4.8,2.5,55,24.6,35,52,39.6,18.4,13.3,3.9,8.9,9.9,4.6,1.4
SUJ-3680,Finanzas,Cali,Universitario,Startup escalada,Soltero,23,2,12,7680,1.03,42.5,62,7.5,7.2,9.9,4.2,7.3,5.7,6.97,5.8,9,4.1,7.4,10.0,0,3,5.3,1.2,14,23.7,37,49,20.1,21.9,19.0,20.8,8.0,7.5,2.3,0.4
SUJ-3681,Inmuebles,Bucaramanga,Maestría,Franquicia,Casado,28,5,8,10007,1.0,33.6,87,10.0,8.0,8.6,6.9,9.2,9.4,8.68,5.8,3,8.9,8.8,9.4,3,2,4.1,3.0,14,18.3,26,64,32.5,27.4,12.7,2.1,4.4,15.9,2.9,2.1
SUJ-3682,Tecnología,Cali,Posgrado,Startup escalada,Casado,18,4,11,725,6.41,76.7,85,10.0,6.4,7.2,5.3,9.9,8.6,7.9,9.6,16,8.7,8.2,8.3,0,2,6.2,2.6,50,37.9,45,67,33.4,18.1,15.6,8.0,10.7,8.6,4.3,1.3
SUJ-3683,Inmuebles,Santiago,Doctorado,Startup escalada,Soltero,36,11,16,10135,7.71,40.9,62,6.7,8.5,6.7,5.3,7.6,5.7,6.75,6.6,21,6.2,7.4,7.7,0,2,3.9,5.7,182,37.3,58,64,19.6,22.9,21.4,13.3,10.2,8.4,3.0,1.2
SUJ-3684,Finanzas,Bogotá,Universitario,Franquicia,Casado,19,9,17,2459,19.2,68.2,87,5.3,6.1,5.5,8.2,10.0,10.0,7.52,7.3,21,6.6,7.8,10.0,3,3,4.1,3.3,1,36.3,54,72,25.8,22.9,16.7,18.8,11.0,3.4,1.5,-0.1
SUJ-3685,Manufactura,Barranquilla,Maestría,Franquicia,Unión libre,26,11,17,982,3.36,31.2,75,7.5,6.6,8.5,6.5,8.6,7.1,7.47,3.3,19,6.8,7.2,7.5,2,3,6.4,1.7,9,26.3,51,44,32.1,19.4,10.8,14.2,10.2,8.1,4.5,0.7
SUJ-3686,Manufactura,Buenos Aires,Universitario,Empresa familiar,Casado,29,4,10,15159,3.85,9.3,73,9.1,8.0,9.1,7.1,5.6,6.6,7.58,6.0,30,2.0,7.4,7.0,3,0,3.8,0.7,144,28.5,51,58,27.5,14.1,18.1,15.8,15.1,6.5,1.0,1.9
SUJ-3687,Agroindustria,Buenos Aires,Doctorado,Holding,Casado,30,2,17,9400,1.96,4.0,62,5.4,5.5,6.2,7.0,7.5,6.0,6.27,5.9,25,3.5,7.5,7.9,2,1,6.1,0.6,14,17.7,65,70,33.4,17.7,16.4,15.1,2.5,7.8,5.0,2.1
SUJ-3688,Finanzas,Barranquilla,Doctorado,Startup escalada,Unión libre,30,12,28,4188,980.0,58.8,60,6.7,5.1,5.1,7.2,7.1,4.1,5.88,8.3,25,10.0,8.1,9.0,1,2,5.4,5.8,7,59.8,79,64,31.1,23.9,14.7,10.6,9.6,5.3,4.5,0.3
SUJ-3689,Tecnología,Bogotá,Universitario,Startup escalada,Casado,17,7,12,4516,2.19,38.4,91,9.4,8.3,8.0,7.3,9.7,6.9,8.27,8.8,20,8.5,6.5,6.6,1,1,4.7,3.2,10,25.7,40,62,24.6,15.7,19.8,10.5,9.9,9.7,7.7,2.1
SUJ-3690,Tecnología,Medellín,Maestría,E-commerce,Casado,20,11,14,1756,9.11,30.8,77,9.5,6.9,7.1,4.9,9.1,9.2,7.78,8.9,3,7.2,7.3,7.3,3,3,6.4,0.0,48,37.0,46,66,25.9,23.0,13.6,8.9,9.6,13.7,1.7,3.6
SUJ-3691,Servicios,São Paulo,Maestría,Empresa propia,Soltero,26,6,13,500,5.46,8.4,85,7.5,6.2,8.9,5.7,7.8,8.4,7.42,5.1,31,3.7,5.8,9.1,2,1,5.0,3.8,197,30.7,37,51,33.4,28.5,8.8,10.9,5.7,8.5,4.0,0.2
SUJ-3692,Retail/Comercio,Bogotá,Universitario,Empresa propia,Soltero,28,15,23,3438,3.99,32.2,66,8.4,6.9,7.1,5.1,8.3,7.4,7.2,9.3,21,7.1,7.9,10.0,1,1,5.8,6.2,30,28.3,33,64,24.1,13.7,12.9,20.1,17.6,8.4,1.4,1.8
SUJ-3693,Inmuebles,Monterrey,Posgrado,Empresa familiar,Casado,33,11,22,1285,1.0,20.6,79,8.8,5.8,7.6,5.8,8.1,8.2,7.38,6.5,11,6.5,7.7,6.9,4,4,5.2,1.9,15,16.8,47,64,27.6,21.4,19.2,3.7,15.6,8.1,2.5,1.9
SUJ-3694,Finanzas,Cali,Bachillerato,Empresa propia,Casado,22,6,4,4381,6.64,65.7,68,7.0,4.3,6.9,3.6,6.0,7.3,5.85,5.9,42,6.0,10.0,6.8,2,3,4.5,3.9,18,32.1,67,43,31.5,17.6,13.3,18.1,7.6,4.7,5.3,1.9
SUJ-3695,Finanzas,CDMX,Maestría,Empresa propia,Soltero,20,7,12,14357,5.62,54.1,81,9.3,7.3,7.0,6.2,9.7,8.0,7.92,7.9,34,8.4,8.7,7.6,1,0,5.1,3.1,2,31.1,39,58,27.2,13.9,23.4,13.5,14.9,4.9,0.8,1.4
SUJ-3696,Tecnología,Bucaramanga,Técnico,Holding,Unión libre,22,7,11,975,1.68,55.0,53,7.2,3.9,6.6,4.6,7.1,5.0,5.73,9.4,23,5.1,7.8,3.9,2,2,3.6,4.0,112,29.1,68,68,29.5,12.8,14.8,10.8,16.0,7.6,6.3,2.2
SUJ-3697,Salud/Farma,Santiago,Bachillerato,Holding,Soltero,39,2,5,769,1.0,32.1,54,8.0,5.2,5.9,3.3,4.7,6.6,5.62,7.8,15,6.3,6.4,5.9,0,0,5.9,5.8,12,19.0,67,75,23.1,6.3,23.0,16.8,10.4,13.1,2.7,4.6
SUJ-3698,Manufactura,CDMX,Universitario,Empresa propia,Casado,35,5,6,18590,4.28,33.3,57,8.2,5.9,3.9,4.6,5.2,6.3,5.68,5.2,5,4.8,5.7,7.7,1,2,5.6,0.2,8,24.8,55,49,19.4,28.7,20.7,11.0,9.9,6.7,2.3,1.3
SUJ-3699,Agroindustria,Barranquilla,Posgrado,Empresa propia,Soltero,24,5,10,10936,1.27,28.0,72,6.1,6.7,8.2,4.2,6.8,6.0,6.33,8.4,24,7.2,5.4,9.2,1,3,5.4,2.8,5,17.6,48,66,27.4,20.6,17.1,15.1,7.9,8.3,3.5,0.1
SUJ-3700,Finanzas,Bucaramanga,Maestría,Franquicia,Soltero,33,8,16,500,2.87,36.7,42,5.7,8.4,4.5,4.0,3.8,5.6,5.33,9.4,11,3.7,9.2,7.3,1,1,5.1,0.6,92,34.9,70,65,25.3,20.0,13.6,15.6,11.9,7.2,2.6,3.8
SUJ-3701,Manufactura,Bucaramanga,Doctorado,Empresa propia,Casado,22,4,6,663,2.53,42.4,79,8.0,8.8,7.2,5.1,8.1,9.8,7.83,5.5,21,5.4,8.1,5.9,3,0,6.4,1.4,51,28.0,42,49,26.2,16.9,17.3,17.7,7.2,7.9,4.1,2.7
SUJ-3702,Manufactura,São Paulo,Universitario,Startup escalada,Soltero,31,6,12,9239,3.91,33.6,81,8.7,7.8,10.0,6.7,9.6,8.5,8.55,7.5,24,7.4,9.6,9.3,1,2,4.4,2.7,3,23.3,43,53,26.3,11.9,21.7,15.2,12.5,4.1,5.9,2.4
SUJ-3703,Finanzas,Bucaramanga,Bachillerato,Empresa propia,Soltero,17,5,12,3700,2.58,42.6,49,5.7,5.5,6.1,5.0,6.9,4.7,5.65,7.0,29,4.9,9.9,5.9,2,2,4.1,2.1,13,29.7,52,67,32.2,19.4,16.4,12.4,10.9,3.3,2.7,2.7
SUJ-3704,Servicios,Buenos Aires,Maestría,Startup escalada,Casado,28,7,19,10303,5.28,32.9,67,7.4,7.2,7.8,6.4,7.1,7.2,7.18,7.6,30,5.8,7.8,4.2,3,2,4.7,6.8,24,34.4,67,55,31.5,15.5,18.7,10.7,14.2,3.0,5.1,1.3
SUJ-3705,Agroindustria,Santiago,Posgrado,Startup escalada,Casado,32,12,20,4146,1.0,4.0,97,9.4,8.2,8.2,9.6,8.4,10.0,8.97,5.5,15,10.0,9.0,6.4,3,1,6.7,4.4,196,24.2,34,55,24.9,18.6,17.5,6.7,16.4,9.8,4.7,1.4
SUJ-3706,Servicios,Buenos Aires,Universitario,Holding,Casado,24,11,17,27483,7.31,34.1,66,6.4,5.9,5.9,5.9,7.9,5.5,6.25,5.8,34,9.1,9.5,7.5,4,0,4.5,0.9,16,28.5,59,65,26.4,15.6,13.8,17.7,7.1,13.0,2.5,3.9
SUJ-3707,Inmuebles,Cali,Universitario,Empresa propia,Unión libre,29,2,9,9484,1.0,35.7,59,6.7,5.5,8.2,4.8,7.6,5.6,6.4,8.2,22,7.7,7.1,7.8,3,1,6.0,4.9,2,18.3,65,51,28.8,8.6,17.8,18.3,14.0,5.2,4.1,3.2
SUJ-3708,Finanzas,Monterrey,Posgrado,E-commerce,Soltero,22,7,16,500,1.5,18.1,67,8.2,5.5,10.0,6.6,7.0,6.9,7.37,8.5,14,6.6,8.6,6.9,0,0,4.4,4.3,4,21.9,41,72,23.3,20.9,13.7,12.4,9.5,14.2,5.2,0.8
SUJ-3709,Finanzas,Lima,Universitario,Franquicia,Casado,27,6,12,3209,5.01,76.1,88,8.7,10.0,9.7,4.7,8.3,8.2,8.27,8.2,30,6.0,10.0,8.3,3,2,4.8,3.9,13,38.5,39,63,12.3,9.3,27.8,13.9,19.0,10.8,3.2,3.7
SUJ-3710,Salud/Farma,São Paulo,Maestría,Empresa propia,Casado,23,4,13,6633,3.5,8.4,57,5.7,4.1,2.5,4.1,6.9,6.3,4.93,8.9,39,4.1,4.9,6.0,0,1,4.6,3.5,56,22.0,56,61,19.8,24.3,15.3,9.8,10.8,10.1,8.1,1.8
SUJ-3711,Tecnología,Santiago,Posgrado,Startup escalada,Unión libre,30,15,20,1224,19.62,60.4,80,8.7,8.3,6.8,5.6,7.8,9.7,7.82,6.5,27,3.9,6.2,7.9,0,4,6.1,2.9,45,35.7,39,71,35.6,11.6,17.2,14.7,9.4,8.0,2.2,1.3
SUJ-3712,Inmuebles,CDMX,Maestría,E-commerce,Unión libre,18,5,15,500,3.92,51.5,78,8.5,7.9,7.6,5.1,6.3,6.0,6.9,10.0,23,4.3,7.8,5.7,1,5,5.7,1.1,41,35.6,45,63,24.4,26.3,13.6,19.8,5.7,2.7,5.5,2.0
SUJ-3713,Inmuebles,Caracas,Posgrado,Startup escalada,Casado,19,5,9,661,1.0,4.0,72,6.6,7.4,7.0,5.4,6.7,5.7,6.47,5.6,31,7.2,7.6,6.2,0,3,5.0,1.4,17,19.1,60,53,34.2,5.2,23.7,14.6,12.4,4.9,3.4,1.6
SUJ-3714,Manufactura,Cali,Universitario,Empresa propia,Casado,33,13,17,5943,1.87,28.1,67,6.6,6.2,6.6,8.1,6.8,6.4,6.78,8.5,7,5.7,3.5,6.6,5,3,4.5,3.8,29,21.3,54,60,16.2,11.1,27.1,18.1,10.1,11.9,2.6,2.9
SUJ-3715,Salud/Farma,Bogotá,Maestría,Empresa propia,Soltero,17,10,14,8002,1.8,39.1,85,7.2,6.2,6.2,6.2,10.0,8.7,7.42,8.1,8,5.4,7.3,7.0,1,6,5.5,4.2,27,24.9,39,53,31.5,17.4,9.1,8.8,19.8,4.6,5.0,3.8
SUJ-3716,Finanzas,Barranquilla,Posgrado,Empresa familiar,Soltero,22,5,8,780,1.56,63.7,57,6.7,6.0,8.8,5.4,5.9,4.6,6.23,7.4,30,5.7,6.4,5.3,2,3,5.7,2.9,4,27.6,45,66,15.6,25.4,15.3,17.1,11.9,8.1,3.7,2.9
SUJ-3717,Finanzas,Monterrey,Universitario,E-commerce,Casado,25,10,19,8752,123.16,65.1,78,8.1,7.5,8.4,5.0,7.9,10.0,7.82,9.1,33,2.7,9.5,9.7,1,7,5.1,2.3,16,52.0,54,62,18.2,17.8,15.6,10.9,17.9,12.6,7.0,0.0
SUJ-3718,Tecnología,Cali,Posgrado,E-commerce,Casado,28,6,6,7680,1.0,65.4,51,7.4,8.1,4.6,3.3,6.5,6.7,6.1,9.2,13,4.8,9.3,7.9,0,2,4.7,1.5,8,29.2,62,70,28.5,13.8,15.9,12.4,17.8,6.8,4.5,0.3
SUJ-3719,Retail/Comercio,Bogotá,Universitario,E-commerce,Casado,23,6,10,22493,2.28,23.7,85,9.2,8.2,7.4,5.3,9.5,6.8,7.73,8.3,11,5.2,8.3,6.2,1,1,6.7,5.9,26,26.2,48,73,32.9,17.0,13.5,13.9,6.7,10.9,4.0,1.1
SUJ-3720,Finanzas,Monterrey,Maestría,Empresa propia,Casado,19,4,11,14694,8.24,54.5,83,9.4,7.6,8.9,5.4,7.5,8.3,7.85,6.7,15,2.2,9.8,8.7,1,2,4.3,2.8,30,39.1,38,64,18.0,21.1,17.1,23.2,2.5,10.1,5.0,3.0
SUJ-3721,Finanzas,Bogotá,Universitario,Holding,Soltero,33,1,7,22951,5.16,76.3,67,7.4,6.2,6.5,7.3,7.4,7.4,7.03,10.0,31,7.0,9.5,6.9,3,1,5.0,2.1,17,36.5,53,72,20.4,22.9,12.7,19.2,9.6,9.6,4.0,1.6
SUJ-3722,Servicios,Santiago,Maestría,Empresa propia,Casado,32,1,7,27076,4.16,39.8,69,8.4,5.8,7.2,5.0,9.4,6.0,6.97,6.5,17,7.0,10.0,7.5,2,1,4.5,7.0,6,27.8,51,70,23.0,17.1,25.0,11.8,11.0,8.1,2.3,1.7
SUJ-3723,Agroindustria,São Paulo,Técnico,E-commerce,Soltero,23,3,9,4650,5.68,10.0,79,6.2,7.3,8.3,5.1,9.1,5.9,6.98,7.5,15,8.8,8.7,10.0,0,2,5.4,1.0,14,24.8,38,51,21.6,22.1,12.5,16.1,16.4,6.7,3.6,1.0
SUJ-3724,Tecnología,Caracas,Universitario,E-commerce,Soltero,17,8,15,5354,13.58,67.3,54,6.3,6.0,5.1,5.1,7.3,4.9,5.78,8.9,14,6.0,8.1,8.6,0,2,4.3,2.0,22,40.7,52,62,27.4,11.0,19.5,20.7,11.1,8.2,1.4,0.7
SUJ-3725,Finanzas,Bogotá,Doctorado,Startup escalada,Soltero,27,7,9,2646,4.54,67.1,68,6.9,5.2,9.3,5.6,8.4,8.2,7.27,6.6,25,5.0,8.9,6.7,1,3,5.5,0.0,8,36.4,47,73,6.1,14.5,18.1,32.9,18.2,5.3,3.5,1.4
SUJ-3726,Agroindustria,Monterrey,Maestría,E-commerce,Unión libre,27,11,15,5681,1.0,7.0,72,8.8,5.9,3.9,7.9,7.0,5.8,6.55,7.3,10,4.5,6.4,8.2,1,2,3.8,2.0,146,23.3,46,56,24.6,19.1,12.4,11.7,11.2,14.6,4.6,1.8
SUJ-3727,Tecnología,Bogotá,Técnico,Empresa propia,Soltero,21,2,7,1306,1.0,52.1,49,4.1,3.7,4.4,4.7,7.4,7.0,5.22,4.5,22,7.8,8.6,9.3,0,1,5.6,7.0,6,26.6,62,72,33.5,21.7,12.8,14.5,6.1,5.1,4.7,1.6
SUJ-3728,Tecnología,Caracas,Universitario,E-commerce,Casado,17,13,21,8904,36.67,48.4,84,9.1,8.0,9.2,8.3,8.3,7.1,8.33,8.3,0,7.8,6.9,7.6,1,0,6.1,6.9,2,38.6,36,69,37.9,19.5,11.3,10.7,7.7,9.5,3.5,-0.1
SUJ-3729,Tecnología,CDMX,Universitario,Empresa propia,Soltero,24,13,22,500,32.35,65.3,100,10.0,9.9,8.3,6.0,9.9,6.5,8.43,9.5,17,6.9,8.7,6.8,1,0,5.1,3.4,6,43.5,35,61,14.9,17.3,22.0,18.0,12.1,8.7,4.8,2.2
SUJ-3730,Manufactura,Cali,Posgrado,Empresa propia,Soltero,30,7,13,2149,2.21,19.1,105,10.0,5.3,9.4,7.7,10.0,10.0,8.73,8.1,19,5.4,7.2,7.1,0,1,4.2,3.0,5,16.0,32,57,25.0,15.4,13.4,21.5,13.4,4.6,4.9,1.8
SUJ-3731,Tecnología,Monterrey,Maestría,Empresa propia,Unión libre,31,4,13,1866,1.0,43.6,46,5.2,4.2,7.0,4.9,7.3,4.6,5.53,7.2,42,9.8,4.7,9.8,3,0,5.7,1.6,6,20.4,69,71,31.3,16.5,20.9,12.1,9.9,6.4,0.8,2.1
SUJ-3732,Salud/Farma,CDMX,Maestría,E-commerce,Casado,25,4,10,22230,11.88,42.0,88,9.3,9.9,9.1,5.8,10.0,8.3,8.73,8.2,2,5.8,9.5,6.4,2,3,3.5,0.9,3,31.6,22,65,27.2,19.3,18.0,15.9,10.7,6.9,0.7,1.3
SUJ-3733,Retail/Comercio,Bogotá,Posgrado,Empresa propia,Soltero,22,7,13,1252,5.72,11.5,64,6.7,6.9,6.8,5.3,5.8,7.0,6.42,9.7,30,5.0,6.7,7.4,0,1,5.8,5.0,10,23.2,49,72,26.7,17.9,17.2,7.9,17.2,8.7,4.1,0.3
SUJ-3734,Retail/Comercio,Bogotá,Maestría,Franquicia,Soltero,30,14,23,17714,20.96,31.0,71,8.2,6.9,8.8,4.1,8.5,5.6,7.02,7.8,23,7.5,6.2,8.8,0,0,4.3,1.7,89,37.6,42,55,33.5,21.8,12.6,10.0,7.2,8.2,5.4,1.3
SUJ-3735,Finanzas,Bucaramanga,Universitario,Empresa familiar,Unión libre,19,6,7,1062,4.96,37.9,59,7.9,4.0,5.4,4.8,4.4,4.9,5.23,9.7,32,5.0,8.8,9.6,2,2,3.6,1.8,56,35.8,61,76,22.2,21.1,8.7,19.3,13.9,10.3,4.6,-0.1
SUJ-3736,Retail/Comercio,Monterrey,Técnico,Holding,Soltero,17,1,9,8414,9.27,43.7,80,8.7,8.2,8.4,4.3,9.7,7.5,7.8,7.9,38,3.1,8.4,5.6,0,1,4.3,0.9,7,29.8,59,76,29.2,18.6,14.7,9.3,15.3,9.6,0.5,2.8
SUJ-3737,Manufactura,Santiago,Posgrado,Empresa propia,Casado,25,14,18,3083,1.42,16.2,40,4.9,4.2,5.5,2.6,4.4,5.9,4.58,7.2,23,10.0,9.5,7.8,1,3,6.2,3.9,12,17.4,61,53,33.1,10.4,12.3,19.4,11.4,9.5,2.4,1.5
SUJ-3738,Inmuebles,Bogotá,Doctorado,Empresa propia,Soltero,35,5,15,3038,2.27,32.2,56,7.2,6.4,4.4,3.0,7.2,6.3,5.75,8.6,13,7.8,8.0,7.7,2,1,6.2,3.3,36,23.5,57,71,34.3,13.7,11.5,18.4,10.6,6.0,3.1,2.4
SUJ-3739,Inmuebles,Barranquilla,Maestría,Holding,Soltero,35,12,16,50882,1.0,4.0,42,6.9,7.3,3.8,3.4,6.3,5.2,5.48,8.2,43,6.3,7.9,8.0,3,0,4.1,2.2,6,12.1,47,60,31.2,11.4,7.9,18.7,16.1,8.4,5.0,1.3
SUJ-3740,Manufactura,Buenos Aires,Posgrado,Startup escalada,Soltero,18,9,14,2049,3.08,24.8,64,6.1,4.2,4.2,5.8,6.1,7.8,5.7,7.0,31,6.4,7.3,8.5,3,0,6.3,4.2,11,20.3,54,54,31.8,19.8,16.3,18.3,6.0,3.3,2.8,1.7
SUJ-3741,Servicios,Lima,Posgrado,Empresa propia,Casado,23,6,7,1810,4.66,19.6,68,9.6,8.1,7.3,3.6,8.8,7.9,7.55,8.6,3,3.6,7.7,7.5,2,4,4.0,3.0,4,26.4,46,68,25.0,31.7,18.2,11.4,9.8,3.2,0.8,-0.1
SUJ-3742,Inmuebles,Buenos Aires,Doctorado,Startup escalada,Casado,40,10,17,7119,2.95,32.7,51,5.2,4.6,7.4,4.9,5.5,4.6,5.37,7.6,38,6.3,7.9,7.2,6,2,5.2,1.5,12,24.9,47,61,26.8,15.7,21.2,11.5,9.7,9.1,5.1,0.9
SUJ-3743,Inmuebles,Santiago,Universitario,E-commerce,Soltero,21,4,9,10799,1.47,49.9,79,8.5,8.6,6.6,5.3,6.5,6.9,7.07,8.1,13,5.5,6.7,5.9,2,2,6.9,3.9,35,24.4,58,66,29.8,20.1,8.0,17.1,16.0,1.1,5.3,2.6
SUJ-3744,Tecnología,Cali,Universitario,E-commerce,Casado,35,6,10,32366,5.87,60.8,78,8.5,6.1,4.4,3.3,8.9,8.4,6.6,5.7,26,4.9,7.4,5.7,1,5,5.9,4.6,4,33.8,44,54,23.4,15.7,17.0,14.6,14.0,4.8,7.1,3.4
SUJ-3745,Tecnología,São Paulo,Doctorado,Empresa familiar,Casado,31,5,11,9669,1.67,57.9,84,8.9,6.0,8.0,7.4,9.5,8.1,7.98,8.3,39,3.5,7.8,8.3,2,2,5.6,0.0,180,39.8,45,60,31.2,21.1,10.3,13.3,8.6,8.8,3.7,3.0
SUJ-3746,Tecnología,Medellín,Maestría,Holding,Unión libre,33,6,6,6601,3.89,42.1,91,7.1,8.8,10.0,7.4,10.0,8.7,8.67,8.6,17,3.6,7.0,5.3,3,5,5.7,2.0,16,30.1,31,67,26.9,8.8,16.4,20.3,16.9,5.7,3.3,1.7
SUJ-3747,Manufactura,Barranquilla,Universitario,Startup escalada,Soltero,23,9,13,4209,3.03,54.7,69,5.8,4.1,6.5,5.0,6.4,4.6,5.4,8.5,21,6.1,8.6,7.9,2,1,5.4,0.1,2,23.8,62,64,19.2,19.9,25.7,4.4,14.6,8.9,5.1,2.2
SUJ-3748,Retail/Comercio,Medellín,Universitario,Empresa propia,Soltero,23,9,14,7233,6.87,4.0,75,7.4,5.7,8.2,7.0,5.9,7.5,6.95,8.3,29,6.0,8.1,8.7,1,2,4.9,6.2,49,29.6,43,50,27.3,17.4,18.6,3.6,13.5,11.5,4.8,3.3
SUJ-3749,Retail/Comercio,Bogotá,Universitario,E-commerce,Unión libre,20,1,12,7347,7.73,11.7,58,5.8,4.5,3.0,7.5,6.3,7.1,5.7,7.8,12,6.5,6.3,8.5,1,5,4.7,0.6,7,20.5,67,59,30.9,10.5,16.3,8.2,14.4,12.8,6.9,-0.0
SUJ-3750,Servicios,Caracas,Técnico,E-commerce,Soltero,30,5,12,1964,1.0,11.4,73,8.1,5.7,8.1,5.9,7.9,6.9,7.1,5.2,42,4.9,6.6,10.0,1,1,3.4,3.7,5,15.3,62,54,25.7,15.0,13.9,14.2,19.0,7.4,4.3,0.5
SUJ-3751,Servicios,Cali,Doctorado,Empresa propia,Soltero,17,5,12,8898,16.78,24.8,74,9.4,7.4,9.5,7.3,7.1,7.2,7.98,8.1,26,4.5,8.5,5.8,1,1,5.2,2.9,16,33.8,32,64,16.9,21.2,19.1,16.6,13.6,7.7,3.3,1.6
SUJ-3752,Servicios,CDMX,Universitario,E-commerce,Unión libre,25,9,15,1829,10.54,22.7,93,6.9,8.6,10.0,4.9,8.9,10.0,8.22,8.1,50,7.8,8.0,7.5,1,2,4.8,5.2,2,26.0,24,57,39.6,16.4,10.2,12.0,13.7,6.6,1.3,0.2
SUJ-3753,Finanzas,Bogotá,Maestría,Empresa propia,Soltero,35,1,19,5386,5.25,37.5,80,6.9,6.9,9.2,6.7,8.4,7.2,7.55,7.8,32,6.7,7.6,7.6,2,4,5.0,5.2,11,28.2,49,60,17.6,25.0,15.0,17.9,13.4,6.0,4.4,0.7
SUJ-3754,Manufactura,Medellín,Universitario,Empresa propia,Soltero,29,9,18,2407,5.42,27.3,80,7.6,6.0,10.0,6.8,6.5,10.0,7.82,5.5,35,7.5,7.6,9.9,3,1,3.5,3.6,73,36.1,46,54,34.4,14.8,15.8,17.0,8.6,3.7,4.7,1.0
SUJ-3755,Finanzas,Bogotá,Posgrado,Empresa propia,Soltero,32,2,2,3001,1.0,64.3,68,5.8,6.0,8.1,6.0,6.9,5.1,6.32,7.2,16,9.2,9.8,8.4,1,2,5.5,1.5,14,28.6,53,67,33.9,12.5,15.1,15.9,12.3,7.1,2.3,0.9
SUJ-3756,Tecnología,Lima,Bachillerato,Holding,Casado,17,8,15,7612,15.13,53.2,40,4.8,2.5,4.7,1.8,6.0,5.2,4.17,6.8,27,5.9,7.3,7.2,1,2,5.7,0.5,1,33.3,64,62,16.1,12.8,21.9,12.5,18.5,7.6,6.3,4.3
SUJ-3757,Tecnología,Bucaramanga,Maestría,Startup escalada,Soltero,20,11,21,533,2.11,34.8,73,6.5,4.8,6.6,5.0,9.5,5.3,6.28,6.9,29,3.5,9.9,8.7,0,0,3.7,2.5,9,32.5,45,66,26.1,21.5,13.2,13.2,15.7,7.9,2.0,0.4
SUJ-3758,Finanzas,Lima,Posgrado,Franquicia,Unión libre,33,2,3,500,7.22,46.6,66,7.7,5.1,4.5,5.7,6.1,7.5,6.1,5.9,28,4.1,6.1,7.5,2,1,4.6,0.9,14,35.9,74,60,18.0,22.5,19.1,12.8,12.2,10.6,3.2,1.6
SUJ-3759,Retail/Comercio,Cali,Posgrado,Holding,Casado,26,8,14,1119,1.47,17.0,57,9.5,3.5,5.2,4.6,6.8,4.9,5.75,9.4,7,4.4,8.1,6.5,1,1,5.9,1.3,3,19.0,58,68,24.6,12.3,16.7,20.2,12.9,8.0,3.3,2.0
SUJ-3760,Servicios,Caracas,Bachillerato,Empresa propia,Casado,19,6,10,1478,4.66,4.0,82,7.4,7.3,6.4,5.9,10.0,6.7,7.28,7.9,24,4.8,9.8,6.6,2,2,4.0,6.2,3,26.8,39,62,27.9,23.8,15.2,7.3,13.7,8.8,3.0,0.3
SUJ-3761,Tecnología,CDMX,Universitario,Startup escalada,Soltero,29,3,6,1763,1.65,52.9,86,10.0,8.2,9.4,7.4,10.0,7.7,8.78,8.5,16,5.5,6.9,7.4,3,3,5.0,4.6,5,26.1,25,60,25.8,27.1,8.8,11.3,10.7,7.4,6.4,2.5
SUJ-3762,Inmuebles,Lima,Bachillerato,E-commerce,Soltero,22,2,13,11895,1.47,19.0,59,9.6,5.5,4.6,3.9,7.4,5.4,6.07,7.4,21,8.2,6.9,8.4,2,3,3.2,4.4,33,23.7,50,68,24.0,24.2,17.5,13.5,7.4,8.0,3.7,1.7
SUJ-3763,Retail/Comercio,Monterrey,Universitario,Startup escalada,Casado,41,4,8,4737,8.83,23.8,73,6.9,5.0,5.8,5.2,6.8,7.3,6.17,7.5,31,4.0,6.5,5.2,1,2,5.5,0.0,2,26.1,49,54,26.0,26.0,14.4,12.3,9.6,7.4,4.3,0.0
SUJ-3764,Finanzas,CDMX,Posgrado,Startup escalada,Soltero,29,4,8,5078,3.76,54.0,71,10.0,5.7,8.5,6.4,9.6,8.1,8.05,6.0,18,5.4,7.0,8.7,2,1,3.6,0.5,71,31.7,51,52,28.4,12.7,23.4,9.7,10.9,3.4,11.1,0.4
SUJ-3765,Retail/Comercio,Caracas,Posgrado,Empresa propia,Unión libre,20,6,9,8270,5.61,32.9,88,7.8,8.7,7.6,8.2,8.8,10.0,8.52,7.1,42,6.9,9.0,6.8,1,2,5.1,3.1,119,36.1,39,46,29.8,21.4,7.6,14.9,13.4,9.5,2.7,0.7
SUJ-3766,Finanzas,Medellín,Posgrado,E-commerce,Soltero,31,5,7,10448,2.7,65.0,78,9.5,8.4,8.8,6.5,7.9,10.0,8.52,7.8,31,6.8,7.0,5.1,1,2,4.9,2.6,42,32.4,39,50,26.9,14.1,2.1,16.4,19.1,11.5,5.5,4.4
SUJ-3767,Manufactura,Lima,Posgrado,Empresa familiar,Soltero,35,8,12,500,7.52,4.0,82,7.5,5.5,10.0,8.4,9.6,7.9,8.15,6.3,26,5.9,10.0,9.4,1,3,4.7,2.2,21,30.5,47,53,39.4,21.2,11.0,6.3,10.5,8.2,1.2,2.2
SUJ-3768,Retail/Comercio,Bucaramanga,Universitario,Empresa propia,Soltero,25,10,14,15543,4.41,25.5,67,4.9,6.6,5.5,7.4,7.4,6.6,6.4,8.6,26,7.9,9.0,6.3,2,2,5.7,1.6,9,20.8,48,66,28.8,17.2,15.1,12.4,14.9,4.7,5.2,1.7
SUJ-3769,Tecnología,CDMX,Universitario,Holding,Casado,21,1,3,35678,1.0,66.6,78,9.1,5.8,8.1,8.4,9.0,8.0,8.07,8.7,24,6.9,9.1,10.0,3,1,4.1,4.9,2,23.7,34,55,26.6,19.7,23.0,13.8,7.3,5.0,4.1,0.5
SUJ-3770,Tecnología,Bogotá,Técnico,Empresa familiar,Soltero,26,6,12,1039,4.39,28.9,84,9.1,8.8,10.0,5.1,10.0,7.7,8.45,7.9,38,10.0,8.4,9.1,1,0,3.1,1.3,11,28.0,37,62,25.6,15.8,17.8,14.8,8.9,12.4,3.3,1.4
SUJ-3771,Retail/Comercio,Bucaramanga,Maestría,Empresa propia,Soltero,22,3,2,8423,1.0,26.0,104,9.9,10.0,10.0,7.6,10.0,7.2,9.12,4.9,6,2.6,6.5,9.1,5,1,3.9,3.4,90,28.9,19,48,29.1,14.2,14.4,21.9,8.0,7.4,3.1,1.9
SUJ-3772,Servicios,Bogotá,Posgrado,Startup escalada,Unión libre,24,3,9,500,5.3,24.9,65,5.0,2.7,8.0,5.4,7.0,7.0,5.85,8.4,31,6.6,8.1,7.7,1,1,5.3,0.1,9,31.1,85,67,24.8,19.8,12.8,12.8,12.9,9.6,5.1,2.2
SUJ-3773,Finanzas,Caracas,Universitario,Empresa familiar,Casado,17,1,10,500,1.22,32.7,67,8.6,4.8,6.7,4.0,9.7,5.5,6.55,8.7,13,2.6,9.4,8.6,2,4,7.1,4.4,129,28.0,58,60,34.1,12.8,19.1,12.5,8.8,6.1,4.4,2.2
SUJ-3774,Inmuebles,Lima,Técnico,Holding,Casado,31,1,5,2683,2.74,22.2,62,8.0,6.2,6.7,4.8,10.0,6.5,7.03,4.8,20,7.2,9.0,5.4,1,1,6.3,1.4,25,30.5,68,57,31.9,21.7,18.6,10.0,6.1,8.0,3.1,0.6
SUJ-3775,Manufactura,Barranquilla,Maestría,Empresa propia,Casado,19,5,12,14987,4.19,8.2,66,4.9,3.1,7.8,4.4,7.8,6.2,5.7,8.7,23,8.8,6.8,7.3,2,2,3.5,0.3,24,31.9,62,74,32.6,11.7,11.0,12.1,15.1,12.3,2.1,3.1
SUJ-3776,Agroindustria,Barranquilla,Maestría,Empresa propia,Casado,29,8,13,8455,3.17,23.2,91,9.3,9.6,7.0,4.1,10.0,7.5,7.92,7.5,15,6.8,7.4,8.4,1,3,5.0,0.4,44,29.4,39,67,25.9,12.2,25.1,10.7,9.8,5.8,7.9,2.6
SUJ-3777,Servicios,Medellín,Posgrado,Empresa propia,Soltero,24,8,22,4722,3.36,4.0,61,7.3,6.1,4.5,3.6,7.8,5.6,5.82,8.6,27,10.0,5.7,9.5,3,2,4.7,3.8,9,24.3,51,64,27.6,17.1,9.6,14.1,16.7,11.4,3.6,-0.1
SUJ-3778,Manufactura,Bucaramanga,Universitario,Startup escalada,Soltero,27,3,12,4618,6.72,14.1,78,6.7,4.8,8.2,6.1,8.4,6.6,6.8,10.0,45,3.8,7.2,5.9,1,3,6.2,5.7,8,25.3,37,82,28.5,10.7,21.2,16.1,8.2,11.1,2.0,2.2
SUJ-3779,Manufactura,Bogotá,Universitario,Startup escalada,Casado,23,2,5,5019,1.42,14.7,86,9.8,8.7,7.9,8.8,9.5,8.6,8.88,5.8,28,6.8,7.2,7.1,1,2,3.7,0.5,10,13.1,22,51,26.6,10.8,18.1,11.1,19.0,9.9,2.9,1.6
SUJ-3780,Servicios,Santiago,Doctorado,Holding,Soltero,27,8,19,2980,3.24,34.8,88,10.0,8.8,6.5,5.0,8.8,8.1,7.87,7.2,20,6.3,7.9,8.1,3,3,4.3,3.0,13,27.5,43,62,29.3,18.8,15.2,11.2,13.0,7.2,5.1,0.2
SUJ-3781,Finanzas,Bucaramanga,Maestría,Empresa propia,Casado,28,5,19,16811,1.98,26.2,92,10.0,8.5,6.5,8.6,9.0,9.1,8.62,7.9,9,7.1,7.9,8.4,4,2,5.4,3.1,13,27.4,44,66,12.9,26.9,17.0,19.9,9.9,9.6,3.8,-0.0
SUJ-3782,Finanzas,Monterrey,Universitario,Empresa propia,Soltero,23,10,15,6712,15.7,66.3,79,10.0,7.4,9.2,6.1,7.9,6.3,7.82,6.2,11,6.8,7.0,8.1,1,0,5.9,0.0,63,40.2,27,63,21.3,24.5,13.9,10.6,15.3,8.7,3.8,1.9
SUJ-3783,Tecnología,Medellín,Maestría,Startup escalada,Soltero,17,2,10,5292,1.18,62.9,77,8.9,7.8,7.5,5.8,8.9,8.2,7.85,10.0,5,7.8,7.3,4.6,0,2,5.1,2.8,15,26.3,39,74,25.7,17.2,18.1,13.2,7.0,14.4,4.4,-0.0
SUJ-3784,Servicios,Buenos Aires,Maestría,Holding,Soltero,28,1,11,5005,3.17,36.7,65,5.6,4.4,6.1,4.1,8.4,8.6,6.2,4.5,20,3.2,6.5,7.1,2,1,6.9,0.8,12,23.7,57,63,27.2,23.4,17.8,7.1,12.7,9.4,0.0,2.4
SUJ-3785,Inmuebles,Buenos Aires,Universitario,Startup escalada,Casado,28,9,11,21969,1.45,25.7,46,6.4,4.8,5.2,3.4,6.0,5.5,5.22,9.3,25,8.5,5.7,7.6,1,2,4.0,2.4,15,21.8,49,66,11.3,17.5,28.6,15.6,15.9,6.8,2.5,1.8
SUJ-3786,Tecnología,Bogotá,Universitario,Holding,Casado,17,1,2,10289,5.9,46.5,64,5.4,4.7,6.7,4.8,7.4,7.9,6.15,6.6,19,5.0,5.9,7.4,2,0,5.3,1.6,1,29.2,52,58,25.4,17.9,12.4,19.5,12.2,6.2,5.1,1.3
SUJ-3787,Manufactura,Barranquilla,Universitario,Startup escalada,Soltero,20,1,8,1251,1.27,13.8,74,6.9,7.9,7.1,6.8,9.1,7.1,7.48,7.0,17,8.1,5.0,6.5,1,2,5.6,5.0,7,17.9,25,57,27.4,19.4,20.2,12.1,12.1,4.3,2.1,2.4
SUJ-3788,Retail/Comercio,CDMX,Técnico,Holding,Soltero,23,4,7,4595,1.05,36.5,86,8.2,7.3,5.9,6.4,8.0,8.1,7.32,8.6,25,8.0,10.0,7.4,1,1,5.8,4.0,10,25.6,44,65,26.7,23.5,13.2,16.6,6.5,10.4,1.4,1.7
SUJ-3789,Tecnología,Monterrey,Maestría,Holding,Unión libre,17,6,11,2721,2.22,47.5,93,8.7,4.8,9.3,9.4,8.9,9.8,8.48,8.7,27,4.0,6.8,9.5,0,1,3.2,3.3,30,28.4,38,43,21.5,19.7,12.4,23.8,13.7,7.1,1.8,-0.0
SUJ-3790,Salud/Farma,Buenos Aires,Universitario,Franquicia,Soltero,30,9,19,34662,1.11,15.4,72,6.4,4.3,5.8,4.2,8.0,7.0,5.95,9.1,25,5.2,9.1,10.0,0,1,5.3,0.0,22,21.2,61,81,19.5,20.5,15.7,15.7,11.8,10.8,4.4,1.6
SUJ-3791,Tecnología,Bogotá,Maestría,Startup escalada,Casado,23,3,11,4294,1.0,47.4,87,8.3,7.3,7.8,8.6,8.5,9.8,8.38,8.3,21,4.1,8.1,5.9,1,1,4.3,3.8,33,27.3,15,65,35.4,22.1,17.1,3.8,6.6,6.5,6.8,1.7
SUJ-3792,Tecnología,Bogotá,Doctorado,Holding,Unión libre,27,12,20,562,9.61,57.6,75,7.7,5.7,8.1,4.9,9.6,7.4,7.23,7.9,16,5.0,6.2,7.9,1,2,5.4,3.8,43,35.9,54,59,22.5,13.3,22.6,8.4,15.2,9.9,6.0,2.1
SUJ-3793,Manufactura,Lima,Bachillerato,Franquicia,Unión libre,19,1,7,4237,2.07,7.1,75,9.2,5.8,8.5,5.1,7.0,7.8,7.23,5.7,35,7.8,4.7,8.1,2,4,4.4,3.2,39,22.8,46,49,18.9,20.2,17.7,20.9,7.8,4.7,7.5,2.3
SUJ-3794,Inmuebles,Barranquilla,Universitario,Empresa propia,Unión libre,38,5,9,3101,1.0,18.4,68,7.6,5.0,7.3,6.0,7.1,6.4,6.57,8.1,18,7.8,7.2,8.9,1,3,5.1,4.2,13,21.3,44,59,16.0,29.6,14.2,9.8,8.1,15.5,5.7,1.1
SUJ-3795,Tecnología,Bucaramanga,Maestría,Empresa propia,Soltero,17,10,14,7321,13.81,71.3,66,8.4,4.7,6.9,3.8,7.1,5.3,6.03,5.6,32,7.9,8.9,8.4,0,2,5.1,4.3,22,41.1,50,51,41.7,14.5,16.5,13.9,5.2,6.2,2.1,-0.1
SUJ-3796,Manufactura,CDMX,Maestría,E-commerce,Unión libre,23,10,22,2050,1.91,12.1,64,6.5,6.2,7.9,7.2,7.9,6.5,7.03,9.3,19,5.7,7.5,8.3,1,1,5.4,4.0,36,24.8,39,66,22.0,17.2,19.4,8.3,11.7,8.1,10.5,2.8
SUJ-3797,Retail/Comercio,Lima,Maestría,Empresa propia,Casado,33,1,15,500,4.26,48.7,65,8.1,6.7,7.3,5.1,7.0,6.4,6.77,7.2,22,2.1,7.0,8.1,1,0,6.3,6.6,125,33.8,53,49,30.1,7.5,12.0,22.5,9.2,11.0,4.3,3.4
SUJ-3798,Tecnología,Buenos Aires,Universitario,Empresa propia,Casado,19,17,27,806,19.63,45.0,63,4.7,6.0,5.2,5.3,5.8,5.9,5.48,7.8,25,6.1,8.6,8.5,3,3,3.6,0.0,6,33.8,58,81,23.3,20.3,22.3,16.0,9.3,6.3,1.6,0.9
SUJ-3799,Tecnología,CDMX,Universitario,E-commerce,Soltero,26,5,10,2663,1.0,33.4,84,6.8,7.9,9.3,6.5,9.8,8.9,8.2,7.2,18,9.1,10.0,6.5,0,0,4.5,3.3,1,20.0,45,57,42.8,18.1,10.1,11.2,6.0,9.1,0.6,2.1
SUJ-3800,Manufactura,Medellín,Posgrado,Empresa propia,Unión libre,29,8,10,3425,1.65,44.0,89,10.0,7.5,9.6,8.0,9.6,10.0,9.12,6.4,11,8.5,7.3,8.3,5,1,4.3,7.0,44,28.0,26,57,18.3,14.8,11.9,19.5,17.7,11.1,5.2,1.5
SUJ-3801,Finanzas,Barranquilla,Doctorado,Startup escalada,Casado,17,5,21,14387,980.0,72.5,62,6.8,3.5,6.7,4.0,6.7,7.9,5.93,9.4,0,4.3,8.9,8.4,3,4,4.8,4.5,3,64.3,55,59,19.3,27.9,18.2,11.5,10.0,8.6,3.7,0.8
SUJ-3802,Agroindustria,Buenos Aires,Universitario,E-commerce,Casado,21,15,23,2518,1.68,11.2,60,6.6,7.3,7.2,3.3,7.6,6.2,6.37,6.9,18,9.5,7.8,6.5,0,3,4.0,2.3,22,28.2,57,66,28.2,26.0,13.8,4.1,16.0,7.8,2.4,1.7
SUJ-3803,Inmuebles,Caracas,Doctorado,E-commerce,Soltero,27,12,20,500,2.01,47.0,70,4.5,8.0,7.4,5.8,9.4,6.5,6.93,5.5,23,3.9,6.8,8.0,3,3,7.0,4.9,38,33.3,51,56,19.9,26.4,13.3,14.1,10.5,10.1,4.5,1.2
SUJ-3804,Salud/Farma,Bogotá,Universitario,Empresa propia,Soltero,28,15,19,12139,3.87,28.1,61,6.2,6.3,1.8,4.8,7.6,5.4,5.35,5.5,29,6.2,8.4,5.2,0,2,4.8,1.8,23,28.8,40,51,28.3,22.8,17.4,14.6,6.2,6.8,2.5,1.4
SUJ-3805,Finanzas,Buenos Aires,Doctorado,Empresa propia,Unión libre,21,8,16,16255,16.02,50.3,59,5.1,3.7,5.7,4.3,6.7,8.8,5.72,6.2,40,4.3,9.3,6.1,1,2,5.4,4.2,1,33.3,63,63,33.6,17.6,17.1,10.9,7.4,6.7,4.2,2.5
SUJ-3806,Salud/Farma,Santiago,Posgrado,Franquicia,Soltero,37,10,15,5423,1.0,31.1,68,6.2,4.0,6.7,6.6,8.3,8.5,6.72,4.6,28,10.0,7.4,6.2,2,1,5.3,1.5,26,27.5,43,53,20.6,15.6,17.3,17.2,12.9,9.1,5.4,1.9
SUJ-3807,Retail/Comercio,Cali,Universitario,Startup escalada,Soltero,28,3,5,2682,2.46,28.7,76,7.9,5.6,7.2,5.5,6.8,7.7,6.78,7.8,24,6.0,8.1,5.6,1,1,6.7,2.8,19,25.4,55,57,25.5,19.1,12.3,19.5,18.3,1.5,3.8,-0.0
SUJ-3808,Finanzas,Caracas,Posgrado,Startup escalada,Casado,30,6,11,11832,6.42,49.5,75,7.9,9.2,6.7,4.1,8.4,5.1,6.9,7.5,20,3.1,4.3,7.3,0,2,5.4,4.0,26,27.7,46,56,31.8,9.2,13.2,18.3,17.0,6.3,2.6,1.6
SUJ-3809,Tecnología,Cali,Universitario,Empresa propia,Soltero,30,10,17,500,1.38,52.5,68,6.8,6.4,6.9,9.3,7.8,6.8,7.33,3.9,26,9.0,7.5,7.3,1,4,4.9,0.0,1,18.0,60,47,34.0,18.6,20.1,4.7,15.8,1.0,3.5,2.3
SUJ-3810,Tecnología,Buenos Aires,Universitario,E-commerce,Soltero,17,8,19,20619,29.54,44.3,65,8.3,5.8,7.7,4.3,6.8,7.8,6.78,8.3,30,3.3,7.3,7.9,0,0,5.9,4.1,33,46.0,55,60,28.3,18.9,12.9,19.3,8.7,7.4,3.6,0.9
SUJ-3811,Manufactura,Santiago,Técnico,Empresa propia,Soltero,25,7,7,16051,2.63,14.9,81,7.6,7.0,8.2,7.1,10.0,7.2,7.85,6.6,41,5.3,6.7,7.3,0,1,6.4,5.3,12,17.1,29,59,24.3,8.8,25.7,15.8,8.9,12.3,3.6,0.6
SUJ-3812,Retail/Comercio,Buenos Aires,Técnico,Empresa familiar,Soltero,25,4,6,6296,2.19,12.3,78,7.6,6.2,7.4,5.9,8.1,6.4,6.93,6.7,24,8.9,9.1,10.0,0,1,6.2,2.8,868,34.3,49,44,28.0,27.0,13.2,3.6,10.1,9.8,5.9,2.4
SUJ-3813,Finanzas,Cali,Universitario,Empresa familiar,Soltero,24,11,16,2601,10.0,21.7,75,6.4,6.4,4.7,2.6,9.0,8.4,6.25,4.8,16,5.3,5.3,6.6,1,1,4.5,1.7,7,26.9,68,51,26.9,12.7,13.7,23.6,10.6,7.9,2.3,2.3
SUJ-3814,Manufactura,Lima,Maestría,E-commerce,Soltero,27,11,14,500,1.0,23.5,65,8.3,5.9,8.2,4.2,7.4,6.8,6.8,9.6,19,6.9,6.4,5.8,1,1,5.6,4.6,68,24.1,42,70,25.0,16.3,16.1,18.2,11.1,9.6,3.7,0.0
SUJ-3815,Finanzas,Medellín,Posgrado,Holding,Soltero,17,11,17,69148,17.42,36.3,90,8.2,6.8,7.9,6.6,8.3,8.8,7.77,8.0,13,3.9,8.4,4.9,4,0,5.5,4.4,40,43.4,45,52,20.6,24.6,21.2,13.1,11.1,8.2,0.0,1.2
SUJ-3816,Manufactura,Cali,Técnico,Startup escalada,Casado,26,8,12,11486,5.14,4.0,55,4.5,3.5,8.3,1.3,5.2,5.9,4.78,7.5,50,10.0,9.6,6.7,3,4,4.7,3.7,21,27.5,62,64,20.4,20.8,17.0,12.6,16.4,7.9,2.8,2.1
SUJ-3817,Finanzas,Medellín,Maestría,Holding,Unión libre,24,7,13,3308,2.2,36.6,65,5.4,5.9,5.5,3.8,6.9,5.2,5.45,5.6,9,3.2,8.3,6.8,1,2,6.6,4.1,64,29.9,54,68,41.9,4.6,17.4,13.6,5.8,5.7,6.3,4.7
SUJ-3818,Servicios,Bogotá,Posgrado,Holding,Soltero,17,11,18,500,1.0,14.7,59,6.6,4.3,7.2,4.0,7.3,5.4,5.8,7.8,19,4.8,7.4,9.4,1,1,5.4,1.2,3,9.9,47,54,25.7,20.9,13.0,16.6,12.6,7.9,3.2,0.1
SUJ-3819,Servicios,Medellín,Doctorado,Empresa familiar,Soltero,28,10,11,8157,2.26,14.4,72,7.3,7.6,7.0,5.3,6.2,7.2,6.77,9.0,21,5.5,7.8,6.8,3,2,4.2,3.4,3,18.6,42,58,30.7,13.8,9.0,12.2,18.1,8.6,5.6,2.0
SUJ-3820,Retail/Comercio,Lima,Posgrado,E-commerce,Soltero,18,3,8,34683,1.29,47.9,63,6.4,6.2,4.9,6.8,5.9,5.0,5.87,8.2,24,2.6,7.5,7.6,1,1,4.4,2.4,441,33.1,69,71,26.6,22.0,26.4,7.3,9.4,2.7,3.6,2.0
SUJ-3821,Finanzas,Santiago,Técnico,Holding,Casado,23,8,11,9822,2.87,39.8,74,8.8,6.2,8.7,5.5,7.6,6.4,7.2,6.0,20,6.5,7.5,7.4,0,0,5.7,3.3,25,31.0,40,65,29.1,20.4,12.6,8.6,12.0,10.5,6.2,0.6
SUJ-3822,Finanzas,Medellín,Universitario,Startup escalada,Unión libre,24,9,19,699,17.83,68.3,79,7.1,5.8,5.5,5.4,8.6,9.7,7.02,9.1,18,8.8,9.8,4.7,0,3,4.1,0.9,2,38.8,46,69,13.2,19.0,20.1,19.5,12.7,6.8,6.4,2.3
SUJ-3823,Inmuebles,CDMX,Posgrado,Holding,Soltero,17,4,8,4117,2.29,21.2,89,9.4,8.3,8.7,8.0,9.6,9.0,8.83,7.5,18,9.8,8.4,9.4,1,3,4.3,4.1,22,25.5,41,54,32.9,13.7,17.1,11.9,9.8,7.2,5.7,1.7
SUJ-3824,Finanzas,Bucaramanga,Bachillerato,Holding,Soltero,17,10,14,924,3.41,54.9,75,7.8,7.4,7.6,4.8,8.1,7.8,7.25,9.3,27,7.4,7.5,6.5,0,1,4.2,4.5,10,26.0,41,65,24.7,27.2,10.6,7.2,13.0,7.2,8.1,2.0
SUJ-3825,Tecnología,Cali,Bachillerato,Empresa propia,Casado,29,9,12,19457,1.29,38.4,75,8.1,5.9,6.4,8.2,7.8,8.4,7.47,4.2,24,4.2,8.5,8.7,3,2,5.1,1.5,10,27.3,41,47,38.0,19.6,20.3,16.6,1.8,1.4,1.2,1.1
SUJ-3826,Tecnología,Santiago,Técnico,Empresa propia,Casado,22,5,11,3208,1.96,76.4,78,8.0,7.1,9.3,5.1,7.3,8.5,7.55,4.2,22,2.8,10.0,6.7,0,3,3.9,4.1,12,30.7,40,53,29.6,16.3,20.6,13.0,13.5,2.2,3.5,1.3
SUJ-3827,Retail/Comercio,Monterrey,Universitario,Empresa propia,Soltero,23,2,7,10575,5.86,45.6,41,4.2,3.0,5.2,3.2,5.8,5.0,4.4,6.6,19,10.0,6.0,6.7,0,1,5.6,3.9,15,31.6,68,72,32.1,10.2,16.8,17.4,8.8,8.8,2.8,3.1
SUJ-3828,Retail/Comercio,São Paulo,Universitario,E-commerce,Casado,26,9,20,707,1.0,38.9,73,4.8,6.5,9.7,5.4,8.4,6.5,6.88,6.9,19,8.6,6.0,6.2,3,3,5.2,3.0,2,19.5,46,64,27.5,16.3,12.0,14.2,13.5,8.0,5.8,2.7
SUJ-3829,Servicios,Bogotá,Universitario,Franquicia,Casado,17,14,20,1099,4.56,49.8,57,7.3,4.1,6.5,5.5,8.3,4.9,6.1,8.7,36,9.5,6.3,7.1,0,2,6.9,0.0,6,22.2,51,64,28.6,24.0,13.8,10.7,8.5,8.6,3.3,2.5
SUJ-3830,Finanzas,Bucaramanga,Técnico,Empresa familiar,Unión libre,23,8,19,9102,79.59,60.3,64,7.3,5.0,7.4,6.3,7.5,7.1,6.77,8.7,26,6.8,6.4,8.6,1,1,5.1,4.3,14,45.9,42,70,21.1,26.4,19.8,2.6,13.6,6.4,5.6,4.5
SUJ-3831,Finanzas,CDMX,Posgrado,E-commerce,Soltero,25,9,20,14836,87.55,54.2,71,8.0,7.3,4.1,6.0,7.9,9.0,7.05,9.8,29,8.7,8.3,5.4,3,3,6.1,3.3,75,56.4,31,64,26.8,7.2,23.3,22.0,12.3,3.7,3.7,1.0
SUJ-3832,Inmuebles,Barranquilla,Posgrado,Startup escalada,Unión libre,36,2,7,1799,3.37,12.7,85,8.5,8.7,9.1,5.8,8.0,5.5,7.6,7.3,39,5.7,6.5,8.9,2,0,5.2,3.0,4,21.1,45,66,30.6,17.1,8.6,16.9,12.0,10.9,3.4,0.5
SUJ-3833,Servicios,Lima,Universitario,Empresa propia,Soltero,20,7,12,4334,1.0,4.0,48,3.7,2.8,6.0,2.6,6.0,6.3,4.57,7.5,36,3.3,7.1,9.1,1,2,6.3,6.1,2,13.0,80,64,22.0,24.4,16.5,12.6,12.3,8.7,3.0,0.5
SUJ-3834,Finanzas,Buenos Aires,Bachillerato,Startup escalada,Casado,30,6,10,7728,1.05,30.0,76,8.0,6.3,6.8,6.4,7.7,6.1,6.88,6.7,19,3.3,5.3,6.8,4,2,4.2,4.0,8,19.2,42,48,23.5,23.0,11.5,16.9,18.0,6.6,0.0,0.5
SUJ-3835,Retail/Comercio,Bucaramanga,Bachillerato,E-commerce,Casado,25,3,5,12727,2.15,4.8,74,7.6,7.3,6.3,6.5,7.9,8.0,7.27,8.4,18,6.0,10.0,5.3,3,3,6.0,4.1,11,19.7,47,64,28.9,9.5,23.5,11.3,9.0,11.4,4.2,2.2
SUJ-3836,Finanzas,Santiago,Universitario,Holding,Soltero,19,8,22,7915,10.98,36.9,78,8.0,5.3,7.3,7.2,8.8,7.5,7.35,8.0,16,6.5,7.4,8.2,1,2,4.7,1.4,5,31.5,35,62,15.1,19.1,14.4,13.9,18.6,11.6,3.8,3.5
SUJ-3837,Agroindustria,Santiago,Técnico,Empresa propia,Casado,22,8,12,802,9.72,34.6,102,10.0,7.8,10.0,5.9,10.0,9.3,8.83,6.8,15,6.6,9.4,7.4,2,1,4.4,0.0,9,31.0,29,67,27.4,22.6,16.7,11.0,8.5,7.7,4.5,1.6
SUJ-3838,Tecnología,Santiago,Universitario,E-commerce,Soltero,31,6,9,6261,2.67,37.5,93,9.3,8.4,7.2,7.1,9.5,9.1,8.43,7.7,31,3.1,7.5,8.6,1,2,4.7,2.0,102,34.9,36,70,20.7,16.1,16.1,8.4,20.6,6.7,7.6,3.8
SUJ-3839,Agroindustria,Bogotá,Posgrado,Holding,Soltero,30,7,9,17275,1.0,12.8,76,7.5,5.8,5.7,4.3,9.0,8.3,6.77,5.8,23,6.7,8.8,4.8,1,2,4.1,4.9,146,27.1,39,61,23.8,19.9,11.5,16.9,21.3,1.3,2.7,2.6
SUJ-3840,Manufactura,Medellín,Posgrado,E-commerce,Soltero,22,15,19,16201,2.6,25.6,80,7.9,5.1,8.9,6.4,7.6,9.3,7.53,5.3,21,0.0,7.9,5.0,1,3,5.9,3.4,15,25.1,41,48,24.5,21.8,18.6,18.3,2.0,8.1,4.7,2.0
SUJ-3841,Retail/Comercio,Cali,Universitario,Startup escalada,Casado,28,4,9,7036,1.0,29.7,72,6.1,5.8,6.6,4.9,10.0,6.5,6.65,8.1,29,6.6,8.9,10.0,2,3,6.2,5.8,12,25.6,55,63,28.9,11.5,18.5,18.7,12.0,5.0,4.1,1.3
SUJ-3842,Tecnología,Barranquilla,Universitario,Startup escalada,Soltero,19,2,12,43586,4.37,44.1,83,8.6,6.7,7.8,5.5,7.9,8.8,7.55,7.5,35,4.3,9.3,8.9,1,2,4.3,1.0,59,30.8,44,48,40.1,13.2,17.2,8.5,11.4,3.7,5.6,0.3
SUJ-3843,Retail/Comercio,Buenos Aires,Posgrado,Empresa familiar,Unión libre,24,2,14,888,2.27,45.0,73,7.8,8.3,7.1,7.4,7.3,7.8,7.62,6.3,35,5.1,5.4,6.9,1,3,4.9,5.0,15,25.2,38,56,40.9,2.6,18.2,13.6,12.4,8.8,3.6,-0.1
SUJ-3844,Retail/Comercio,Santiago,Maestría,Holding,Soltero,23,8,7,5209,1.17,28.7,78,7.1,9.7,8.1,7.5,5.3,8.3,7.67,8.6,34,9.2,6.8,5.1,2,3,4.3,0.0,179,31.5,27,51,27.3,26.5,18.4,2.9,8.0,16.9,0.0,0.0
SUJ-3845,Tecnología,Buenos Aires,Maestría,Empresa familiar,Soltero,31,1,13,11937,4.52,54.8,63,7.7,6.0,8.3,5.4,5.5,6.4,6.55,5.7,13,6.5,8.3,5.8,3,1,4.4,3.1,29,34.9,62,65,19.8,21.6,10.5,25.5,11.4,9.8,0.3,1.1
SUJ-3846,Manufactura,Monterrey,Posgrado,Startup escalada,Soltero,28,5,17,1216,13.73,59.5,75,8.5,6.6,5.9,5.1,8.0,8.2,7.05,7.8,33,5.7,9.6,8.5,1,3,5.3,0.0,7,38.5,59,64,27.8,16.7,15.2,11.4,12.7,10.0,5.0,1.2
SUJ-3847,Salud/Farma,Bogotá,Universitario,Empresa propia,Casado,21,3,7,28821,3.15,51.0,91,8.9,6.1,9.2,7.9,9.5,10.0,8.6,8.0,18,6.4,7.6,6.3,2,0,6.2,0.0,63,32.8,24,60,25.2,9.0,11.6,17.3,15.0,15.6,4.1,2.2
SUJ-3848,Manufactura,Caracas,Universitario,Franquicia,Soltero,22,6,9,3496,1.0,25.1,80,9.0,5.0,7.8,7.4,8.7,8.2,7.68,9.0,28,8.9,6.7,4.9,0,1,4.0,3.1,24,17.1,42,72,35.3,13.3,20.8,16.2,4.6,4.5,3.4,1.9
SUJ-3849,Inmuebles,Santiago,Maestría,Empresa propia,Soltero,25,6,14,3447,1.33,39.4,74,7.1,7.9,7.8,5.8,8.8,7.3,7.45,7.8,25,8.4,7.8,6.4,2,1,4.8,0.3,53,23.5,51,63,26.6,17.9,16.8,15.5,13.3,5.8,3.7,0.4
SUJ-3850,Tecnología,Monterrey,Bachillerato,Empresa propia,Soltero,25,8,12,1918,5.1,39.5,40,5.9,2.1,7.9,4.7,6.1,4.4,5.18,8.0,0,10.0,8.1,5.2,0,1,5.3,1.3,67,31.7,83,66,25.5,15.0,18.4,19.3,10.9,6.2,3.8,0.9
SUJ-3851,Retail/Comercio,Barranquilla,Doctorado,Empresa propia,Soltero,24,9,20,2717,6.53,4.0,77,7.4,7.4,5.9,6.0,8.8,8.0,7.25,10.0,19,3.9,7.5,6.6,0,0,5.9,3.8,4,23.7,37,57,17.8,12.5,14.3,12.3,21.4,11.4,8.1,2.2
SUJ-3852,Tecnología,Barranquilla,Posgrado,Empresa propia,Casado,23,11,19,6894,68.6,61.9,71,9.7,9.3,8.0,4.9,7.5,7.1,7.75,8.7,35,5.4,9.7,6.3,3,1,6.0,2.7,27,49.0,38,68,43.4,8.6,25.3,4.3,7.7,6.3,3.8,0.6
SUJ-3853,Manufactura,Cali,Posgrado,Holding,Casado,34,5,8,4487,1.7,10.0,58,5.6,3.9,7.7,5.2,5.7,8.1,6.03,6.4,34,8.2,6.4,8.7,1,1,4.2,1.8,48,21.7,50,61,27.4,10.8,23.7,22.5,5.7,7.3,0.4,2.2
SUJ-3854,Agroindustria,CDMX,Bachillerato,Franquicia,Soltero,23,4,11,1719,4.36,27.2,71,7.2,3.7,5.7,4.2,7.9,5.8,5.75,7.5,22,8.6,8.4,8.8,3,3,5.0,5.1,104,38.8,53,69,35.4,13.6,17.5,12.3,7.5,8.2,3.7,1.8
SUJ-3855,Manufactura,Cali,Posgrado,Empresa propia,Soltero,27,10,16,13249,22.87,54.9,71,6.6,6.8,6.8,4.4,7.1,8.9,6.77,8.8,15,6.8,6.3,6.2,3,2,4.7,0.7,130,48.2,54,59,20.4,26.0,16.4,16.6,12.2,6.0,2.3,0.1
SUJ-3856,Tecnología,Medellín,Universitario,Startup escalada,Unión libre,40,1,2,514,1.0,26.1,72,8.0,7.9,6.5,3.6,9.6,6.8,7.07,6.6,19,8.3,6.8,7.3,3,0,5.6,4.3,28,19.4,50,52,34.8,19.1,16.8,9.6,10.8,4.6,2.1,2.2
SUJ-3857,Finanzas,Buenos Aires,Técnico,Startup escalada,Soltero,20,10,13,14397,6.04,16.2,82,7.0,5.7,9.9,8.3,9.1,8.0,8.0,8.5,33,5.9,6.8,8.1,0,2,4.4,0.9,26,31.4,51,65,28.0,22.6,9.1,17.0,13.1,7.5,1.0,1.7
SUJ-3858,Retail/Comercio,Lima,Universitario,Empresa familiar,Unión libre,27,7,11,2571,5.68,15.5,69,7.2,7.3,7.0,4.8,7.3,7.8,6.9,4.7,33,4.9,7.1,9.6,0,2,6.4,4.3,8,28.4,49,59,29.6,5.0,18.8,6.3,15.9,12.4,7.3,4.7
SUJ-3859,Retail/Comercio,Barranquilla,Maestría,Holding,Soltero,27,8,15,5479,2.19,39.7,69,5.5,7.7,4.7,7.2,6.5,6.4,6.33,8.0,40,6.6,8.7,7.0,1,2,4.4,1.4,13,30.7,37,73,26.7,18.8,15.9,10.6,15.0,7.7,2.2,3.1
SUJ-3860,Servicios,Lima,Posgrado,Franquicia,Soltero,25,8,16,3838,1.83,39.6,68,7.7,6.5,10.0,2.9,8.3,6.2,6.93,7.3,21,4.2,6.4,5.0,2,1,5.3,4.4,21,25.3,53,54,32.9,15.8,18.4,16.7,10.1,3.4,1.5,1.2
SUJ-3861,Inmuebles,Bogotá,Universitario,Empresa propia,Casado,26,7,17,6762,5.46,43.0,76,8.6,6.0,9.8,9.2,8.7,6.6,8.15,6.8,49,6.7,9.0,7.5,2,1,6.0,1.2,38,36.1,45,60,26.3,20.3,16.0,15.4,10.7,8.7,2.4,0.2
SUJ-3862,Manufactura,Bucaramanga,Bachillerato,Empresa propia,Unión libre,20,7,11,12716,1.16,28.8,80,8.2,7.8,9.1,5.9,9.1,7.1,7.87,5.5,16,5.4,7.4,8.2,2,3,7.8,2.1,25,22.5,46,55,27.1,15.8,14.9,12.9,6.4,15.2,7.6,0.1
SUJ-3863,Finanzas,Santiago,Maestría,Empresa propia,Soltero,28,2,3,36314,1.0,48.3,90,8.2,6.8,8.3,7.2,9.2,9.0,8.12,8.7,46,2.6,8.7,7.8,1,3,4.0,2.7,27,23.8,43,55,26.7,13.9,19.2,19.1,6.1,8.3,5.2,1.5
SUJ-3864,Finanzas,Bogotá,Maestría,Franquicia,Soltero,17,4,7,2922,9.23,49.8,79,9.0,6.7,6.2,4.6,6.8,10.0,7.22,8.4,39,8.1,7.5,8.0,3,6,5.4,0.5,7,38.5,54,56,29.5,25.6,7.7,13.4,10.0,8.0,3.1,2.7
SUJ-3865,Tecnología,São Paulo,Posgrado,Empresa familiar,Soltero,36,13,17,6455,50.33,69.0,87,7.9,6.8,8.0,6.4,10.0,9.2,8.05,7.1,20,6.5,8.8,8.2,3,0,7.1,2.5,4,47.4,30,61,39.2,18.5,11.6,10.5,12.2,4.5,3.2,0.3
SUJ-3866,Finanzas,Barranquilla,Posgrado,Empresa propia,Unión libre,36,9,12,5018,2.18,39.1,84,7.5,7.4,9.4,5.6,9.7,9.3,8.15,7.0,28,5.7,8.8,8.5,1,1,3.9,6.0,38,32.8,47,62,26.3,18.2,18.7,15.8,6.0,6.7,8.2,0.1
SUJ-3867,Retail/Comercio,Monterrey,Universitario,Empresa propia,Casado,24,11,17,54707,4.55,29.0,74,8.5,6.6,7.1,4.6,7.6,6.1,6.75,7.4,16,7.4,6.8,5.3,1,2,5.5,0.5,28,34.6,45,58,26.1,27.5,12.8,14.4,7.3,5.0,4.3,2.6
SUJ-3868,Manufactura,Buenos Aires,Posgrado,Empresa propia,Soltero,32,5,13,13240,2.14,8.6,62,7.3,5.5,5.7,4.6,8.2,5.2,6.08,5.7,24,7.6,10.0,6.4,2,1,5.0,4.6,14,25.0,66,54,41.1,22.2,11.5,7.8,12.6,1.1,3.2,0.5
SUJ-3869,Manufactura,Lima,Universitario,Holding,Soltero,24,7,12,4047,4.17,29.8,78,8.6,6.3,5.6,3.9,9.3,8.8,7.08,10.0,36,8.1,6.9,6.8,2,1,3.8,0.0,8,22.4,50,57,26.8,13.5,9.5,17.6,18.9,7.7,3.3,2.7
SUJ-3870,Tecnología,Cali,Doctorado,Empresa propia,Soltero,26,9,17,5183,7.77,52.7,93,10.0,8.5,7.5,9.6,10.0,6.7,8.72,7.7,22,4.4,6.8,8.0,2,0,5.5,4.2,12,30.7,46,78,26.2,27.2,16.9,7.9,10.5,6.4,2.8,2.1
SUJ-3871,Finanzas,Bucaramanga,Posgrado,Franquicia,Soltero,21,11,20,2258,462.94,84.3,87,9.6,6.3,6.4,6.3,10.0,8.4,7.83,4.8,12,3.7,7.6,6.0,2,2,6.2,6.8,23,62.0,63,48,25.6,12.7,22.8,13.5,9.1,11.7,2.0,2.6
SUJ-3872,Tecnología,CDMX,Universitario,Empresa propia,Soltero,30,6,12,11260,1.0,31.7,90,8.3,6.4,8.7,8.4,9.7,10.0,8.58,10.0,8,4.2,8.5,5.8,3,2,4.0,2.4,22,22.7,39,56,27.5,14.0,21.4,17.2,6.1,8.9,2.4,2.5
SUJ-3873,Tecnología,Bogotá,Universitario,Franquicia,Casado,22,9,11,14925,5.12,65.5,47,5.4,6.0,6.5,7.8,7.1,5.0,6.3,7.5,16,10.0,5.9,8.0,2,3,4.9,2.5,10,29.5,53,66,29.3,12.2,20.7,7.4,5.5,15.5,7.4,2.0
SUJ-3874,Servicios,CDMX,Maestría,Empresa propia,Soltero,30,9,14,26816,6.11,14.9,46,3.0,5.6,3.5,3.1,6.2,4.9,4.38,8.8,24,4.0,9.3,8.2,1,2,5.9,0.0,3,25.0,75,67,21.8,10.6,28.4,16.7,5.4,7.7,8.0,1.4
SUJ-3875,Tecnología,Caracas,Técnico,E-commerce,Soltero,25,10,20,6674,131.42,63.9,66,8.0,4.9,4.4,5.8,8.4,7.7,6.53,7.7,35,8.5,8.2,9.2,0,2,5.9,0.0,39,58.3,33,60,19.3,24.5,10.0,15.8,17.6,4.7,5.0,3.1
SUJ-3876,Retail/Comercio,São Paulo,Universitario,Empresa propia,Casado,25,6,14,8885,1.0,38.9,79,9.6,5.7,7.7,6.8,7.1,7.7,7.43,7.7,17,3.7,9.3,8.6,2,0,4.5,3.8,11,23.8,37,54,29.2,16.5,16.1,15.0,9.8,8.6,2.3,2.5
SUJ-3877,Tecnología,Lima,Posgrado,Startup escalada,Soltero,17,12,14,4725,3.48,48.3,67,6.7,5.0,6.5,3.7,8.3,8.1,6.38,6.3,27,3.5,8.4,5.5,1,1,5.1,4.0,61,35.4,56,62,20.6,18.8,17.5,13.5,12.1,9.1,7.3,1.1
SUJ-3878,Servicios,Lima,Universitario,E-commerce,Soltero,26,1,11,7515,2.62,7.7,70,8.9,3.7,7.5,6.7,7.9,6.4,6.85,10.0,42,2.5,8.7,8.8,1,1,5.4,4.1,4,21.9,50,60,27.0,20.0,15.8,9.3,17.0,7.1,2.8,1.0
SUJ-3879,Retail/Comercio,Santiago,Maestría,Holding,Soltero,19,2,7,3430,1.2,13.6,52,4.6,6.1,3.6,6.1,7.2,7.1,5.78,6.6,7,2.9,7.8,7.2,2,2,4.8,3.6,3,16.6,43,52,33.3,28.0,13.8,4.3,11.5,4.8,4.0,0.3
SUJ-3880,Finanzas,Monterrey,Técnico,Franquicia,Soltero,26,9,11,10705,3.98,49.6,64,5.9,6.1,8.2,4.6,7.6,6.6,6.5,6.5,27,5.5,8.3,7.0,2,2,6.3,1.1,70,31.3,61,56,20.8,23.1,12.2,19.5,10.2,3.9,7.1,3.2
SUJ-3881,Retail/Comercio,Caracas,Maestría,Franquicia,Casado,37,8,14,500,1.0,18.3,60,5.5,4.2,6.9,5.5,7.3,4.7,5.68,6.9,17,6.6,9.0,7.3,4,2,6.3,2.6,2,18.3,62,59,32.4,16.0,9.7,12.8,13.3,8.8,3.9,3.1
SUJ-3882,Inmuebles,Monterrey,Bachillerato,Empresa propia,Casado,17,6,7,500,1.25,28.5,61,4.7,6.4,8.0,5.1,7.0,6.7,6.32,7.1,13,7.0,7.0,9.4,0,0,5.8,0.0,3,18.8,59,65,30.7,24.6,11.2,6.6,16.2,2.2,5.9,2.6
SUJ-3883,Agroindustria,Medellín,Bachillerato,E-commerce,Soltero,25,5,13,10073,1.0,4.0,62,8.3,6.7,5.8,4.8,5.7,4.8,6.02,7.2,25,7.0,7.8,5.1,1,2,4.0,2.2,3,16.2,49,52,32.9,15.7,16.1,11.3,11.9,6.0,4.2,1.9
SUJ-3884,Finanzas,Cali,Maestría,E-commerce,Soltero,22,5,15,21352,16.37,55.2,57,7.1,5.1,7.5,6.0,7.1,6.1,6.48,7.5,40,7.5,6.0,6.4,2,3,5.1,5.2,3,35.4,54,67,22.2,13.2,25.2,15.2,11.7,7.6,3.4,1.5
SUJ-3885,Servicios,Barranquilla,Posgrado,Franquicia,Soltero,19,3,5,8002,1.46,9.6,40,5.6,4.6,4.0,2.7,5.8,3.5,4.37,6.3,22,5.3,6.4,6.9,0,1,6.2,1.5,65,17.9,73,69,25.3,25.8,15.2,4.5,14.5,7.7,5.5,1.5
SUJ-3886,Agroindustria,Barranquilla,Universitario,Holding,Casado,21,7,12,10372,2.09,13.5,91,8.1,8.1,10.0,6.4,9.6,6.8,8.17,7.9,15,1.3,7.5,6.0,2,0,5.2,2.8,4,19.3,28,66,32.8,11.9,16.2,12.2,12.7,7.7,4.0,2.5
SUJ-3887,Agroindustria,Lima,Universitario,Startup escalada,Casado,34,1,10,13895,1.0,37.7,71,8.2,6.2,6.4,3.8,8.7,4.8,6.35,8.9,12,5.8,8.9,5.6,0,2,3.7,5.8,4,18.8,49,57,29.1,17.5,14.7,8.6,11.9,9.7,5.0,3.5
SUJ-3888,Manufactura,Bogotá,Posgrado,Startup escalada,Soltero,36,11,12,3591,1.0,26.9,63,6.0,5.6,3.9,4.5,7.0,7.5,5.75,5.8,25,4.6,8.3,6.6,2,1,5.2,0.8,15,21.8,63,51,36.2,11.8,20.3,7.3,11.2,7.2,4.5,1.5
SUJ-3889,Manufactura,Buenos Aires,Posgrado,Empresa propia,Soltero,19,8,10,915,3.38,35.4,70,6.8,6.6,8.2,6.8,7.0,5.8,6.87,10.0,20,7.5,7.9,4.1,1,2,4.8,4.1,17,33.1,48,71,31.5,18.4,7.7,17.6,9.9,4.8,7.1,3.0
SUJ-3890,Retail/Comercio,Barranquilla,Doctorado,E-commerce,Soltero,28,12,17,21635,1.79,15.0,77,9.1,6.9,6.7,5.9,8.3,8.3,7.53,4.2,14,7.8,8.9,8.1,0,3,4.4,0.0,69,31.8,43,67,22.3,7.6,12.8,18.8,15.8,12.9,9.8,0.0
SUJ-3891,Inmuebles,São Paulo,Doctorado,Empresa propia,Casado,20,7,12,22318,1.45,35.6,74,6.5,5.8,8.7,5.0,9.3,8.0,7.22,7.2,16,4.6,7.8,8.5,0,0,5.2,4.8,12,27.8,44,59,18.2,20.0,14.5,14.7,11.3,10.1,5.8,5.4
SUJ-3892,Retail/Comercio,Caracas,Posgrado,Holding,Unión libre,21,7,13,4664,1.02,34.4,62,5.4,4.8,4.2,2.6,6.6,8.1,5.28,6.7,27,8.0,7.6,8.1,0,0,6.1,1.1,9,20.1,52,64,20.7,15.3,24.1,11.9,13.0,12.2,0.7,2.1
SUJ-3893,Manufactura,São Paulo,Universitario,Franquicia,Unión libre,17,7,13,1958,3.83,11.3,86,7.3,9.3,5.8,4.6,10.0,9.0,7.67,8.1,17,5.9,8.5,7.1,3,1,4.9,7.0,5,22.3,41,53,25.3,18.6,13.7,11.1,16.7,9.0,4.7,0.9
SUJ-3894,Retail/Comercio,São Paulo,Universitario,Empresa propia,Soltero,38,4,5,17831,1.0,29.3,64,6.5,5.2,6.0,3.4,7.7,4.1,5.48,7.3,19,4.1,7.9,8.7,1,3,4.8,1.0,1,21.5,56,64,39.5,12.8,14.1,7.2,14.4,6.2,3.5,2.3
SUJ-3895,Inmuebles,Barranquilla,Posgrado,Startup escalada,Casado,32,2,2,9859,2.15,25.8,69,9.7,4.4,7.0,5.5,7.6,8.2,7.07,6.0,20,10.0,5.0,6.4,3,3,5.2,4.2,26,24.2,58,55,18.8,29.5,14.5,15.4,10.5,1.1,5.4,4.8
SUJ-3896,Servicios,Bogotá,Técnico,E-commerce,Casado,22,3,4,500,1.34,25.9,96,9.0,9.5,6.6,9.6,10.0,9.0,8.95,8.1,30,5.3,6.7,8.3,1,3,5.3,6.3,21,20.9,22,62,26.6,19.0,19.3,9.8,9.6,8.5,4.6,2.6
SUJ-3897,Tecnología,Cali,Universitario,Empresa propia,Unión libre,27,5,13,911,5.04,33.9,100,8.2,8.1,8.4,8.3,10.0,10.0,8.83,8.4,26,7.7,7.6,7.8,4,3,4.9,2.4,2,29.7,45,64,16.3,19.0,20.3,15.2,9.7,10.0,6.0,3.5
SUJ-3898,Servicios,Bucaramanga,Bachillerato,Empresa propia,Soltero,23,3,12,32690,4.76,7.4,88,8.1,7.3,6.8,6.6,9.8,8.9,7.92,7.5,21,9.0,8.9,4.7,0,2,4.5,5.6,9,25.5,50,61,32.1,16.8,21.6,8.4,11.6,2.9,5.3,1.3
SUJ-3899,Retail/Comercio,Monterrey,Bachillerato,E-commerce,Casado,31,12,18,500,3.51,8.9,63,6.2,5.5,6.7,6.1,8.7,7.4,6.77,6.8,27,7.3,7.7,7.9,1,2,6.1,4.7,1,20.3,65,55,18.4,23.6,16.4,16.9,12.2,7.1,2.9,2.5
SUJ-3900,Servicios,Santiago,Universitario,Startup escalada,Soltero,23,4,12,2656,1.46,6.0,67,7.1,7.5,9.9,4.7,9.6,7.9,7.78,10.0,25,5.1,8.1,7.8,0,2,5.7,5.1,4,13.2,47,58,13.7,28.4,17.6,12.1,13.1,9.4,2.0,3.7
SUJ-3901,Retail/Comercio,Santiago,Universitario,E-commerce,Casado,24,8,12,6361,3.05,19.6,62,7.1,4.3,5.8,1.4,6.5,5.5,5.1,10.0,31,5.5,8.7,10.0,0,3,4.4,2.9,6,25.2,55,77,30.9,18.5,16.8,8.6,12.4,9.0,2.8,1.0
SUJ-3902,Finanzas,Santiago,Maestría,Empresa familiar,Soltero,22,9,14,1630,3.84,55.3,69,4.7,7.5,6.1,6.4,8.6,7.9,6.87,5.8,6,1.4,8.5,6.6,0,1,4.2,5.9,34,31.2,56,60,31.0,7.1,20.1,15.8,13.6,6.6,4.1,1.7
SUJ-3903,Agroindustria,São Paulo,Universitario,Empresa propia,Casado,29,11,20,2112,1.3,20.6,80,6.6,7.2,8.0,7.4,10.0,8.4,7.93,9.7,42,4.1,7.3,7.7,5,1,4.9,0.9,103,26.9,38,72,36.5,22.2,15.2,11.5,2.3,8.0,2.0,2.3
SUJ-3904,Finanzas,Bogotá,Universitario,E-commerce,Unión libre,39,9,17,3482,9.53,49.3,47,4.1,5.7,8.1,2.5,7.7,6.1,5.7,9.2,20,7.9,8.7,10.0,1,3,4.8,3.1,11,35.6,56,65,32.8,23.5,4.8,18.0,10.4,6.6,2.9,1.0
SUJ-3905,Servicios,Caracas,Técnico,Startup escalada,Soltero,24,6,13,2512,12.58,8.4,58,7.8,4.7,4.6,4.9,6.7,6.3,5.83,8.9,18,5.8,8.4,8.2,0,3,4.6,3.4,11,29.2,54,55,21.9,22.7,15.2,15.1,11.6,5.8,4.7,3.0
SUJ-3906,Retail/Comercio,Santiago,Posgrado,E-commerce,Casado,24,13,18,13010,2.25,28.1,74,6.4,9.9,7.4,7.2,7.6,6.9,7.57,4.8,19,7.3,7.0,8.4,2,1,5.8,6.2,27,27.1,54,35,12.9,20.3,24.0,21.2,12.1,1.3,6.5,1.7
SUJ-3907,Retail/Comercio,Lima,Universitario,Empresa propia,Soltero,25,2,4,5549,4.87,46.0,71,7.8,6.0,10.0,3.8,8.6,5.8,7.0,7.6,24,3.5,7.2,5.6,1,2,4.7,2.5,26,33.4,46,49,28.9,19.8,21.1,10.2,8.4,5.3,4.8,1.5
SUJ-3908,Finanzas,Medellín,Posgrado,E-commerce,Soltero,27,3,9,2612,2.2,52.2,66,7.5,5.7,5.8,6.9,8.1,6.7,6.78,9.9,13,5.5,8.4,7.1,2,1,4.7,1.5,1,24.3,49,60,21.7,25.7,20.0,13.1,8.3,5.2,5.7,0.3
SUJ-3909,Manufactura,São Paulo,Doctorado,E-commerce,Soltero,24,8,15,3004,2.18,36.2,53,5.3,3.7,5.1,5.6,5.3,6.7,5.28,5.5,24,7.0,7.6,8.2,1,0,5.5,3.9,23,25.6,57,57,27.1,10.9,13.5,9.2,15.3,12.9,6.7,4.4
SUJ-3910,Finanzas,Bogotá,Técnico,Holding,Soltero,23,7,21,500,2.15,41.0,64,3.9,5.5,7.9,6.8,8.1,6.6,6.47,8.2,24,6.0,7.6,6.5,2,4,4.8,2.8,15,25.5,47,60,20.8,16.8,20.9,19.4,6.2,6.6,6.5,2.8
SUJ-3911,Tecnología,Bogotá,Universitario,Startup escalada,Unión libre,26,10,16,500,1.24,45.7,66,8.3,4.7,9.3,8.0,8.5,7.4,7.7,6.3,36,10.0,10.0,8.6,3,2,6.0,5.2,13,29.8,30,57,29.9,14.3,21.1,12.2,10.1,5.0,5.4,2.0
SUJ-3912,Finanzas,Caracas,Universitario,Startup escalada,Soltero,17,7,12,10124,9.57,55.4,54,7.7,7.8,8.6,3.4,7.0,2.4,6.15,9.8,14,4.8,7.8,9.5,0,2,5.7,5.3,15,34.7,62,57,26.6,8.0,23.3,11.7,14.4,10.4,3.6,2.0
SUJ-3913,Tecnología,Monterrey,Doctorado,Holding,Casado,22,8,15,958,4.19,39.3,61,6.6,3.1,6.2,6.0,7.4,7.7,6.17,10.0,42,6.2,7.0,10.0,2,1,5.9,1.5,9,31.5,65,74,28.5,18.9,21.8,5.1,11.6,6.2,6.5,1.4
SUJ-3914,Salud/Farma,Santiago,Maestría,Empresa propia,Unión libre,17,10,21,5167,2.3,25.0,70,6.5,3.1,5.7,3.9,7.2,8.0,5.73,8.7,17,6.6,7.6,10.0,1,3,7.0,0.0,2,18.3,58,76,28.8,17.2,14.2,13.6,14.6,7.3,2.6,1.7
SUJ-3915,Salud/Farma,CDMX,Maestría,Franquicia,Unión libre,23,7,14,14779,4.72,29.3,79,10.0,6.0,6.9,5.3,7.3,8.3,7.3,7.4,15,4.0,9.7,7.4,0,1,5.1,4.0,39,38.3,61,60,28.8,15.7,16.8,12.7,10.6,6.8,6.1,2.5
SUJ-3916,Finanzas,Bucaramanga,Universitario,Startup escalada,Casado,20,9,14,3676,4.33,42.6,85,7.7,7.6,6.6,9.0,9.4,9.8,8.35,7.2,18,3.3,6.5,7.1,3,2,5.7,3.2,260,32.1,32,53,33.4,23.2,17.2,2.2,10.8,10.2,1.2,1.8
SUJ-3917,Inmuebles,São Paulo,Doctorado,Empresa familiar,Soltero,29,4,7,3394,1.0,19.9,58,7.2,7.0,6.3,5.8,7.1,6.3,6.62,7.2,24,6.7,8.0,7.3,0,2,4.5,5.6,2,17.6,69,59,28.9,19.2,9.4,15.0,18.6,3.5,4.5,0.9
SUJ-3918,Finanzas,Medellín,Técnico,Empresa propia,Casado,21,4,7,16511,1.0,39.0,68,5.2,6.1,7.8,4.6,6.0,8.2,6.32,7.1,26,7.9,6.5,5.6,0,2,5.8,0.7,1,12.9,49,71,24.1,20.5,20.1,10.9,9.8,9.1,3.0,2.5
SUJ-3919,Manufactura,Bogotá,Bachillerato,E-commerce,Soltero,23,10,19,16010,5.47,5.5,69,7.9,5.6,7.2,4.3,8.3,7.0,6.72,7.3,29,7.4,10.0,7.2,4,5,5.8,3.4,13,28.5,50,67,24.3,12.6,14.9,17.3,14.3,9.1,7.5,0.0
SUJ-3920,Inmuebles,Medellín,Maestría,Empresa propia,Unión libre,17,7,12,16971,5.66,35.6,70,5.8,6.1,6.4,5.5,8.9,6.6,6.55,9.0,12,7.7,9.4,6.7,2,2,6.0,0.3,12,29.2,49,70,33.3,12.5,17.9,14.5,7.8,6.9,4.1,3.0
SUJ-3921,Agroindustria,Bogotá,Doctorado,Empresa propia,Casado,32,7,20,6787,18.8,31.0,69,7.9,7.0,8.3,4.5,8.2,7.4,7.22,6.4,5,4.9,8.6,5.0,2,1,5.3,2.1,36,34.8,45,55,27.2,16.5,14.7,8.9,15.2,11.7,4.9,0.9
SUJ-3922,Retail/Comercio,Cali,Técnico,E-commerce,Casado,19,4,10,24343,1.0,21.3,56,6.1,3.6,6.7,2.3,7.7,4.6,5.17,8.9,27,4.3,7.5,8.3,5,1,5.1,1.2,15,20.5,75,66,31.1,8.4,15.1,17.3,12.7,10.1,5.3,0.0
SUJ-3923,Inmuebles,Monterrey,Técnico,E-commerce,Soltero,23,5,13,13672,15.87,70.0,79,7.8,8.0,8.4,6.0,8.8,9.3,8.05,10.0,25,5.6,7.4,5.3,1,3,5.5,4.4,20,35.5,35,58,33.7,13.8,15.3,10.7,11.4,10.8,2.6,1.7
SUJ-3924,Finanzas,Lima,Bachillerato,Empresa propia,Casado,30,8,12,4297,3.82,37.5,68,6.7,3.5,8.0,3.7,7.5,8.4,6.3,7.9,27,9.0,7.1,6.1,3,1,5.6,4.6,69,32.7,50,54,17.2,17.4,15.4,19.4,11.2,10.6,5.6,3.2
SUJ-3925,Salud/Farma,Cali,Técnico,Startup escalada,Casado,30,6,9,7944,2.65,16.3,73,8.8,6.0,7.7,5.0,9.5,9.6,7.77,8.5,24,7.6,5.8,9.5,1,2,7.8,1.1,46,22.0,54,62,25.4,24.4,13.1,13.1,7.0,9.9,4.5,2.6
SUJ-3926,Tecnología,Buenos Aires,Universitario,Startup escalada,Unión libre,19,3,12,1038,4.09,63.2,73,7.5,6.2,7.1,8.0,8.8,7.3,7.48,4.9,12,3.3,5.8,7.4,2,1,5.5,0.0,39,30.9,48,46,27.9,15.7,25.2,18.8,1.9,3.5,3.9,3.1
SUJ-3927,Manufactura,Santiago,Doctorado,Empresa familiar,Soltero,29,3,13,6411,1.0,33.5,64,7.2,3.8,4.9,4.6,6.4,6.8,5.62,8.1,16,7.2,7.4,7.9,2,0,5.5,3.4,7,22.0,59,52,22.1,9.2,13.6,19.1,16.6,10.7,7.8,0.9
SUJ-3928,Manufactura,Buenos Aires,Posgrado,Empresa propia,Unión libre,19,4,7,2442,1.0,34.2,83,10.0,7.1,7.6,4.5,7.9,8.4,7.58,7.1,27,10.0,9.9,9.5,3,2,6.2,5.7,55,29.0,43,63,27.9,14.2,21.7,14.2,7.6,10.8,1.6,2.0
SUJ-3929,Manufactura,Bucaramanga,Maestría,E-commerce,Soltero,27,5,8,2667,1.0,39.8,66,5.4,5.3,5.7,6.1,9.0,6.3,6.3,9.4,23,8.7,5.9,9.0,2,1,3.3,2.8,32,27.9,49,62,32.7,24.0,16.7,15.1,6.2,3.7,0.9,0.7
SUJ-3930,Tecnología,CDMX,Maestría,Franquicia,Casado,21,6,10,1074,1.46,39.4,75,6.7,6.8,9.9,6.1,7.6,7.8,7.48,9.9,33,4.6,6.7,10.0,2,5,5.3,4.3,13,28.1,38,68,17.8,8.9,23.6,16.2,13.8,5.7,7.8,6.2
SUJ-3931,Agroindustria,Lima,Posgrado,Empresa propia,Casado,19,13,21,3547,1.55,24.5,74,5.6,6.8,9.7,7.1,7.9,7.8,7.48,8.0,31,8.5,6.4,7.5,0,1,4.9,4.6,6,22.1,56,61,26.9,18.2,15.4,13.0,12.5,6.5,4.1,3.4
SUJ-3932,Tecnología,Cali,Maestría,E-commerce,Soltero,26,10,17,5252,6.87,32.8,76,5.9,7.0,9.5,5.9,8.2,4.6,6.85,6.4,17,6.5,7.9,9.6,0,3,5.2,2.7,37,32.5,39,48,30.6,12.2,17.1,13.5,11.8,8.7,4.2,1.9
SUJ-3933,Manufactura,Medellín,Posgrado,Startup escalada,Soltero,21,8,14,7337,1.05,39.7,87,10.0,6.6,7.8,6.7,10.0,7.3,8.07,6.4,44,4.7,9.4,5.9,0,0,5.5,4.0,22,27.1,40,48,27.8,24.7,10.0,19.9,6.6,8.3,0.0,2.7
SUJ-3934,Finanzas,Medellín,Universitario,Empresa propia,Casado,38,14,17,2909,12.36,62.0,63,6.4,5.8,6.4,5.5,5.2,7.8,6.18,4.8,8,7.0,8.4,8.0,1,0,6.0,0.0,91,44.0,51,57,29.1,16.9,14.0,9.5,13.4,11.7,4.4,1.0
SUJ-3935,Finanzas,Bucaramanga,Posgrado,Empresa familiar,Soltero,22,6,18,12571,89.73,62.7,72,4.8,7.8,6.3,7.3,8.5,7.6,7.05,6.8,15,9.0,8.1,4.4,1,5,5.1,0.8,60,56.6,58,42,25.6,10.2,19.6,20.0,11.8,6.5,4.2,2.1
SUJ-3936,Retail/Comercio,Bogotá,Posgrado,Startup escalada,Soltero,18,9,18,5887,2.58,27.7,72,7.1,7.3,5.5,4.2,9.8,5.1,6.5,6.6,23,4.6,8.7,8.0,0,1,6.8,4.8,49,26.2,58,54,16.8,28.0,17.2,15.2,12.1,6.3,4.1,0.3
SUJ-3937,Retail/Comercio,Medellín,Maestría,Startup escalada,Casado,20,8,7,8130,1.0,42.8,68,6.5,6.4,8.1,6.8,8.7,5.8,7.05,9.5,9,7.0,7.1,9.6,2,3,6.2,3.9,9,18.6,54,61,33.1,21.8,5.2,8.9,11.0,10.4,5.4,4.2
SUJ-3938,Tecnología,Santiago,Doctorado,Startup escalada,Casado,25,8,17,2607,5.42,54.8,79,6.8,5.5,6.7,6.4,9.1,8.0,7.08,9.7,10,4.3,8.7,7.3,0,1,5.2,4.0,14,33.6,45,70,27.9,8.1,19.2,20.0,10.5,7.7,4.6,2.0
SUJ-3939,Tecnología,CDMX,Universitario,Franquicia,Casado,26,4,9,13461,4.71,71.8,57,5.8,1.8,5.7,5.7,5.9,5.1,5.0,10.0,4,3.6,5.2,6.9,1,1,3.9,3.4,3,27.4,65,69,27.4,20.1,10.8,11.1,12.5,13.8,2.1,2.2
SUJ-3940,Retail/Comercio,Monterrey,Maestría,Startup escalada,Soltero,27,6,10,7831,1.0,24.1,91,9.1,5.0,8.1,5.3,9.4,9.5,7.73,6.4,29,4.5,8.0,7.9,1,2,5.3,4.3,10,19.5,31,74,24.6,21.3,11.6,16.7,12.1,8.0,3.5,2.2
SUJ-3941,Inmuebles,Santiago,Técnico,Franquicia,Soltero,31,4,13,15864,10.7,27.2,92,8.7,8.5,10.0,5.9,10.0,9.5,8.77,6.4,0,4.2,8.8,4.7,4,1,5.1,3.2,242,43.0,38,57,22.2,17.6,15.2,7.7,13.8,12.3,7.6,3.6
SUJ-3942,Servicios,CDMX,Maestría,Startup escalada,Casado,17,8,15,1394,2.57,28.1,64,7.8,4.6,6.7,3.0,7.2,7.3,6.1,6.0,26,6.3,6.8,3.7,1,2,4.9,0.2,121,33.6,54,55,22.7,22.0,22.2,8.2,11.4,6.5,5.3,1.7
SUJ-3943,Tecnología,São Paulo,Universitario,Empresa propia,Casado,31,7,13,3832,3.84,34.7,71,7.3,4.5,8.3,4.7,8.9,7.3,6.83,10.0,31,4.4,6.3,9.2,1,4,4.4,3.6,2,25.4,42,65,23.2,11.3,27.0,19.1,8.3,4.2,5.4,1.5
SUJ-3944,Finanzas,Bucaramanga,Bachillerato,Empresa propia,Casado,20,1,4,959,2.08,44.8,48,5.5,3.7,4.9,3.9,8.2,5.3,5.25,8.7,26,9.7,7.6,8.3,1,3,5.8,0.9,2,20.7,49,53,33.5,7.2,11.8,16.6,15.4,9.8,5.5,0.2
SUJ-3945,Tecnología,Santiago,Universitario,E-commerce,Casado,28,9,19,1941,14.84,51.7,63,6.7,5.4,5.6,3.4,7.6,8.6,6.22,10.0,16,4.4,7.7,6.0,1,0,3.7,1.6,7,37.6,62,66,26.3,21.0,15.0,16.0,11.5,6.1,2.5,1.6
SUJ-3946,Tecnología,Monterrey,Posgrado,Empresa propia,Soltero,36,8,10,4014,2.74,33.7,103,8.5,8.5,10.0,6.8,10.0,8.8,8.77,8.1,10,6.5,9.9,5.9,1,2,6.7,3.9,3,23.2,43,50,26.7,19.4,17.9,11.2,10.4,7.0,4.0,3.4
SUJ-3947,Manufactura,Monterrey,Técnico,Franquicia,Soltero,21,13,22,17998,6.26,26.2,80,6.8,5.8,9.3,6.6,8.8,4.5,6.97,9.5,38,9.3,8.7,8.7,0,3,5.6,0.0,6,25.4,47,59,16.9,16.0,21.2,16.2,12.4,9.1,4.7,3.5
SUJ-3948,Manufactura,São Paulo,Doctorado,E-commerce,Unión libre,20,10,16,6514,6.45,31.7,82,8.5,8.1,7.2,7.6,8.3,6.0,7.62,7.0,26,5.4,8.9,6.4,4,4,5.5,3.8,54,36.6,40,54,23.7,23.3,12.5,13.1,12.8,8.2,3.6,2.8
SUJ-3949,Tecnología,Barranquilla,Bachillerato,Startup escalada,Casado,19,11,17,3208,20.49,64.1,66,6.3,5.5,7.7,5.2,8.2,5.8,6.45,7.7,8,6.8,10.0,5.7,0,2,7.4,0.8,75,46.2,53,73,36.3,13.1,12.6,11.5,15.6,9.6,0.3,1.0
SUJ-3950,Finanzas,Caracas,Doctorado,E-commerce,Casado,23,2,6,10991,1.0,27.1,71,8.0,5.8,6.7,5.8,6.6,9.5,7.07,6.4,15,10.0,8.5,8.5,1,2,5.8,2.8,8,22.3,48,65,16.2,16.1,26.3,15.4,10.9,11.6,1.9,1.6
SUJ-3951,Tecnología,Bogotá,Maestría,Empresa propia,Unión libre,33,11,18,500,5.89,66.6,71,7.1,5.0,4.8,5.3,8.6,8.3,6.52,7.6,34,6.9,7.6,4.2,2,2,5.4,4.1,5,37.7,44,56,31.3,15.9,22.4,7.1,11.7,4.0,3.4,4.2
SUJ-3952,Servicios,Bucaramanga,Universitario,Empresa propia,Unión libre,19,6,7,3697,1.0,4.0,53,4.9,7.4,4.7,3.6,5.3,4.3,5.03,6.4,35,3.3,9.4,5.7,1,2,4.8,2.7,11,25.5,53,47,21.0,27.6,19.3,12.4,7.2,5.4,5.1,2.0
SUJ-3953,Salud/Farma,São Paulo,Universitario,Franquicia,Casado,23,4,14,7346,1.0,14.0,74,7.8,6.2,7.3,5.4,9.2,6.4,7.05,8.6,22,7.5,3.3,9.7,1,2,5.2,2.6,74,21.6,55,60,27.7,20.0,13.2,17.4,9.7,4.8,4.5,2.7
SUJ-3954,Tecnología,Santiago,Maestría,E-commerce,Soltero,31,1,6,7001,6.53,81.0,82,8.4,7.6,8.3,5.9,7.7,8.6,7.75,7.5,38,10.0,8.9,7.8,1,1,4.6,3.8,215,46.2,37,48,28.3,21.9,18.4,9.8,9.6,7.4,2.9,1.7
SUJ-3955,Finanzas,Lima,Posgrado,Holding,Unión libre,29,12,16,7482,6.22,50.3,96,7.5,8.1,9.9,8.1,10.0,9.0,8.77,8.1,24,4.7,7.1,7.3,1,3,4.8,5.1,17,33.8,39,54,23.5,16.8,23.3,15.7,7.9,7.1,4.7,1.0
SUJ-3956,Servicios,Lima,Posgrado,Empresa propia,Casado,23,6,11,1900,1.28,7.5,76,5.5,8.1,9.6,7.2,10.0,6.2,7.77,9.4,15,9.1,8.9,8.1,1,0,4.4,5.3,487,31.4,35,59,23.9,23.9,15.2,16.5,8.8,3.4,6.6,1.7
SUJ-3957,Agroindustria,Bucaramanga,Universitario,Empresa propia,Soltero,24,6,11,3288,1.0,4.0,70,7.9,5.0,7.1,5.6,7.5,5.6,6.45,7.6,7,7.4,7.9,9.6,0,0,6.5,3.8,24,21.0,59,68,24.6,6.4,17.9,10.2,22.7,9.6,5.2,3.4
SUJ-3958,Retail/Comercio,Caracas,Universitario,Empresa propia,Casado,31,8,18,21455,13.87,10.7,71,6.7,6.9,5.1,4.7,7.4,6.2,6.17,7.1,43,5.8,8.7,8.3,1,2,5.3,6.7,1,28.6,44,66,30.1,14.3,19.9,10.3,9.6,10.5,4.5,0.8
SUJ-3959,Tecnología,Santiago,Doctorado,Empresa propia,Soltero,35,14,14,29189,8.21,39.1,77,8.2,6.2,7.9,3.2,8.4,6.4,6.72,6.0,1,7.0,6.5,7.0,0,1,4.2,0.5,152,37.5,49,55,23.9,8.8,16.2,18.4,16.3,9.2,3.5,3.7
SUJ-3960,Tecnología,Cali,Universitario,Franquicia,Unión libre,36,6,12,2992,3.85,66.0,83,8.7,7.3,7.4,5.1,9.7,7.2,7.57,6.7,21,2.7,8.1,6.2,3,0,5.8,2.3,21,32.7,29,58,20.8,21.2,17.4,14.4,12.4,9.5,3.2,1.1
SUJ-3961,Manufactura,Cali,Universitario,Startup escalada,Soltero,34,7,19,8273,6.17,32.5,87,10.0,6.8,6.8,7.0,7.6,8.7,7.82,6.1,41,4.3,8.5,7.0,1,1,5.4,2.0,90,38.9,39,57,33.8,11.9,22.0,11.1,7.6,11.3,1.3,1.0
SUJ-3962,Finanzas,Bogotá,Universitario,Empresa propia,Casado,21,10,16,2209,9.99,63.0,44,7.4,6.8,5.2,3.4,5.3,5.2,5.55,9.4,20,6.3,7.9,5.9,2,2,4.4,2.9,6,34.9,36,61,35.2,14.9,17.3,12.1,8.3,9.6,0.1,2.5
SUJ-3963,Tecnología,Santiago,Maestría,E-commerce,Casado,36,6,13,3677,3.44,37.6,87,7.3,7.1,9.3,6.3,10.0,6.1,7.68,7.7,34,6.3,6.6,7.6,1,1,4.8,5.5,45,30.6,30,43,31.3,23.2,13.0,11.0,8.6,8.1,4.2,0.6
SUJ-3964,Manufactura,Monterrey,Maestría,E-commerce,Casado,21,4,10,12574,1.0,4.0,56,5.9,3.1,6.8,2.6,6.9,5.9,5.2,9.2,30,6.4,7.6,6.7,2,1,4.8,1.2,12,18.3,54,74,31.7,16.8,15.6,17.7,8.6,2.4,4.8,2.4
SUJ-3965,Tecnología,Medellín,Universitario,Empresa propia,Casado,17,1,5,5564,3.88,61.3,59,6.3,5.2,5.0,4.4,6.4,5.4,5.45,7.6,27,7.5,10.0,10.0,3,0,7.9,4.0,5,32.7,67,68,30.7,16.8,17.1,17.9,3.5,7.7,2.9,3.4
SUJ-3966,Inmuebles,Lima,Técnico,Holding,Casado,26,12,20,15155,5.79,30.8,69,9.1,6.2,8.6,6.5,7.4,7.4,7.53,8.8,23,8.3,5.4,8.0,0,1,6.0,1.7,4,22.2,48,64,23.7,18.9,13.8,14.4,16.5,6.6,5.9,0.2
SUJ-3967,Finanzas,Caracas,Bachillerato,E-commerce,Soltero,34,8,13,7926,4.34,37.0,79,6.3,6.9,8.5,3.8,9.6,9.0,7.35,7.7,18,5.1,5.0,6.4,0,0,6.3,1.3,2,18.4,50,65,30.1,16.0,9.9,21.3,10.4,6.5,3.2,2.6
SUJ-3968,Tecnología,Santiago,Universitario,Franquicia,Soltero,29,9,15,7930,18.67,66.3,55,8.1,3.4,8.2,0.0,7.9,6.6,5.7,7.3,17,3.8,6.9,8.8,2,5,5.3,0.0,4,37.3,44,56,29.1,15.1,16.0,20.5,7.0,5.5,3.4,3.4
SUJ-3969,Manufactura,Santiago,Universitario,Startup escalada,Casado,25,5,13,500,9.45,43.0,64,7.6,4.1,9.5,3.5,8.0,5.1,6.3,9.2,15,6.4,8.5,6.1,2,3,4.6,3.2,19,36.9,39,61,27.5,12.7,20.0,12.2,11.3,8.2,4.1,4.0
SUJ-3970,Finanzas,Medellín,Doctorado,Empresa propia,Soltero,27,9,17,11079,117.0,72.2,76,7.6,8.9,8.4,6.2,9.2,7.8,8.02,7.2,17,3.9,6.6,10.0,2,1,3.7,0.0,33,55.3,55,48,32.4,19.6,7.0,16.2,13.5,5.5,3.8,2.0
SUJ-3971,Salud/Farma,Medellín,Universitario,Startup escalada,Soltero,29,4,10,30485,2.65,12.3,79,9.1,6.4,9.4,4.9,7.4,9.1,7.72,7.7,24,5.0,7.7,6.2,2,0,4.8,3.0,6,19.2,47,62,28.8,10.4,18.0,11.7,18.3,6.1,5.2,1.5
SUJ-3972,Retail/Comercio,CDMX,Universitario,E-commerce,Soltero,26,7,16,5124,7.64,45.6,78,7.6,6.5,8.4,7.1,8.3,7.2,7.52,9.2,14,9.2,8.1,4.1,2,1,6.8,2.8,3,28.9,48,64,19.0,18.1,15.4,18.0,13.4,12.3,2.1,1.7
SUJ-3973,Finanzas,São Paulo,Maestría,E-commerce,Soltero,24,7,17,1381,3.47,53.6,85,6.6,9.9,6.0,7.8,9.9,4.9,7.52,4.6,24,3.3,6.0,6.7,1,1,5.0,2.4,202,32.1,48,51,19.9,23.1,19.4,14.5,13.1,4.4,5.1,0.5
SUJ-3974,Inmuebles,Barranquilla,Universitario,Startup escalada,Casado,21,11,20,30170,3.03,23.0,88,8.9,8.4,5.1,4.9,9.9,9.5,7.78,7.4,20,6.3,7.9,9.7,2,0,5.7,1.8,8,24.3,34,58,23.3,15.4,14.7,17.5,13.0,9.9,4.4,1.8
SUJ-3975,Finanzas,Bogotá,Posgrado,Startup escalada,Casado,26,9,19,2741,39.26,65.0,74,7.7,6.3,6.6,6.9,8.4,6.0,6.98,10.0,46,7.6,8.1,5.5,0,3,5.3,5.9,131,49.4,55,58,24.4,15.3,16.8,16.0,13.0,9.8,2.5,2.2
SUJ-3976,Servicios,Lima,Técnico,E-commerce,Soltero,25,4,15,4210,2.65,9.7,71,6.8,6.5,7.7,6.8,6.7,8.8,7.22,9.8,42,3.9,6.7,8.4,0,0,5.7,1.5,8,19.6,42,60,35.3,15.5,14.0,8.0,10.8,9.5,3.7,3.2
SUJ-3977,Finanzas,Medellín,Universitario,Startup escalada,Casado,26,9,11,644,1.0,39.3,62,5.6,8.1,4.4,5.2,7.5,6.0,6.13,8.5,23,7.1,7.8,7.6,0,3,5.3,2.4,9,24.1,63,58,10.1,26.3,25.8,11.2,14.3,7.3,4.9,0.1
SUJ-3978,Retail/Comercio,Cali,Doctorado,Franquicia,Soltero,32,5,21,939,4.72,41.0,64,7.6,4.9,6.6,4.8,5.2,7.9,6.17,6.5,4,9.8,8.1,6.3,1,2,5.4,2.8,38,30.7,41,65,19.3,21.2,19.3,18.8,10.6,5.9,2.7,2.2
SUJ-3979,Tecnología,Bucaramanga,Posgrado,E-commerce,Casado,24,4,11,1952,4.97,43.8,54,6.1,6.1,7.0,5.9,6.5,4.6,6.03,9.2,28,5.6,7.7,7.3,1,4,3.9,4.6,10,26.4,71,57,31.4,11.5,18.2,8.4,14.6,8.8,4.3,2.8
SUJ-3980,Retail/Comercio,Cali,Universitario,Empresa propia,Soltero,24,9,14,6360,2.97,34.1,91,8.4,8.5,6.4,9.0,9.5,8.4,8.37,6.3,37,7.8,5.6,8.2,3,3,6.0,4.1,112,27.6,30,54,25.8,10.2,22.6,10.8,12.4,11.9,2.8,3.5
SUJ-3981,Servicios,CDMX,Posgrado,Empresa propia,Casado,27,7,14,6527,2.27,15.1,71,6.6,6.2,8.5,5.5,6.7,7.8,6.88,8.3,0,8.2,8.2,10.0,2,3,5.0,1.5,43,30.4,56,68,15.9,20.8,17.5,11.6,11.9,14.1,4.0,4.2
SUJ-3982,Inmuebles,CDMX,Maestría,Startup escalada,Soltero,41,2,3,7456,1.07,34.1,82,7.6,6.2,8.3,6.7,8.9,9.6,7.88,8.8,28,8.2,8.7,6.1,2,2,5.2,4.4,2,17.5,50,58,30.0,20.5,10.1,13.6,13.1,6.7,4.0,2.0
SUJ-3983,Finanzas,Medellín,Universitario,Empresa propia,Soltero,19,5,12,7013,8.24,51.5,108,9.8,9.3,9.9,9.0,9.9,10.0,9.65,10.0,32,8.9,9.9,5.3,3,1,3.7,3.0,9,35.8,10,69,25.2,11.7,20.6,18.0,13.6,1.9,8.0,1.0
SUJ-3984,Finanzas,CDMX,Posgrado,Empresa propia,Casado,32,10,13,5469,4.48,34.7,102,9.4,8.3,7.7,10.0,10.0,10.0,9.23,8.5,26,5.8,9.1,8.4,1,0,5.5,4.5,7,28.0,20,55,23.0,22.4,12.9,11.6,10.0,11.2,5.9,3.0
SUJ-3985,Inmuebles,São Paulo,Doctorado,Startup escalada,Soltero,24,8,14,12959,2.79,34.6,87,9.5,8.2,9.3,8.3,7.6,8.9,8.63,8.3,27,10.0,7.3,6.4,1,2,5.0,1.3,35,33.4,28,68,20.8,29.3,13.9,11.8,12.3,6.5,3.5,1.9
SUJ-3986,Agroindustria,Monterrey,Técnico,Empresa propia,Unión libre,25,8,15,21732,3.35,11.9,67,6.6,3.8,7.0,4.7,9.3,5.5,6.15,7.2,17,7.1,6.3,9.0,0,2,5.3,2.8,40,25.3,46,62,42.3,18.5,10.4,5.9,9.5,7.8,4.9,0.7
SUJ-3987,Tecnología,Buenos Aires,Maestría,Empresa propia,Casado,18,14,18,2515,2.18,39.0,83,8.5,10.0,5.1,8.0,6.5,9.3,7.9,6.1,26,6.3,7.1,9.1,2,2,4.3,4.1,2,13.8,44,57,15.8,22.0,17.1,19.9,8.8,7.8,5.2,3.4
SUJ-3988,Retail/Comercio,Santiago,Posgrado,E-commerce,Soltero,37,10,10,1115,1.0,12.8,72,6.9,7.0,7.5,3.0,8.6,4.5,6.25,6.1,22,5.7,7.1,9.2,0,1,4.3,3.4,77,23.9,57,54,22.7,18.3,14.6,19.4,10.3,7.9,5.1,1.7
SUJ-3989,Finanzas,Santiago,Posgrado,E-commerce,Casado,27,6,13,4428,1.0,32.7,60,4.3,6.0,5.0,5.6,5.0,6.9,5.47,7.4,18,7.7,7.2,7.6,0,1,5.2,4.1,5,21.9,64,59,32.2,17.0,15.7,11.7,10.8,7.4,3.1,2.1
SUJ-3990,Servicios,Medellín,Universitario,Startup escalada,Soltero,29,5,11,500,1.0,13.6,60,6.7,8.1,5.3,8.6,7.0,4.0,6.62,9.1,19,6.7,6.2,8.3,0,0,5.1,5.0,90,24.8,40,62,29.6,19.0,9.7,7.3,17.1,12.8,1.8,2.7
SUJ-3991,Tecnología,CDMX,Universitario,E-commerce,Soltero,17,4,11,17186,5.24,60.4,84,7.6,6.3,8.2,4.8,9.8,8.3,7.5,4.6,8,5.4,8.8,8.3,2,0,4.8,3.8,34,37.1,41,54,30.8,20.3,21.9,13.5,9.8,3.0,0.1,0.6
SUJ-3992,Tecnología,Bucaramanga,Posgrado,E-commerce,Unión libre,22,5,10,2192,2.96,33.3,82,9.1,6.0,8.6,6.1,9.0,7.7,7.75,8.4,11,5.3,7.2,6.8,0,2,3.6,3.0,33,26.7,34,57,27.4,17.4,19.1,5.8,21.4,5.5,2.0,1.4
SUJ-3993,Inmuebles,Monterrey,Universitario,Holding,Soltero,28,1,5,6375,1.46,32.9,89,10.0,7.0,10.0,6.1,9.4,8.2,8.45,9.6,12,1.4,7.3,8.6,1,1,7.1,2.9,4,20.6,26,60,26.9,18.1,15.4,16.5,10.8,5.1,6.4,0.8
SUJ-3994,Tecnología,Bogotá,Universitario,E-commerce,Casado,25,2,7,978,2.29,57.6,69,6.4,8.9,5.8,5.0,6.7,7.5,6.72,7.3,26,5.5,6.8,8.3,0,1,5.7,3.0,351,36.3,59,51,27.2,21.9,11.9,17.8,7.8,8.2,4.2,1.0
SUJ-3995,Retail/Comercio,CDMX,Universitario,E-commerce,Soltero,28,9,15,6446,1.56,42.4,66,8.0,5.7,6.8,6.5,6.9,6.7,6.77,2.6,14,8.3,8.9,10.0,0,1,4.3,1.9,3,22.4,56,49,18.2,22.7,16.9,15.6,13.1,10.3,2.1,1.1
SUJ-3996,Retail/Comercio,Monterrey,Bachillerato,Startup escalada,Casado,38,13,21,500,4.43,20.8,58,5.9,8.8,3.5,5.9,7.5,6.8,6.4,6.7,33,8.0,9.0,8.8,3,1,5.2,0.0,11,28.7,46,59,30.8,19.9,16.2,13.8,8.5,5.9,4.0,0.9
SUJ-3997,Finanzas,Barranquilla,Doctorado,Franquicia,Soltero,29,7,10,11716,1.0,50.4,50,5.2,4.0,6.1,5.1,5.4,6.3,5.35,6.9,20,5.4,9.7,6.8,1,3,4.6,1.8,14,25.4,73,71,33.7,21.8,6.8,12.9,13.2,5.3,4.5,1.8
SUJ-3998,Finanzas,Bogotá,Universitario,Franquicia,Soltero,23,4,13,24884,3.93,31.9,61,7.1,2.1,5.8,5.3,8.9,3.0,5.37,7.0,24,7.6,8.0,10.0,1,0,5.3,1.7,2,23.0,72,71,31.4,16.1,18.2,18.2,6.0,4.5,3.9,1.7
SUJ-3999,Retail/Comercio,Santiago,Doctorado,Empresa propia,Unión libre,22,1,9,2933,1.71,10.2,63,4.3,3.4,7.3,6.1,7.9,8.5,6.25,5.3,16,3.6,4.4,4.9,1,3,5.9,1.9,67,24.4,47,61,26.0,19.2,14.5,8.4,11.8,11.8,4.8,3.5
SUJ-4000,Tecnología,Barranquilla,Técnico,E-commerce,Soltero,21,13,21,2389,33.81,57.5,57,4.5,6.0,5.8,4.0,9.4,4.7,5.73,6.9,27,5.8,7.7,6.4,4,2,4.5,2.7,82,50.8,60,52,28.9,14.1,22.7,9.0,12.3,7.9,4.5,0.6
SUJ-4001,Manufactura,Medellín,Posgrado,Empresa propia,Casado,23,2,14,4753,4.19,53.8,65,7.0,6.6,5.9,6.0,6.2,7.2,6.48,9.4,23,4.9,7.1,6.7,1,2,6.2,2.5,22,28.4,56,62,28.0,18.3,17.4,14.8,7.1,10.5,2.3,1.6
SUJ-4002,Inmuebles,Lima,Universitario,E-commerce,Casado,23,1,2,7740,4.57,40.9,98,6.5,8.5,8.8,8.0,7.3,10.0,8.18,4.4,35,4.3,7.3,8.1,2,3,4.8,5.1,8,29.3,43,46,26.3,20.1,17.7,8.2,9.5,7.6,7.9,2.7
SUJ-4003,Inmuebles,Medellín,Maestría,Startup escalada,Casado,26,6,19,1675,1.62,14.7,63,8.0,4.3,3.4,4.2,7.1,7.4,5.73,7.2,33,10.0,10.0,6.4,0,1,4.8,2.2,61,28.9,50,69,37.1,10.9,10.7,17.2,4.6,10.5,4.3,4.7
SUJ-4004,Tecnología,Bucaramanga,Maestría,E-commerce,Casado,29,7,11,13008,1.78,36.6,47,7.0,2.9,6.4,4.0,4.7,6.4,5.23,7.1,8,8.5,9.3,5.8,2,2,5.0,2.7,14,26.4,74,70,25.9,23.0,23.2,11.8,8.7,2.5,2.4,2.5
SUJ-4005,Tecnología,São Paulo,Técnico,Empresa propia,Soltero,28,7,14,1770,1.85,61.0,74,8.0,4.5,8.5,5.9,8.7,6.0,6.93,7.9,33,5.0,7.1,6.9,1,1,6.1,2.8,7,27.9,48,62,15.6,18.5,13.2,17.2,12.9,16.1,5.3,1.2
SUJ-4006,Finanzas,Monterrey,Maestría,Startup escalada,Soltero,26,3,9,500,2.74,58.2,81,8.0,6.5,9.0,6.1,9.2,7.9,7.78,8.9,18,6.2,10.0,7.0,2,5,3.5,0.7,3,23.4,43,52,24.1,28.8,15.2,5.5,13.2,8.2,3.9,1.1
SUJ-4007,Finanzas,São Paulo,Universitario,Empresa propia,Unión libre,27,8,9,5942,5.49,48.9,60,7.9,5.9,6.1,4.2,8.3,7.2,6.6,7.3,20,0.0,7.6,5.9,4,2,6.3,1.5,1,26.2,53,69,36.4,19.1,12.5,11.9,6.8,8.2,4.5,0.6
SUJ-4008,Retail/Comercio,Lima,Posgrado,Holding,Casado,41,5,13,978,2.49,25.5,83,7.8,8.7,9.6,5.4,9.5,7.8,8.13,9.9,38,8.7,5.0,7.5,2,0,5.3,2.6,4,25.7,42,53,20.3,20.8,21.7,13.0,16.3,3.0,0.3,4.6
SUJ-4009,Manufactura,São Paulo,Doctorado,E-commerce,Soltero,21,5,14,9584,1.01,32.1,97,8.9,9.2,8.1,6.0,8.6,10.0,8.47,6.4,22,6.6,5.9,8.5,2,0,4.7,3.0,146,28.4,45,51,24.7,11.1,18.6,19.7,9.6,10.4,4.9,1.0
SUJ-4010,Tecnología,Bogotá,Maestría,Empresa propia,Soltero,25,6,13,1466,3.34,38.0,69,7.1,6.3,5.6,5.2,7.9,7.5,6.6,10.0,19,6.4,6.2,7.2,0,2,6.8,2.1,4,22.5,57,72,23.7,21.3,19.9,14.0,7.7,6.7,5.9,0.8
SUJ-4011,Tecnología,Bogotá,Doctorado,Startup escalada,Casado,17,4,5,13602,1.0,66.8,82,7.2,10.0,8.9,6.5,10.0,8.2,8.47,7.1,36,8.9,7.9,9.5,0,2,4.6,0.8,97,37.5,35,64,29.5,15.2,23.2,8.7,13.6,5.3,2.6,1.9
SUJ-4012,Finanzas,Caracas,Universitario,Empresa propia,Unión libre,23,2,4,5084,5.49,53.1,85,10.0,7.2,7.4,8.5,10.0,9.6,8.78,5.8,5,8.2,4.2,10.0,4,2,5.6,3.3,2,26.3,40,53,17.2,20.6,26.3,20.2,2.4,7.2,5.7,0.4
SUJ-4013,Manufactura,Barranquilla,Técnico,Empresa familiar,Unión libre,20,2,6,6682,7.65,13.5,78,9.6,3.7,10.0,3.9,8.6,5.5,6.88,5.3,27,9.2,7.3,8.5,1,4,3.9,4.3,23,32.1,51,52,27.5,16.0,9.5,16.7,14.0,12.5,3.1,0.7
SUJ-4014,Tecnología,Bucaramanga,Universitario,Empresa propia,Unión libre,21,3,13,1652,3.08,51.2,85,7.4,5.4,9.8,7.6,9.0,6.3,7.58,8.4,12,2.3,6.1,9.1,3,1,5.2,4.1,12,24.1,41,54,38.6,17.8,12.5,9.9,12.1,4.9,3.4,0.8
SUJ-4015,Manufactura,Santiago,Posgrado,Empresa propia,Soltero,18,8,14,1269,9.22,73.4,79,7.3,6.9,7.8,8.7,10.0,8.7,8.23,6.3,17,7.1,7.8,6.1,3,1,4.2,5.4,11,39.6,43,50,31.5,11.2,22.2,7.7,13.8,10.7,0.8,2.1
SUJ-4016,Finanzas,São Paulo,Maestría,Empresa propia,Unión libre,17,8,7,7982,1.0,44.0,60,6.0,3.7,4.6,2.3,6.7,6.2,4.92,8.0,27,6.2,7.6,7.0,3,2,6.3,4.2,5,23.9,74,61,21.9,19.4,14.9,16.0,9.2,11.1,5.5,2.0
SUJ-4017,Servicios,CDMX,Técnico,Empresa propia,Unión libre,26,6,19,2359,1.12,30.0,42,6.4,5.9,4.0,6.1,6.6,4.7,5.62,8.6,1,4.1,6.6,6.9,2,1,4.6,2.1,14,22.9,62,57,23.0,20.3,25.2,4.9,13.1,7.6,2.2,3.7
SUJ-4018,Servicios,CDMX,Posgrado,Holding,Soltero,30,6,17,3901,1.7,33.8,75,7.2,6.8,7.2,8.0,9.8,7.4,7.73,6.0,42,8.2,5.1,8.1,1,0,5.9,5.2,69,26.0,49,56,18.6,18.5,16.1,17.1,16.0,6.4,2.5,4.8
SUJ-4019,Finanzas,Lima,Universitario,Holding,Soltero,21,11,13,5222,5.54,50.8,69,7.5,7.8,10.0,5.6,9.3,8.5,8.12,8.4,28,6.3,6.8,9.2,0,4,5.4,6.6,42,29.8,50,52,28.4,12.8,22.8,10.5,11.3,9.3,3.7,1.2
SUJ-4020,Finanzas,Bucaramanga,Universitario,Startup escalada,Soltero,17,9,14,2087,2.28,42.5,50,4.4,5.1,5.9,4.0,7.4,4.9,5.28,5.4,30,8.3,8.5,6.5,2,3,6.0,1.2,44,32.9,66,52,14.6,24.2,11.7,12.2,13.1,17.2,4.3,2.7
SUJ-4021,Retail/Comercio,Bucaramanga,Posgrado,Empresa propia,Casado,26,13,18,12694,1.54,18.2,69,9.0,2.9,8.0,4.6,8.6,7.4,6.75,6.0,13,6.8,9.7,8.9,2,2,5.3,1.8,21,26.1,60,45,21.4,17.5,21.2,14.9,12.0,7.1,3.5,2.4
SUJ-4022,Finanzas,Bogotá,Universitario,Franquicia,Soltero,28,5,13,22430,3.51,45.7,70,5.9,8.1,5.9,5.1,7.8,7.5,6.72,8.4,8,5.4,7.7,8.4,1,1,5.2,2.6,50,31.5,54,67,20.5,29.4,11.5,8.7,9.1,12.5,5.1,3.2
SUJ-4023,Manufactura,Santiago,Maestría,Holding,Soltero,30,2,9,4523,5.02,22.8,76,7.4,6.4,7.6,5.6,9.3,8.9,7.53,8.5,23,4.3,9.0,10.0,2,3,4.6,3.3,35,29.1,33,60,36.7,10.3,21.4,11.1,9.6,9.3,0.8,0.8
SUJ-4024,Servicios,Monterrey,Técnico,Franquicia,Soltero,19,10,14,19964,2.28,40.0,87,6.6,7.3,7.2,6.2,9.1,8.8,7.53,7.4,15,6.2,9.7,9.8,1,1,4.5,2.0,12,28.9,33,59,22.9,21.5,21.0,8.4,12.3,7.2,3.4,3.3
SUJ-4025,Manufactura,Santiago,Maestría,Holding,Soltero,22,7,18,17142,19.28,47.2,61,8.3,6.1,5.6,4.3,8.3,6.9,6.58,6.7,17,5.5,7.9,4.5,0,4,5.6,1.8,86,46.6,53,60,16.9,15.0,20.9,19.4,10.9,10.6,5.4,0.9
SUJ-4026,Servicios,Cali,Bachillerato,Holding,Soltero,19,4,16,1452,1.56,47.5,44,5.1,4.1,2.6,6.8,4.3,3.5,4.4,7.5,37,0.7,9.8,7.5,1,0,6.0,0.8,38,31.3,59,61,27.5,20.8,11.2,18.2,10.3,6.0,2.4,3.6
SUJ-4027,Finanzas,Bucaramanga,Universitario,Empresa propia,Casado,21,9,15,1523,1.0,43.2,67,9.1,6.6,7.3,5.3,7.7,5.5,6.92,8.2,19,4.0,9.2,5.9,0,3,6.0,2.7,9,30.8,45,54,28.2,26.8,14.2,8.5,12.4,8.2,1.1,0.6
SUJ-4028,Tecnología,Medellín,Posgrado,Startup escalada,Soltero,21,4,8,5191,1.0,67.1,83,7.1,7.3,9.0,5.9,8.3,7.1,7.45,6.7,27,3.8,8.5,7.5,1,1,5.6,0.8,14,23.4,32,69,24.7,14.0,18.5,16.8,10.9,6.5,6.1,2.5
SUJ-4029,Inmuebles,Buenos Aires,Maestría,Holding,Unión libre,22,9,21,5969,5.62,35.6,90,10.0,7.4,6.5,7.3,7.7,8.5,7.9,6.2,24,7.0,10.0,7.7,4,0,5.3,4.5,1,25.4,33,52,28.3,23.0,12.4,11.7,13.2,5.5,5.3,0.6
SUJ-4030,Finanzas,Bucaramanga,Universitario,Holding,Unión libre,24,9,7,3337,1.69,33.0,64,7.2,3.8,4.9,7.0,6.6,5.7,5.87,7.3,39,4.6,9.3,7.0,0,3,5.8,3.4,3,26.8,64,57,37.0,12.4,18.7,9.5,11.5,5.9,4.2,0.8
SUJ-4031,Manufactura,Lima,Universitario,Empresa propia,Unión libre,26,6,9,3002,2.2,4.0,80,7.1,6.9,5.8,5.4,6.7,7.8,6.62,9.4,7,5.9,8.7,7.3,2,1,4.4,2.2,5,16.9,69,86,20.0,16.6,19.4,12.3,12.6,11.3,5.9,1.9
SUJ-4032,Finanzas,São Paulo,Posgrado,Empresa propia,Casado,20,1,10,4516,4.07,43.6,57,5.5,5.0,6.1,6.0,6.2,5.7,5.75,6.1,16,5.8,8.1,9.4,4,3,4.4,2.8,39,33.6,75,54,23.6,25.9,14.4,6.9,11.4,12.9,3.9,1.0
SUJ-4033,Tecnología,Medellín,Universitario,Franquicia,Soltero,25,3,14,9381,9.53,50.4,72,8.3,7.1,7.1,6.1,8.3,4.7,6.93,8.2,11,5.5,6.6,7.3,2,2,4.2,3.1,1,30.8,61,60,31.6,5.0,18.6,14.7,9.8,12.1,5.3,2.9
SUJ-4034,Salud/Farma,Lima,Maestría,Empresa propia,Soltero,20,12,17,705,1.0,14.2,40,4.8,5.0,6.0,3.1,6.6,4.2,4.95,9.7,44,2.9,7.7,6.6,3,0,4.9,1.9,14,19.2,65,64,28.9,17.5,20.9,11.7,8.5,9.1,2.4,1.0
SUJ-4035,Tecnología,Barranquilla,Maestría,Empresa propia,Soltero,17,13,27,9919,980.0,69.7,68,7.2,5.7,5.3,6.2,7.3,6.1,6.3,6.7,0,4.6,7.9,8.5,2,4,6.2,5.1,4,60.1,45,67,28.8,18.0,11.7,10.4,12.9,13.5,4.7,0.0
SUJ-4036,Salud/Farma,Buenos Aires,Técnico,Startup escalada,Unión libre,29,17,14,20855,5.97,47.5,77,10.0,6.2,7.1,8.1,6.5,8.8,7.78,9.7,27,8.3,6.7,7.1,1,1,6.3,5.2,1,25.8,30,60,30.6,21.1,15.0,13.7,7.8,8.2,2.0,1.6
SUJ-4037,Salud/Farma,Buenos Aires,Universitario,Holding,Soltero,22,8,18,11534,2.93,24.1,66,7.0,7.4,5.7,5.7,7.3,7.4,6.75,3.5,28,8.7,7.3,5.7,2,3,5.0,4.1,9,24.5,44,53,31.1,19.1,11.6,13.7,17.7,3.7,0.7,2.4
SUJ-4038,Inmuebles,Bogotá,Maestría,E-commerce,Casado,17,3,9,1702,1.0,53.1,53,5.4,5.9,6.7,5.5,7.6,7.1,6.37,6.1,24,5.4,8.5,8.9,1,6,6.0,2.9,10,20.1,58,64,22.8,29.3,17.7,10.7,7.7,9.0,1.6,1.2
SUJ-4039,Manufactura,Bucaramanga,Universitario,Empresa propia,Casado,29,12,16,732,3.83,30.8,73,6.3,5.5,7.2,6.1,6.2,8.8,6.68,8.8,13,3.8,8.8,7.7,2,2,4.6,5.8,10,29.3,53,67,22.0,15.8,11.0,21.7,14.1,4.4,9.1,1.9
SUJ-4040,Manufactura,Bogotá,Posgrado,Startup escalada,Unión libre,24,6,15,5392,2.45,4.0,97,8.8,6.0,8.3,10.0,9.3,10.0,8.73,5.4,14,4.2,7.2,9.8,0,0,4.1,4.1,40,22.1,36,44,36.3,20.7,4.1,18.4,14.3,1.1,2.3,2.8
SUJ-4041,Servicios,CDMX,Bachillerato,Empresa propia,Casado,28,4,9,25062,4.18,4.0,61,4.1,7.8,5.3,5.4,7.0,5.5,5.85,8.7,26,6.9,6.5,8.0,2,4,4.7,4.6,15,20.3,67,71,26.7,15.3,22.6,7.9,11.3,10.5,4.6,1.1
SUJ-4042,Finanzas,Lima,Posgrado,Startup escalada,Casado,28,8,10,13676,2.28,52.9,63,6.7,6.7,7.0,8.2,5.5,7.3,6.9,8.0,23,7.9,8.4,8.1,4,3,5.5,1.3,9,25.8,51,64,28.8,11.9,18.2,15.4,12.0,9.7,3.2,0.8
SUJ-4043,Retail/Comercio,Cali,Técnico,Empresa familiar,Soltero,19,14,20,6617,2.23,26.2,69,8.1,7.3,8.5,7.4,7.0,6.6,7.48,9.0,12,4.3,9.0,6.4,2,2,5.1,1.2,16,31.2,47,63,36.4,11.3,14.9,21.5,6.2,8.0,1.7,-0.0
SUJ-4044,Manufactura,Cali,Maestría,Holding,Casado,31,6,12,1234,4.95,11.8,95,10.0,6.4,9.4,7.4,10.0,8.8,8.67,5.3,23,8.5,5.8,8.1,2,4,6.8,4.2,18,25.8,39,52,21.1,7.6,18.2,15.5,17.9,12.6,4.1,3.0
SUJ-4045,Retail/Comercio,CDMX,Universitario,Empresa familiar,Soltero,17,7,10,10009,1.13,34.5,54,5.4,6.0,5.4,3.9,7.3,4.3,5.38,8.4,26,5.5,8.0,10.0,1,0,5.1,2.8,6,23.1,58,55,40.6,16.6,17.3,6.7,8.6,3.4,4.8,2.0
SUJ-4046,Retail/Comercio,Barranquilla,Universitario,Holding,Unión libre,23,1,5,13413,1.58,59.0,62,7.2,4.3,4.5,5.1,6.0,5.4,5.42,7.0,28,4.9,7.3,9.9,0,4,4.6,3.1,12,33.3,57,76,32.0,9.3,15.1,6.2,22.9,12.1,0.8,1.6
SUJ-4047,Finanzas,Cali,Maestría,Empresa propia,Casado,23,7,12,21875,2.68,49.1,81,7.8,8.3,9.7,7.3,9.7,10.0,8.8,9.0,29,2.9,9.3,6.8,1,2,5.4,0.1,60,33.2,43,70,23.7,21.9,14.1,11.7,12.1,7.7,5.0,3.8
SUJ-4048,Manufactura,Lima,Bachillerato,Empresa propia,Soltero,21,9,9,7576,2.47,18.9,56,4.0,5.0,6.0,5.4,7.0,5.8,5.53,6.4,9,5.4,10.0,8.4,2,0,5.9,1.3,56,26.3,62,68,25.7,20.8,12.3,16.9,15.1,6.9,0.6,1.7
SUJ-4049,Servicios,Cali,Universitario,Empresa propia,Unión libre,33,6,6,5780,5.73,12.3,61,4.2,3.7,7.4,3.8,9.1,4.5,5.45,6.7,18,5.7,5.3,9.4,0,2,5.1,2.5,21,28.1,85,60,31.0,26.9,12.7,8.0,10.1,8.9,2.5,-0.1
SUJ-4050,Tecnología,CDMX,Universitario,Empresa propia,Soltero,27,7,16,7723,1.12,35.8,96,9.2,8.2,10.0,7.8,10.0,8.4,8.93,9.0,8,5.1,10.0,8.2,1,2,3.3,3.9,11,25.0,41,60,24.9,13.8,20.6,14.9,13.0,7.7,2.8,2.3
SUJ-4051,Agroindustria,Medellín,Universitario,Holding,Unión libre,17,8,9,22953,3.11,30.7,96,7.0,8.6,10.0,6.2,9.2,9.0,8.33,7.8,27,9.3,6.4,7.7,1,2,3.9,3.1,20,21.9,49,65,17.8,27.6,16.7,10.0,10.0,11.0,3.9,3.0
SUJ-4052,Manufactura,São Paulo,Maestría,Empresa propia,Casado,18,3,9,7913,5.64,18.8,80,7.9,7.6,10.0,8.3,7.4,6.6,7.97,8.4,8,6.1,9.4,7.3,0,2,5.7,3.5,80,31.3,41,62,28.3,20.8,13.1,12.4,12.2,8.2,4.6,0.4
SUJ-4053,Servicios,São Paulo,Maestría,Startup escalada,Casado,38,1,2,2382,2.05,20.2,77,7.3,6.7,4.3,4.5,8.9,8.5,6.7,8.0,13,4.9,8.1,7.3,0,2,5.9,4.6,71,28.9,46,54,22.0,2.3,14.7,21.8,17.2,11.2,7.7,3.1
SUJ-4054,Retail/Comercio,Bogotá,Bachillerato,Empresa propia,Soltero,23,6,17,8088,1.39,22.7,64,4.6,3.1,6.8,3.5,7.3,6.4,5.28,9.1,17,7.1,8.0,9.7,2,1,6.3,3.2,25,22.4,52,59,34.4,12.0,14.3,13.8,12.9,7.0,2.1,3.5
SUJ-4055,Inmuebles,Caracas,Maestría,Franquicia,Soltero,21,6,11,16945,19.02,54.2,72,4.5,8.2,8.8,6.1,8.6,7.7,7.32,6.7,24,8.5,7.6,8.5,0,6,6.3,3.4,27,44.3,31,48,37.3,11.0,21.3,7.7,9.5,5.7,6.1,1.4
SUJ-4056,Tecnología,Monterrey,Posgrado,Empresa familiar,Unión libre,32,9,19,6696,1.61,32.5,62,5.7,6.3,6.5,4.4,6.4,4.4,5.62,6.1,16,5.9,6.3,6.6,0,0,5.8,4.1,5,23.5,60,52,28.5,22.1,12.1,3.7,23.1,7.8,0.8,1.9
SUJ-4057,Inmuebles,Lima,Maestría,Empresa propia,Unión libre,17,16,29,5588,127.0,41.3,93,10.0,7.8,9.2,7.6,10.0,7.6,8.7,6.2,9,6.1,7.7,7.7,1,0,5.4,4.8,5,44.2,47,48,30.5,12.3,14.8,24.2,7.5,9.1,0.0,1.6
SUJ-4058,Tecnología,Bogotá,Universitario,Holding,Soltero,34,12,13,10575,13.38,64.6,74,8.1,8.1,7.4,7.6,9.6,6.1,7.82,4.6,26,4.7,7.3,6.2,2,1,6.7,4.9,33,38.9,32,51,23.9,21.1,16.4,12.2,15.3,4.3,5.1,1.7
SUJ-4059,Servicios,Buenos Aires,Posgrado,Startup escalada,Soltero,21,1,5,8653,1.07,11.8,70,6.3,4.4,6.8,7.9,8.2,8.3,6.98,7.6,24,8.9,10.0,7.6,4,2,5.2,3.5,55,24.5,47,69,22.3,19.9,17.2,12.4,12.4,11.1,1.5,3.2
SUJ-4060,Salud/Farma,Caracas,Posgrado,Empresa propia,Soltero,29,16,25,500,6.08,35.2,73,6.7,5.8,5.7,3.9,9.3,7.1,6.42,6.8,3,6.1,7.2,7.3,2,2,6.2,4.3,23,30.8,48,55,34.1,18.3,24.3,4.6,6.6,9.1,1.4,1.6
SUJ-4061,Finanzas,Santiago,Universitario,E-commerce,Unión libre,23,9,13,10336,2.59,45.7,64,7.2,7.0,5.9,4.8,7.8,7.1,6.63,7.2,20,4.0,8.9,8.2,2,3,4.1,2.9,3,19.5,51,65,30.4,11.0,20.3,7.2,14.8,9.0,5.3,2.0
SUJ-4062,Tecnología,Cali,Universitario,Empresa propia,Soltero,17,6,13,4187,7.57,63.8,79,8.2,9.6,6.1,7.1,9.0,10.0,8.33,4.8,25,6.1,7.4,5.9,4,2,4.3,2.6,704,39.9,39,50,31.4,10.4,11.2,18.7,5.0,11.4,8.3,3.6
SUJ-4063,Inmuebles,Cali,Universitario,Startup escalada,Soltero,27,12,18,22627,3.92,18.1,69,8.0,5.4,7.8,6.9,7.3,6.2,6.93,7.6,27,7.5,9.4,7.8,1,2,5.5,1.8,3,24.8,61,57,26.5,16.7,14.7,14.1,16.0,9.1,2.8,0.1
SUJ-4064,Finanzas,Barranquilla,Maestría,E-commerce,Casado,31,1,2,28269,1.96,51.9,112,10.0,6.7,10.0,6.3,10.0,10.0,8.83,6.9,18,10.0,4.8,7.0,1,1,4.7,2.3,11,23.6,10,58,25.6,20.6,18.6,10.8,11.3,6.0,3.6,3.5
SUJ-4065,Servicios,São Paulo,Universitario,Franquicia,Soltero,17,5,14,4764,2.31,23.1,66,8.3,6.8,6.7,4.7,7.0,6.6,6.68,8.7,42,2.1,6.8,7.2,1,4,5.5,0.7,1,21.0,38,62,24.8,19.9,22.4,13.5,8.8,9.1,1.6,-0.1
SUJ-4066,Tecnología,Bogotá,Doctorado,Startup escalada,Unión libre,19,7,13,27737,13.08,60.0,84,9.9,8.9,4.8,9.0,9.4,6.7,8.12,7.6,23,5.5,7.1,10.0,2,4,6.1,5.4,10,36.0,45,59,27.3,23.6,15.4,10.2,10.7,6.9,4.0,1.9
SUJ-4067,Tecnología,Santiago,Universitario,Empresa propia,Soltero,33,7,9,2978,1.0,19.1,97,9.2,5.7,8.6,6.8,9.2,9.8,8.22,7.0,32,5.5,6.5,9.9,4,2,4.5,4.6,80,20.5,32,41,20.7,25.4,16.7,14.3,10.3,7.9,4.0,0.7
SUJ-4068,Salud/Farma,São Paulo,Posgrado,Startup escalada,Soltero,28,12,23,9181,4.1,16.6,40,2.2,3.8,3.2,4.8,6.3,3.5,3.97,8.2,18,1.7,10.0,4.1,2,4,4.6,3.3,4,26.1,64,65,32.7,11.5,17.8,11.8,13.9,8.1,2.8,1.4
SUJ-4069,Manufactura,Cali,Doctorado,Startup escalada,Soltero,28,11,15,624,5.71,33.0,66,4.5,7.3,5.3,7.1,7.4,5.0,6.1,6.9,31,7.1,9.8,7.3,2,1,3.0,1.1,46,40.8,52,63,26.2,20.5,19.7,7.0,14.2,5.1,3.9,3.4
SUJ-4070,Servicios,Buenos Aires,Posgrado,Startup escalada,Soltero,31,9,12,1253,3.96,46.6,93,9.7,9.6,9.1,8.6,10.0,4.3,8.55,8.3,21,5.9,10.0,4.6,3,1,5.2,4.7,15,35.0,30,65,22.8,9.4,18.5,17.3,15.4,11.0,4.9,0.7
SUJ-4071,Finanzas,Barranquilla,Maestría,Startup escalada,Soltero,28,6,6,15991,7.62,62.8,42,4.5,2.1,6.2,3.6,4.2,4.9,4.25,8.4,35,4.6,5.1,4.6,1,1,5.6,3.3,3,28.5,62,76,31.0,16.5,12.2,11.9,16.2,5.4,4.4,2.4
SUJ-4072,Manufactura,Bogotá,Maestría,Franquicia,Soltero,26,10,18,17938,8.79,30.5,88,10.0,7.0,10.0,8.4,8.4,8.7,8.75,7.0,18,5.3,7.7,8.4,1,2,5.5,1.3,14,31.0,40,65,21.4,23.9,12.0,13.2,15.7,8.3,3.0,2.5
SUJ-4073,Manufactura,Barranquilla,Universitario,Empresa familiar,Soltero,32,4,10,6084,4.54,12.9,77,9.6,5.9,8.0,5.7,7.7,8.6,7.58,7.0,24,7.8,7.1,6.4,2,4,5.5,5.8,2,26.3,30,61,25.2,24.0,18.9,7.1,10.2,5.6,5.8,3.2
SUJ-4074,Manufactura,Bogotá,Posgrado,Empresa propia,Unión libre,23,10,10,3321,6.89,29.0,93,9.3,6.4,10.0,4.6,10.0,10.0,8.38,9.5,18,0.0,7.1,9.5,2,2,5.5,2.1,4,27.7,28,66,14.1,26.5,18.1,9.4,18.0,10.6,1.4,1.9
SUJ-4075,Manufactura,Bucaramanga,Técnico,Holding,Soltero,25,4,11,4797,1.0,33.0,68,6.4,6.2,5.1,2.4,7.9,6.9,5.82,7.3,22,9.1,5.2,6.9,0,3,5.4,3.4,3,16.9,61,58,25.2,19.2,20.0,12.6,14.7,2.7,5.1,0.5
SUJ-4076,Manufactura,Bucaramanga,Posgrado,Empresa propia,Unión libre,30,8,17,16298,19.46,49.7,76,6.9,7.0,6.3,5.6,8.1,7.6,6.92,5.9,23,5.2,8.3,9.7,2,3,5.1,4.8,31,43.7,67,59,24.1,21.2,11.9,18.5,13.1,5.3,5.0,0.9
SUJ-4077,Retail/Comercio,São Paulo,Universitario,Empresa familiar,Casado,21,1,9,1895,4.21,16.0,57,8.2,7.5,6.0,5.3,6.1,3.9,6.17,7.9,2,1.8,9.7,10.0,1,2,5.5,0.0,105,29.0,64,70,32.5,27.7,1.9,9.7,16.5,5.7,3.2,2.8
SUJ-4078,Finanzas,CDMX,Maestría,Holding,Soltero,34,11,22,2794,7.59,42.8,69,7.5,2.9,7.9,4.4,6.4,9.5,6.43,9.1,35,6.0,8.2,9.0,0,0,6.0,0.4,3,27.3,45,78,14.7,28.0,19.6,19.4,6.9,10.0,0.4,1.0
SUJ-4079,Inmuebles,Lima,Posgrado,Startup escalada,Soltero,27,5,9,12313,8.05,59.8,62,5.9,6.2,7.1,5.8,8.0,2.8,5.97,7.2,6,8.2,3.1,6.3,2,1,3.3,2.1,38,31.3,53,55,41.1,17.5,13.2,6.2,10.9,7.2,2.2,1.7
SUJ-4080,Finanzas,Barranquilla,Universitario,Empresa propia,Casado,19,1,13,21900,2.84,45.3,64,6.7,4.6,7.7,3.9,6.3,6.4,5.93,6.6,34,6.0,7.8,4.8,1,3,5.5,5.4,12,24.7,53,57,16.5,28.6,12.3,15.0,14.9,6.6,3.0,3.1
SUJ-4081,Manufactura,CDMX,Universitario,Startup escalada,Soltero,24,3,9,780,1.72,31.7,74,7.2,4.9,7.6,6.9,8.7,9.3,7.43,8.4,29,6.9,7.6,7.3,1,2,5.6,5.4,31,22.2,33,64,16.2,18.6,12.5,20.2,17.7,9.9,4.1,0.8
SUJ-4082,Finanzas,Barranquilla,Doctorado,Startup escalada,Soltero,17,6,15,13027,1.04,33.3,62,8.7,5.2,6.5,6.8,5.6,5.8,6.43,7.9,32,8.1,8.5,9.5,1,2,4.1,5.2,6,25.6,53,62,28.1,25.5,10.6,10.8,11.5,9.9,1.5,2.1
SUJ-4083,Manufactura,Cali,Bachillerato,Holding,Soltero,26,3,13,8286,2.31,20.0,42,5.2,4.5,7.2,4.4,5.6,3.2,5.02,6.9,15,8.6,8.5,10.0,2,1,4.0,1.6,46,26.3,55,52,13.7,27.4,10.6,14.3,13.2,10.8,6.7,3.3
SUJ-4084,Inmuebles,Monterrey,Bachillerato,Empresa propia,Casado,23,9,24,2098,5.14,36.3,76,7.9,5.8,8.1,4.4,9.8,8.3,7.38,8.0,20,9.8,5.9,6.1,0,3,6.3,2.5,8,23.2,37,66,32.9,21.9,13.6,9.3,13.0,7.0,2.4,-0.1
SUJ-4085,Tecnología,Barranquilla,Universitario,E-commerce,Casado,20,6,8,11278,3.17,47.1,75,6.1,6.1,7.6,4.8,8.8,9.8,7.2,7.1,30,7.4,7.4,9.2,1,4,6.3,4.0,11,36.9,53,53,31.2,17.8,20.3,17.6,7.5,2.8,1.9,0.9
SUJ-4086,Tecnología,Cali,Doctorado,Empresa propia,Soltero,17,10,13,10413,7.44,54.9,82,8.9,6.9,8.0,6.1,9.1,10.0,8.17,10.0,7,3.2,9.5,8.0,1,1,5.5,1.5,40,36.3,37,61,24.9,22.7,8.4,18.3,14.3,6.9,2.5,2.0
SUJ-4087,Tecnología,Santiago,Doctorado,Franquicia,Casado,21,6,13,1225,4.79,56.0,72,7.6,6.8,6.1,6.3,9.3,6.1,7.03,8.1,12,9.1,6.8,9.6,3,0,4.3,3.7,25,29.3,45,51,16.3,16.7,21.6,16.0,9.6,10.1,6.5,3.2
SUJ-4088,Manufactura,Bucaramanga,Posgrado,Empresa propia,Casado,24,9,14,5581,3.98,25.8,58,7.0,6.7,7.2,4.8,6.2,6.7,6.43,9.2,5,10.0,7.7,5.8,3,2,6.1,3.4,16,26.0,36,53,28.2,14.5,15.7,9.2,9.3,11.5,8.2,3.4
SUJ-4089,Servicios,CDMX,Maestría,Empresa propia,Soltero,23,7,10,11360,1.0,11.6,93,9.1,7.5,7.2,5.3,9.1,10.0,8.03,7.1,32,4.7,9.5,6.8,2,2,5.6,2.1,7,20.8,42,61,29.2,17.3,16.9,11.1,11.6,9.0,4.4,0.5
SUJ-4090,Tecnología,Caracas,Universitario,Empresa propia,Unión libre,17,6,7,1701,1.68,64.0,68,6.7,6.1,4.4,7.0,8.2,7.7,6.68,9.3,20,6.0,8.9,7.1,1,0,5.7,2.7,130,30.7,51,56,21.8,22.3,17.9,8.9,11.9,8.6,6.6,2.0
SUJ-4091,Inmuebles,Monterrey,Doctorado,Empresa propia,Casado,26,3,9,4970,5.15,34.2,59,6.6,5.4,8.7,6.9,6.6,6.8,6.83,7.4,31,4.7,9.4,8.5,2,1,3.6,2.1,150,36.8,37,58,39.5,17.5,15.9,4.6,8.7,8.8,5.1,-0.1
SUJ-4092,Finanzas,Buenos Aires,Técnico,Empresa propia,Unión libre,20,7,16,1029,3.38,38.8,92,8.2,9.9,10.0,7.5,9.0,8.3,8.82,8.3,29,7.7,7.9,6.3,3,0,5.8,4.4,381,29.9,35,62,27.1,23.0,4.6,15.6,13.7,7.5,4.3,4.2
SUJ-4093,Retail/Comercio,Bucaramanga,Técnico,Startup escalada,Soltero,31,9,16,2931,3.46,17.1,95,9.5,8.5,9.6,7.3,8.6,8.8,8.72,8.7,34,2.9,8.7,5.5,1,2,6.2,5.8,98,31.9,39,64,27.4,21.0,13.3,12.3,8.4,10.4,4.1,3.1
SUJ-4094,Agroindustria,CDMX,Técnico,E-commerce,Unión libre,32,4,4,1966,1.0,4.9,40,6.4,4.5,5.3,2.0,4.2,4.0,4.4,7.8,17,3.6,9.2,8.2,2,2,5.2,4.1,10,22.7,64,54,23.8,11.9,21.0,5.2,16.1,15.4,2.7,3.9
SUJ-4095,Finanzas,São Paulo,Posgrado,Franquicia,Casado,24,7,7,5626,1.37,65.0,60,7.5,5.3,6.0,1.8,8.0,4.6,5.53,6.7,10,5.7,8.5,6.9,6,2,4.6,5.4,11,25.4,50,65,9.6,28.6,15.7,9.9,14.2,14.3,5.9,1.8
SUJ-4096,Retail/Comercio,Monterrey,Maestría,E-commerce,Casado,35,5,11,1217,9.37,18.4,70,7.1,6.1,6.4,5.7,8.9,5.9,6.68,6.5,24,7.2,6.9,10.0,2,3,4.9,4.3,36,34.3,50,51,27.7,13.4,11.8,15.7,19.6,9.6,0.8,1.4
SUJ-4097,Tecnología,Buenos Aires,Universitario,E-commerce,Soltero,25,14,19,3865,7.85,39.7,76,7.7,4.0,4.9,6.5,10.0,6.5,6.6,6.0,20,5.9,7.3,8.7,0,5,5.1,7.0,7,30.2,46,65,30.5,11.4,16.7,23.4,8.7,5.1,3.6,0.6
SUJ-4098,Tecnología,Medellín,Doctorado,Startup escalada,Soltero,18,8,13,2574,1.0,38.6,81,8.8,6.3,6.4,8.3,10.0,9.1,8.15,3.9,31,6.0,9.5,7.3,1,1,4.9,4.0,4,20.3,44,55,21.9,17.8,14.2,16.1,19.4,7.2,2.8,0.6
SUJ-4099,Finanzas,Cali,Universitario,Empresa propia,Unión libre,33,7,12,10964,2.46,20.3,106,10.0,9.3,8.4,8.9,10.0,10.0,9.43,8.8,24,7.5,9.5,8.2,2,2,6.0,0.0,38,26.8,12,56,22.3,18.7,22.2,12.1,10.4,7.6,4.0,2.7
SUJ-4100,Tecnología,Medellín,Técnico,Empresa propia,Casado,35,5,9,9622,4.27,83.3,58,6.4,5.3,6.2,6.9,7.9,5.8,6.42,7.0,31,8.4,7.1,7.2,0,2,3.6,2.1,37,36.7,47,62,38.4,20.3,8.3,9.9,8.7,7.2,5.1,2.1
SUJ-4101,Manufactura,Caracas,Universitario,Empresa familiar,Soltero,31,10,17,797,1.8,26.0,74,6.9,6.2,9.8,6.6,7.1,6.7,7.22,8.7,34,6.5,9.0,8.7,1,2,4.8,2.7,82,28.0,48,57,23.8,15.8,21.9,8.7,13.7,13.7,1.2,1.2
SUJ-4102,Retail/Comercio,Cali,Posgrado,Empresa propia,Soltero,21,7,17,24543,2.21,16.0,52,4.8,6.7,3.5,6.0,7.0,2.9,5.15,6.1,7,9.5,8.2,7.7,2,4,5.2,1.1,1,20.9,69,64,21.4,15.7,20.5,17.2,8.2,10.8,4.3,1.9
SUJ-4103,Retail/Comercio,Bogotá,Maestría,Empresa propia,Soltero,18,6,9,10921,3.16,23.6,75,6.6,7.0,8.3,4.5,8.2,7.1,6.95,7.4,3,1.2,6.1,10.0,1,0,4.9,4.0,13,25.5,39,62,24.8,32.1,13.4,4.6,10.6,8.3,4.9,1.3
SUJ-4104,Tecnología,Lima,Universitario,Empresa propia,Casado,23,6,14,7656,10.75,34.8,95,9.3,6.3,9.9,8.1,10.0,9.4,8.83,7.4,8,5.2,8.9,8.7,0,1,4.2,4.6,2,35.5,27,54,19.9,21.0,17.3,13.1,13.5,11.0,2.1,2.1
SUJ-4105,Finanzas,Monterrey,Posgrado,Empresa propia,Casado,40,2,8,5196,6.38,50.7,40,5.4,1.9,2.4,3.3,6.8,7.2,4.5,6.8,12,1.0,5.8,10.0,0,3,5.3,4.0,5,28.8,66,75,23.6,19.4,12.3,27.0,6.0,6.5,5.2,0.0
SUJ-4106,Manufactura,Medellín,Universitario,Empresa familiar,Soltero,18,12,12,1567,6.26,22.7,53,4.0,6.1,3.7,4.7,7.5,7.0,5.5,8.9,20,6.7,5.8,6.1,1,1,6.4,1.5,65,24.4,44,54,31.7,11.7,22.3,9.8,8.4,10.9,4.3,0.9
SUJ-4107,Salud/Farma,Lima,Posgrado,Empresa propia,Soltero,30,10,14,26164,7.3,42.3,83,9.3,5.8,8.4,7.4,8.0,8.3,7.87,8.8,12,7.2,6.8,9.3,2,2,4.3,2.3,23,38.8,48,59,31.9,11.7,13.2,16.8,19.6,1.1,3.3,2.4
SUJ-4108,Tecnología,Monterrey,Doctorado,Startup escalada,Casado,25,7,13,500,1.0,42.6,83,7.0,7.4,8.4,6.0,10.0,8.1,7.82,7.1,28,4.4,7.0,5.9,0,1,7.6,4.4,15,23.7,34,53,17.0,28.3,20.5,10.1,14.7,6.2,1.9,1.3
SUJ-4109,Servicios,CDMX,Bachillerato,Empresa familiar,Soltero,31,6,20,9433,2.9,27.2,61,5.8,6.5,8.1,3.2,7.0,5.0,5.93,9.0,27,4.9,6.7,6.7,0,0,5.5,4.7,5,24.3,48,60,30.2,17.1,13.5,15.7,12.6,4.1,5.5,1.3
SUJ-4110,Manufactura,São Paulo,Maestría,E-commerce,Soltero,18,3,6,5665,2.17,25.1,83,8.0,7.4,8.7,6.3,8.4,8.5,7.88,8.9,21,2.6,7.9,8.2,0,1,5.6,6.3,36,27.2,38,59,32.8,13.5,18.4,20.5,5.9,4.1,4.8,0.0
SUJ-4111,Manufactura,Bogotá,Posgrado,Empresa propia,Soltero,24,1,5,18629,5.58,12.8,90,9.4,9.6,6.9,5.7,10.0,9.1,8.45,9.1,25,7.9,4.6,10.0,2,2,5.2,3.7,6,24.8,34,48,32.8,13.7,13.4,15.6,13.2,10.3,1.1,-0.1
SUJ-4112,Retail/Comercio,CDMX,Universitario,Empresa propia,Soltero,20,3,10,3833,7.75,33.4,80,10.0,6.6,7.8,7.5,7.2,8.3,7.9,9.6,29,2.7,6.1,7.3,0,3,4.9,5.0,83,36.0,54,52,27.0,16.5,18.6,12.4,10.1,11.5,2.1,1.8
SUJ-4113,Tecnología,Cali,Doctorado,E-commerce,Unión libre,20,11,17,5849,8.48,51.3,92,8.6,8.0,7.7,8.4,8.8,7.8,8.22,8.6,16,9.7,7.2,9.1,1,1,4.7,0.9,9,29.3,41,59,30.9,2.0,25.3,18.9,9.8,4.9,5.2,3.0
SUJ-4114,Tecnología,São Paulo,Universitario,Franquicia,Casado,30,5,7,10848,1.45,66.3,77,9.1,6.0,4.7,6.8,7.7,9.8,7.35,8.9,29,4.6,7.5,5.4,1,3,4.9,2.5,27,35.2,49,62,24.1,24.9,21.7,14.2,5.8,5.2,3.3,0.8
SUJ-4115,Manufactura,Caracas,Universitario,E-commerce,Unión libre,19,11,11,500,1.24,30.4,69,6.7,5.7,8.0,7.3,8.2,9.3,7.53,7.2,4,6.2,9.3,7.8,2,2,5.3,0.0,45,28.1,48,57,40.1,18.6,13.7,8.4,11.1,5.0,1.7,1.4
SUJ-4116,Finanzas,Lima,Universitario,Franquicia,Soltero,27,7,6,500,2.6,41.4,76,9.4,7.6,8.3,6.4,8.8,7.6,8.02,7.1,18,8.8,10.0,6.7,3,4,4.9,1.5,1,26.2,46,43,27.4,17.9,4.2,20.8,16.7,7.9,3.6,1.5
SUJ-4117,Agroindustria,Monterrey,Universitario,Empresa familiar,Unión libre,26,3,12,1902,1.02,31.7,84,8.2,8.3,7.9,6.6,8.5,9.2,8.12,7.5,30,5.9,8.1,8.1,0,3,6.0,2.7,3,21.9,44,51,45.6,9.5,16.5,4.8,8.7,10.4,1.5,3.0
SUJ-4118,Retail/Comercio,Barranquilla,Maestría,E-commerce,Casado,20,4,6,1266,7.26,32.5,51,4.1,2.7,8.0,5.3,6.1,3.6,4.97,7.2,11,5.9,10.0,6.5,0,0,4.3,4.3,29,31.2,64,63,29.4,19.0,13.9,12.7,15.4,6.9,2.5,0.2
SUJ-4119,Tecnología,São Paulo,Posgrado,Holding,Soltero,21,8,22,500,3.43,45.1,76,6.9,5.5,5.7,6.6,5.1,6.1,5.98,8.1,11,8.1,5.5,9.5,2,6,4.0,2.3,16,30.4,55,49,23.3,19.0,19.2,4.4,15.6,11.5,6.1,0.9
SUJ-4120,Inmuebles,Lima,Maestría,Startup escalada,Soltero,28,1,5,7803,13.88,45.0,71,7.6,6.4,8.5,4.6,7.9,7.9,7.15,7.5,16,3.8,7.9,10.0,0,2,6.3,0.0,30,43.0,63,53,22.4,20.6,15.8,14.3,12.4,7.5,5.1,1.9
SUJ-4121,Finanzas,Santiago,Universitario,Empresa propia,Casado,25,4,13,12714,6.17,60.2,65,6.7,6.5,5.6,6.3,7.7,7.4,6.7,7.3,22,5.0,9.0,8.9,1,2,5.7,5.3,174,43.5,72,63,25.3,16.8,24.6,8.1,13.0,4.9,4.8,2.5
SUJ-4122,Retail/Comercio,Buenos Aires,Técnico,Empresa propia,Unión libre,26,5,7,25193,1.0,15.7,57,4.9,3.6,6.7,1.5,8.0,6.7,5.23,10.0,21,7.0,4.5,5.7,1,2,4.9,3.8,7,14.8,54,70,32.2,8.2,14.0,21.8,10.9,7.3,3.7,1.9
SUJ-4123,Manufactura,Medellín,Bachillerato,Empresa propia,Soltero,24,10,17,4651,2.2,14.6,47,3.8,3.8,6.7,5.9,6.0,5.3,5.25,9.5,28,5.8,8.1,9.2,2,7,4.1,1.1,9,23.0,61,72,22.5,14.2,19.9,15.7,13.9,10.5,1.4,1.9
SUJ-4124,Servicios,Monterrey,Posgrado,Empresa propia,Soltero,24,8,19,2624,6.23,23.8,65,8.0,6.5,5.5,6.3,8.3,7.7,7.05,9.6,35,2.7,7.2,3.8,2,3,5.0,1.1,3,30.8,54,66,20.1,24.5,10.2,12.2,12.7,15.6,3.3,1.4
SUJ-4125,Inmuebles,Bucaramanga,Doctorado,E-commerce,Casado,25,7,12,15955,1.58,26.7,64,4.0,6.6,5.7,3.5,7.2,5.4,5.4,6.2,24,3.7,8.5,6.0,0,4,4.2,2.6,24,23.6,70,52,26.4,22.9,10.1,11.8,15.3,8.3,5.1,0.1
SUJ-4126,Manufactura,Bucaramanga,Posgrado,Empresa propia,Unión libre,34,8,10,14883,5.55,20.3,85,9.2,7.7,8.7,7.4,10.0,8.0,8.5,7.6,31,10.0,8.5,9.9,1,5,4.0,4.2,5,24.9,38,56,27.0,26.7,16.3,11.7,10.1,4.6,1.7,1.9
SUJ-4127,Manufactura,Buenos Aires,Universitario,Franquicia,Casado,29,11,16,7843,1.72,13.7,88,7.4,7.2,6.9,7.7,9.6,10.0,8.13,8.1,21,6.2,7.1,6.2,5,2,7.2,5.4,4,17.7,25,61,16.6,18.0,19.5,20.8,7.2,8.7,6.5,2.7
SUJ-4128,Agroindustria,São Paulo,Maestría,Empresa familiar,Soltero,25,7,12,2552,5.78,21.7,61,8.9,4.2,7.3,5.8,7.3,6.2,6.62,7.9,16,6.5,6.5,8.9,2,0,5.6,2.2,67,33.0,51,48,23.1,16.1,18.0,15.8,13.9,5.7,5.7,1.7
SUJ-4129,Finanzas,Cali,Maestría,Empresa propia,Soltero,19,3,6,19132,1.2,51.2,61,4.1,5.0,6.5,5.4,6.2,7.7,5.82,5.4,33,7.3,8.1,7.6,1,1,4.1,1.6,70,29.9,56,59,38.9,11.1,20.7,11.0,12.4,4.0,0.8,1.1
SUJ-4130,Tecnología,Caracas,Bachillerato,E-commerce,Soltero,23,7,19,1572,2.24,32.4,65,4.4,7.1,7.2,3.6,8.6,6.4,6.22,7.8,19,9.2,6.8,8.2,2,0,5.2,1.8,70,27.2,62,63,26.6,19.3,23.3,14.9,7.6,5.7,2.5,0.1
SUJ-4131,Finanzas,Lima,Maestría,Empresa propia,Casado,20,4,10,500,1.0,42.7,87,8.1,8.5,7.3,8.3,9.9,8.9,8.5,6.5,9,3.4,10.0,6.6,0,4,4.8,2.2,3,23.6,47,65,33.9,18.4,14.1,3.4,8.4,14.2,3.2,4.4
SUJ-4132,Tecnología,Lima,Universitario,Empresa propia,Casado,21,1,11,12741,1.46,44.5,63,7.9,4.5,5.4,3.4,8.7,7.9,6.3,8.3,30,5.9,6.9,8.6,0,3,5.4,5.0,181,30.6,55,48,27.6,19.4,13.2,15.3,10.3,9.6,2.1,2.5
SUJ-4133,Manufactura,Caracas,Técnico,E-commerce,Casado,17,7,17,6634,2.12,28.7,99,10.0,10.0,7.3,6.8,9.9,8.0,8.67,7.1,31,5.2,7.4,9.5,2,5,3.3,1.5,23,23.5,32,61,25.2,14.3,18.8,18.2,14.1,5.9,2.5,1.0
SUJ-4134,Manufactura,Bucaramanga,Universitario,Empresa familiar,Soltero,25,9,21,2263,2.1,32.8,74,8.8,5.4,7.7,3.7,8.5,9.1,7.2,5.2,27,7.1,7.6,7.8,1,1,6.4,3.1,5,24.8,64,58,21.6,30.3,17.1,9.7,10.7,6.8,0.9,2.9
SUJ-4135,Manufactura,Lima,Universitario,Franquicia,Unión libre,38,8,10,8891,4.82,34.9,78,8.2,6.9,6.0,6.3,10.0,7.4,7.47,8.1,23,3.6,8.5,5.7,0,3,5.8,0.0,12,33.0,35,42,22.6,16.9,18.1,18.0,11.4,7.8,3.8,1.4
SUJ-4136,Tecnología,Buenos Aires,Universitario,Empresa propia,Casado,27,9,17,11644,12.46,47.2,66,6.0,4.5,6.3,4.8,9.8,7.4,6.47,6.1,20,7.8,8.6,8.8,0,1,4.5,2.6,2,34.6,39,52,23.9,21.2,18.4,7.5,17.9,3.6,4.6,2.9
SUJ-4137,Inmuebles,Lima,Universitario,Franquicia,Unión libre,30,11,15,14891,3.46,39.2,94,8.3,10.0,9.9,5.4,10.0,8.2,8.63,9.6,16,5.7,9.2,7.1,1,2,5.0,6.7,36,35.2,32,69,13.1,22.3,18.2,6.4,20.3,9.1,7.5,3.1
SUJ-4138,Finanzas,Cali,Técnico,Empresa propia,Casado,31,3,9,2651,14.61,27.1,78,7.4,7.8,10.0,8.8,9.4,7.0,8.4,6.2,34,6.3,7.7,8.9,0,1,3.1,2.5,21,33.6,44,52,14.2,21.0,10.6,4.2,20.1,20.2,5.9,3.8
SUJ-4139,Manufactura,Medellín,Maestría,Empresa propia,Casado,24,5,7,500,10.94,43.4,66,6.7,6.1,7.2,3.5,6.4,5.1,5.83,5.5,15,7.3,7.0,4.7,2,0,6.0,2.5,17,28.2,59,59,23.7,20.6,14.5,18.1,12.2,8.0,1.7,1.2
SUJ-4140,Retail/Comercio,Santiago,Doctorado,E-commerce,Casado,24,2,16,5707,7.59,18.7,54,5.8,4.4,6.0,4.4,6.3,4.7,5.27,7.4,7,4.3,6.0,7.0,1,2,5.7,0.4,71,30.5,66,56,28.6,17.8,19.8,13.4,10.2,4.9,5.2,0.1
SUJ-4141,Finanzas,Medellín,Maestría,Empresa propia,Soltero,17,8,11,15507,2.91,29.2,82,8.5,9.8,6.1,6.2,6.7,8.1,7.57,8.4,30,9.0,7.4,5.7,2,3,4.9,1.9,135,32.9,44,68,16.7,28.7,10.8,13.0,13.7,11.9,4.5,0.7
SUJ-4142,Tecnología,Santiago,Universitario,Franquicia,Unión libre,27,11,19,1863,3.22,42.8,64,6.1,6.4,5.9,4.1,8.1,6.7,6.22,3.4,21,10.0,7.6,6.3,2,4,4.2,4.5,28,30.9,51,53,21.5,24.9,12.8,14.5,9.3,10.7,2.4,3.9
SUJ-4143,Tecnología,Barranquilla,Universitario,E-commerce,Soltero,26,5,7,4373,1.33,72.7,70,7.4,8.8,6.4,5.6,7.8,8.0,7.33,9.1,29,8.5,9.3,6.4,0,0,7.3,2.7,147,36.0,32,57,29.8,13.0,20.6,6.4,15.0,11.6,3.5,0.1
SUJ-4144,Servicios,Caracas,Universitario,Franquicia,Casado,20,9,14,2370,1.0,31.0,60,6.9,5.6,6.9,5.0,7.8,6.0,6.37,5.9,23,10.0,10.0,9.9,0,0,6.0,0.7,19,26.2,48,63,22.0,17.8,18.5,18.1,16.9,6.5,0.0,0.2
SUJ-4145,Agroindustria,Medellín,Técnico,Empresa propia,Unión libre,32,4,14,500,3.08,44.4,60,5.2,5.6,5.8,4.6,6.8,7.6,5.93,9.6,27,6.2,9.4,9.0,3,1,5.0,1.7,9,28.5,62,76,39.6,10.4,11.7,19.1,7.8,7.1,2.6,1.7
SUJ-4146,Manufactura,Buenos Aires,Posgrado,Empresa familiar,Soltero,21,9,16,18303,3.49,29.0,64,5.3,6.8,9.5,3.1,6.6,7.9,6.53,5.7,15,7.3,7.6,9.5,1,1,5.0,3.2,63,29.6,39,58,32.5,6.2,17.9,14.9,14.0,10.1,3.0,1.4
SUJ-4147,Tecnología,Bogotá,Posgrado,Empresa propia,Casado,43,1,4,1160,2.99,71.4,71,8.7,6.4,7.8,4.9,7.5,6.5,6.97,6.0,34,4.8,3.6,10.0,6,1,6.1,4.7,8,23.6,43,69,31.0,15.9,14.8,13.1,11.1,8.4,3.6,2.1
SUJ-4148,Retail/Comercio,Barranquilla,Maestría,Startup escalada,Casado,28,12,15,11645,2.85,23.4,56,6.3,5.5,7.0,5.4,8.5,1.5,5.7,6.8,10,7.5,7.3,8.6,2,2,5.6,1.0,5,22.9,55,57,23.7,18.6,15.5,14.0,18.3,6.5,1.4,2.0
SUJ-4149,Inmuebles,Santiago,Posgrado,Empresa propia,Casado,25,3,10,3404,1.0,13.4,69,6.9,6.5,7.7,4.8,9.3,7.5,7.12,10.0,4,8.7,7.6,10.0,1,2,5.4,5.9,39,21.9,51,72,39.1,9.2,13.1,12.2,15.9,5.0,3.7,1.8
SUJ-4150,Inmuebles,Caracas,Universitario,Franquicia,Unión libre,37,7,13,2602,3.72,36.8,63,5.1,6.7,5.1,4.4,7.3,6.5,5.85,10.0,16,3.3,7.9,8.3,5,1,5.6,2.4,13,29.7,55,69,31.6,6.8,16.3,17.0,17.2,6.9,1.0,3.2
SUJ-4151,Tecnología,Santiago,Universitario,Franquicia,Casado,17,12,13,22645,7.24,53.4,71,8.4,5.2,6.3,5.1,9.8,5.8,6.77,6.2,19,4.5,8.9,9.4,1,0,3.4,3.8,5,37.3,50,46,35.7,21.6,11.1,12.0,4.0,9.0,4.6,2.0
SUJ-4152,Tecnología,Barranquilla,Posgrado,Empresa propia,Casado,24,2,7,8564,2.4,59.4,85,8.5,7.2,7.5,6.6,10.0,10.0,8.3,5.4,32,6.6,7.1,6.5,2,0,4.6,2.2,18,31.9,38,53,17.3,18.0,21.4,15.3,15.8,6.8,4.3,1.1
SUJ-4153,Inmuebles,Santiago,Universitario,Empresa propia,Soltero,23,13,18,9290,7.47,43.4,75,9.6,5.8,9.1,7.5,7.9,7.0,7.82,10.0,16,9.5,8.1,8.6,2,1,4.2,4.2,7,29.2,40,67,28.9,14.9,11.1,14.9,9.1,14.0,4.2,2.9
SUJ-4154,Finanzas,Caracas,Universitario,Empresa propia,Soltero,24,15,23,11405,224.25,53.7,64,7.7,6.5,8.0,5.6,6.7,5.4,6.65,4.6,18,6.5,7.5,7.5,1,2,3.7,2.0,5,56.9,58,51,6.0,20.5,22.1,19.7,11.3,12.1,6.2,2.1
SUJ-4155,Finanzas,Monterrey,Universitario,Startup escalada,Soltero,27,9,19,3335,11.18,46.8,72,7.3,6.3,7.6,6.5,7.1,10.0,7.47,6.1,23,3.0,9.4,6.3,1,2,4.7,1.9,27,41.9,54,47,37.4,22.3,6.3,17.9,8.9,3.7,2.6,0.9
SUJ-4156,Tecnología,Bogotá,Universitario,Holding,Casado,24,7,15,6634,3.92,51.7,80,7.4,6.1,8.1,7.7,8.6,7.5,7.57,7.9,9,4.7,8.5,8.0,1,1,5.6,0.0,15,30.8,57,55,19.8,12.3,19.2,19.1,10.3,11.8,5.8,1.7
SUJ-4157,Retail/Comercio,Buenos Aires,Técnico,Empresa propia,Soltero,34,6,13,2520,2.74,35.1,82,10.0,8.8,8.9,7.1,9.8,8.1,8.78,6.8,40,4.2,8.1,7.4,1,3,5.5,1.7,13,28.4,36,59,22.5,14.7,23.1,5.9,16.8,13.4,1.2,2.4
SUJ-4158,Servicios,Monterrey,Maestría,E-commerce,Casado,28,9,16,14392,6.47,4.0,75,9.0,8.0,5.3,5.2,7.8,8.0,7.22,5.9,18,6.5,7.2,6.1,2,1,4.7,5.9,16,22.8,36,52,29.0,22.5,16.1,9.0,16.7,1.9,3.4,1.4
SUJ-4159,Agroindustria,Santiago,Maestría,Startup escalada,Soltero,28,10,18,7316,1.0,9.5,97,9.6,9.5,9.3,7.0,9.2,7.8,8.73,4.7,28,5.7,7.7,8.4,2,1,4.0,1.0,12,18.4,47,44,18.2,16.5,22.2,4.6,19.6,13.0,3.2,2.7
SUJ-4160,Manufactura,Medellín,Universitario,Holding,Casado,28,1,10,2231,1.76,54.2,60,7.6,7.1,4.2,4.9,8.8,5.4,6.33,6.1,25,3.3,10.0,5.4,1,1,5.3,0.3,6,27.8,56,57,28.9,22.1,4.9,12.3,15.0,8.1,5.4,3.3
SUJ-4161,Retail/Comercio,Monterrey,Bachillerato,Empresa propia,Soltero,18,6,18,18401,2.05,21.7,79,8.4,7.5,7.4,8.1,9.3,7.6,8.05,7.9,7,6.0,7.9,7.2,1,4,5.0,2.2,4,20.8,39,48,34.4,24.9,4.7,7.7,14.1,8.6,4.6,1.0
SUJ-4162,Tecnología,Medellín,Maestría,Startup escalada,Casado,27,4,7,6956,1.0,61.9,71,5.1,7.0,8.4,3.8,8.0,9.1,6.9,7.6,22,6.4,6.2,8.3,1,3,6.2,4.4,230,31.8,45,60,29.7,20.5,11.3,18.8,8.3,5.2,4.5,1.7
SUJ-4163,Retail/Comercio,Barranquilla,Universitario,Empresa propia,Casado,27,4,8,5466,1.68,22.9,86,9.7,7.0,6.9,6.5,6.9,7.3,7.38,5.6,18,5.6,9.8,9.0,1,0,5.3,2.6,88,28.9,42,52,33.0,14.6,16.6,4.8,16.4,10.2,1.9,2.5
SUJ-4164,Finanzas,Lima,Universitario,Franquicia,Unión libre,19,4,14,500,2.05,45.2,72,8.3,8.0,9.0,5.6,9.0,8.5,8.07,8.0,26,8.9,9.7,8.0,2,4,5.2,3.0,4,30.1,45,59,28.8,8.2,21.6,19.2,11.6,4.9,4.4,1.3
SUJ-4165,Manufactura,CDMX,Bachillerato,E-commerce,Casado,31,2,5,19245,1.0,4.0,100,8.3,8.4,10.0,6.2,9.1,10.0,8.67,8.2,34,6.0,6.7,6.3,1,0,5.9,3.5,3,16.4,58,46,33.5,18.7,13.9,10.7,11.8,7.3,3.0,1.1
SUJ-4166,Finanzas,São Paulo,Universitario,Startup escalada,Casado,17,13,14,24338,15.23,56.8,74,8.5,5.7,7.4,5.4,8.5,7.3,7.13,4.4,33,8.6,8.6,7.1,1,0,5.9,4.3,17,33.1,53,49,16.8,18.4,30.4,4.6,13.0,11.5,4.2,1.1
SUJ-4167,Finanzas,Caracas,Maestría,Empresa familiar,Unión libre,41,4,8,6615,1.0,40.6,82,7.2,7.5,7.9,5.5,9.9,7.2,7.53,6.8,27,9.8,8.3,6.6,1,3,5.2,2.0,37,25.2,46,57,23.5,20.7,15.1,11.7,11.9,10.6,5.3,1.2
SUJ-4168,Tecnología,Santiago,Maestría,Startup escalada,Casado,25,6,12,4674,6.75,24.0,70,6.9,5.6,5.7,7.0,9.2,5.8,6.7,4.5,16,5.3,5.2,6.7,0,1,6.5,2.9,14,25.1,68,54,18.6,13.0,26.0,10.2,13.0,14.0,2.9,2.3
SUJ-4169,Finanzas,CDMX,Universitario,Empresa propia,Soltero,20,6,10,3564,3.19,28.4,77,8.1,7.8,6.0,5.8,7.5,10.0,7.53,9.9,17,5.9,8.2,7.5,0,1,6.6,2.2,1,20.0,52,65,19.2,31.7,17.1,9.0,9.9,13.1,0.0,-0.0
SUJ-4170,Tecnología,Bogotá,Universitario,Startup escalada,Unión libre,29,5,12,2496,1.0,53.9,64,6.8,6.7,5.4,3.8,8.6,8.0,6.55,8.4,29,6.4,7.3,9.1,3,0,5.1,2.6,32,26.2,55,60,31.5,22.4,12.8,9.2,10.2,9.3,4.2,0.4
SUJ-4171,Tecnología,Medellín,Técnico,Empresa propia,Casado,29,8,13,6836,5.97,42.8,78,7.9,7.8,6.8,3.8,8.8,7.5,7.1,7.1,15,10.0,8.7,5.5,0,0,4.7,0.6,6,30.4,44,56,27.6,18.3,13.0,15.1,8.6,11.7,2.0,3.7
SUJ-4172,Salud/Farma,Monterrey,Bachillerato,Empresa propia,Soltero,38,6,11,1096,1.35,15.3,46,3.4,2.6,5.7,3.5,6.4,5.0,4.43,5.0,22,4.0,9.3,7.7,2,1,5.3,2.2,4,11.8,83,69,24.7,22.5,19.5,10.0,4.9,10.6,3.5,4.3
SUJ-4173,Retail/Comercio,CDMX,Doctorado,E-commerce,Casado,36,9,9,20123,1.0,22.3,65,6.9,3.5,5.4,6.7,6.2,6.0,5.78,6.1,25,3.0,9.0,8.6,0,2,5.1,3.4,27,21.4,52,62,24.5,18.5,14.3,23.1,8.8,4.8,2.7,3.3
SUJ-4174,Retail/Comercio,Cali,Posgrado,Franquicia,Unión libre,18,13,21,1548,1.0,4.0,63,8.7,5.9,6.0,4.2,5.6,4.8,5.87,7.1,9,7.3,5.3,6.6,4,1,5.1,2.1,95,18.8,54,52,26.2,16.5,16.9,18.5,7.3,10.6,3.5,0.5
SUJ-4175,Servicios,Santiago,Posgrado,E-commerce,Unión libre,24,3,11,10948,2.75,4.0,98,9.9,8.3,10.0,5.8,10.0,8.7,8.78,9.4,19,7.9,9.6,5.8,0,2,5.0,1.3,9,23.7,37,61,31.8,21.3,17.2,10.1,7.7,9.3,1.8,0.8
SUJ-4176,Salud/Farma,CDMX,Maestría,Franquicia,Unión libre,20,8,13,2932,1.0,35.7,63,6.4,7.3,4.6,5.9,9.2,6.0,6.57,8.1,26,4.0,5.9,9.5,1,2,4.4,0.0,9,22.0,58,73,32.9,13.5,12.9,18.4,10.9,3.6,5.9,1.9
SUJ-4177,Manufactura,Monterrey,Maestría,Empresa familiar,Soltero,30,8,15,2050,1.0,32.0,66,7.7,5.0,4.9,5.1,5.5,8.5,6.12,7.8,18,4.3,7.1,8.8,2,1,5.0,3.6,28,22.4,71,70,34.9,16.7,15.7,11.2,3.3,9.5,6.6,2.1
SUJ-4178,Inmuebles,Monterrey,Maestría,Empresa propia,Soltero,34,2,9,6529,3.09,39.5,62,6.9,4.3,6.2,5.4,8.2,6.5,6.25,7.5,36,4.5,7.3,10.0,3,2,4.3,2.9,9,25.5,56,59,32.1,16.2,13.8,13.0,12.7,7.0,4.0,1.2
SUJ-4179,Finanzas,Bogotá,Bachillerato,Empresa propia,Soltero,18,9,19,11589,70.26,56.6,78,7.9,5.7,7.8,9.3,8.1,7.0,7.63,8.2,12,8.1,10.0,9.5,0,2,5.1,2.3,7,50.7,42,54,17.0,15.6,15.4,18.2,19.8,5.9,7.1,1.0
SUJ-4180,Finanzas,Bucaramanga,Universitario,Startup escalada,Soltero,25,6,13,10378,4.87,54.2,68,8.3,4.6,6.9,6.9,8.9,9.0,7.43,9.6,36,10.0,7.8,5.2,2,1,5.9,3.5,51,39.3,45,59,19.7,16.7,22.2,20.0,8.3,5.1,5.4,2.6
SUJ-4181,Retail/Comercio,Buenos Aires,Posgrado,Empresa propia,Unión libre,22,13,14,2130,2.14,48.5,66,7.3,5.2,8.5,4.4,5.9,5.9,6.2,4.6,39,10.0,9.2,7.0,3,3,4.4,3.7,69,35.0,60,53,27.8,16.2,18.6,8.0,6.2,9.4,9.1,4.7
SUJ-4182,Manufactura,Cali,Universitario,E-commerce,Soltero,31,10,23,3209,11.17,33.2,101,10.0,6.8,8.1,6.3,10.0,9.3,8.42,8.0,33,6.4,7.4,8.4,0,3,5.2,4.8,7,34.5,47,58,34.8,19.7,22.8,5.6,6.7,7.5,2.1,0.8
SUJ-4183,Manufactura,CDMX,Doctorado,Holding,Casado,28,7,18,16250,1.77,25.3,74,7.3,6.5,5.6,3.6,8.8,9.0,6.8,7.7,34,1.8,8.0,8.0,2,3,6.4,1.0,10,24.3,43,63,26.2,18.9,18.0,15.6,13.4,5.4,0.2,2.3
SUJ-4184,Finanzas,Buenos Aires,Posgrado,E-commerce,Casado,33,6,12,10276,6.69,69.7,81,8.2,6.9,5.1,6.1,6.9,6.8,6.67,7.8,16,3.9,8.2,8.9,1,2,3.0,2.1,33,38.0,46,54,31.0,7.1,20.2,17.7,11.1,8.1,4.2,0.6
SUJ-4185,Tecnología,Cali,Doctorado,Holding,Casado,23,13,20,9977,126.18,59.9,78,9.4,5.8,7.3,7.2,7.1,6.9,7.28,8.4,9,5.6,8.1,6.0,2,1,5.1,4.6,6,49.5,43,68,29.0,22.8,4.7,14.7,10.5,12.8,5.5,0.0
SUJ-4186,Manufactura,Bucaramanga,Universitario,Empresa propia,Soltero,25,4,11,2505,3.18,32.8,61,6.0,4.2,6.9,3.0,6.8,5.7,5.43,8.5,24,6.4,9.7,9.8,0,2,5.8,0.0,3,30.3,56,62,26.8,21.2,14.2,11.4,12.5,9.3,3.4,1.2
SUJ-4187,Tecnología,CDMX,Maestría,Startup escalada,Soltero,28,8,11,12561,1.0,45.4,64,9.5,4.2,7.2,6.2,6.1,7.1,6.72,7.8,15,7.7,7.1,6.6,0,2,5.4,4.9,28,21.4,45,63,11.8,23.3,25.0,11.8,9.4,11.1,4.6,3.0
SUJ-4188,Manufactura,Cali,Universitario,Empresa propia,Soltero,24,6,16,3550,3.49,25.2,57,5.6,2.1,5.8,5.5,6.7,4.1,4.97,7.1,20,8.2,7.9,7.8,0,3,4.3,1.5,31,28.1,69,70,25.6,23.6,14.5,18.6,6.6,3.9,7.2,0.0
SUJ-4189,Manufactura,Buenos Aires,Doctorado,Franquicia,Soltero,27,11,21,4105,5.17,8.8,56,5.5,4.2,5.5,5.1,6.5,5.7,5.42,7.9,13,8.6,10.0,5.8,4,1,4.1,0.0,3,23.5,59,62,27.1,23.5,14.2,10.9,9.7,9.1,3.7,1.8
SUJ-4190,Inmuebles,Medellín,Técnico,Empresa propia,Unión libre,33,12,18,2712,1.0,10.5,73,8.7,5.7,7.5,5.0,8.7,6.1,6.95,6.9,15,2.8,10.0,7.8,2,1,4.0,2.5,7,21.6,44,63,27.7,16.8,15.4,7.2,13.1,9.5,8.1,2.2
SUJ-4191,Inmuebles,Monterrey,Posgrado,E-commerce,Casado,38,9,17,1035,1.45,7.6,74,7.5,3.8,7.6,6.0,8.9,7.1,6.82,7.9,30,2.8,5.7,7.6,0,3,5.4,2.3,59,20.7,50,57,17.5,24.0,15.6,10.9,13.5,12.1,3.9,2.5
SUJ-4192,Servicios,Lima,Maestría,Holding,Soltero,23,5,15,4363,1.0,19.0,71,8.0,8.0,5.7,6.5,7.4,7.8,7.23,8.3,16,6.4,8.2,6.0,1,1,5.8,4.1,4,16.7,55,60,10.7,16.1,22.4,16.6,12.1,10.9,8.8,2.4
SUJ-4193,Retail/Comercio,Barranquilla,Universitario,Empresa familiar,Unión libre,38,6,13,500,3.09,47.6,77,9.7,7.8,8.4,6.7,9.5,6.3,8.07,5.9,24,5.5,8.6,9.1,1,1,6.1,2.6,14,29.0,32,61,20.6,21.0,18.5,21.3,4.3,11.1,2.9,0.3
SUJ-4194,Inmuebles,Santiago,Universitario,Holding,Soltero,22,2,4,4869,3.29,37.8,70,7.8,5.9,7.9,5.7,6.6,5.6,6.58,8.7,15,3.8,7.6,7.6,1,2,6.1,1.8,621,35.2,44,61,24.9,13.5,15.2,16.5,15.0,8.7,3.5,2.7
SUJ-4195,Manufactura,Caracas,Doctorado,E-commerce,Casado,31,8,16,10328,1.79,36.9,89,9.2,4.8,6.3,7.0,8.5,8.1,7.32,8.4,20,4.3,7.6,9.4,0,2,5.6,1.6,6,18.8,37,67,25.5,11.5,16.8,19.3,8.7,8.6,6.5,3.1
SUJ-4196,Tecnología,Caracas,Universitario,Empresa familiar,Soltero,23,4,10,25901,4.16,40.3,66,6.4,7.3,6.1,6.7,4.9,6.1,6.25,4.7,0,7.7,9.4,6.2,2,2,5.3,3.3,73,34.2,46,48,30.2,21.4,14.4,9.9,13.3,4.9,2.9,3.0
SUJ-4197,Tecnología,Lima,Posgrado,Franquicia,Casado,19,15,17,655,4.56,56.6,86,7.6,6.6,6.7,5.7,9.1,9.3,7.5,4.6,11,6.6,9.8,6.6,0,3,5.0,3.1,33,35.7,51,45,23.8,28.7,10.8,14.3,9.0,11.9,1.4,0.1
SUJ-4198,Finanzas,CDMX,Bachillerato,E-commerce,Soltero,33,5,15,2642,13.5,76.6,82,6.6,4.9,7.7,7.0,10.0,5.8,7.0,8.7,28,8.4,7.2,8.0,0,3,3.8,3.1,144,46.1,51,65,26.0,15.4,14.2,16.5,11.4,8.0,6.1,2.4
SUJ-4199,Retail/Comercio,CDMX,Maestría,E-commerce,Soltero,25,11,18,5451,4.64,39.6,40,4.1,2.4,3.8,5.7,5.4,4.5,4.32,5.2,10,6.5,10.0,7.4,1,5,4.4,2.0,10,26.0,64,51,35.1,18.2,18.9,7.0,7.5,9.7,2.1,1.5
SUJ-4200,Manufactura,Cali,Posgrado,Franquicia,Soltero,33,13,18,1494,2.89,19.6,52,5.3,4.2,5.9,3.5,5.4,4.5,4.8,6.4,22,3.1,5.6,6.6,1,3,5.6,4.2,27,28.0,65,61,27.0,16.4,14.0,19.1,12.4,8.2,0.9,2.0
SUJ-4201,Servicios,Monterrey,Universitario,Startup escalada,Soltero,30,10,23,993,1.69,4.0,49,4.7,3.4,3.9,3.7,3.8,3.8,3.88,6.5,21,4.6,7.5,10.0,0,0,4.5,2.2,12,21.3,72,59,22.1,18.7,17.1,12.2,13.0,9.4,4.2,3.3
SUJ-4202,Tecnología,Bucaramanga,Bachillerato,Empresa propia,Casado,28,5,9,4816,7.01,34.0,76,7.6,5.7,8.0,3.6,6.4,6.3,6.27,7.3,31,4.7,8.2,7.4,4,3,4.2,4.2,9,31.8,63,55,26.8,17.5,7.6,26.8,8.6,7.5,1.6,3.6
SUJ-4203,Tecnología,Bogotá,Posgrado,E-commerce,Soltero,29,5,8,6953,1.52,61.6,58,5.7,2.7,9.4,4.7,6.4,5.1,5.67,8.4,8,6.7,7.1,7.1,3,0,3.8,5.4,20,32.9,56,68,20.8,19.7,22.8,6.8,18.6,6.7,3.1,1.5
SUJ-4204,Salud/Farma,São Paulo,Bachillerato,Holding,Casado,32,18,25,13727,9.53,29.8,86,9.7,9.1,8.7,7.8,8.9,7.0,8.53,9.1,22,3.6,10.0,10.0,3,0,4.1,3.6,19,35.8,36,64,29.0,25.7,11.5,9.8,9.3,7.2,4.6,2.9
SUJ-4205,Tecnología,Cali,Bachillerato,Startup escalada,Casado,31,14,19,48966,980.0,77.6,58,5.6,6.5,7.9,5.5,7.5,5.0,6.33,6.7,16,7.8,7.9,6.6,3,3,5.1,1.6,32,60.5,53,56,15.7,14.4,17.0,24.3,16.4,10.9,0.7,0.6
SUJ-4206,Retail/Comercio,Caracas,Posgrado,Startup escalada,Casado,23,8,12,11907,3.05,29.3,75,8.9,5.5,7.1,4.6,9.8,7.2,7.18,8.6,39,2.0,5.9,8.2,3,4,4.7,3.7,2,20.3,50,66,30.3,20.3,13.7,16.4,8.6,2.6,6.0,2.1
SUJ-4207,Manufactura,Bogotá,Universitario,E-commerce,Casado,28,5,16,2001,13.55,4.0,59,7.4,6.4,4.8,4.0,7.4,4.9,5.82,8.2,42,1.8,7.9,8.7,0,4,4.4,2.2,25,32.6,57,71,28.1,16.4,19.3,7.1,12.1,7.2,8.2,1.6
SUJ-4208,Retail/Comercio,Barranquilla,Universitario,Holding,Soltero,35,3,5,11025,1.0,25.2,80,6.9,6.2,7.3,5.3,8.2,7.9,6.97,7.5,33,6.1,9.2,9.9,0,3,4.5,2.7,13,19.8,46,68,32.0,14.9,5.1,15.2,14.9,11.3,5.2,1.4
SUJ-4209,Tecnología,Buenos Aires,Posgrado,Franquicia,Casado,26,4,11,6162,2.17,53.0,68,5.6,6.0,7.7,6.7,8.5,7.5,7.0,8.0,30,4.4,7.9,7.6,1,2,5.2,0.8,21,32.1,24,56,24.0,7.8,27.8,4.4,21.7,7.5,6.8,0.0
SUJ-4210,Tecnología,Cali,Bachillerato,Franquicia,Unión libre,23,9,15,4794,3.41,47.0,66,7.7,4.3,6.7,2.6,8.2,7.0,6.08,7.0,19,5.2,8.7,7.2,2,3,4.7,3.4,43,30.1,52,49,41.6,19.8,5.2,8.0,12.4,4.5,5.9,2.6
SUJ-4211,Tecnología,São Paulo,Universitario,Startup escalada,Casado,22,15,21,21957,158.78,52.4,63,8.0,6.3,6.0,3.8,8.6,6.0,6.45,7.2,21,8.7,8.4,5.6,0,3,5.6,2.5,6,52.4,45,64,36.0,6.6,18.7,12.5,21.4,1.7,0.0,3.1
SUJ-4212,Manufactura,Barranquilla,Técnico,Empresa familiar,Casado,31,6,16,9687,2.25,30.0,57,5.3,6.2,7.1,4.8,5.9,6.2,5.92,8.2,18,2.9,7.3,6.4,2,5,4.4,3.4,29,23.2,38,62,7.9,38.5,12.1,14.7,13.2,6.6,4.3,2.7
SUJ-4213,Retail/Comercio,Santiago,Posgrado,Startup escalada,Casado,24,11,24,9157,4.46,4.0,77,6.3,6.9,7.4,6.0,9.1,5.8,6.92,5.6,25,8.5,9.8,7.1,0,4,5.4,0.0,49,35.0,38,55,19.6,18.2,8.4,28.7,14.4,4.3,4.2,2.2
SUJ-4214,Finanzas,Cali,Posgrado,Empresa propia,Soltero,28,10,16,500,1.0,38.7,63,6.2,4.9,4.3,2.9,8.0,4.9,5.2,6.0,15,6.7,5.5,4.8,1,1,4.3,2.4,25,26.6,54,60,28.8,12.3,15.8,13.2,8.5,14.6,4.5,2.3
SUJ-4215,Manufactura,Caracas,Maestría,Startup escalada,Casado,24,6,15,16024,4.83,42.5,105,6.3,6.0,10.0,9.5,10.0,10.0,8.63,8.1,11,4.8,5.9,7.7,0,5,6.4,0.0,2,25.1,41,55,12.9,28.8,18.5,20.1,2.7,11.7,4.7,0.6
SUJ-4216,Servicios,Monterrey,Universitario,Empresa familiar,Unión libre,33,10,16,12611,5.16,44.7,94,9.9,8.9,9.1,5.9,8.5,8.6,8.48,8.7,17,5.1,5.1,7.0,2,1,5.2,3.1,1,25.1,31,73,25.1,12.4,17.0,16.5,16.3,4.7,4.0,4.0
SUJ-4217,Tecnología,Monterrey,Técnico,Empresa propia,Soltero,26,11,17,2841,9.41,34.5,69,6.6,5.8,8.5,4.2,7.9,6.7,6.62,8.1,17,7.3,8.4,6.2,1,1,5.1,4.4,79,39.1,49,64,33.1,16.3,14.1,17.6,8.2,7.2,1.4,2.1
SUJ-4218,Retail/Comercio,CDMX,Bachillerato,E-commerce,Unión libre,34,10,18,2763,1.0,10.6,67,7.2,4.9,7.3,4.5,6.9,6.2,6.17,6.8,10,7.3,6.2,5.5,1,0,5.5,3.3,27,15.7,52,62,14.1,19.0,25.6,20.9,8.1,5.9,3.8,2.6
SUJ-4219,Manufactura,Santiago,Universitario,Startup escalada,Soltero,34,5,12,500,1.65,35.5,70,9.4,5.3,6.2,5.2,8.9,8.0,7.17,7.3,39,4.6,6.3,3.6,2,1,5.0,1.8,5,22.7,58,59,24.3,21.1,8.8,17.4,20.7,2.4,3.0,2.3
SUJ-4220,Finanzas,Caracas,Doctorado,E-commerce,Soltero,25,9,12,500,1.0,76.5,93,8.6,8.1,9.2,8.2,9.8,10.0,8.98,5.3,31,7.0,5.9,10.0,4,2,4.1,4.8,8,22.5,32,57,28.9,10.2,12.0,22.5,10.2,6.8,7.6,1.8
SUJ-4221,Finanzas,CDMX,Universitario,Empresa familiar,Casado,34,11,22,8835,86.4,51.2,101,10.0,6.7,9.2,8.9,10.0,8.9,8.95,7.9,27,5.6,7.0,10.0,2,1,4.2,3.3,13,46.6,58,50,18.1,26.0,13.3,9.9,14.4,9.8,7.5,1.0
SUJ-4222,Manufactura,Bogotá,Universitario,Franquicia,Casado,23,10,18,1648,3.04,26.3,46,5.1,5.0,5.5,5.5,5.5,5.1,5.28,6.2,19,8.0,6.3,5.6,0,0,5.0,0.7,109,27.8,75,56,20.7,28.1,13.4,8.1,10.1,10.3,7.4,1.9
SUJ-4223,Servicios,Lima,Técnico,Holding,Unión libre,27,11,17,20568,9.99,12.2,90,8.5,7.2,10.0,4.9,9.4,9.6,8.27,5.6,22,4.0,10.0,4.5,3,1,6.7,3.0,41,35.6,39,53,23.8,14.7,24.9,19.9,5.2,6.3,3.5,1.7
SUJ-4224,Inmuebles,Bucaramanga,Posgrado,Startup escalada,Unión libre,21,6,10,14781,1.0,45.9,68,8.9,5.0,6.3,5.3,9.7,7.6,7.13,9.5,32,5.2,7.3,8.5,0,6,5.1,1.7,14,26.4,55,72,31.0,22.7,15.7,7.8,8.9,6.2,4.7,3.0
SUJ-4225,Manufactura,Santiago,Posgrado,E-commerce,Soltero,29,11,18,3432,1.0,20.6,61,5.8,4.4,6.0,4.3,7.8,5.3,5.6,7.6,30,1.1,7.5,7.0,0,0,4.4,0.0,37,18.3,65,64,20.5,26.7,17.0,8.4,14.9,5.5,4.5,2.5
SUJ-4226,Inmuebles,Buenos Aires,Posgrado,Startup escalada,Casado,27,12,17,3825,7.14,53.7,87,9.4,7.7,5.0,7.1,7.9,6.3,7.23,6.0,34,7.5,8.3,7.0,2,2,5.0,1.7,217,43.2,46,50,27.5,13.1,23.5,9.3,11.1,9.9,2.4,3.2
SUJ-4227,Finanzas,Caracas,Maestría,E-commerce,Soltero,29,5,12,3171,3.44,53.1,73,7.9,3.1,9.6,6.9,8.2,9.6,7.55,6.3,24,7.1,7.3,7.5,2,2,5.8,3.7,4,21.4,33,66,25.0,18.9,15.7,18.0,11.0,6.3,3.5,1.6
SUJ-4228,Manufactura,Bucaramanga,Universitario,Franquicia,Soltero,17,1,6,775,1.2,28.4,91,9.4,6.7,8.6,6.2,8.2,7.5,7.77,7.6,35,4.2,7.0,6.8,0,2,5.3,1.6,98,28.9,48,53,24.1,25.3,20.8,5.6,7.9,9.6,3.4,3.3
SUJ-4229,Retail/Comercio,Bucaramanga,Técnico,Empresa propia,Soltero,17,13,16,500,3.74,16.9,85,9.3,8.0,7.3,6.7,10.0,10.0,8.55,5.5,13,8.7,7.3,10.0,4,5,5.0,0.5,3,20.4,46,52,24.1,19.5,11.0,16.2,16.4,6.9,2.8,3.1
SUJ-4230,Tecnología,Caracas,Universitario,Franquicia,Casado,19,5,17,4813,2.28,41.4,77,8.5,6.5,8.9,5.5,10.0,10.0,8.23,9.3,4,3.5,8.7,5.8,1,0,4.9,1.7,14,30.4,44,60,32.4,21.5,17.2,11.3,12.4,1.8,0.6,2.8
SUJ-4231,Inmuebles,Caracas,Posgrado,Holding,Soltero,28,4,7,22923,2.85,23.0,94,8.5,9.4,10.0,5.4,10.0,9.8,8.85,4.1,18,7.2,8.5,5.8,1,3,5.3,1.8,6,19.2,33,47,23.5,22.5,9.3,21.9,11.0,4.9,4.8,2.1
SUJ-4232,Retail/Comercio,Medellín,Posgrado,Startup escalada,Casado,30,8,11,19935,1.8,27.1,70,6.7,6.3,4.9,3.8,6.0,8.1,5.97,7.0,15,8.8,7.8,6.2,1,1,5.8,1.4,42,25.7,53,53,31.1,19.0,19.1,16.3,5.4,7.4,0.1,1.6
SUJ-4233,Finanzas,Caracas,Posgrado,Empresa propia,Casado,32,6,14,13279,15.19,63.6,57,6.8,4.3,5.3,6.4,5.6,5.8,5.7,7.4,21,6.0,4.7,6.8,0,1,3.4,3.4,127,41.4,58,65,26.7,22.6,10.3,17.2,15.6,3.2,2.1,2.3
SUJ-4234,Agroindustria,São Paulo,Posgrado,Empresa propia,Soltero,23,1,8,7923,2.6,30.8,98,7.3,7.7,9.5,10.0,9.4,9.5,8.9,6.9,27,5.7,7.2,9.4,1,4,5.2,1.2,53,22.6,24,59,26.3,19.5,13.9,14.8,12.1,9.2,2.4,1.8
SUJ-4235,Tecnología,Cali,Posgrado,Empresa propia,Casado,27,10,18,15515,13.94,45.8,69,7.9,6.2,5.4,4.3,6.7,6.0,6.08,8.5,12,7.0,7.0,7.1,2,5,4.7,4.1,1,31.1,59,68,29.0,24.5,10.5,12.3,10.9,6.3,3.7,2.8
SUJ-4236,Finanzas,Buenos Aires,Maestría,Holding,Soltero,21,10,18,5789,7.86,18.8,75,7.1,5.4,6.6,6.6,7.3,9.0,7.0,7.9,33,7.1,10.0,6.6,1,3,7.6,2.5,54,33.4,40,59,22.9,11.9,20.3,19.1,14.7,9.2,0.0,1.9
SUJ-4237,Tecnología,Santiago,Posgrado,Empresa familiar,Soltero,34,3,6,1589,4.64,42.3,65,8.2,6.5,4.9,5.0,6.5,9.5,6.77,6.8,20,7.2,7.6,7.4,0,3,4.0,2.3,31,36.5,55,68,31.3,8.6,22.2,17.7,8.0,3.5,5.6,3.1
SUJ-4238,Inmuebles,CDMX,Maestría,Holding,Casado,21,7,15,9220,2.49,33.9,74,5.3,8.7,7.4,3.9,8.0,9.0,7.05,6.3,40,4.1,9.9,6.0,1,1,5.6,0.0,34,32.3,45,58,25.6,22.9,11.4,12.4,18.5,5.1,3.6,0.5
SUJ-4239,Inmuebles,Bogotá,Universitario,E-commerce,Casado,33,3,7,20270,2.54,34.9,77,8.4,5.1,6.2,7.1,9.0,7.3,7.18,6.4,17,4.7,7.4,9.0,0,4,4.4,1.4,2,28.2,39,64,23.6,15.2,12.6,9.8,21.7,9.5,5.1,2.5
SUJ-4240,Finanzas,Cali,Posgrado,E-commerce,Unión libre,24,3,13,500,1.0,73.8,57,6.5,6.0,9.5,4.7,7.5,4.7,6.48,8.2,35,7.7,9.5,6.7,1,2,5.2,4.5,15,27.8,38,64,25.4,14.6,13.1,16.1,15.0,10.0,3.7,2.1
SUJ-4241,Manufactura,Caracas,Maestría,Empresa propia,Casado,35,4,7,2316,2.1,44.8,58,6.5,4.3,8.5,2.3,8.1,8.5,6.37,6.3,9,7.2,7.3,8.6,0,3,4.1,2.8,6,27.7,49,62,23.0,15.3,24.5,17.2,4.2,8.2,3.6,4.0
SUJ-4242,Finanzas,Medellín,Universitario,Holding,Casado,27,9,12,2467,2.32,59.2,60,8.1,4.5,4.8,5.5,7.5,4.8,5.87,10.0,22,6.6,6.3,9.3,0,1,5.0,1.3,72,31.8,55,71,29.1,18.1,19.3,14.2,10.3,2.2,4.3,2.5
SUJ-4243,Inmuebles,Bogotá,Maestría,E-commerce,Casado,26,14,17,834,1.43,22.6,71,7.3,5.7,4.6,7.7,8.4,7.5,6.87,8.0,23,4.7,7.1,7.1,3,2,5.4,5.9,3,17.6,41,57,27.5,11.5,17.0,17.7,12.0,11.0,2.0,1.3
SUJ-4244,Retail/Comercio,Santiago,Maestría,Holding,Soltero,21,5,12,2044,5.13,32.3,78,8.3,5.9,5.6,4.3,10.0,8.8,7.15,7.5,5,1.7,5.7,10.0,3,2,3.9,3.2,8,26.7,48,68,29.6,21.5,16.4,12.1,14.4,4.1,0.8,1.1
SUJ-4245,Retail/Comercio,Lima,Bachillerato,Startup escalada,Soltero,39,10,16,3875,1.11,35.6,90,7.3,8.3,7.9,5.3,10.0,10.0,8.13,7.2,18,3.9,8.4,6.8,2,2,5.1,5.5,2,22.4,32,58,21.5,28.1,18.4,13.5,5.1,7.8,4.6,1.0
SUJ-4246,Agroindustria,Bucaramanga,Posgrado,Startup escalada,Soltero,31,10,16,22485,4.34,37.7,105,10.0,8.6,9.9,8.2,10.0,10.0,9.45,5.8,32,5.7,6.7,9.2,2,3,6.3,3.6,104,33.7,21,54,28.4,18.9,26.0,7.1,14.0,3.8,0.0,1.8
SUJ-4247,Finanzas,São Paulo,Técnico,Startup escalada,Soltero,29,1,7,15744,2.34,34.3,75,7.4,6.2,5.5,7.3,6.3,7.3,6.67,8.6,20,8.3,9.4,10.0,4,3,4.5,3.3,3,24.3,53,62,10.5,17.3,20.6,17.5,16.0,10.4,4.2,3.5
SUJ-4248,Tecnología,Caracas,Doctorado,Startup escalada,Soltero,27,1,7,23351,4.26,64.9,66,6.7,6.3,6.3,4.5,9.3,6.2,6.55,5.6,40,3.8,8.5,6.1,1,2,6.6,3.6,1,26.6,62,50,28.5,17.8,11.4,18.6,7.6,6.3,8.0,1.8
SUJ-4249,Manufactura,Medellín,Maestría,Empresa familiar,Unión libre,22,14,18,1027,1.0,33.1,40,2.9,4.5,4.5,4.1,3.5,3.2,3.78,9.9,13,6.0,6.9,8.7,1,2,4.9,1.9,64,27.4,74,53,35.3,10.5,20.1,15.1,9.0,3.9,4.0,2.1
SUJ-4250,Salud/Farma,Bogotá,Técnico,E-commerce,Casado,30,5,6,500,2.37,19.6,76,9.8,6.5,5.8,6.5,7.6,5.1,6.88,8.9,31,4.9,5.9,5.6,0,2,5.8,3.7,36,25.4,56,64,26.2,21.4,12.7,14.1,14.0,6.4,1.8,3.4
SUJ-4251,Finanzas,CDMX,Técnico,Empresa propia,Casado,25,8,9,931,1.16,66.4,70,6.1,7.4,9.0,7.5,5.4,7.2,7.1,8.4,23,8.2,6.4,8.5,1,3,5.7,2.1,6,25.0,44,68,31.7,20.3,15.4,10.1,11.6,9.8,0.3,0.8
SUJ-4252,Tecnología,São Paulo,Posgrado,Franquicia,Soltero,26,8,11,19654,4.49,25.8,67,6.8,6.0,7.3,3.9,9.7,8.4,7.02,8.6,13,8.1,10.0,6.6,2,2,4.3,0.7,7,22.4,48,69,35.6,9.8,10.6,21.9,9.9,9.3,1.2,1.7
SUJ-4253,Finanzas,São Paulo,Universitario,Startup escalada,Soltero,31,1,6,1370,1.94,78.5,63,4.9,8.4,7.2,5.7,6.7,5.8,6.45,7.9,27,6.4,5.6,6.5,0,4,5.6,2.9,63,30.9,60,68,33.5,16.0,14.3,17.6,8.3,8.1,1.8,0.4
SUJ-4254,Retail/Comercio,Medellín,Bachillerato,Empresa propia,Soltero,27,4,15,6800,7.54,46.8,64,5.2,4.5,10.0,7.1,7.5,7.1,6.9,7.6,23,7.9,6.1,7.7,1,0,5.4,0.9,1,24.7,34,45,32.9,16.2,16.7,12.3,11.3,8.6,2.0,-0.0
SUJ-4255,Tecnología,Bogotá,Posgrado,Empresa propia,Casado,26,9,11,2065,1.69,49.7,77,6.1,4.6,6.0,6.7,6.7,8.3,6.4,6.9,26,7.5,4.2,8.9,3,3,4.7,0.0,3,25.5,61,61,27.3,19.4,17.4,9.3,15.9,6.8,3.7,0.2
SUJ-4256,Manufactura,Medellín,Universitario,Empresa propia,Soltero,34,3,5,500,5.27,18.9,81,10.0,7.1,9.2,8.7,9.1,7.5,8.6,7.1,25,4.6,7.7,7.7,2,0,5.7,4.2,29,27.2,40,46,31.0,12.6,12.8,14.5,16.5,5.0,3.7,3.9
SUJ-4257,Salud/Farma,CDMX,Técnico,Holding,Soltero,21,5,5,707,3.78,26.2,72,5.6,7.4,9.5,5.6,9.3,8.1,7.58,6.5,30,9.1,8.2,7.4,2,1,4.8,4.0,7,31.1,27,63,34.4,19.1,19.5,6.6,9.2,9.8,0.9,0.5
SUJ-4258,Retail/Comercio,CDMX,Maestría,E-commerce,Casado,17,2,10,9897,5.34,17.9,83,7.7,6.6,10.0,6.3,8.1,10.0,8.12,7.7,35,6.2,7.8,8.5,2,2,5.0,5.1,30,32.9,40,57,24.6,11.5,16.1,25.0,13.2,3.6,5.2,0.8
SUJ-4259,Finanzas,Buenos Aires,Maestría,Empresa propia,Casado,21,4,9,1610,5.07,44.9,90,8.5,6.4,9.5,5.5,9.6,8.7,8.03,10.0,11,4.3,10.0,8.4,1,0,5.3,1.6,79,35.0,27,76,35.0,19.3,11.4,10.8,9.5,6.5,6.2,1.3
SUJ-4260,Retail/Comercio,Monterrey,Maestría,Empresa propia,Soltero,26,5,6,2081,2.01,39.9,71,6.5,6.2,4.7,6.7,8.4,7.6,6.68,8.1,14,4.8,7.7,9.8,1,1,3.6,1.7,65,24.4,57,64,29.5,17.3,9.7,21.1,11.1,4.0,4.9,2.4
SUJ-4261,Tecnología,Bucaramanga,Maestría,Holding,Casado,30,1,7,3788,1.42,42.5,89,7.7,7.1,8.9,9.1,8.3,8.8,8.32,5.6,14,6.1,8.7,6.8,2,1,5.9,3.6,34,24.1,28,60,34.1,14.4,16.9,16.6,7.1,4.0,5.6,1.3
SUJ-4262,Servicios,Cali,Universitario,Empresa propia,Casado,21,11,15,8565,5.14,35.3,59,6.0,5.1,5.4,1.8,7.9,4.0,5.03,9.3,12,10.0,10.0,6.7,1,1,4.3,1.8,6,32.9,55,70,28.2,17.0,12.6,14.5,13.2,10.0,1.2,3.3
SUJ-4263,Retail/Comercio,Caracas,Universitario,Empresa propia,Casado,48,1,12,5069,1.42,24.9,76,6.2,5.5,7.8,4.4,7.5,5.1,6.08,5.7,9,4.6,8.9,8.8,4,1,5.7,0.6,85,26.3,62,59,31.6,10.0,14.1,13.4,10.2,11.0,6.6,3.1
SUJ-4264,Finanzas,Cali,Universitario,Holding,Soltero,27,6,10,23146,3.42,63.4,67,8.2,5.2,8.3,6.4,7.8,7.1,7.17,9.3,22,5.7,9.7,9.7,1,3,3.4,1.7,7,28.7,42,70,22.7,21.6,10.3,11.1,18.5,11.7,3.7,0.4
SUJ-4265,Manufactura,São Paulo,Maestría,E-commerce,Soltero,26,4,16,4555,7.41,43.9,79,10.0,8.0,8.2,8.2,8.6,7.8,8.47,7.9,16,6.9,7.9,7.6,3,1,5.9,0.3,27,35.8,33,58,28.8,18.7,16.9,13.4,7.5,10.0,3.3,1.4
SUJ-4266,Retail/Comercio,Caracas,Doctorado,Empresa propia,Soltero,18,11,18,1776,1.54,14.4,43,6.6,5.9,3.4,5.9,6.9,4.1,5.47,7.8,30,3.1,7.6,7.0,1,2,5.7,2.1,63,22.1,55,65,30.7,19.0,11.7,13.0,11.7,6.8,7.0,0.1
SUJ-4267,Manufactura,Santiago,Maestría,Holding,Unión libre,17,2,7,6145,1.0,4.0,88,6.3,7.1,6.5,7.0,9.7,8.7,7.55,9.1,35,4.9,8.9,7.7,0,0,5.8,7.0,43,24.7,45,67,16.6,21.8,15.9,24.0,4.0,8.5,5.0,4.2
SUJ-4268,Tecnología,Barranquilla,Maestría,Empresa propia,Soltero,17,4,9,4795,3.36,54.7,72,5.1,4.8,6.1,7.2,5.6,8.2,6.17,9.6,22,8.0,7.5,8.9,0,2,4.1,0.0,7,27.7,52,78,21.9,20.0,19.5,16.2,2.8,10.9,5.3,3.4
SUJ-4269,Inmuebles,Santiago,Posgrado,Startup escalada,Unión libre,34,2,9,12376,6.8,35.3,78,6.2,5.4,7.5,6.3,8.7,6.3,6.73,7.0,32,4.8,7.5,7.6,1,2,4.6,0.2,7,30.8,51,52,20.4,16.8,21.0,14.3,10.2,6.5,6.9,3.9
SUJ-4270,Agroindustria,Barranquilla,Universitario,Empresa propia,Soltero,33,1,6,21881,5.95,4.0,62,7.4,3.9,8.4,2.6,7.4,5.6,5.88,4.7,22,8.4,6.6,6.8,1,3,6.3,7.0,31,23.0,57,47,18.8,5.6,27.9,21.5,12.7,10.5,2.6,0.4
SUJ-4271,Manufactura,Medellín,Universitario,Empresa propia,Soltero,25,9,12,14477,4.05,48.2,95,8.7,9.0,9.3,7.5,10.0,5.8,8.38,8.5,33,2.4,8.3,7.5,1,0,5.6,4.1,3,30.0,38,63,25.6,22.9,21.2,9.5,3.9,7.6,6.1,3.2
SUJ-4272,Agroindustria,Barranquilla,Bachillerato,Startup escalada,Soltero,18,7,15,3941,1.0,14.2,77,10.0,6.8,7.4,4.9,7.9,8.6,7.6,5.9,38,7.4,5.4,6.6,2,1,6.1,4.3,5,16.6,30,53,35.6,16.4,21.1,12.2,7.6,3.4,1.9,1.8
SUJ-4273,Tecnología,Monterrey,Bachillerato,Holding,Soltero,24,8,17,1947,10.24,61.4,67,7.3,5.6,6.5,5.4,6.0,8.2,6.5,6.2,14,3.0,5.5,6.6,1,3,4.1,1.9,15,33.8,62,62,27.4,13.1,21.0,8.8,13.7,8.7,4.7,2.6
SUJ-4274,Retail/Comercio,Monterrey,Posgrado,Empresa propia,Unión libre,34,10,20,19672,3.36,18.1,44,6.5,5.4,4.8,5.0,4.0,5.3,5.17,7.9,29,6.9,8.9,8.2,2,4,5.3,2.3,12,20.6,57,66,21.4,16.7,21.5,15.7,12.8,3.2,6.6,2.1
SUJ-4275,Manufactura,Bucaramanga,Universitario,Empresa propia,Casado,22,7,12,3901,1.0,4.0,68,8.3,6.5,8.1,4.5,7.5,5.1,6.67,6.7,25,5.9,8.2,5.8,0,2,5.1,3.3,7,14.8,59,54,30.3,18.9,8.1,14.2,13.0,7.6,6.2,1.7
SUJ-4276,Manufactura,Bogotá,Posgrado,Startup escalada,Casado,20,5,15,11764,8.98,41.1,41,3.9,0.9,3.4,1.6,7.2,6.0,3.83,6.4,19,9.1,5.6,6.7,2,1,5.3,2.5,1,26.8,73,70,23.3,18.2,18.9,18.0,12.2,7.2,1.1,1.1
SUJ-4277,Retail/Comercio,Cali,Posgrado,Startup escalada,Casado,23,8,15,36471,1.0,15.4,74,6.5,5.4,8.9,6.2,8.2,8.0,7.2,6.8,9,6.6,6.9,5.9,0,2,5.7,4.3,14,20.8,42,62,29.6,13.6,16.0,12.8,12.1,13.0,0.9,2.0
SUJ-4278,Finanzas,Bucaramanga,Universitario,Empresa propia,Casado,24,5,10,6891,2.12,59.1,80,9.9,6.7,8.8,8.0,8.7,7.1,8.2,9.2,23,7.6,7.1,7.1,1,3,4.4,0.0,99,32.0,51,54,25.4,18.1,16.9,20.4,12.1,2.5,1.6,3.0
SUJ-4279,Tecnología,Monterrey,Universitario,Holding,Unión libre,30,11,15,5229,1.18,40.8,82,6.1,9.2,7.6,5.0,9.2,9.1,7.7,6.7,22,6.8,6.6,6.6,3,1,5.8,1.7,21,27.7,51,55,29.4,28.1,10.4,10.7,6.8,7.6,4.8,2.2
SUJ-4280,Finanzas,Bogotá,Universitario,Empresa propia,Soltero,17,5,14,9628,9.04,45.0,61,6.5,7.6,10.0,4.6,8.2,7.0,7.32,7.4,17,6.7,9.4,6.9,0,3,5.1,2.9,53,42.3,42,66,18.7,16.8,10.2,19.1,10.4,15.5,6.2,3.1
SUJ-4281,Tecnología,Santiago,Universitario,E-commerce,Casado,27,6,6,1724,1.0,50.2,64,7.6,2.8,8.0,6.2,7.0,5.6,6.2,9.2,15,10.0,9.0,6.3,3,2,3.4,1.7,6,22.7,45,68,33.1,19.2,12.1,14.4,11.6,4.0,3.1,2.5
SUJ-4282,Inmuebles,Cali,Maestría,Empresa propia,Casado,21,9,20,5359,2.91,31.3,71,8.0,4.5,6.9,4.6,8.9,5.7,6.43,7.0,46,6.6,7.6,3.6,1,0,5.1,5.0,12,34.4,45,56,24.2,10.9,24.1,14.4,18.1,3.2,3.4,1.7
SUJ-4283,Tecnología,Buenos Aires,Universitario,Franquicia,Unión libre,22,16,22,2995,14.26,43.4,65,6.6,5.9,7.7,6.5,8.7,5.9,6.88,5.9,15,5.2,10.0,10.0,0,0,5.8,4.9,3,35.5,63,67,20.9,21.4,26.0,9.6,8.4,6.3,2.4,5.0
SUJ-4284,Tecnología,Cali,Posgrado,Empresa propia,Casado,30,3,7,1435,1.0,62.5,50,5.1,5.5,5.1,1.9,7.0,5.6,5.03,7.0,29,6.2,6.1,8.4,1,1,4.9,2.4,309,27.8,58,74,28.6,18.4,7.7,18.1,14.1,5.1,5.0,3.0
SUJ-4285,Retail/Comercio,São Paulo,Maestría,Franquicia,Unión libre,18,2,5,7535,1.0,41.6,64,5.2,4.8,5.6,5.6,8.6,7.7,6.25,4.4,23,2.3,7.5,6.6,1,0,5.5,5.1,4,21.1,49,60,29.1,20.5,17.6,9.8,11.5,7.4,2.1,2.0
SUJ-4286,Manufactura,Medellín,Maestría,Franquicia,Casado,27,6,10,6858,1.0,41.9,78,6.7,7.3,7.0,8.1,10.0,7.0,7.68,7.6,30,4.6,7.8,8.1,1,1,6.1,0.1,152,28.7,37,65,29.0,16.2,17.9,9.2,8.8,12.5,4.5,1.9
SUJ-4287,Servicios,Lima,Maestría,Franquicia,Soltero,28,4,12,11457,1.62,15.8,66,8.9,5.0,6.7,4.4,7.5,6.1,6.43,6.8,0,3.4,7.1,5.2,3,1,5.3,0.0,207,28.9,53,49,31.3,14.6,21.5,11.6,7.1,6.1,6.0,1.8
SUJ-4288,Manufactura,Cali,Universitario,Empresa propia,Soltero,29,9,16,16506,1.75,9.1,69,7.4,5.3,4.6,5.5,7.3,5.9,6.0,5.7,39,4.7,4.3,5.3,1,2,4.1,3.4,10,14.2,59,45,26.8,26.5,12.6,12.0,10.9,8.6,2.4,0.2
SUJ-4289,Finanzas,Monterrey,Bachillerato,Empresa propia,Casado,30,7,11,1991,3.98,51.1,65,6.2,4.3,4.7,1.4,6.0,7.9,5.08,10.0,15,3.2,6.5,6.3,2,6,4.1,0.0,19,30.2,54,65,26.0,12.9,17.4,19.1,13.1,5.7,3.7,2.1
SUJ-4290,Inmuebles,Medellín,Universitario,Startup escalada,Casado,29,2,6,12102,1.0,36.9,104,10.0,6.7,10.0,6.7,10.0,10.0,8.9,5.9,13,9.4,10.0,8.3,1,2,6.4,2.9,24,25.9,28,52,30.1,12.2,12.2,25.8,10.6,4.4,4.7,-0.0
SUJ-4291,Retail/Comercio,CDMX,Universitario,Empresa propia,Soltero,30,10,17,3663,4.14,33.7,74,7.1,5.7,6.8,5.6,8.2,6.9,6.72,8.9,38,9.5,8.3,8.1,2,3,4.8,3.2,93,33.8,33,48,24.0,15.1,17.6,21.0,15.3,4.3,1.1,1.6
SUJ-4292,Tecnología,Barranquilla,Maestría,Holding,Soltero,20,14,30,7928,980.0,73.9,75,7.2,7.9,10.0,7.2,9.2,5.9,7.9,8.4,26,5.5,9.0,9.1,3,1,4.0,1.4,15,67.5,44,68,31.1,14.4,11.7,18.5,14.7,5.1,3.3,1.2
SUJ-4293,Manufactura,Santiago,Posgrado,Empresa propia,Soltero,34,4,20,15189,7.64,26.4,65,6.3,6.4,7.6,6.9,7.3,6.8,6.88,6.8,23,3.9,10.0,8.1,2,1,5.4,4.3,62,39.1,50,71,36.4,2.6,16.9,13.3,12.6,10.6,6.7,0.9
SUJ-4294,Servicios,Buenos Aires,Técnico,Franquicia,Unión libre,18,8,18,2367,7.21,51.5,79,6.4,7.1,8.3,6.9,7.6,5.9,7.03,8.2,11,5.1,6.1,6.9,0,0,4.2,3.5,3,31.7,51,58,27.1,20.6,14.5,17.1,7.6,3.8,5.1,4.2
SUJ-4295,Finanzas,Santiago,Técnico,E-commerce,Soltero,28,1,4,7349,8.48,60.4,74,9.7,6.0,8.0,3.6,8.2,5.9,6.9,6.9,16,8.4,10.0,8.2,1,1,5.1,3.2,17,38.1,58,63,41.5,9.3,18.0,8.7,11.7,7.6,3.3,-0.1
SUJ-4296,Finanzas,CDMX,Técnico,Empresa familiar,Casado,21,5,14,5236,18.21,60.8,49,6.6,5.2,5.2,3.9,4.2,6.4,5.25,6.8,31,3.5,7.2,9.1,0,0,5.1,2.4,2,33.1,51,69,38.7,17.3,9.7,12.3,8.4,7.5,4.3,1.8
SUJ-4297,Tecnología,Caracas,Posgrado,Empresa propia,Soltero,17,8,11,12507,3.94,53.6,93,9.9,7.1,9.8,6.7,9.8,10.0,8.88,6.9,25,6.8,8.7,7.8,4,1,5.8,0.8,8,29.7,17,59,31.0,21.2,17.8,12.5,5.6,9.8,1.4,0.7
SUJ-4298,Tecnología,Lima,Maestría,Empresa propia,Soltero,22,6,11,9558,1.67,48.0,71,6.7,5.1,7.1,6.3,7.3,4.6,6.18,8.5,4,4.3,9.2,6.4,1,0,5.4,4.0,9,23.2,56,68,31.4,22.9,16.7,8.9,10.0,7.9,0.5,1.7
SUJ-4299,Retail/Comercio,Cali,Maestría,E-commerce,Unión libre,25,7,18,11744,7.7,19.9,80,8.2,7.5,8.3,6.9,10.0,8.5,8.23,7.8,33,8.0,7.3,10.0,2,3,3.6,3.8,6,25.7,42,66,14.6,17.6,19.3,21.1,12.4,5.3,7.3,2.4
SUJ-4300,Manufactura,São Paulo,Doctorado,Empresa familiar,Soltero,34,4,9,2716,5.6,27.4,64,6.3,4.9,6.3,4.8,8.9,3.5,5.78,7.8,18,9.0,7.7,7.1,1,1,4.3,4.1,19,30.6,62,72,22.0,28.2,13.9,11.5,10.4,7.9,4.7,1.4
SUJ-4301,Tecnología,Bucaramanga,Universitario,Empresa familiar,Soltero,36,11,16,9748,28.84,64.7,78,6.6,5.3,9.3,6.5,8.6,7.6,7.32,4.8,33,9.2,7.6,9.1,0,2,3.8,5.5,46,51.5,45,51,30.0,15.1,11.6,20.5,10.7,10.7,0.0,1.4
SUJ-4302,Agroindustria,Medellín,Universitario,E-commerce,Soltero,25,5,9,7447,8.29,16.5,81,9.4,7.4,6.8,5.2,6.8,7.2,7.13,8.0,21,3.3,6.2,5.9,2,0,5.4,5.7,13,28.7,48,63,15.1,15.6,19.4,16.2,16.3,9.1,4.3,4.0
SUJ-4303,Inmuebles,Buenos Aires,Universitario,Franquicia,Soltero,17,2,5,4880,1.38,26.5,53,6.8,3.1,2.9,5.8,5.3,6.3,5.03,5.7,23,5.0,6.6,8.6,2,2,6.1,4.3,7,23.2,58,71,18.8,18.4,22.0,17.2,12.2,6.4,3.6,1.4
SUJ-4304,Manufactura,CDMX,Universitario,Holding,Casado,18,7,12,3802,1.18,10.4,79,8.4,7.2,7.0,4.9,8.7,8.3,7.42,5.8,32,8.1,8.0,6.1,1,1,5.3,6.7,29,17.3,41,51,23.7,21.0,11.3,14.9,11.1,12.2,3.1,2.7
SUJ-4305,Servicios,Lima,Maestría,E-commerce,Soltero,30,10,19,3222,1.69,29.3,71,7.4,6.7,9.3,5.2,7.1,8.2,7.32,7.3,19,5.4,5.3,7.6,2,2,6.6,4.3,5,19.3,39,62,28.4,20.2,14.8,19.5,9.5,5.0,2.6,-0.0
SUJ-4306,Tecnología,Santiago,Posgrado,Holding,Casado,30,9,17,500,1.27,37.4,58,5.2,3.6,7.3,6.3,6.6,4.5,5.58,9.9,16,7.3,7.4,8.9,1,4,5.6,3.8,39,25.6,60,60,38.8,15.4,16.3,7.4,11.2,6.3,2.9,1.7
SUJ-4307,Retail/Comercio,São Paulo,Maestría,Startup escalada,Soltero,22,5,12,1486,2.23,34.0,95,9.7,6.3,10.0,7.8,10.0,9.7,8.92,8.1,9,5.5,7.5,9.1,0,0,6.1,3.5,35,26.7,39,51,22.9,33.0,11.1,12.7,6.8,9.3,2.4,1.8
SUJ-4308,Manufactura,São Paulo,Universitario,Holding,Casado,18,13,23,500,2.77,28.8,60,5.3,7.1,6.5,4.0,6.6,6.6,6.02,5.5,24,3.4,7.0,8.5,1,1,5.6,2.7,83,27.4,52,51,17.4,25.6,12.6,18.5,7.9,10.1,5.7,2.2
SUJ-4309,Servicios,CDMX,Bachillerato,E-commerce,Casado,31,6,6,15089,1.71,20.2,75,6.6,7.3,7.6,6.1,8.4,7.4,7.23,10.0,18,3.3,9.6,9.2,1,1,3.4,3.4,2,13.7,46,63,15.5,24.8,18.1,16.1,11.4,10.3,2.3,1.5
SUJ-4310,Inmuebles,Buenos Aires,Bachillerato,Franquicia,Unión libre,18,1,7,15733,1.85,48.6,56,5.0,5.8,5.1,4.9,7.1,7.1,5.83,5.9,28,6.1,8.7,8.5,1,5,7.6,3.0,14,25.9,60,53,34.5,16.4,14.4,12.1,9.8,8.8,2.8,1.2
SUJ-4311,Finanzas,Buenos Aires,Posgrado,Holding,Unión libre,23,9,13,14976,19.3,70.4,57,5.7,5.5,5.3,7.0,5.8,7.8,6.18,9.0,20,5.7,7.9,6.4,1,0,4.5,2.3,4,38.8,49,68,18.2,17.5,19.2,19.4,15.6,4.1,3.0,3.0
SUJ-4312,Agroindustria,Lima,Maestría,Franquicia,Soltero,28,6,19,13626,1.0,4.0,87,7.7,8.2,8.4,7.8,8.7,8.8,8.27,9.5,27,8.7,10.0,7.0,0,2,5.5,2.8,1,16.8,37,66,25.4,19.2,17.5,7.5,8.2,14.6,6.4,1.2
SUJ-4313,Tecnología,Caracas,Universitario,Franquicia,Soltero,17,6,11,2001,8.85,31.6,68,8.2,6.9,6.9,6.3,7.5,4.9,6.78,7.7,26,5.2,8.1,8.1,1,3,3.3,3.9,11,29.0,44,55,35.5,9.3,11.1,16.9,14.2,6.5,5.3,1.2
SUJ-4314,Servicios,Santiago,Maestría,Empresa propia,Casado,31,10,19,5414,4.59,30.3,92,7.9,6.6,8.6,5.8,10.0,10.0,8.15,5.5,16,3.5,6.6,6.2,1,4,5.0,1.2,129,30.7,34,58,22.7,20.9,16.6,13.4,14.4,7.8,2.4,1.8
SUJ-4315,Salud/Farma,Monterrey,Maestría,Empresa propia,Soltero,40,6,15,19074,12.38,50.4,67,7.2,5.6,7.2,4.3,8.7,6.7,6.62,7.6,33,7.7,7.7,9.7,3,0,5.9,5.4,71,38.1,58,50,10.0,32.6,18.7,13.8,8.4,9.3,5.5,1.7
SUJ-4316,Tecnología,Caracas,Universitario,E-commerce,Soltero,26,6,11,11409,1.91,33.3,66,7.7,5.3,6.2,4.4,6.4,7.5,6.25,7.3,15,5.2,7.0,7.4,0,0,4.5,2.9,15,25.0,58,53,23.9,27.8,16.9,6.6,13.5,7.2,1.9,2.2
SUJ-4317,Inmuebles,Caracas,Maestría,Startup escalada,Soltero,25,2,11,500,10.14,37.6,62,8.3,6.3,7.0,7.2,7.3,6.4,7.08,4.5,6,2.7,6.6,7.7,1,0,6.8,3.6,22,36.5,56,50,27.1,6.0,14.2,14.3,20.6,11.7,6.1,0.0
SUJ-4318,Tecnología,Buenos Aires,Universitario,Empresa propia,Soltero,26,5,15,4920,1.0,28.0,66,7.3,6.0,8.6,4.7,4.3,4.9,5.97,6.9,20,6.9,8.3,6.5,1,1,4.9,2.4,37,23.0,48,54,33.4,15.6,13.9,10.8,18.2,3.1,2.6,2.4
SUJ-4319,Retail/Comercio,Medellín,Posgrado,E-commerce,Casado,27,8,17,500,1.0,4.0,81,5.8,8.5,10.0,5.8,8.8,7.2,7.68,5.5,5,4.5,9.9,8.4,3,1,5.8,4.7,9,27.1,39,56,33.5,15.1,15.7,13.7,8.0,5.1,7.3,1.6
SUJ-4320,Retail/Comercio,Medellín,Maestría,Empresa propia,Soltero,21,4,8,2635,4.99,57.4,73,7.3,6.7,6.3,3.9,8.6,8.4,6.87,7.4,24,2.5,9.3,6.3,2,1,5.3,3.5,8,37.3,51,69,28.5,27.3,17.3,10.9,9.7,5.9,0.6,-0.2
SUJ-4321,Manufactura,Barranquilla,Doctorado,Empresa propia,Soltero,19,1,2,4578,4.03,30.2,68,8.0,6.0,8.6,3.7,7.9,5.7,6.65,8.5,16,7.1,7.5,5.8,2,2,5.2,4.3,34,26.3,47,69,35.7,17.9,12.0,9.9,12.2,6.8,3.3,2.2
SUJ-4322,Agroindustria,Santiago,Universitario,Empresa familiar,Casado,23,9,22,17871,1.0,4.0,82,7.0,8.0,9.1,6.4,10.0,7.8,8.05,7.1,32,4.4,8.2,6.4,1,1,5.1,3.6,239,21.8,38,54,32.5,18.6,11.1,15.0,11.0,8.0,3.8,-0.0
SUJ-4323,Manufactura,CDMX,Universitario,Startup escalada,Soltero,26,9,14,8499,2.84,21.8,80,9.7,7.9,9.5,7.6,8.1,9.2,8.67,9.2,24,8.2,7.1,7.6,4,2,6.5,7.0,26,21.2,30,58,28.3,17.7,12.1,17.7,9.1,7.6,4.8,2.7
SUJ-4324,Retail/Comercio,Medellín,Técnico,Empresa propia,Unión libre,20,9,19,3601,2.36,17.5,69,8.8,7.6,9.8,5.4,7.5,8.1,7.87,8.1,5,5.7,9.3,7.2,0,3,4.9,1.4,28,24.9,36,61,35.1,18.1,5.7,9.3,14.0,10.0,4.7,3.1
SUJ-4325,Inmuebles,Lima,Universitario,Holding,Soltero,17,3,7,5397,2.27,25.7,93,9.7,8.0,10.0,7.1,9.7,10.0,9.08,6.0,23,5.3,8.4,10.0,1,1,4.3,3.3,4,25.5,37,52,29.7,20.3,22.2,16.4,1.9,4.5,1.9,3.1
SUJ-4326,Agroindustria,São Paulo,Posgrado,Empresa propia,Casado,23,7,20,13603,2.93,14.9,51,6.9,7.4,3.9,6.5,6.9,5.5,6.18,6.4,45,10.0,7.7,8.9,1,1,6.5,1.2,10,23.3,59,54,24.5,21.8,13.2,18.4,9.9,8.5,2.0,1.7
SUJ-4327,Tecnología,CDMX,Maestría,Empresa familiar,Soltero,17,8,12,2849,15.78,55.4,78,9.6,7.9,7.8,6.1,10.0,8.5,8.32,9.3,33,6.5,9.3,7.7,0,1,4.9,3.6,7,38.6,38,66,17.8,17.5,24.9,14.2,11.0,12.4,1.0,1.2
SUJ-4328,Salud/Farma,Santiago,Universitario,Empresa propia,Soltero,30,9,15,7636,13.66,33.0,71,7.7,8.9,6.0,5.6,9.2,7.5,7.48,7.1,34,5.5,7.8,8.0,1,0,5.1,2.7,18,33.6,55,58,28.1,14.6,22.1,8.6,8.5,9.8,6.3,2.0
SUJ-4329,Tecnología,Lima,Técnico,Empresa propia,Soltero,17,9,23,2433,20.81,42.8,79,9.3,6.8,8.1,7.5,8.2,5.7,7.6,10.0,40,6.5,6.8,9.3,1,1,5.4,5.1,35,45.0,57,57,23.5,8.8,20.9,18.6,13.3,10.9,1.7,2.3
SUJ-4330,Inmuebles,Cali,Universitario,E-commerce,Soltero,18,1,2,5230,2.39,21.4,74,6.2,9.3,10.0,6.9,6.6,8.8,7.97,5.7,29,6.5,10.0,10.0,0,0,4.2,1.2,21,27.5,40,64,16.9,14.7,26.5,14.1,13.1,9.6,1.4,3.7
SUJ-4331,Finanzas,Bogotá,Universitario,Startup escalada,Casado,34,13,23,500,11.12,53.8,76,8.8,7.4,8.5,5.2,9.5,7.5,7.82,9.1,17,9.8,7.8,8.4,1,1,5.6,3.6,14,35.8,72,64,18.7,15.0,27.7,12.4,17.7,4.1,0.2,4.2
SUJ-4332,Tecnología,Medellín,Universitario,Empresa propia,Casado,24,2,8,15299,2.74,43.3,48,6.0,3.2,5.6,3.8,6.3,5.4,5.05,4.8,32,5.0,7.0,8.0,3,2,5.8,1.8,4,25.9,69,39,28.8,16.9,21.2,22.4,6.0,2.6,2.2,-0.1
SUJ-4333,Retail/Comercio,Medellín,Universitario,Holding,Soltero,27,1,9,500,2.93,19.2,75,10.0,5.2,6.4,6.4,9.2,8.2,7.57,2.6,30,6.7,8.4,7.7,2,1,4.3,0.5,3,19.6,41,51,29.4,21.6,14.4,6.8,13.3,10.8,1.5,2.2
SUJ-4334,Manufactura,Barranquilla,Maestría,Empresa propia,Soltero,25,1,6,2032,1.13,26.3,86,8.0,6.8,7.8,6.9,7.8,8.4,7.62,8.1,18,5.7,4.6,8.3,2,0,4.7,0.0,141,21.9,45,60,46.5,5.9,13.3,11.7,7.4,7.1,7.0,1.1
SUJ-4335,Finanzas,Monterrey,Bachillerato,Startup escalada,Soltero,22,9,21,3245,16.11,48.5,64,8.6,5.3,8.2,7.2,6.7,4.8,6.8,4.1,16,8.1,8.2,9.5,2,3,4.3,0.0,15,36.0,59,50,31.2,19.0,19.2,7.3,8.1,7.2,6.0,2.0
SUJ-4336,Tecnología,Barranquilla,Posgrado,Empresa propia,Soltero,32,12,15,7850,5.26,46.2,86,9.8,7.7,7.1,6.2,8.3,6.6,7.62,9.4,23,7.0,10.0,8.1,2,3,7.0,4.3,11,32.0,39,53,15.0,16.9,22.0,22.2,11.1,6.3,6.2,0.3
SUJ-4337,Manufactura,Santiago,Maestría,Startup escalada,Soltero,22,4,10,10184,7.3,39.5,68,7.1,8.2,9.0,6.3,8.6,6.8,7.67,9.3,6,5.1,9.5,9.7,4,1,5.9,0.8,19,35.9,48,72,32.4,11.2,21.8,11.4,9.8,6.7,3.0,3.7
SUJ-4338,Servicios,Barranquilla,Universitario,E-commerce,Unión libre,21,1,10,670,1.0,29.0,64,4.5,6.1,7.8,5.7,5.1,6.0,5.87,6.3,16,5.9,9.3,6.4,5,0,4.7,7.0,6,25.7,60,57,23.3,17.4,16.8,10.7,16.4,7.7,6.7,1.0
SUJ-4339,Finanzas,Monterrey,Posgrado,Franquicia,Soltero,29,10,13,500,4.39,76.4,65,6.5,4.4,5.1,5.8,6.0,6.4,5.7,6.6,25,7.1,8.7,5.1,0,4,5.2,3.2,37,41.9,57,44,7.7,18.7,23.7,24.5,10.2,6.7,7.4,1.1
SUJ-4340,Tecnología,Monterrey,Posgrado,Empresa familiar,Casado,17,2,8,12835,2.11,48.9,59,6.3,5.9,8.3,4.0,7.3,5.0,6.13,4.1,8,3.8,9.5,8.6,2,1,5.4,2.0,1,24.4,54,46,29.0,11.9,14.2,18.9,11.2,11.6,2.1,1.1
SUJ-4341,Retail/Comercio,Buenos Aires,Posgrado,Empresa familiar,Casado,24,9,11,9962,1.0,38.3,73,8.6,5.8,5.4,5.6,6.1,6.4,6.32,5.0,22,7.4,7.3,7.1,2,1,5.2,1.0,2,21.9,57,55,31.5,15.6,17.6,10.7,16.7,3.0,3.9,1.0
SUJ-4342,Tecnología,São Paulo,Universitario,Holding,Casado,22,3,8,14248,2.27,72.8,64,7.1,5.2,4.3,5.1,7.7,5.6,5.83,5.7,6,4.2,8.8,8.7,1,4,6.0,5.0,10,29.5,50,58,24.0,19.6,11.8,16.8,18.1,9.1,0.0,0.6
SUJ-4343,Servicios,Buenos Aires,Universitario,Empresa propia,Soltero,24,5,20,9029,1.0,9.6,65,6.8,5.5,7.6,7.0,6.9,6.0,6.63,5.6,8,8.5,8.4,6.6,1,2,5.1,3.8,31,23.3,45,51,22.6,23.7,24.2,16.5,10.0,1.1,0.0,1.9
SUJ-4344,Servicios,Bogotá,Maestría,E-commerce,Casado,23,8,19,11122,1.38,17.1,63,7.7,5.1,7.9,4.7,4.4,6.2,6.0,7.7,1,8.6,9.3,7.6,4,2,5.5,1.1,20,24.4,46,66,26.9,10.7,18.9,15.0,11.4,8.5,6.5,2.1
SUJ-4345,Manufactura,Lima,Maestría,E-commerce,Unión libre,28,8,16,3811,1.26,42.0,77,8.7,4.9,7.2,6.0,9.7,8.8,7.55,9.7,29,2.8,6.1,7.3,1,3,5.1,3.6,152,25.4,39,56,19.1,23.8,21.1,9.8,13.0,8.4,4.8,0.0
SUJ-4346,Finanzas,Caracas,Universitario,E-commerce,Soltero,32,7,14,7136,11.91,57.5,55,7.4,5.2,4.9,4.6,4.5,7.2,5.63,6.8,16,7.0,8.4,9.1,2,1,5.1,1.9,52,35.4,72,60,28.4,13.8,24.8,6.5,6.0,10.6,6.1,3.8
SUJ-4347,Inmuebles,Cali,Técnico,E-commerce,Soltero,28,12,13,13094,1.0,31.4,80,7.0,9.1,7.5,8.6,9.4,9.6,8.53,7.3,43,5.5,8.3,6.8,2,2,7.3,1.8,83,28.4,39,57,28.4,10.6,18.7,8.6,11.6,12.3,8.6,1.2
SUJ-4348,Retail/Comercio,Monterrey,Bachillerato,Empresa propia,Unión libre,23,13,18,1511,5.11,9.1,79,9.3,7.8,8.2,7.1,9.8,7.7,8.32,7.8,17,5.1,9.3,6.3,4,2,5.9,2.8,8,23.3,33,51,27.8,19.2,15.9,14.1,6.2,4.6,8.1,4.1
SUJ-4349,Servicios,Cali,Técnico,Holding,Casado,29,14,23,4396,7.11,4.0,79,9.7,5.2,7.9,6.9,9.1,7.2,7.67,5.7,20,5.9,5.3,6.9,0,1,7.4,3.9,14,29.1,41,61,16.6,27.2,17.0,20.1,11.1,4.7,1.1,2.2
SUJ-4350,Manufactura,São Paulo,Posgrado,Holding,Soltero,30,6,10,10791,1.95,18.5,59,9.6,2.0,5.2,5.0,8.1,4.6,5.75,7.6,20,6.4,7.6,8.3,1,2,5.5,2.4,9,22.2,64,71,20.9,23.9,23.8,8.3,6.4,14.7,1.9,0.1
SUJ-4351,Inmuebles,Medellín,Bachillerato,Empresa propia,Casado,28,7,14,6085,1.0,20.5,76,8.3,6.9,5.8,5.4,6.8,8.0,6.87,6.4,9,2.3,7.2,6.9,3,4,5.8,4.5,10,20.6,59,58,27.4,22.6,26.9,5.2,9.2,5.0,2.9,0.8
SUJ-4352,Manufactura,Bucaramanga,Universitario,E-commerce,Soltero,32,12,14,9157,2.77,13.9,90,10.0,8.3,8.0,8.2,8.8,8.6,8.65,9.9,24,1.7,7.5,7.4,1,0,6.6,3.4,21,22.6,36,64,11.7,15.6,28.7,21.2,11.0,9.3,0.0,2.5
SUJ-4353,Retail/Comercio,Bogotá,Maestría,E-commerce,Soltero,17,4,6,2772,1.0,4.0,56,6.6,5.9,4.6,4.2,8.1,6.1,5.92,6.7,23,9.1,9.8,6.7,0,3,5.7,4.3,6,25.8,52,66,17.7,21.8,16.0,21.5,6.9,7.4,6.1,2.6
SUJ-4354,Agroindustria,Santiago,Universitario,Holding,Soltero,26,5,19,500,1.0,4.0,75,8.4,6.6,8.0,8.3,10.0,7.8,8.18,7.9,22,5.9,10.0,6.8,5,0,6.5,4.7,44,23.1,21,62,23.6,4.9,16.0,23.0,16.6,9.7,4.6,1.6
SUJ-4355,Retail/Comercio,São Paulo,Maestría,Empresa propia,Soltero,27,7,20,500,2.52,16.1,57,7.6,3.8,7.7,4.9,9.2,7.4,6.77,7.1,18,5.9,10.0,10.0,0,3,4.6,2.9,14,26.8,44,59,17.7,15.9,17.2,19.2,10.9,14.3,3.9,0.9
SUJ-4356,Manufactura,CDMX,Maestría,E-commerce,Casado,17,7,13,22886,1.8,26.4,69,5.2,8.2,6.2,6.3,7.3,7.6,6.8,6.8,21,4.1,7.8,10.0,1,2,6.3,1.5,6,23.6,53,65,31.9,15.2,21.7,6.9,9.9,7.7,5.3,1.4
SUJ-4357,Finanzas,Cali,Universitario,Empresa propia,Casado,27,6,9,23136,4.52,43.3,72,7.9,6.1,8.5,5.7,8.1,7.7,7.33,8.0,9,5.3,6.4,9.6,1,2,5.1,4.1,7,26.2,46,72,16.4,6.1,19.5,23.6,21.3,11.9,0.9,0.3
SUJ-4358,Manufactura,Barranquilla,Maestría,E-commerce,Unión libre,31,3,6,1898,2.69,25.6,64,7.2,5.0,8.8,8.7,8.4,5.6,7.28,6.7,30,3.7,8.6,8.7,2,1,3.8,0.0,13,24.0,45,56,23.9,18.1,11.0,20.7,12.6,6.4,3.6,3.7
SUJ-4359,Manufactura,Monterrey,Maestría,Startup escalada,Soltero,24,10,17,1276,5.36,25.0,62,6.0,6.2,5.5,3.7,6.9,8.3,6.1,7.2,20,5.5,10.0,8.1,1,3,4.7,3.0,31,31.5,44,58,21.1,18.2,10.0,26.0,11.5,8.7,2.4,2.1
SUJ-4360,Tecnología,Cali,Universitario,Holding,Casado,29,5,18,500,1.0,28.6,76,5.8,5.9,8.0,5.5,6.1,7.6,6.48,6.9,37,5.4,7.8,6.2,3,2,5.5,2.7,18,24.7,63,68,25.3,3.2,27.5,10.7,13.8,10.4,5.8,3.3
SUJ-4361,Tecnología,Caracas,Universitario,Empresa propia,Soltero,32,7,11,2103,1.41,67.3,59,5.8,3.9,6.3,3.7,7.8,6.1,5.6,10.0,26,5.3,10.0,6.6,0,2,6.1,4.0,38,36.6,48,64,29.4,16.8,20.7,13.3,10.1,7.4,1.8,0.5
SUJ-4362,Manufactura,CDMX,Posgrado,E-commerce,Soltero,34,7,14,3255,2.73,35.1,79,8.4,6.1,6.1,4.6,8.5,8.4,7.02,7.2,21,6.0,4.8,7.1,1,2,6.5,1.0,26,21.5,48,51,31.9,25.6,8.3,16.8,4.6,6.6,3.5,2.7
SUJ-4363,Inmuebles,Monterrey,Doctorado,Empresa familiar,Unión libre,32,9,16,2208,6.57,32.3,96,9.2,8.2,9.0,7.7,10.0,8.4,8.75,8.5,23,5.8,8.8,10.0,1,2,4.7,3.4,51,35.5,38,58,23.0,15.4,14.4,23.3,14.3,7.9,1.7,0.0
SUJ-4364,Retail/Comercio,Santiago,Posgrado,Empresa propia,Soltero,34,8,20,12771,5.61,21.0,55,6.5,6.8,5.3,4.1,7.6,6.7,6.17,6.3,28,7.8,8.8,6.3,1,1,5.2,4.7,60,29.0,65,65,33.9,9.7,7.1,13.7,15.1,13.5,5.4,1.6
SUJ-4365,Finanzas,Caracas,Técnico,Startup escalada,Soltero,23,6,13,11072,12.18,67.1,54,5.1,2.6,5.1,4.1,7.4,7.8,5.35,6.9,30,8.5,9.7,8.1,2,3,4.9,3.1,3,41.7,60,73,22.8,20.4,12.7,18.4,11.4,10.6,1.9,1.8
SUJ-4366,Manufactura,Bucaramanga,Posgrado,Holding,Soltero,23,5,6,675,2.56,10.6,52,6.0,5.4,5.4,4.0,6.9,5.0,5.45,9.0,19,6.3,7.9,4.4,2,3,5.4,5.5,4,22.9,63,68,22.0,21.6,17.7,19.1,3.7,10.7,3.9,1.3
SUJ-4367,Tecnología,Barranquilla,Universitario,Startup escalada,Soltero,17,6,15,9560,22.31,66.1,66,7.7,6.9,6.0,5.4,7.9,6.9,6.8,7.8,27,4.4,6.9,8.5,0,0,5.9,6.4,67,46.9,47,63,19.5,14.5,21.6,17.4,11.7,9.0,3.3,3.0
SUJ-4368,Retail/Comercio,Cali,Posgrado,Empresa propia,Casado,19,2,9,5881,1.0,16.2,84,6.8,7.6,10.0,4.6,9.8,7.7,7.75,10.0,20,6.4,9.5,7.3,6,2,4.0,2.5,21,25.3,44,66,35.3,20.1,14.9,2.3,15.0,4.3,5.0,3.1
SUJ-4369,Tecnología,Buenos Aires,Maestría,Empresa propia,Unión libre,33,4,7,1134,2.76,70.8,85,6.9,8.0,5.3,5.0,8.1,8.8,7.02,6.6,39,5.0,3.3,4.9,1,3,5.4,3.9,310,37.2,46,57,29.7,27.8,6.5,8.4,14.5,10.5,1.9,0.7
SUJ-4370,Tecnología,Bogotá,Posgrado,Startup escalada,Casado,22,9,19,10762,73.37,58.9,78,9.3,8.5,6.4,4.4,8.3,8.5,7.57,10.0,23,7.2,6.2,9.1,3,1,4.4,2.2,14,50.9,34,65,15.3,20.6,18.6,15.4,12.9,6.7,7.9,2.6
SUJ-4371,Tecnología,Cali,Maestría,Empresa propia,Unión libre,28,8,13,719,1.93,64.9,75,7.8,7.7,7.3,6.0,7.6,8.1,7.42,7.3,36,1.9,7.7,8.2,1,2,5.3,2.1,51,32.4,51,63,23.7,21.9,11.8,11.3,14.6,7.9,5.6,3.2
SUJ-4372,Finanzas,Cali,Maestría,Empresa propia,Casado,27,3,10,1559,6.66,51.1,90,7.8,7.0,7.4,7.0,9.5,9.7,8.07,7.2,30,5.7,7.9,5.3,1,2,6.4,2.5,15,31.9,47,63,31.8,4.5,29.1,15.7,12.6,3.5,1.5,1.3
SUJ-4373,Tecnología,CDMX,Posgrado,E-commerce,Unión libre,33,6,13,1292,5.83,58.7,66,6.6,7.1,7.7,5.3,7.3,5.1,6.52,8.1,27,8.6,10.0,7.6,4,2,5.3,3.7,23,36.9,61,77,35.7,14.0,17.8,11.5,11.3,3.8,3.4,2.5
SUJ-4374,Finanzas,CDMX,Técnico,Empresa propia,Soltero,17,1,6,22379,1.0,48.5,80,8.6,7.0,8.2,6.8,6.8,8.7,7.68,7.1,33,6.8,9.7,8.2,2,1,4.9,3.2,5,26.5,39,64,24.7,17.9,15.7,8.4,16.4,10.6,5.2,1.1
SUJ-4375,Retail/Comercio,Caracas,Maestría,Startup escalada,Unión libre,28,7,10,9582,12.78,14.2,99,8.7,9.1,9.0,7.9,9.7,9.7,9.02,8.7,26,9.5,7.7,7.7,4,4,4.8,0.4,10,26.6,34,61,24.3,19.7,18.6,10.5,13.3,10.5,1.8,1.3
SUJ-4376,Retail/Comercio,Bogotá,Doctorado,Holding,Soltero,28,5,13,4238,1.26,43.7,89,10.0,5.8,8.6,4.7,10.0,10.0,8.18,7.2,8,2.4,5.3,9.0,2,3,5.6,1.7,26,22.4,41,56,17.8,24.4,19.4,7.8,14.5,7.1,6.1,2.9
SUJ-4377,Finanzas,Cali,Técnico,Startup escalada,Unión libre,20,15,17,13816,7.86,44.4,57,7.1,5.0,6.0,4.5,6.5,5.8,5.82,6.5,19,4.3,7.8,8.2,2,2,5.3,4.9,13,30.0,65,49,26.1,24.4,11.7,17.3,8.1,1.5,6.3,4.6
SUJ-4378,Servicios,Lima,Universitario,Startup escalada,Soltero,31,9,18,1946,8.72,23.5,64,8.0,6.5,5.1,5.4,7.6,8.8,6.9,7.3,22,4.9,7.4,9.7,2,1,6.0,2.6,19,33.5,49,44,36.8,20.9,12.8,5.6,10.0,7.9,5.0,1.0
SUJ-4379,Tecnología,Santiago,Universitario,Empresa propia,Casado,17,3,6,21400,1.87,30.2,100,9.9,8.0,10.0,6.2,10.0,10.0,9.02,4.0,24,6.4,6.6,5.0,0,3,4.8,4.3,62,28.9,41,42,24.0,28.7,13.5,16.7,8.3,5.4,3.5,-0.1
SUJ-4380,Retail/Comercio,CDMX,Maestría,Franquicia,Casado,32,3,5,9552,4.94,25.9,65,7.7,6.4,5.0,3.4,7.9,7.9,6.38,6.4,31,8.1,6.8,10.0,4,1,6.9,6.9,19,29.5,57,73,42.3,6.3,10.7,12.3,6.9,14.1,3.8,3.6
SUJ-4381,Tecnología,CDMX,Maestría,Startup escalada,Unión libre,17,9,20,6560,62.69,58.0,94,10.0,9.5,9.0,8.1,10.0,9.2,9.3,8.1,15,4.9,8.7,7.5,2,3,5.8,2.8,5,44.9,40,58,40.3,8.9,10.2,9.3,15.9,6.1,6.3,3.0
SUJ-4382,Tecnología,Caracas,Técnico,Franquicia,Casado,20,10,16,12664,119.54,76.6,66,7.0,5.5,7.1,4.1,7.9,8.7,6.72,9.3,3,3.6,7.3,10.0,0,5,3.7,3.9,5,50.4,49,58,26.0,11.3,16.7,17.7,10.6,12.4,3.1,2.2
SUJ-4383,Manufactura,São Paulo,Maestría,Empresa familiar,Soltero,25,14,13,8280,5.49,23.9,70,6.9,7.3,6.4,6.7,7.5,6.0,6.8,8.7,17,4.4,8.1,4.8,4,1,5.9,1.6,50,26.4,49,65,27.3,18.4,12.9,17.5,9.5,9.8,3.9,0.7
SUJ-4384,Manufactura,Lima,Universitario,Holding,Casado,27,11,17,17450,2.59,20.0,60,9.0,4.1,5.5,5.0,6.7,7.1,6.23,7.7,27,6.4,6.2,7.5,1,3,5.0,1.1,7,19.5,46,57,30.7,13.6,19.8,15.0,8.7,4.9,5.9,1.4
SUJ-4385,Servicios,Monterrey,Maestría,Empresa propia,Soltero,17,9,17,14135,3.77,12.9,62,8.3,6.5,5.7,4.7,7.7,8.8,6.95,7.4,22,4.7,8.0,10.0,1,2,4.4,0.0,22,28.9,39,67,31.6,24.6,8.1,11.4,6.4,7.8,7.6,2.5
SUJ-4386,Retail/Comercio,São Paulo,Universitario,Startup escalada,Soltero,32,12,20,1763,10.04,19.5,70,7.3,4.0,4.7,6.4,8.2,6.8,6.23,7.0,13,5.7,8.9,6.9,2,1,5.2,2.0,6,31.4,44,80,29.0,12.4,16.1,20.0,8.8,7.4,4.6,1.7
SUJ-4387,Agroindustria,Cali,Universitario,Empresa propia,Soltero,30,7,10,2191,1.89,44.3,75,6.7,6.7,10.0,6.1,9.7,8.2,7.9,7.3,27,3.3,9.3,3.6,0,3,4.7,0.0,15,27.8,39,56,28.9,9.8,19.4,10.8,13.4,9.0,8.6,0.1
SUJ-4388,Tecnología,Bogotá,Técnico,Empresa propia,Soltero,37,7,11,538,2.06,37.5,67,6.5,6.1,7.8,5.2,10.0,5.7,6.88,8.3,25,8.9,9.5,7.7,3,2,5.4,0.8,11,28.1,42,61,23.8,19.2,24.2,8.1,12.5,6.2,3.5,2.5
SUJ-4389,Tecnología,CDMX,Técnico,Holding,Casado,30,2,9,1989,3.91,46.6,82,10.0,9.2,8.2,5.2,10.0,10.0,8.77,6.2,20,7.1,6.5,8.4,2,0,4.8,5.4,38,34.0,35,52,22.9,13.0,5.5,19.6,14.4,16.7,6.3,1.6
SUJ-4390,Tecnología,Bogotá,Posgrado,Startup escalada,Unión libre,21,12,22,3366,532.83,72.3,67,7.9,5.3,5.8,7.3,7.9,6.5,6.78,7.3,50,6.4,9.4,8.6,2,0,6.2,3.8,34,64.1,41,65,32.2,18.3,16.1,20.4,3.3,4.1,5.5,0.1
SUJ-4391,Tecnología,Bogotá,Posgrado,E-commerce,Unión libre,19,7,8,500,9.78,68.5,44,6.6,1.7,4.9,2.6,6.4,4.9,4.52,8.9,7,3.3,5.8,8.2,5,1,6.1,4.8,5,30.2,69,61,34.6,19.3,11.6,8.6,13.3,8.2,3.0,1.4
SUJ-4392,Retail/Comercio,Santiago,Técnico,Empresa propia,Soltero,23,6,8,3026,1.0,60.8,69,7.4,6.7,6.3,6.9,8.5,6.4,7.03,8.6,13,8.2,3.9,7.5,0,4,6.7,3.1,39,25.0,59,61,29.0,25.7,16.4,9.5,12.8,3.6,0.7,2.3
SUJ-4393,Manufactura,Buenos Aires,Técnico,Empresa propia,Soltero,39,4,15,11811,3.35,39.8,66,7.4,4.5,9.0,3.4,7.9,6.3,6.42,7.9,28,5.3,7.7,8.6,3,1,4.2,0.5,54,38.5,50,57,29.8,18.2,13.2,10.8,13.3,9.9,2.5,2.3
SUJ-4394,Tecnología,CDMX,Bachillerato,Empresa propia,Soltero,26,11,21,14677,166.14,55.8,92,10.0,7.7,6.1,7.6,9.4,8.6,8.23,6.0,22,9.8,9.4,4.0,1,2,4.1,0.0,65,55.5,31,52,36.4,6.1,15.7,20.2,10.2,11.1,0.0,0.3
SUJ-4395,Agroindustria,São Paulo,Maestría,Empresa propia,Soltero,26,10,13,500,1.7,28.0,84,8.2,6.2,6.1,7.5,8.6,8.8,7.57,8.9,17,5.5,6.2,9.3,0,2,5.3,3.3,27,22.6,41,73,30.2,15.6,13.2,12.4,10.8,9.4,5.3,3.1
SUJ-4396,Servicios,Barranquilla,Maestría,Empresa propia,Soltero,34,3,8,500,1.0,7.9,86,8.2,7.0,6.0,6.7,9.7,8.2,7.63,4.4,13,6.2,6.8,8.4,0,1,5.5,3.7,52,22.8,48,44,17.1,27.0,23.8,12.3,6.1,6.7,5.3,1.7
SUJ-4397,Finanzas,Monterrey,Bachillerato,E-commerce,Soltero,19,9,22,1265,7.4,46.7,82,10.0,4.1,9.0,7.2,8.0,5.4,7.28,6.4,8,4.0,6.7,6.7,1,3,4.9,4.4,30,36.2,62,65,22.6,22.9,14.5,15.2,9.4,8.2,4.5,2.7
SUJ-4398,Tecnología,Bogotá,Posgrado,Startup escalada,Casado,29,10,19,16481,14.88,38.9,78,7.9,4.4,6.7,7.6,8.6,8.4,7.27,7.8,30,3.7,10.0,5.9,1,1,5.7,0.0,25,39.6,51,57,26.6,23.5,13.7,10.3,7.0,8.5,7.7,2.7
SUJ-4399,Tecnología,CDMX,Técnico,Empresa propia,Casado,29,2,8,5068,2.77,72.4,78,8.6,7.2,8.4,6.9,10.0,10.0,8.52,8.7,21,8.3,9.2,9.3,0,1,4.4,3.0,1,22.7,41,57,18.5,12.7,22.8,21.5,15.0,5.3,1.9,2.3
SUJ-4400,Tecnología,Caracas,Maestría,Empresa propia,Casado,31,9,19,32550,7.4,31.8,85,9.9,7.0,8.1,8.7,7.9,6.6,8.03,6.7,30,5.8,8.1,6.9,1,1,6.2,1.2,7,25.1,53,53,21.6,21.7,16.9,14.2,12.7,6.2,2.6,4.1
SUJ-4401,Tecnología,Monterrey,Maestría,Startup escalada,Soltero,31,8,12,17466,5.43,49.0,80,8.9,5.3,9.2,9.0,8.3,8.5,8.2,8.1,6,9.3,6.3,10.0,0,2,5.5,4.1,7,32.4,32,71,25.6,25.9,17.0,14.8,8.1,6.0,1.4,1.2
SUJ-4402,Retail/Comercio,Barranquilla,Posgrado,Holding,Casado,25,9,16,17667,2.98,13.7,65,7.8,5.0,7.9,7.2,7.2,10.0,7.52,5.9,34,4.1,6.9,6.4,2,1,4.4,4.9,6,20.2,38,58,21.0,24.5,16.5,11.5,13.9,7.3,3.1,2.2
SUJ-4403,Finanzas,CDMX,Doctorado,Empresa familiar,Casado,17,14,19,1100,13.24,62.2,53,4.2,5.5,6.0,5.3,7.7,5.3,5.67,8.0,28,3.6,10.0,8.6,1,1,4.4,0.3,4,39.1,63,54,26.5,14.2,8.2,20.9,15.3,8.4,4.7,1.8
SUJ-4404,Finanzas,Cali,Maestría,Empresa propia,Soltero,22,18,26,5158,214.51,50.5,47,6.3,4.1,6.6,3.6,6.5,5.2,5.38,9.0,16,4.9,7.8,9.6,2,0,4.9,3.3,20,52.9,57,72,30.7,12.8,17.0,15.2,9.9,8.1,2.7,3.6
SUJ-4405,Salud/Farma,Bogotá,Maestría,Empresa propia,Soltero,31,11,19,40399,3.64,26.3,61,8.2,6.0,4.8,5.4,8.1,5.7,6.37,7.3,28,2.6,7.8,3.8,2,3,3.0,1.9,8,20.0,53,58,24.1,13.9,20.7,20.7,10.0,5.9,4.1,0.6
SUJ-4406,Manufactura,Barranquilla,Posgrado,E-commerce,Soltero,37,8,15,1291,2.91,8.3,62,9.4,4.4,3.4,5.8,8.5,7.9,6.57,9.6,27,5.6,8.1,6.6,3,1,5.1,3.2,31,24.1,51,68,19.6,21.7,13.7,11.0,12.7,12.2,6.9,2.2
SUJ-4407,Agroindustria,Cali,Universitario,E-commerce,Soltero,18,9,17,6830,3.55,39.3,71,8.8,6.9,7.7,4.1,10.0,8.3,7.63,7.9,31,8.0,7.4,7.5,1,1,4.7,2.1,4,26.1,44,51,19.7,5.4,21.4,18.6,21.0,7.2,4.3,2.4
SUJ-4408,Tecnología,Bogotá,Universitario,E-commerce,Soltero,18,8,18,3376,3.01,39.4,71,7.7,5.9,7.0,5.5,6.0,6.2,6.38,8.5,18,8.5,9.4,9.8,4,3,4.9,1.5,10,27.4,56,54,41.7,5.9,18.2,8.3,8.1,11.2,4.2,2.4
SUJ-4409,Finanzas,Medellín,Universitario,E-commerce,Soltero,17,16,24,3926,19.78,42.4,96,10.0,8.4,7.9,6.0,10.0,9.6,8.65,7.8,11,2.4,7.8,7.3,1,0,4.3,1.3,26,43.6,40,59,22.3,15.2,17.8,12.9,16.5,5.4,7.6,2.3
SUJ-4410,Retail/Comercio,São Paulo,Posgrado,Empresa propia,Soltero,21,7,14,17716,1.44,28.3,80,8.9,7.2,7.5,5.5,10.0,7.1,7.7,4.2,8,2.0,6.4,8.2,3,2,5.5,1.1,28,24.0,47,46,36.2,21.4,15.7,9.0,9.0,7.2,1.2,0.3
SUJ-4411,Tecnología,Bucaramanga,Técnico,Franquicia,Soltero,31,5,12,7091,6.63,59.9,62,4.3,5.0,3.9,5.5,9.9,5.7,5.72,9.2,16,4.7,7.1,8.4,0,1,4.8,1.7,5,36.2,49,65,28.8,18.4,13.2,13.7,10.5,8.8,5.5,1.1
SUJ-4412,Tecnología,Lima,Universitario,Holding,Casado,33,9,19,11376,22.53,48.4,91,7.9,7.1,7.6,6.7,9.4,8.0,7.78,8.3,5,2.4,7.1,5.2,2,1,5.8,2.5,1,32.2,43,61,29.5,12.4,21.9,15.4,6.1,12.8,1.0,0.9
SUJ-4413,Manufactura,Bogotá,Universitario,Franquicia,Soltero,17,15,18,8948,7.44,44.9,69,7.5,5.8,8.9,4.7,8.1,6.5,6.92,7.6,28,8.3,7.6,7.8,1,0,6.5,6.3,4,31.9,46,54,11.5,37.2,18.8,16.9,6.9,3.4,1.7,3.6
SUJ-4414,Manufactura,Barranquilla,Universitario,Holding,Casado,18,3,10,6023,1.0,25.6,80,7.9,7.7,9.0,6.7,7.7,7.2,7.7,5.6,18,5.8,8.0,7.0,2,1,6.6,1.2,157,25.0,38,69,26.2,30.1,6.6,10.6,10.2,5.6,10.5,0.2
SUJ-4415,Retail/Comercio,Barranquilla,Posgrado,Franquicia,Soltero,17,4,3,12550,1.0,51.7,79,7.5,9.0,9.0,6.0,7.0,8.0,7.75,7.3,11,5.0,6.5,6.4,0,2,6.0,1.7,5,24.4,51,69,36.0,10.1,19.1,9.3,7.8,10.2,4.9,2.6
SUJ-4416,Retail/Comercio,Bucaramanga,Doctorado,Empresa propia,Soltero,20,4,9,28250,2.11,15.5,73,8.0,5.3,6.8,5.8,8.3,9.3,7.25,6.9,31,8.2,5.8,9.0,1,2,3.7,3.1,16,19.5,33,66,28.2,16.8,8.8,16.5,10.2,7.2,7.8,4.5
SUJ-4417,Retail/Comercio,CDMX,Maestría,Empresa propia,Unión libre,24,2,15,27246,5.57,35.8,91,9.7,8.8,9.5,6.9,9.3,8.0,8.7,4.5,26,6.3,8.1,9.8,1,3,7.0,1.8,66,31.7,27,55,26.3,22.3,14.5,9.7,11.0,8.5,6.7,1.0
SUJ-4418,Tecnología,Caracas,Posgrado,Franquicia,Casado,23,3,6,12464,1.0,42.1,64,4.9,5.3,8.7,5.6,7.2,5.7,6.23,10.0,21,4.4,8.9,5.7,0,1,4.9,0.0,24,32.7,47,71,22.6,22.5,19.0,8.4,11.2,11.9,4.2,0.2
SUJ-4419,Finanzas,Lima,Posgrado,Empresa propia,Soltero,29,10,10,5344,1.94,45.9,74,5.9,6.2,8.7,3.7,7.4,8.0,6.65,9.3,38,4.0,7.7,10.0,0,4,4.3,3.3,134,30.9,48,63,16.7,19.4,18.7,15.7,19.5,5.9,1.6,2.5
SUJ-4420,Tecnología,Monterrey,Universitario,Holding,Casado,17,8,11,1424,1.0,33.7,60,5.9,5.8,7.4,4.9,7.6,5.7,6.22,6.2,30,3.7,7.5,9.1,2,0,3.7,1.2,11,20.6,52,56,20.7,22.6,9.4,19.2,14.1,7.3,6.7,-0.0
SUJ-4421,Tecnología,Bogotá,Universitario,Startup escalada,Casado,22,2,10,500,1.0,71.6,77,8.4,6.0,4.2,8.1,8.9,6.7,7.05,6.4,22,6.9,7.9,7.4,1,1,5.1,3.5,56,30.5,34,59,27.7,23.3,9.2,9.1,14.8,10.3,4.6,1.0
SUJ-4422,Agroindustria,CDMX,Maestría,Empresa propia,Soltero,34,9,15,2105,6.25,38.5,78,7.8,6.2,8.5,2.7,8.9,8.1,7.03,7.7,23,7.3,7.6,10.0,1,3,5.6,4.9,2,23.9,44,61,24.1,22.2,14.3,16.8,11.5,7.1,3.3,0.7
SUJ-4423,Manufactura,Cali,Universitario,Empresa propia,Soltero,34,8,10,3327,3.33,42.0,73,6.9,8.7,6.9,5.3,7.3,7.3,7.07,8.6,6,9.6,7.0,7.5,0,6,5.0,3.2,4,23.7,50,54,29.1,25.0,12.8,8.7,15.8,4.2,1.7,2.7
SUJ-4424,Inmuebles,Monterrey,Técnico,Empresa familiar,Unión libre,35,10,20,1112,6.49,45.2,73,9.4,6.4,5.9,5.9,7.3,6.9,6.97,7.2,8,3.5,6.9,7.1,0,1,5.6,3.1,14,27.2,44,60,31.9,10.6,17.7,12.5,12.4,8.2,4.2,2.5
SUJ-4425,Finanzas,Lima,Maestría,Empresa propia,Soltero,28,4,11,2036,2.54,86.5,70,8.1,6.7,7.9,4.1,8.1,8.2,7.18,7.9,10,7.3,8.3,9.6,1,0,4.8,0.0,522,42.9,35,54,26.0,20.9,20.9,9.6,10.5,7.8,2.7,1.6
SUJ-4426,Finanzas,CDMX,Técnico,Empresa propia,Soltero,22,2,4,697,1.17,51.1,77,7.6,9.0,7.7,3.9,7.4,7.3,7.15,6.4,4,3.8,6.8,8.3,1,1,5.5,2.7,8,20.5,57,57,29.1,14.3,17.3,19.3,11.9,2.9,3.8,1.4
SUJ-4427,Finanzas,Buenos Aires,Universitario,Empresa propia,Soltero,27,9,14,5933,13.24,71.7,81,10.0,9.2,8.5,5.7,9.3,9.4,8.68,6.2,17,6.5,5.4,7.0,0,1,5.5,1.8,197,40.8,21,52,32.0,18.4,6.6,10.8,11.9,12.8,6.2,1.3
SUJ-4428,Tecnología,Monterrey,Bachillerato,Holding,Casado,41,10,23,1080,20.42,52.3,56,6.6,4.9,5.1,3.9,5.5,6.4,5.4,6.6,43,5.0,8.0,9.1,2,2,6.6,2.4,47,45.3,56,57,15.0,17.8,11.5,24.5,14.4,10.6,4.5,1.7
SUJ-4429,Tecnología,Santiago,Técnico,Empresa propia,Unión libre,22,3,8,10862,2.78,60.9,69,8.4,5.0,5.0,6.4,9.1,5.3,6.53,6.6,17,6.5,8.3,6.8,0,5,6.2,1.4,15,29.4,55,54,36.7,11.2,9.8,9.8,22.4,8.3,0.5,1.3
SUJ-4430,Inmuebles,Santiago,Técnico,E-commerce,Casado,36,8,8,3235,2.46,43.2,67,5.9,4.5,9.6,4.6,7.0,7.3,6.48,5.2,25,8.2,9.7,8.0,2,2,5.5,1.6,16,31.7,52,53,35.2,12.4,14.8,12.9,11.5,9.0,3.7,0.5
SUJ-4431,Manufactura,Bogotá,Bachillerato,Franquicia,Casado,17,4,12,8919,1.0,4.0,81,6.4,5.3,6.3,6.9,10.0,7.5,7.07,7.5,28,7.7,7.4,6.0,0,1,6.8,0.9,168,24.3,51,65,18.4,16.9,25.8,12.9,9.8,6.9,6.1,3.2
SUJ-4432,Retail/Comercio,Bogotá,Posgrado,Empresa propia,Unión libre,29,10,17,17131,2.9,26.8,89,7.9,6.9,7.7,7.1,10.0,7.2,7.8,9.5,19,1.8,6.9,6.9,0,4,4.9,3.6,5,25.1,44,68,30.6,15.8,23.4,8.7,8.9,10.1,2.4,0.1
SUJ-4433,Retail/Comercio,Bogotá,Maestría,Empresa propia,Casado,29,9,20,719,5.27,25.3,78,8.7,5.2,8.9,7.0,7.8,7.8,7.57,5.8,23,3.4,7.6,10.0,2,0,6.4,4.6,57,32.2,33,57,30.6,21.3,14.4,5.2,14.6,9.4,2.1,2.4
SUJ-4434,Agroindustria,Lima,Universitario,Holding,Casado,28,11,16,36079,2.72,19.0,74,7.5,6.3,9.3,5.3,8.7,6.9,7.33,6.7,18,3.9,7.5,6.9,2,2,5.2,5.2,5,17.4,34,45,19.2,19.6,10.8,19.5,16.3,5.0,7.7,1.9
SUJ-4435,Tecnología,Caracas,Maestría,E-commerce,Unión libre,28,4,12,8290,1.24,42.3,62,6.4,4.6,6.8,4.8,8.7,9.1,6.73,6.4,15,9.0,8.0,8.4,0,2,4.0,2.2,7,19.9,37,68,24.7,14.3,22.2,8.8,12.8,12.0,1.8,3.4
SUJ-4436,Finanzas,Caracas,Universitario,Empresa propia,Soltero,29,4,11,500,1.64,50.4,97,9.7,7.6,10.0,8.7,9.5,8.9,9.07,5.8,23,9.5,5.1,6.6,1,1,6.2,2.8,49,27.5,40,47,23.6,20.5,10.6,19.4,10.6,9.6,3.8,1.9
SUJ-4437,Finanzas,Buenos Aires,Universitario,Empresa propia,Casado,29,5,11,3015,4.54,53.1,60,6.7,5.3,7.0,6.6,6.6,6.6,6.47,3.0,18,7.7,6.8,9.6,1,0,5.9,1.2,9,37.1,53,57,26.5,13.9,20.3,18.4,10.8,2.0,2.2,5.9
SUJ-4438,Inmuebles,CDMX,Técnico,Holding,Casado,24,5,12,17389,1.0,17.6,55,7.5,4.6,4.6,6.8,7.0,4.9,5.9,6.3,15,4.5,7.4,8.1,3,5,5.8,2.3,19,17.4,56,59,25.9,13.4,17.2,16.9,14.6,7.7,2.7,1.6
SUJ-4439,Salud/Farma,Cali,Posgrado,Startup escalada,Unión libre,24,8,16,7255,2.95,27.2,82,7.6,5.6,6.4,4.9,10.0,7.9,7.07,6.4,19,9.1,9.3,5.3,0,4,6.0,3.5,2,29.9,51,55,29.9,21.4,19.2,10.5,10.7,5.7,0.0,2.6
SUJ-4440,Finanzas,Medellín,Universitario,Empresa propia,Unión libre,17,3,11,2708,10.24,44.6,65,5.4,6.2,8.1,4.1,7.4,7.4,6.43,8.9,14,5.5,9.5,7.4,1,3,6.6,3.4,12,39.2,60,63,25.4,16.2,18.4,15.2,10.8,10.0,1.7,2.3
SUJ-4441,Servicios,Barranquilla,Posgrado,E-commerce,Casado,30,12,21,22573,24.18,39.0,83,10.0,8.6,8.9,6.8,9.5,10.0,8.97,7.4,34,5.1,8.2,7.3,3,1,5.9,2.7,20,40.9,34,47,22.1,8.5,18.0,30.0,14.4,5.4,0.0,1.6
SUJ-4442,Servicios,Cali,Maestría,Empresa propia,Unión libre,33,13,11,12381,1.0,30.2,92,8.4,9.2,10.0,6.6,10.0,9.2,8.9,8.7,31,1.0,7.1,7.1,0,1,5.4,1.7,131,27.4,29,49,38.0,16.0,10.5,12.9,8.3,6.4,6.7,1.2
SUJ-4443,Finanzas,CDMX,Posgrado,Empresa propia,Casado,36,11,12,10640,3.49,37.3,69,8.7,7.1,5.8,2.8,7.2,5.2,6.13,7.4,31,9.3,8.4,8.3,1,2,5.4,1.3,4,25.1,54,56,36.5,22.4,6.5,14.3,8.6,7.4,3.3,1.0
SUJ-4444,Finanzas,Buenos Aires,Posgrado,Empresa propia,Soltero,21,9,16,17544,38.85,61.8,78,8.8,6.3,7.7,6.6,7.5,9.6,7.75,6.9,19,6.6,9.4,5.6,1,2,5.8,4.8,102,50.3,32,56,21.1,20.3,16.9,9.0,16.2,10.7,3.2,2.6
SUJ-4445,Retail/Comercio,Lima,Doctorado,Startup escalada,Soltero,17,6,12,11749,1.0,27.7,66,8.6,5.0,6.9,4.2,8.9,7.9,6.92,10.0,10,5.5,6.2,6.3,4,1,4.2,5.1,9,25.2,47,60,24.2,19.2,21.3,9.7,8.3,12.8,0.5,4.0
SUJ-4446,Salud/Farma,Monterrey,Universitario,Franquicia,Casado,28,7,9,2703,1.0,27.6,73,6.7,7.2,5.3,5.8,8.9,4.1,6.33,6.8,31,7.5,7.1,10.0,2,2,4.8,3.1,20,27.5,56,72,33.3,20.6,14.7,15.7,3.0,9.9,0.0,2.8
SUJ-4447,Tecnología,Cali,Universitario,Startup escalada,Soltero,19,4,9,7014,1.0,39.5,71,8.3,6.6,6.4,6.0,6.4,5.4,6.52,7.5,5,5.4,6.6,9.4,2,0,4.2,0.9,6,21.2,57,51,36.6,16.0,18.0,14.2,5.6,3.4,5.1,1.1
SUJ-4448,Inmuebles,Monterrey,Maestría,Holding,Soltero,29,7,10,14775,6.08,34.5,85,8.3,8.1,8.9,6.0,10.0,7.8,8.18,6.6,35,7.3,10.0,7.4,1,2,6.7,2.3,3,24.8,46,65,29.5,18.4,22.7,11.0,7.9,6.0,2.1,2.4
SUJ-4449,Finanzas,Medellín,Posgrado,Startup escalada,Soltero,17,8,16,1595,7.33,61.3,65,6.2,8.2,7.4,4.8,8.3,5.6,6.75,6.6,42,6.4,7.1,7.5,1,6,3.6,2.5,113,40.1,62,57,22.5,22.9,15.8,15.7,7.2,9.8,5.4,0.7
SUJ-4450,Inmuebles,Caracas,Técnico,Empresa propia,Unión libre,32,4,7,1423,1.26,28.3,63,8.7,5.6,5.6,5.9,7.9,6.5,6.7,9.1,32,4.5,4.7,6.3,1,1,3.4,4.1,13,22.1,41,71,33.4,15.7,15.3,17.5,5.7,4.8,4.5,3.1
SUJ-4451,Retail/Comercio,CDMX,Universitario,Empresa propia,Soltero,26,13,20,1385,11.75,50.5,70,6.6,5.1,6.8,3.3,7.8,6.5,6.02,7.5,22,3.4,8.4,8.7,1,3,6.2,5.0,73,43.0,56,60,28.1,20.1,16.6,14.7,12.8,5.3,1.1,1.3
SUJ-4452,Manufactura,São Paulo,Universitario,Empresa familiar,Casado,17,6,16,1727,3.56,37.4,81,7.3,6.2,10.0,4.6,8.3,9.2,7.6,5.9,10,8.3,9.2,9.4,0,3,4.9,0.0,6,31.7,40,60,25.6,10.0,20.2,17.0,13.8,6.2,7.2,0.0
SUJ-4453,Servicios,Buenos Aires,Universitario,Holding,Unión libre,27,3,6,871,1.78,10.4,62,5.3,5.7,6.4,1.7,7.6,7.8,5.75,7.8,18,1.5,5.2,7.6,1,3,5.2,0.3,211,22.2,53,58,19.8,33.7,10.4,20.3,8.2,1.1,4.7,1.8
SUJ-4454,Inmuebles,CDMX,Técnico,Startup escalada,Soltero,26,6,7,14542,1.0,35.4,56,5.5,4.4,5.1,3.8,8.0,4.5,5.22,8.9,18,3.1,8.6,6.2,0,2,4.3,5.0,37,24.6,60,69,29.6,21.4,15.6,13.4,9.3,6.2,2.5,2.0
SUJ-4455,Servicios,Barranquilla,Doctorado,Empresa propia,Soltero,29,4,7,13643,3.95,4.0,88,9.0,8.3,10.0,8.8,8.5,10.0,9.1,6.4,25,4.0,5.6,7.1,1,2,6.2,6.1,3,23.3,32,40,25.3,17.0,11.1,19.5,11.7,10.1,3.6,1.7
SUJ-4456,Tecnología,Lima,Maestría,Empresa propia,Casado,30,4,7,1313,1.43,38.9,42,4.8,5.1,5.4,2.3,5.5,6.6,4.95,6.4,24,4.5,7.6,5.4,1,3,4.6,1.7,46,24.5,72,66,22.0,17.0,17.9,11.6,15.1,8.5,4.1,3.8
SUJ-4457,Manufactura,Barranquilla,Universitario,Holding,Casado,17,13,19,9780,1.1,4.0,55,6.5,6.7,4.7,4.7,7.6,2.5,5.45,6.4,38,6.2,9.1,9.9,0,1,4.9,0.7,13,15.9,68,67,22.4,19.3,25.9,9.4,13.8,5.6,1.4,2.2
SUJ-4458,Tecnología,CDMX,Posgrado,Empresa propia,Soltero,23,7,7,7888,1.07,29.9,102,7.9,10.0,10.0,7.6,10.0,8.7,9.03,7.0,18,5.9,9.0,5.9,2,2,3.8,5.3,9,16.1,19,59,17.2,28.1,16.1,18.3,8.1,8.5,2.1,1.6
SUJ-4459,Retail/Comercio,Barranquilla,Maestría,E-commerce,Soltero,25,11,23,2585,1.0,24.3,49,5.5,1.3,4.0,2.9,5.5,4.0,3.87,8.1,32,3.2,9.6,8.1,0,1,4.8,4.0,2,22.4,67,69,28.0,23.2,18.2,15.6,4.9,7.5,1.6,1.0
SUJ-4460,Retail/Comercio,Caracas,Técnico,Franquicia,Soltero,24,8,10,2063,4.09,25.7,66,5.3,4.8,5.5,4.4,7.8,5.6,5.57,7.5,24,5.0,7.1,7.9,0,3,6.4,2.6,4,27.9,61,65,15.8,10.8,26.7,25.8,7.9,5.2,5.4,2.4
SUJ-4461,Retail/Comercio,Bucaramanga,Universitario,Empresa propia,Soltero,23,9,10,2307,1.0,31.6,64,6.2,5.8,5.9,2.6,6.9,3.6,5.17,7.7,21,8.4,8.0,5.3,2,0,6.2,1.2,78,27.8,65,64,17.5,18.7,21.2,16.1,15.5,6.3,2.0,2.7
SUJ-4462,Retail/Comercio,CDMX,Posgrado,Empresa propia,Soltero,32,7,13,10493,2.28,15.8,41,4.7,2.6,3.6,4.2,5.6,5.0,4.28,9.5,24,6.2,8.0,8.6,0,4,4.2,5.0,12,24.3,62,60,20.7,15.5,18.8,6.7,20.6,7.6,6.0,4.1
SUJ-4463,Salud/Farma,Buenos Aires,Maestría,Empresa propia,Soltero,17,5,11,3077,1.0,38.4,59,6.3,5.3,5.1,6.8,7.3,5.3,6.02,7.6,29,7.4,6.6,10.0,4,3,7.5,0.0,17,22.3,45,69,32.1,24.2,9.1,16.4,5.4,7.2,3.3,2.3
SUJ-4464,Tecnología,Cali,Bachillerato,Empresa propia,Casado,24,12,23,2605,29.63,49.4,76,8.5,5.5,6.0,4.3,8.7,8.3,6.88,8.6,6,3.1,7.5,7.9,2,1,4.3,7.0,1,32.6,49,72,35.1,23.9,2.0,13.6,12.8,6.8,2.6,3.2
SUJ-4465,Manufactura,Buenos Aires,Doctorado,Holding,Unión libre,24,9,14,500,1.4,29.1,82,6.7,6.4,8.1,6.5,10.0,10.0,7.95,6.6,10,5.6,7.8,7.1,1,3,6.3,1.4,25,28.6,33,68,17.7,28.1,18.9,15.8,7.3,8.1,4.0,0.1
SUJ-4466,Finanzas,Bucaramanga,Universitario,Empresa propia,Casado,25,6,11,19108,3.02,4.0,87,8.1,9.5,6.6,8.1,9.5,10.0,8.63,8.2,10,7.7,9.2,5.6,1,1,3.9,3.8,5,16.5,36,52,10.9,21.7,21.7,15.3,16.2,7.9,5.0,1.3
SUJ-4467,Tecnología,São Paulo,Universitario,Empresa propia,Unión libre,20,10,18,11177,22.26,52.4,67,10.0,7.5,4.9,6.6,6.0,6.1,6.85,7.9,26,6.3,8.2,9.4,2,1,4.6,4.8,199,51.7,52,65,25.6,14.5,18.2,16.9,10.4,7.5,5.9,1.0
SUJ-4468,Tecnología,Cali,Universitario,Startup escalada,Casado,38,12,21,5121,154.97,63.4,47,5.9,4.5,6.0,5.0,5.2,5.2,5.3,7.0,28,3.8,9.2,5.4,1,0,6.9,0.6,55,58.1,65,64,41.8,13.0,13.6,2.3,17.8,4.5,5.8,1.2
SUJ-4469,Agroindustria,Bucaramanga,Técnico,Franquicia,Casado,31,8,7,22907,1.0,4.0,73,7.2,5.2,7.0,7.7,10.0,8.2,7.55,7.9,11,6.9,8.9,8.2,1,1,4.7,3.9,10,19.8,46,60,20.9,17.0,22.2,10.9,12.9,11.0,3.7,1.4
SUJ-4470,Servicios,Cali,Maestría,Franquicia,Soltero,39,13,19,2779,3.25,22.6,91,6.7,8.0,8.6,5.1,8.9,10.0,7.88,5.1,27,6.1,5.3,6.8,2,3,4.5,4.2,64,24.8,39,57,35.4,9.1,17.7,14.6,9.9,7.4,2.9,3.0
SUJ-4471,Servicios,São Paulo,Doctorado,Holding,Soltero,29,5,19,8984,1.0,11.1,93,9.2,4.9,8.4,6.1,10.0,9.1,7.95,8.1,19,5.2,8.0,8.0,2,1,4.9,3.1,21,19.7,38,70,28.3,22.3,12.9,8.3,15.8,7.8,4.5,0.1
SUJ-4472,Salud/Farma,Buenos Aires,Universitario,Startup escalada,Casado,30,3,7,2912,2.93,48.3,86,6.7,8.1,10.0,6.4,10.0,7.1,8.05,5.4,22,7.2,8.4,9.3,3,2,3.3,0.0,5,22.8,50,44,32.2,19.5,18.5,12.6,9.9,3.9,2.2,1.2
SUJ-4473,Tecnología,São Paulo,Doctorado,Empresa propia,Unión libre,25,5,12,3021,1.0,34.4,54,2.9,5.7,5.9,5.4,8.6,6.6,5.85,9.4,28,4.2,8.2,7.2,0,1,4.0,2.1,9,18.3,54,70,36.1,16.6,10.5,14.8,8.6,4.9,5.1,3.4
SUJ-4474,Finanzas,CDMX,Maestría,Franquicia,Soltero,35,7,17,14899,288.43,78.4,70,8.5,4.6,6.8,6.7,8.2,5.6,6.73,7.1,16,5.4,8.2,8.5,3,4,5.8,0.0,37,61.0,36,62,31.1,13.3,13.6,10.9,17.9,9.4,2.2,1.6
SUJ-4475,Manufactura,Bogotá,Universitario,E-commerce,Soltero,29,13,21,12372,23.91,42.9,75,8.5,8.2,8.0,5.9,9.4,6.1,7.68,6.3,28,5.6,6.3,5.8,0,1,3.5,1.7,6,35.7,44,56,26.3,18.2,14.4,17.9,9.6,7.4,4.9,1.3
SUJ-4476,Retail/Comercio,Santiago,Posgrado,Empresa propia,Casado,24,5,7,2786,1.0,30.0,78,5.9,5.9,8.1,6.7,8.6,9.0,7.37,8.5,42,7.8,7.3,5.2,2,3,4.8,3.1,13,26.4,44,60,23.9,18.8,13.8,23.7,3.0,8.7,3.4,4.7
SUJ-4477,Retail/Comercio,Santiago,Universitario,Startup escalada,Soltero,37,8,14,679,1.0,8.3,48,3.8,3.4,6.8,4.6,5.3,6.8,5.12,8.0,20,6.3,8.6,5.2,5,3,6.5,2.9,1,16.7,58,61,32.9,14.6,15.6,12.0,7.2,11.9,3.9,1.9
SUJ-4478,Finanzas,Bucaramanga,Posgrado,Empresa familiar,Soltero,18,11,13,3540,1.53,41.7,100,8.7,8.5,9.5,5.2,10.0,10.0,8.65,7.4,34,5.0,8.0,7.5,3,3,4.1,3.8,10,24.3,38,56,17.2,27.9,14.1,17.7,10.3,3.9,5.4,3.5
SUJ-4479,Manufactura,Santiago,Bachillerato,Empresa familiar,Casado,21,8,10,11418,6.88,34.4,90,10.0,5.8,9.1,6.0,9.0,10.0,8.32,3.4,30,4.6,10.0,10.0,2,2,5.5,0.9,4,28.5,43,44,26.3,22.6,15.5,15.0,5.2,9.8,3.2,2.4
SUJ-4480,Manufactura,Buenos Aires,Posgrado,Empresa propia,Soltero,42,5,15,847,1.0,26.3,72,7.7,5.1,8.3,2.9,9.7,8.1,6.97,8.9,17,3.0,9.8,5.7,3,1,5.2,0.0,136,26.8,54,63,29.3,23.6,7.0,9.5,14.7,6.9,7.0,2.0
SUJ-4481,Tecnología,Monterrey,Bachillerato,Empresa propia,Casado,30,2,11,8920,4.98,37.0,74,8.4,6.9,8.9,5.3,10.0,6.9,7.73,7.5,30,4.3,9.4,3.0,2,2,5.9,2.5,5,28.9,48,53,26.1,22.9,22.8,5.5,7.0,8.9,6.2,0.6
SUJ-4482,Retail/Comercio,Bucaramanga,Maestría,Empresa familiar,Unión libre,17,11,23,17641,77.81,43.9,66,8.9,5.3,6.1,5.2,7.9,5.1,6.42,6.6,18,6.0,8.4,6.2,2,5,6.6,3.3,34,49.0,61,69,33.3,11.4,14.5,21.3,9.0,8.1,0.5,1.9
SUJ-4483,Retail/Comercio,Cali,Maestría,Franquicia,Casado,32,3,12,1580,4.9,27.1,89,10.0,9.3,6.4,6.9,8.6,8.6,8.3,6.0,34,2.0,6.2,5.0,2,1,4.2,3.8,8,24.3,38,48,29.0,20.8,14.4,15.3,7.3,9.2,2.4,1.6
SUJ-4484,Manufactura,São Paulo,Universitario,Empresa propia,Soltero,19,5,11,15855,6.48,28.8,57,6.5,3.2,3.8,4.1,5.8,5.7,4.85,9.3,37,5.9,6.2,6.0,0,4,4.9,6.1,96,37.2,63,65,24.3,22.0,18.4,15.7,8.0,5.7,3.8,2.1
SUJ-4485,Tecnología,São Paulo,Universitario,Holding,Soltero,22,7,9,500,18.43,66.3,74,8.4,6.5,8.1,6.2,9.7,7.2,7.68,8.0,22,3.9,6.6,5.9,1,1,5.0,1.7,2,35.7,41,56,12.3,7.4,29.0,21.9,9.2,16.9,2.8,0.5
SUJ-4486,Inmuebles,Lima,Universitario,Empresa propia,Soltero,41,12,23,8794,39.43,44.1,61,7.0,6.8,6.7,5.0,6.4,6.3,6.37,9.9,14,8.0,6.8,6.6,2,2,5.8,3.6,14,46.0,51,55,18.0,27.6,9.0,20.2,12.3,8.8,4.1,-0.0
SUJ-4487,Tecnología,Barranquilla,Posgrado,Empresa propia,Casado,35,10,18,12524,139.67,67.5,72,5.6,7.3,5.3,4.7,6.4,6.8,6.02,9.3,29,5.6,9.4,9.3,0,2,3.2,3.7,6,51.7,63,68,26.7,17.6,19.7,13.1,10.7,7.5,3.0,1.7
SUJ-4488,Finanzas,Buenos Aires,Universitario,Startup escalada,Soltero,37,7,16,4706,7.24,57.9,88,9.2,6.5,8.4,4.9,10.0,9.0,8.0,7.7,20,6.0,7.7,4.1,1,1,6.3,4.7,61,43.9,49,69,24.6,18.9,13.6,13.8,15.3,7.1,5.4,1.3
SUJ-4489,Inmuebles,Cali,Posgrado,Empresa propia,Soltero,22,11,19,1822,1.22,22.3,64,6.1,8.1,6.0,4.2,8.0,5.4,6.3,8.1,22,3.8,9.4,7.8,0,4,6.1,2.7,12,20.8,59,66,16.5,32.1,11.9,10.0,12.2,9.8,5.7,1.8
SUJ-4490,Manufactura,Monterrey,Universitario,Empresa propia,Soltero,24,12,22,20693,5.55,24.2,75,4.3,4.0,6.3,6.2,7.2,8.1,6.02,5.2,21,4.7,8.3,7.9,0,2,5.3,5.5,50,31.3,58,41,22.2,16.2,22.1,18.7,13.6,5.5,0.4,1.3
SUJ-4491,Finanzas,Lima,Bachillerato,Empresa propia,Soltero,27,5,6,500,1.79,67.0,71,6.4,6.1,4.5,5.5,8.0,5.6,6.02,8.5,35,5.5,6.4,7.5,2,5,5.4,3.7,1,25.9,64,55,21.9,15.3,18.7,21.5,8.7,9.5,2.7,1.7
SUJ-4492,Manufactura,Santiago,Bachillerato,E-commerce,Soltero,31,5,7,6478,2.51,5.9,62,6.1,6.8,5.9,5.3,8.3,6.9,6.55,7.7,18,7.0,9.2,7.8,2,3,4.0,3.9,4,19.7,59,55,31.8,20.3,11.5,8.7,15.4,7.1,2.8,2.4
SUJ-4493,Manufactura,Monterrey,Técnico,Empresa propia,Casado,23,10,13,3732,10.17,9.0,64,8.1,7.3,7.1,5.4,8.2,6.2,7.05,7.4,21,5.6,8.1,6.3,2,0,3.0,3.3,119,34.2,54,65,28.8,20.3,14.4,7.2,16.8,8.8,2.7,1.0
SUJ-4494,Inmuebles,Bucaramanga,Maestría,Franquicia,Soltero,37,13,20,4945,8.86,39.3,64,6.8,4.5,9.1,6.7,7.1,7.2,6.9,6.7,35,4.9,10.0,5.9,5,7,4.9,2.1,144,37.3,46,60,33.1,14.1,22.2,8.5,11.0,8.7,1.7,0.7
SUJ-4495,Inmuebles,Caracas,Doctorado,E-commerce,Soltero,28,4,8,6152,1.41,30.4,48,4.6,4.8,3.5,3.2,5.2,7.2,4.75,8.5,18,4.4,8.2,7.6,3,0,3.7,3.1,3,15.7,58,76,35.3,23.1,14.6,11.9,7.2,1.3,4.0,2.6
SUJ-4496,Manufactura,São Paulo,Universitario,Startup escalada,Soltero,34,1,11,6121,2.76,4.0,70,5.7,7.1,6.4,6.5,7.2,4.6,6.25,6.6,17,6.6,6.1,8.4,1,2,5.1,2.9,23,20.4,40,48,22.8,18.3,21.3,23.0,7.9,3.9,2.2,0.6
SUJ-4497,Retail/Comercio,Medellín,Posgrado,Empresa propia,Unión libre,21,9,15,1821,1.0,38.2,73,7.2,6.1,9.5,8.1,8.5,7.1,7.75,5.8,30,5.5,7.8,8.3,3,1,5.6,5.7,28,29.3,39,49,35.1,23.1,19.3,7.3,8.6,6.5,0.0,0.1
SUJ-4498,Tecnología,Medellín,Técnico,Startup escalada,Soltero,23,12,26,9108,980.0,58.7,52,6.9,3.3,7.1,2.4,7.4,6.1,5.53,5.9,28,3.4,6.4,8.3,1,1,6.4,4.5,2,58.6,67,64,20.5,23.9,16.7,17.8,13.6,4.3,1.3,1.9
SUJ-4499,Finanzas,Santiago,Posgrado,Empresa propia,Casado,27,7,19,500,62.41,85.0,66,8.1,3.6,7.9,5.7,8.2,6.4,6.65,5.6,8,6.6,5.8,7.3,0,1,5.2,2.5,4,40.6,60,55,27.2,20.5,22.9,17.4,3.7,8.4,0.0,-0.1
SUJ-4500,Retail/Comercio,Medellín,Técnico,Holding,Casado,23,17,23,500,4.02,31.1,69,8.2,5.2,7.0,4.8,6.6,7.2,6.5,8.8,8,10.0,5.8,8.0,1,2,4.3,2.1,2,21.4,45,78,34.8,23.7,13.9,7.7,7.4,8.4,2.3,1.8
SUJ-4501,Manufactura,Medellín,Posgrado,Franquicia,Casado,32,4,5,5208,7.0,54.5,83,6.7,6.3,9.2,5.3,9.7,8.4,7.6,6.8,27,5.1,8.6,10.0,4,3,5.6,0.2,31,38.4,51,57,33.2,24.7,9.8,13.1,8.0,10.0,0.1,1.1
SUJ-4502,Retail/Comercio,Cali,Doctorado,Empresa propia,Soltero,32,4,12,6245,1.43,42.2,96,9.6,6.9,7.9,10.0,8.5,10.0,8.82,7.3,12,6.6,7.8,8.4,2,1,6.4,4.5,62,30.1,30,42,28.7,19.0,11.9,13.8,17.1,7.9,1.5,0.1
SUJ-4503,Finanzas,Cali,Universitario,Holding,Unión libre,24,4,6,2571,6.98,21.8,78,7.8,9.1,6.3,6.8,10.0,6.0,7.67,9.4,26,6.0,4.9,9.5,0,1,5.8,4.8,9,23.1,43,58,21.3,25.4,23.8,13.6,12.4,1.2,0.8,1.5
SUJ-4504,Tecnología,Barranquilla,Maestría,Empresa propia,Casado,29,7,10,6417,3.7,52.8,54,5.7,5.7,3.6,4.0,8.5,3.7,5.2,6.0,15,6.2,6.9,7.7,3,0,6.3,2.4,126,32.5,56,58,30.3,17.5,18.5,15.8,13.0,3.1,0.0,1.8
SUJ-4505,Retail/Comercio,CDMX,Bachillerato,Empresa propia,Casado,38,7,12,5807,1.0,27.5,60,6.6,5.0,6.2,6.2,7.0,6.7,6.28,5.7,34,10.0,9.7,8.8,1,4,4.9,0.0,9,21.4,64,50,18.1,26.8,15.5,16.3,10.3,6.5,2.5,4.0
SUJ-4506,Finanzas,Santiago,Universitario,Empresa propia,Soltero,32,4,9,3436,1.55,46.9,73,9.5,6.0,8.2,6.9,7.5,9.0,7.85,7.6,26,3.4,8.2,7.6,2,2,5.0,3.5,36,28.2,53,53,27.2,21.5,13.7,11.5,11.2,10.1,4.6,0.2
SUJ-4507,Inmuebles,Medellín,Técnico,Holding,Casado,29,11,19,8439,2.2,19.6,66,6.6,5.6,7.3,5.4,8.2,8.2,6.88,6.6,9,6.6,5.4,6.0,2,3,3.0,1.7,27,17.5,37,60,22.7,26.2,15.5,12.5,11.2,6.9,3.8,1.2
SUJ-4508,Tecnología,Barranquilla,Universitario,Empresa propia,Casado,33,8,15,25348,42.11,63.6,72,7.9,7.0,9.6,5.9,7.5,6.7,7.43,8.9,26,6.1,6.8,9.4,1,1,5.0,3.1,7,42.5,42,72,40.2,10.1,12.2,9.9,15.3,9.4,2.0,0.9
SUJ-4509,Manufactura,Santiago,Técnico,Empresa propia,Soltero,36,3,5,5399,1.0,20.0,83,7.0,5.6,7.0,6.2,8.0,6.7,6.75,7.2,31,3.1,8.8,9.1,1,0,6.7,2.4,15,26.0,56,62,35.7,21.8,9.6,13.8,11.6,4.9,0.1,2.5
SUJ-4510,Agroindustria,Medellín,Universitario,Empresa propia,Soltero,35,9,14,12336,3.3,35.8,70,6.0,4.9,8.6,5.3,6.1,7.7,6.43,6.3,24,7.1,6.9,7.7,1,3,3.6,3.9,2,20.4,48,48,24.1,9.8,10.1,25.9,14.0,8.2,5.5,2.4
SUJ-4511,Tecnología,Buenos Aires,Universitario,Franquicia,Casado,25,5,6,2275,1.0,66.8,105,8.6,8.5,9.9,6.7,10.0,10.0,8.95,6.4,17,2.0,7.8,7.4,1,5,5.9,4.5,41,28.6,32,60,29.3,21.7,12.7,13.5,8.2,7.8,5.1,1.7
SUJ-4512,Retail/Comercio,São Paulo,Universitario,Franquicia,Soltero,31,7,14,11482,7.66,25.1,51,4.0,1.2,7.1,3.6,7.3,3.9,4.52,8.6,27,7.6,6.5,9.5,1,2,6.0,2.9,4,23.8,57,78,24.3,25.4,15.1,13.1,9.9,9.6,1.7,0.9
SUJ-4513,Tecnología,Bogotá,Posgrado,Empresa propia,Casado,24,10,9,8373,6.23,43.9,80,7.4,5.8,7.7,6.2,8.2,7.1,7.07,6.9,29,5.5,9.8,7.1,2,3,7.5,1.5,286,39.4,43,62,26.0,10.1,19.2,14.2,9.7,10.3,6.5,4.0
SUJ-4514,Manufactura,Buenos Aires,Maestría,Empresa propia,Soltero,25,10,15,8166,2.02,17.0,50,7.8,5.9,5.5,3.8,6.8,5.9,5.95,8.0,27,6.3,5.9,7.2,2,1,3.5,3.5,205,28.0,53,68,24.4,9.3,14.8,22.6,12.9,10.7,3.3,2.0
SUJ-4515,Retail/Comercio,Lima,Universitario,Franquicia,Soltero,28,10,14,17882,1.0,28.8,61,5.5,6.5,6.7,4.0,6.7,6.4,5.97,6.2,21,6.9,4.9,7.2,3,1,6.5,4.3,1,8.6,50,57,18.4,26.3,14.2,11.3,14.9,6.6,6.4,1.9
SUJ-4516,Retail/Comercio,Santiago,Universitario,Startup escalada,Casado,17,7,15,2125,2.56,32.9,84,8.0,5.0,8.1,8.7,8.9,9.8,8.08,5.9,31,2.3,8.6,5.6,1,2,5.6,5.8,7,23.5,44,55,18.0,17.5,16.3,12.5,15.6,12.3,4.9,2.9
SUJ-4517,Retail/Comercio,CDMX,Universitario,Holding,Soltero,28,3,6,3676,2.7,22.1,44,3.5,4.1,7.1,4.4,5.3,5.4,4.97,6.1,9,7.4,7.7,6.3,4,1,5.3,6.3,35,23.6,66,72,28.0,22.3,13.6,11.3,10.0,10.1,4.4,0.3
SUJ-4518,Servicios,Lima,Maestría,Startup escalada,Unión libre,21,5,8,693,6.58,16.3,76,7.6,4.8,4.5,5.5,9.4,6.0,6.3,6.3,9,7.2,10.0,8.5,0,1,6.1,2.2,10,26.9,46,67,32.9,16.1,17.2,15.7,8.0,6.8,1.3,2.0
SUJ-4519,Tecnología,Barranquilla,Posgrado,Empresa propia,Unión libre,18,7,14,10360,5.64,56.4,56,5.0,4.1,5.1,6.1,6.3,6.4,5.5,8.3,19,5.6,8.7,5.8,0,2,5.1,1.1,11,30.8,53,58,12.3,32.2,20.2,14.9,8.6,5.5,4.8,1.5
SUJ-4520,Tecnología,Barranquilla,Universitario,Empresa familiar,Casado,30,13,21,14856,700.94,66.9,71,7.7,5.4,6.2,5.1,7.2,5.5,6.18,5.2,39,7.7,8.2,9.3,1,0,3.9,4.4,28,64.7,43,46,30.1,24.3,16.0,10.4,6.8,8.6,3.6,0.2
SUJ-4521,Servicios,Medellín,Técnico,Empresa propia,Casado,24,5,7,4164,2.5,25.5,64,6.4,6.5,7.9,4.5,6.4,7.2,6.48,5.7,39,9.8,7.9,7.2,1,0,4.4,1.9,17,23.6,51,58,32.0,24.7,11.6,10.9,7.5,6.6,3.8,2.9
SUJ-4522,Manufactura,Lima,Universitario,Empresa familiar,Unión libre,27,7,15,3530,1.0,24.4,72,7.2,7.5,6.5,4.4,6.7,6.9,6.53,8.3,36,9.8,7.2,10.0,1,1,4.8,3.1,93,28.5,34,69,28.8,20.5,14.5,10.7,8.9,11.9,4.7,0.0
SUJ-4523,Servicios,São Paulo,Universitario,Empresa propia,Soltero,24,2,17,8598,1.0,25.4,78,9.2,6.0,7.6,5.8,8.9,10.0,7.92,8.1,22,10.0,6.7,5.1,3,0,4.7,3.8,8,22.7,43,52,21.2,22.7,19.0,14.5,12.3,7.4,2.0,0.9
SUJ-4524,Manufactura,Medellín,Doctorado,Franquicia,Casado,22,8,12,628,3.55,4.0,87,10.0,5.3,7.8,7.6,7.9,9.0,7.93,8.3,5,2.8,6.9,5.4,4,0,3.8,2.5,54,24.3,54,67,21.7,16.3,23.9,13.7,10.8,5.7,5.4,2.5
SUJ-4525,Inmuebles,Santiago,Maestría,Empresa propia,Soltero,26,7,9,2783,1.27,28.5,74,9.7,4.0,8.3,6.6,9.7,8.9,7.87,5.6,27,5.6,9.0,5.2,1,2,7.0,4.9,3,28.1,25,56,31.9,17.5,12.7,20.4,5.2,5.5,4.9,1.9
SUJ-4526,Retail/Comercio,Barranquilla,Técnico,Empresa propia,Soltero,17,6,12,3648,29.16,10.8,81,8.6,8.3,7.7,6.8,9.3,7.8,8.08,7.3,16,6.4,7.0,8.9,1,1,7.8,2.6,12,30.5,36,70,24.5,15.7,26.4,4.7,10.5,13.7,3.6,0.9
SUJ-4527,Inmuebles,Bogotá,Posgrado,Startup escalada,Casado,25,10,11,5848,6.8,24.1,71,7.7,5.8,8.3,5.9,5.0,6.6,6.55,4.9,30,6.0,9.6,4.9,2,0,5.5,2.5,14,23.2,47,52,28.7,17.0,12.5,15.5,7.8,12.4,3.4,2.7
SUJ-4528,Agroindustria,Barranquilla,Universitario,Holding,Casado,37,4,9,5178,2.51,6.5,54,6.1,4.7,7.2,4.0,6.0,6.5,5.75,5.3,26,8.3,8.6,10.0,2,3,5.1,0.7,28,24.9,62,57,25.3,16.4,16.9,21.3,9.9,4.8,3.2,2.2
SUJ-4529,Manufactura,Cali,Universitario,Empresa familiar,Soltero,18,12,16,1872,3.09,11.8,57,7.2,3.7,8.8,6.8,5.7,5.4,6.27,6.8,43,3.2,5.4,9.9,1,5,4.3,0.0,125,25.1,44,69,37.9,8.2,18.8,14.0,10.9,6.6,2.8,0.8
SUJ-4530,Tecnología,Caracas,Maestría,E-commerce,Soltero,34,4,12,6225,1.0,38.6,92,8.1,8.8,9.9,10.0,7.4,9.3,8.92,7.8,41,4.0,7.8,7.4,1,1,4.5,4.5,3,21.1,41,55,18.2,26.4,21.3,13.2,9.5,8.3,1.6,1.5
SUJ-4531,Finanzas,Monterrey,Posgrado,Franquicia,Casado,38,12,12,20815,31.96,80.7,56,5.3,5.9,6.7,4.5,7.7,5.0,5.85,8.9,15,5.2,5.7,8.0,2,0,5.2,2.8,1,41.5,61,71,24.4,21.5,16.9,18.3,6.7,10.0,0.9,1.3
SUJ-4532,Tecnología,CDMX,Universitario,Empresa propia,Soltero,21,1,2,500,1.84,51.6,75,5.3,5.9,10.0,5.9,9.0,9.7,7.63,6.8,23,6.5,7.6,6.2,2,1,5.8,3.5,6,29.0,37,48,24.5,10.6,22.9,21.2,7.5,8.0,2.3,3.0
SUJ-4533,Finanzas,Lima,Universitario,Empresa familiar,Casado,27,8,15,9123,18.9,65.0,75,9.0,5.2,9.0,3.5,9.5,7.6,7.3,8.1,20,6.2,8.4,10.0,1,0,3.8,4.4,19,39.3,48,71,23.2,18.9,13.5,11.5,11.3,10.6,8.6,2.4
SUJ-4534,Finanzas,Medellín,Maestría,E-commerce,Casado,18,9,17,7840,26.34,58.7,74,8.2,6.6,7.5,5.8,8.5,6.6,7.2,6.0,17,6.7,6.5,8.1,1,0,4.9,0.6,12,37.4,47,65,32.3,14.5,14.4,15.0,11.5,7.4,2.7,2.2
SUJ-4535,Retail/Comercio,Monterrey,Posgrado,Holding,Soltero,17,5,3,20661,1.0,38.0,86,7.5,4.8,7.8,5.6,10.0,7.9,7.27,9.5,22,7.3,8.9,7.0,5,0,4.5,2.0,3,24.0,43,66,31.0,18.4,19.8,1.7,16.3,8.7,2.5,1.6
SUJ-4536,Manufactura,Monterrey,Universitario,Franquicia,Soltero,27,8,19,8292,3.76,32.4,64,8.8,6.3,8.3,6.8,8.0,7.8,7.67,8.5,4,7.9,4.7,10.0,1,3,8.3,4.4,57,25.1,42,65,19.3,22.6,17.7,13.9,11.1,10.2,3.6,1.6
SUJ-4537,Retail/Comercio,Buenos Aires,Universitario,E-commerce,Casado,28,5,14,7843,7.53,57.6,69,6.5,5.6,6.4,7.3,9.0,7.3,7.02,6.3,16,7.4,6.4,5.5,0,1,4.0,4.0,25,39.0,55,54,27.6,24.1,5.9,16.3,7.8,6.2,7.7,4.4
SUJ-4538,Manufactura,Caracas,Universitario,Empresa familiar,Soltero,22,8,12,11750,1.0,30.8,68,8.9,6.2,7.5,3.8,8.6,5.9,6.82,6.8,33,5.6,9.3,9.7,0,5,4.1,2.7,2,26.7,71,63,28.3,14.7,20.4,11.7,10.7,8.8,3.2,2.2
SUJ-4539,Tecnología,Bucaramanga,Doctorado,Empresa propia,Soltero,19,8,14,2493,1.0,27.5,42,3.9,4.1,2.8,3.1,6.5,6.3,4.45,7.7,0,5.3,8.2,7.5,0,1,6.0,2.3,63,31.5,61,66,23.1,23.5,8.5,18.2,14.0,8.4,4.3,0.0
SUJ-4540,Tecnología,Buenos Aires,Posgrado,Empresa propia,Soltero,21,15,14,7245,4.41,50.0,62,6.9,6.6,6.2,5.3,8.0,6.6,6.6,6.6,6,5.0,6.8,10.0,0,3,4.4,2.2,26,34.5,48,61,19.6,23.9,20.2,12.2,20.3,1.2,0.7,1.9
SUJ-4541,Tecnología,Buenos Aires,Universitario,Empresa propia,Soltero,31,1,9,5862,2.48,37.8,87,9.2,8.5,10.0,8.6,8.9,8.9,9.02,5.8,34,9.3,7.3,8.0,1,2,5.4,4.0,4,21.1,18,63,26.3,27.6,18.9,12.0,8.8,3.7,0.5,2.2
SUJ-4542,Retail/Comercio,CDMX,Posgrado,Startup escalada,Soltero,31,7,10,4616,1.21,8.8,100,9.0,9.5,7.8,9.0,8.6,8.7,8.77,7.8,35,3.4,8.9,7.2,3,2,6.0,7.0,9,20.8,47,58,32.8,18.2,15.7,8.9,10.7,6.2,3.2,4.3
SUJ-4543,Tecnología,Cali,Maestría,Empresa propia,Casado,29,5,10,662,6.48,58.4,85,7.1,7.3,9.2,8.2,9.9,8.0,8.28,7.4,9,7.4,6.9,6.8,2,3,6.7,1.3,12,27.8,29,68,27.3,25.0,11.3,8.2,14.9,8.5,3.2,1.6
SUJ-4544,Finanzas,Barranquilla,Universitario,Empresa propia,Casado,23,7,13,2769,1.1,19.1,78,7.9,6.6,4.6,5.9,8.2,7.7,6.82,6.5,34,5.7,7.4,7.1,4,2,5.4,6.6,8,13.8,39,62,28.7,9.4,13.4,15.7,18.9,8.0,4.0,1.9
SUJ-4545,Retail/Comercio,Buenos Aires,Técnico,Empresa propia,Casado,19,6,16,2627,2.35,29.9,54,5.1,4.1,7.6,6.2,5.3,4.7,5.5,7.7,32,10.0,8.2,7.9,2,2,3.6,0.5,32,28.6,79,72,33.3,15.7,15.5,10.1,14.3,5.2,3.9,2.0
SUJ-4546,Inmuebles,Santiago,Posgrado,E-commerce,Casado,33,5,13,10306,1.0,8.6,75,5.7,5.7,6.3,3.7,8.3,4.7,5.73,5.1,24,3.7,9.3,7.9,2,2,5.8,0.1,11,17.3,54,51,27.3,8.4,27.8,12.2,5.9,12.0,6.4,-0.0
SUJ-4547,Tecnología,Barranquilla,Posgrado,Franquicia,Soltero,35,5,10,20271,1.19,49.9,74,5.4,6.8,6.9,6.5,8.1,9.2,7.15,8.0,20,3.6,7.6,9.8,1,2,3.4,0.8,28,27.6,32,64,34.9,22.6,16.1,4.8,13.0,4.6,2.3,1.7
SUJ-4548,Manufactura,Cali,Maestría,Empresa propia,Soltero,22,9,13,2099,1.78,35.7,104,10.0,8.5,10.0,7.8,10.0,8.2,9.08,7.7,31,10.0,7.0,8.2,4,1,3.9,6.4,67,24.5,15,57,27.7,19.8,15.6,13.3,7.7,10.8,3.7,1.4
SUJ-4549,Manufactura,Medellín,Maestría,Empresa familiar,Casado,25,5,12,620,2.25,15.7,49,2.8,6.2,4.9,6.3,7.1,4.5,5.3,6.1,20,4.5,8.0,7.2,3,4,6.8,0.0,7,22.2,75,52,32.6,19.4,14.8,9.8,11.4,6.8,2.5,2.7
SUJ-4550,Inmuebles,Bucaramanga,Universitario,Empresa familiar,Casado,17,7,13,80425,4.84,15.1,55,5.8,4.7,7.2,3.8,7.1,5.2,5.63,4.6,24,6.6,8.6,9.5,3,2,3.9,1.4,139,31.5,69,61,25.5,18.1,16.9,12.0,11.1,11.1,5.2,0.1
SUJ-4551,Agroindustria,Barranquilla,Bachillerato,Empresa propia,Casado,29,7,12,9400,1.83,14.5,89,9.7,5.6,9.5,7.8,9.2,10.0,8.63,8.2,32,1.5,10.0,7.8,3,2,4.7,2.1,13,23.1,31,69,22.8,32.1,17.2,11.9,6.7,4.9,2.1,2.3
SUJ-4552,Tecnología,Lima,Doctorado,Holding,Casado,38,4,10,17405,3.03,61.1,93,7.3,7.9,10.0,9.7,7.6,8.6,8.52,6.2,16,6.2,9.2,9.2,0,1,5.2,3.4,87,36.7,45,45,25.9,20.5,16.0,13.6,8.5,6.5,6.8,2.2
SUJ-4553,Tecnología,CDMX,Universitario,E-commerce,Casado,31,9,14,1242,3.44,56.6,77,6.3,7.8,9.0,5.9,8.0,8.1,7.52,8.2,19,5.2,6.2,10.0,0,2,5.0,3.4,39,27.2,49,57,19.8,20.7,22.7,15.6,6.5,8.2,5.0,1.5
SUJ-4554,Servicios,Monterrey,Posgrado,Empresa propia,Soltero,39,3,4,12906,1.47,21.1,67,7.4,6.6,6.7,5.9,7.7,7.8,7.02,8.7,36,6.7,7.1,7.8,4,2,6.0,2.9,58,25.1,38,53,21.3,7.5,16.7,29.0,11.2,7.0,5.5,1.8
SUJ-4555,Retail/Comercio,São Paulo,Posgrado,Empresa propia,Casado,23,9,15,13427,1.0,16.7,80,4.8,7.4,9.5,6.2,10.0,9.6,7.92,10.0,11,5.3,6.9,6.4,1,2,4.8,2.2,7,14.4,35,49,33.1,12.8,16.3,20.1,8.3,7.3,0.0,2.1
SUJ-4556,Manufactura,Caracas,Posgrado,E-commerce,Casado,18,8,14,1314,7.25,19.1,102,9.9,9.7,9.8,6.8,9.2,8.9,9.05,4.6,30,5.3,7.8,7.8,0,2,5.2,0.5,7,28.2,39,48,24.9,25.6,17.2,12.7,8.4,5.5,3.4,2.3
SUJ-4557,Manufactura,Medellín,Universitario,Franquicia,Unión libre,35,6,12,1408,2.36,34.5,64,6.2,6.0,6.9,4.5,5.2,7.4,6.03,8.5,24,9.3,8.6,6.7,2,0,6.7,1.8,18,24.6,56,67,23.2,25.6,21.3,1.8,12.6,9.4,3.1,3.0
SUJ-4558,Manufactura,Cali,Maestría,Empresa propia,Casado,27,3,5,2801,1.0,22.9,79,9.7,4.6,10.0,6.8,9.3,7.0,7.9,6.1,28,8.4,8.3,6.2,0,2,4.4,5.8,8,21.1,49,55,22.5,18.7,18.8,9.9,14.3,10.2,1.5,4.1
SUJ-4559,Agroindustria,Buenos Aires,Maestría,Startup escalada,Casado,20,7,10,1954,3.35,22.7,70,9.2,7.2,7.5,4.9,8.0,5.0,6.97,8.3,24,6.5,5.9,3.9,1,0,5.9,4.5,60,26.6,54,55,26.2,4.0,15.7,16.2,14.8,21.5,0.0,1.6
SUJ-4560,Salud/Farma,Santiago,Posgrado,E-commerce,Soltero,37,3,15,29643,5.44,21.7,77,8.3,7.0,7.4,6.2,7.6,7.5,7.33,7.7,15,9.0,10.0,5.7,0,5,4.0,4.3,13,26.8,43,53,19.8,26.7,15.2,11.5,12.1,10.5,1.8,2.4
SUJ-4561,Inmuebles,Santiago,Universitario,Holding,Unión libre,22,6,9,3607,4.28,15.9,83,7.5,6.8,10.0,5.4,9.9,7.3,7.82,9.8,3,8.6,5.8,8.7,2,1,5.3,0.0,50,26.3,25,58,30.7,19.5,18.1,14.2,11.9,1.2,4.3,0.1
SUJ-4562,Finanzas,Bucaramanga,Técnico,Empresa propia,Unión libre,19,10,18,11460,306.73,76.1,64,7.6,4.1,6.7,6.5,6.1,8.7,6.62,8.0,8,8.3,7.7,8.5,1,3,4.5,3.0,30,63.9,59,61,25.5,14.9,16.6,18.9,11.8,8.9,1.7,1.7
SUJ-4563,Servicios,Cali,Técnico,E-commerce,Casado,29,7,10,13080,2.43,33.1,86,9.6,6.2,6.7,7.5,10.0,10.0,8.33,9.3,18,10.0,9.5,5.3,1,0,5.1,1.5,5,20.1,40,58,24.5,25.9,16.4,11.1,6.5,10.0,5.3,0.3
SUJ-4564,Tecnología,Medellín,Universitario,Empresa propia,Casado,18,11,10,3901,4.85,56.3,66,7.9,3.4,4.6,3.9,8.7,8.2,6.12,7.4,31,6.2,7.1,6.9,2,1,6.4,4.4,324,36.2,78,61,26.3,27.3,16.6,8.7,10.3,6.0,3.5,1.3
SUJ-4565,Finanzas,Lima,Universitario,E-commerce,Soltero,32,8,14,9180,5.49,45.8,80,5.3,6.1,7.6,5.6,9.8,8.1,7.08,6.1,26,7.8,5.9,8.3,2,1,5.2,1.6,25,34.6,40,75,20.4,9.6,16.9,20.9,15.7,9.4,5.7,1.4
SUJ-4566,Servicios,Monterrey,Doctorado,Startup escalada,Casado,19,10,18,912,3.04,42.0,46,3.6,3.6,4.6,3.2,6.2,5.1,4.38,10.0,33,7.6,7.8,6.3,1,1,4.9,1.3,25,29.1,75,76,22.7,21.2,25.4,2.3,12.2,9.7,3.5,3.0
SUJ-4567,Finanzas,Buenos Aires,Maestría,Startup escalada,Casado,27,9,14,4046,3.54,36.9,83,9.3,6.8,9.5,6.1,9.4,8.6,8.28,7.9,27,4.7,8.3,6.9,1,1,5.2,1.4,24,35.0,61,62,22.9,13.2,23.0,16.1,10.5,8.1,3.4,2.8
SUJ-4568,Finanzas,São Paulo,Posgrado,Empresa propia,Casado,27,12,11,27365,4.6,57.5,60,5.0,7.4,5.5,5.9,6.7,6.3,6.13,6.8,22,6.9,9.1,7.2,1,1,5.1,0.5,8,36.7,42,61,31.5,23.2,21.9,6.3,3.4,5.6,6.2,1.9
SUJ-4569,Tecnología,Caracas,Posgrado,Holding,Soltero,27,2,2,1476,1.0,52.9,66,7.3,7.1,5.0,4.4,8.1,6.1,6.33,6.5,34,7.2,8.4,7.4,3,4,3.7,4.3,55,29.2,51,67,34.9,7.7,19.9,18.9,8.4,5.6,4.6,-0.0
SUJ-4570,Servicios,CDMX,Técnico,Empresa familiar,Casado,18,5,15,3898,8.08,18.4,42,6.2,4.2,5.0,3.0,5.9,4.2,4.75,8.9,25,7.5,7.9,7.0,2,2,6.5,2.6,29,29.6,70,63,29.9,10.5,18.4,7.1,18.0,12.1,2.8,1.2
SUJ-4571,Retail/Comercio,Bogotá,Doctorado,E-commerce,Soltero,24,7,13,12505,8.43,24.5,69,8.1,5.0,4.7,5.1,9.3,8.0,6.7,4.2,34,3.3,8.4,7.0,3,3,5.0,2.6,25,29.3,58,47,18.0,29.9,11.4,16.0,12.6,3.5,8.7,-0.1
SUJ-4572,Manufactura,Bogotá,Universitario,Empresa propia,Casado,34,10,18,8759,10.2,43.1,90,9.6,6.0,8.6,7.4,9.6,10.0,8.53,5.4,24,2.2,8.2,6.0,2,5,4.9,1.1,13,36.7,41,57,39.3,11.3,14.2,8.1,11.0,11.3,1.6,3.2
SUJ-4573,Finanzas,Buenos Aires,Técnico,Holding,Soltero,24,7,14,7986,1.52,21.9,51,5.1,6.2,5.7,1.7,6.6,5.8,5.18,7.3,13,6.5,6.8,7.2,2,1,5.9,4.0,11,20.5,53,63,33.8,15.1,24.1,12.8,9.1,2.1,1.6,1.4
SUJ-4574,Inmuebles,Medellín,Universitario,Empresa propia,Casado,19,7,9,15352,1.28,55.0,75,6.0,4.8,6.9,6.4,7.1,7.6,6.47,4.2,27,6.1,7.1,8.1,4,2,4.8,0.8,29,27.2,46,52,30.7,22.4,7.0,11.6,19.1,5.1,2.8,1.3
SUJ-4575,Inmuebles,Buenos Aires,Maestría,Startup escalada,Soltero,23,11,16,500,1.54,46.0,45,7.4,2.8,3.4,1.1,6.9,4.3,4.32,6.2,22,7.6,5.5,8.2,1,1,6.6,2.4,11,26.0,68,70,25.7,14.1,19.0,20.2,12.6,1.0,5.5,1.9
SUJ-4576,Finanzas,Cali,Maestría,E-commerce,Soltero,18,5,5,11798,3.97,48.6,70,5.0,9.4,6.1,5.5,8.1,5.0,6.52,7.4,12,7.2,7.3,7.7,1,2,8.0,5.7,80,36.2,40,72,19.7,24.9,16.4,10.9,13.1,11.3,3.0,0.7
SUJ-4577,Retail/Comercio,Caracas,Bachillerato,Franquicia,Casado,17,5,14,17133,1.62,25.1,84,8.5,6.8,7.8,5.7,9.6,9.1,7.92,8.8,38,6.2,7.1,5.6,0,1,3.8,4.8,83,33.3,32,56,35.3,19.8,18.6,5.9,9.0,7.5,2.1,1.8
SUJ-4578,Tecnología,Bogotá,Maestría,Empresa propia,Soltero,24,9,16,500,5.19,52.3,71,6.8,8.9,5.3,3.4,8.8,6.1,6.55,8.9,22,2.9,6.1,6.7,2,3,4.4,7.0,69,33.6,43,52,32.7,19.6,22.8,2.3,13.3,6.1,0.7,2.5
SUJ-4579,Salud/Farma,Bucaramanga,Universitario,Franquicia,Casado,26,16,25,6549,12.33,33.5,83,10.0,6.5,8.5,7.6,9.6,6.0,8.03,8.4,20,4.8,6.9,7.8,3,0,6.2,3.4,12,35.0,37,54,35.0,14.3,12.4,14.3,2.1,12.9,6.2,2.8
SUJ-4580,Manufactura,Cali,Bachillerato,Startup escalada,Unión libre,30,7,18,3428,4.9,42.1,66,7.1,7.4,7.5,4.7,7.1,8.7,7.08,4.9,14,6.3,6.2,8.6,3,1,5.7,2.6,9,24.8,40,49,21.2,24.5,10.8,17.6,9.6,7.3,4.3,4.7
SUJ-4581,Agroindustria,Bogotá,Maestría,Empresa propia,Unión libre,28,4,9,500,7.99,26.1,107,9.3,9.0,9.9,6.4,10.0,10.0,9.1,5.7,12,5.6,6.7,6.7,2,1,5.3,4.4,17,27.4,37,50,22.5,17.1,15.6,15.3,14.5,10.0,2.0,3.0
SUJ-4582,Finanzas,Lima,Maestría,Franquicia,Soltero,29,5,8,4326,6.84,52.0,87,8.2,6.4,7.2,7.1,9.9,6.5,7.55,7.0,23,5.4,7.8,10.0,1,1,5.4,1.3,161,42.3,52,49,30.4,25.1,12.7,8.8,13.1,5.2,2.2,2.5
SUJ-4583,Inmuebles,Caracas,Posgrado,Empresa familiar,Casado,25,5,11,8263,3.91,32.1,75,8.8,5.3,7.1,7.2,8.3,10.0,7.78,9.1,35,6.7,7.5,10.0,2,1,4.6,6.4,1,22.2,50,67,28.8,21.7,16.6,9.6,9.6,9.5,2.5,1.7
SUJ-4584,Inmuebles,São Paulo,Posgrado,Franquicia,Soltero,38,12,22,20107,1.0,5.9,95,10.0,5.0,10.0,5.6,10.0,7.3,7.98,8.5,30,7.0,8.0,4.3,2,1,6.1,5.7,16,20.9,29,65,33.1,24.0,9.1,11.9,10.8,7.2,1.9,2.0
SUJ-4585,Manufactura,Monterrey,Maestría,Franquicia,Unión libre,20,5,6,7751,8.4,4.0,91,9.9,6.3,9.4,8.2,10.0,7.0,8.47,7.6,16,9.4,7.7,9.3,0,0,7.2,2.5,5,23.4,26,51,27.2,21.7,18.6,16.4,12.0,1.3,1.9,0.9
SUJ-4586,Salud/Farma,Santiago,Maestría,E-commerce,Casado,24,8,14,15544,2.9,42.1,65,7.0,6.6,6.4,3.2,7.1,4.5,5.8,4.3,24,5.9,8.1,6.9,1,3,5.4,0.6,78,33.9,59,55,40.5,21.2,9.7,7.3,2.7,11.3,5.0,2.3
SUJ-4587,Finanzas,Cali,Maestría,Franquicia,Soltero,35,6,15,1036,2.12,54.7,79,6.8,6.6,8.7,3.5,9.9,7.3,7.13,8.6,50,7.9,6.3,7.4,2,1,3.5,6.4,168,35.3,42,72,25.6,19.0,26.5,3.5,12.5,7.6,3.6,1.7
SUJ-4588,Tecnología,Santiago,Posgrado,Empresa propia,Soltero,23,2,9,1891,5.42,64.0,68,6.3,5.2,3.8,5.0,9.0,8.5,6.3,6.5,18,6.2,6.3,8.1,2,3,4.7,2.7,26,33.9,41,57,28.9,20.0,12.6,10.6,14.3,6.0,4.2,3.4
SUJ-4589,Manufactura,Santiago,Doctorado,Empresa propia,Soltero,25,5,15,28130,3.57,36.1,85,9.1,7.0,10.0,6.4,6.7,6.4,7.6,6.3,23,4.7,6.8,6.0,0,1,5.7,0.2,2,23.0,46,66,34.0,13.5,19.3,16.9,6.9,5.2,1.5,2.7
SUJ-4590,Inmuebles,Caracas,Doctorado,E-commerce,Casado,28,1,2,17471,3.09,40.3,94,10.0,9.0,7.2,8.4,8.7,8.3,8.6,8.5,31,5.3,7.0,10.0,1,3,6.3,3.8,39,30.9,24,65,22.4,10.3,25.4,15.4,16.3,2.1,6.0,2.1
SUJ-4591,Manufactura,Caracas,Técnico,Startup escalada,Soltero,33,7,17,2145,2.29,37.0,52,4.1,3.0,6.1,3.7,4.9,6.1,4.65,6.3,19,5.9,7.6,6.9,2,2,5.1,4.7,1,19.2,55,61,18.6,8.8,23.6,9.9,16.4,15.4,5.2,2.1
SUJ-4592,Tecnología,Bogotá,Maestría,Empresa propia,Casado,26,9,13,7761,3.57,40.4,74,5.6,6.8,6.1,5.7,6.6,6.8,6.27,7.7,6,4.8,9.6,6.8,1,1,5.6,6.5,51,34.5,42,67,27.1,19.1,21.6,11.3,10.1,5.9,3.0,1.9
SUJ-4593,Retail/Comercio,Cali,Universitario,Empresa propia,Casado,20,3,2,3603,9.52,36.3,92,9.0,5.7,7.2,6.2,10.0,8.9,7.83,7.7,42,5.7,7.8,7.5,1,2,5.7,4.7,16,37.4,44,48,31.6,24.9,12.0,14.1,10.6,4.0,0.8,2.0
SUJ-4594,Finanzas,Monterrey,Universitario,Empresa propia,Unión libre,23,5,10,5057,5.35,54.4,83,8.7,3.4,9.5,9.2,8.1,9.3,8.03,10.0,20,8.3,6.9,5.0,5,4,6.4,5.1,190,35.7,25,58,25.2,19.6,11.9,17.4,9.8,8.6,4.7,2.8
SUJ-4595,Retail/Comercio,Lima,Posgrado,Startup escalada,Unión libre,29,2,5,15779,1.16,46.9,78,8.0,5.9,7.5,5.5,9.7,7.1,7.28,6.7,32,5.0,9.3,7.8,3,2,5.6,2.8,1,27.5,30,53,31.8,19.4,14.1,16.5,12.3,1.1,3.2,1.6
SUJ-4596,Manufactura,Barranquilla,Bachillerato,Empresa propia,Soltero,24,1,6,10645,1.0,4.0,87,9.2,6.7,8.6,5.9,9.9,7.4,7.95,8.6,18,3.2,8.3,4.9,2,1,5.3,0.0,7,14.8,42,64,24.7,14.6,15.4,18.6,14.9,2.7,6.6,2.5
SUJ-4597,Inmuebles,Bucaramanga,Posgrado,Startup escalada,Casado,23,1,2,2179,10.24,65.2,54,5.5,4.5,6.3,4.1,6.9,6.3,5.6,5.7,45,7.0,6.7,10.0,2,2,4.3,1.6,3,32.0,63,63,24.3,18.3,17.7,17.4,6.9,6.8,5.7,2.9
SUJ-4598,Finanzas,Santiago,Maestría,Empresa propia,Casado,20,9,15,3038,6.14,60.0,80,9.7,6.7,8.6,5.9,8.2,8.0,7.85,7.6,40,6.9,10.0,5.3,1,0,3.0,5.1,6,30.3,44,57,24.5,22.2,16.0,18.6,9.1,3.5,4.1,2.0
SUJ-4599,Retail/Comercio,Monterrey,Universitario,Empresa familiar,Unión libre,33,6,10,2736,1.0,32.0,89,10.0,8.1,9.2,4.2,8.7,9.6,8.3,6.8,20,6.4,7.5,7.5,2,0,6.1,2.5,27,19.3,24,60,28.7,22.3,15.9,11.8,7.5,4.4,6.6,2.8
SUJ-4600,Finanzas,Caracas,Universitario,E-commerce,Soltero,25,7,20,12137,7.72,34.8,80,8.9,5.8,9.0,5.0,7.9,9.0,7.6,7.6,23,7.1,10.0,4.4,1,0,4.5,3.8,1,28.2,48,53,33.9,25.7,11.6,7.8,12.5,2.3,3.7,2.5
SUJ-4601,Tecnología,CDMX,Doctorado,Holding,Soltero,25,14,21,5388,21.28,48.3,56,5.8,3.4,3.4,2.9,7.4,3.6,4.42,7.8,21,3.6,8.7,6.0,1,1,6.9,1.9,3,36.2,65,75,36.0,18.0,13.2,14.2,2.5,9.7,5.5,0.9
SUJ-4602,Inmuebles,CDMX,Universitario,Empresa propia,Soltero,30,10,17,24082,5.46,36.6,67,3.8,7.3,5.7,4.4,8.0,5.9,5.85,9.2,24,6.0,5.5,9.9,0,2,5.5,0.0,25,34.2,37,65,19.7,21.8,20.2,13.3,7.6,10.7,5.6,1.1
SUJ-4603,Servicios,Barranquilla,Universitario,Startup escalada,Soltero,17,9,14,13572,5.59,45.5,72,6.7,7.9,5.9,7.8,4.9,6.6,6.63,7.6,15,4.7,4.0,7.4,0,3,3.2,0.0,31,28.2,46,61,23.0,19.7,11.3,7.3,18.4,10.0,7.3,3.0
SUJ-4604,Finanzas,Barranquilla,Universitario,Empresa propia,Soltero,26,5,15,1897,6.74,69.5,61,6.8,5.7,7.8,2.1,8.7,5.9,6.17,6.0,19,9.7,10.0,10.0,2,3,5.8,5.7,26,41.2,56,62,26.6,13.1,15.4,11.1,14.7,14.1,4.1,0.9
SUJ-4605,Inmuebles,Barranquilla,Posgrado,Empresa propia,Soltero,35,13,21,12332,16.52,40.4,60,7.5,6.0,7.4,3.2,6.8,8.4,6.55,5.0,1,5.7,8.4,5.4,0,4,4.7,2.3,59,42.2,61,49,19.5,26.5,12.8,11.9,7.4,11.8,5.6,4.5
SUJ-4606,Servicios,São Paulo,Posgrado,Franquicia,Casado,25,11,22,5643,5.86,32.3,79,7.7,8.0,8.6,6.8,8.8,4.5,7.4,6.5,18,6.4,7.3,7.4,1,1,4.3,0.7,24,30.7,43,55,22.5,19.2,16.4,12.4,13.1,7.0,7.6,1.8
SUJ-4607,Servicios,Bucaramanga,Maestría,Startup escalada,Soltero,27,10,20,2341,6.24,24.9,95,9.3,9.1,7.6,6.1,10.0,8.6,8.45,8.9,16,1.1,8.1,5.5,2,1,5.0,1.7,112,35.2,42,52,23.4,20.2,16.4,18.6,12.2,6.6,2.6,-0.0
SUJ-4608,Tecnología,Bucaramanga,Universitario,Startup escalada,Casado,27,7,12,3612,3.58,38.2,47,7.5,2.9,3.6,5.3,4.7,4.0,4.67,8.3,17,2.0,8.2,6.8,1,2,4.9,3.1,207,32.0,70,73,25.7,19.3,11.4,10.8,19.0,8.5,3.2,2.1
SUJ-4609,Agroindustria,Lima,Maestría,E-commerce,Soltero,32,3,12,28640,1.94,8.3,66,5.6,5.5,4.4,6.8,6.0,8.0,6.05,6.9,30,9.3,6.4,7.0,1,4,5.0,2.9,1,18.5,51,52,27.6,6.8,16.9,21.0,11.0,4.6,7.4,4.7
SUJ-4610,Finanzas,Santiago,Posgrado,E-commerce,Unión libre,27,12,21,5292,129.38,61.6,63,5.3,3.4,7.0,2.7,6.4,5.5,5.05,6.5,20,6.0,6.5,8.1,4,0,3.0,4.5,28,52.6,49,68,41.2,15.1,14.6,12.4,3.2,6.7,5.8,1.0
SUJ-4611,Finanzas,Medellín,Universitario,Empresa propia,Unión libre,40,10,19,10172,64.09,58.0,93,6.7,8.1,6.6,5.3,10.0,10.0,7.78,7.2,36,4.8,8.6,7.4,2,0,5.1,6.4,36,41.0,41,62,28.2,18.1,20.1,17.1,5.2,5.4,2.8,3.1
SUJ-4612,Tecnología,São Paulo,Posgrado,Startup escalada,Casado,27,6,13,5186,5.06,43.8,82,9.5,7.7,9.0,8.7,9.0,8.0,8.65,5.6,17,4.9,4.3,6.8,0,4,4.9,3.9,18,24.7,43,55,27.0,16.8,12.7,18.1,12.2,6.9,3.6,2.7
SUJ-4613,Retail/Comercio,CDMX,Maestría,Startup escalada,Unión libre,23,6,7,3716,1.11,17.8,91,7.3,5.8,7.7,7.5,10.0,8.5,7.8,7.9,14,6.5,8.7,8.6,2,0,7.7,0.6,15,23.0,50,60,41.7,7.2,23.6,11.7,6.8,2.4,5.7,0.9
SUJ-4614,Tecnología,Bogotá,Posgrado,Holding,Soltero,35,2,8,12733,1.0,61.5,84,7.9,7.9,7.4,4.6,6.4,7.6,6.97,7.9,27,6.6,7.4,8.6,2,0,4.4,0.8,65,29.6,55,60,35.8,22.4,10.4,12.3,6.2,7.5,2.0,3.4
SUJ-4615,Finanzas,Bogotá,Bachillerato,Franquicia,Casado,24,10,16,15088,8.54,43.9,88,9.9,8.6,8.0,5.5,9.3,8.2,8.25,9.6,12,5.0,8.7,9.9,0,3,4.8,3.9,11,36.0,36,56,16.5,23.4,19.5,15.5,14.8,5.1,4.3,0.9
SUJ-4616,Finanzas,Barranquilla,Técnico,Empresa familiar,Soltero,22,7,13,596,1.0,37.0,76,9.5,8.5,5.7,6.9,7.1,5.4,7.18,8.6,21,6.5,7.9,5.2,0,1,5.4,2.0,3,21.4,42,61,27.8,21.8,13.7,4.9,12.4,11.7,6.0,1.7
SUJ-4617,Inmuebles,Buenos Aires,Universitario,Startup escalada,Soltero,18,8,18,2616,2.57,36.5,79,8.1,6.5,9.0,6.0,9.9,6.1,7.6,4.2,6,4.8,6.6,5.8,4,2,5.3,2.1,6,24.3,48,56,22.3,22.1,15.0,12.6,11.3,11.0,5.7,-0.0
SUJ-4618,Servicios,CDMX,Universitario,Holding,Soltero,28,10,14,5672,1.05,31.6,79,6.7,7.3,6.1,6.4,8.2,7.1,6.97,9.0,15,6.8,8.4,10.0,1,4,5.6,3.0,27,31.9,52,66,31.5,20.8,14.6,5.9,11.1,10.7,1.7,3.7
SUJ-4619,Finanzas,Medellín,Posgrado,Empresa propia,Casado,23,9,15,3044,1.42,32.7,73,7.9,8.0,6.9,5.0,7.0,8.3,7.18,7.9,36,8.6,9.3,10.0,1,6,5.2,1.6,61,26.5,24,54,23.9,17.2,22.5,17.1,11.8,2.2,4.3,1.0
SUJ-4620,Servicios,São Paulo,Bachillerato,E-commerce,Soltero,21,3,9,12244,1.96,17.4,72,6.1,4.7,8.6,5.1,7.7,8.5,6.78,7.1,29,5.4,7.8,8.7,2,1,4.3,2.3,8,18.8,46,54,23.8,21.8,16.6,15.0,13.5,6.9,1.2,1.2
SUJ-4621,Servicios,Medellín,Maestría,E-commerce,Casado,22,7,15,974,6.86,32.3,79,8.0,6.5,5.0,7.6,6.8,5.8,6.62,7.6,16,6.3,5.6,8.6,1,2,6.2,3.4,3,27.0,53,54,30.2,14.8,11.2,20.7,12.9,5.1,3.1,2.0
SUJ-4622,Inmuebles,Bogotá,Universitario,Franquicia,Soltero,23,8,20,12787,72.64,53.7,78,6.7,5.0,5.8,7.1,8.7,8.9,7.03,7.8,26,5.4,6.9,7.5,1,2,5.2,1.0,1,38.0,52,67,32.8,23.1,13.9,3.4,17.1,5.7,1.9,2.1
SUJ-4623,Tecnología,Buenos Aires,Universitario,Empresa propia,Unión libre,30,9,17,7696,16.16,56.5,75,6.9,6.5,6.7,3.9,7.1,7.8,6.48,8.5,26,1.5,8.1,8.3,1,2,4.8,4.0,111,47.5,42,64,33.3,8.7,10.4,19.6,7.2,14.9,3.4,2.5
SUJ-4624,Manufactura,Medellín,Posgrado,Franquicia,Casado,28,1,9,2732,6.36,17.7,75,10.0,6.2,7.3,5.3,7.1,8.3,7.37,6.7,31,8.1,8.7,8.8,3,1,4.6,3.5,4,31.0,48,60,20.9,20.5,12.3,17.7,14.7,7.1,4.6,2.2
SUJ-4625,Agroindustria,CDMX,Universitario,E-commerce,Soltero,25,3,5,3378,2.09,7.7,82,9.5,6.1,8.7,7.5,8.9,8.0,8.12,8.7,7,4.9,6.8,10.0,1,2,5.1,3.9,12,24.6,27,63,27.2,18.9,16.5,18.1,7.9,4.4,5.9,1.1
SUJ-4626,Manufactura,Santiago,Maestría,Franquicia,Soltero,29,9,10,1615,1.0,24.8,71,6.5,7.0,7.3,1.9,5.6,8.4,6.12,10.0,0,5.1,8.7,8.6,0,0,6.6,5.4,14,25.5,51,57,33.5,20.5,6.3,14.8,13.8,4.4,4.9,1.8
SUJ-4627,Finanzas,Monterrey,Técnico,Empresa propia,Casado,25,9,16,2328,3.43,47.6,56,5.7,4.1,6.6,1.8,6.3,5.1,4.93,5.8,21,7.1,10.0,7.2,3,0,4.1,2.9,16,30.7,71,65,22.4,17.5,15.7,18.7,9.8,9.8,4.5,1.6
SUJ-4628,Retail/Comercio,Buenos Aires,Universitario,Startup escalada,Soltero,27,13,18,10106,1.0,4.0,75,8.5,5.9,7.9,8.1,7.7,7.4,7.58,6.4,17,9.9,6.4,6.2,4,1,6.8,3.0,180,23.5,58,43,30.5,11.5,16.0,11.4,13.3,11.0,5.4,0.9
SUJ-4629,Manufactura,Medellín,Maestría,E-commerce,Casado,21,1,9,3771,1.38,4.0,60,5.9,6.9,7.1,4.9,8.6,5.0,6.4,7.3,24,7.7,9.0,5.1,0,2,5.5,1.8,46,21.9,44,66,29.7,19.7,10.9,18.8,8.2,6.5,5.0,1.2
SUJ-4630,Retail/Comercio,Caracas,Posgrado,Empresa propia,Casado,22,10,14,9304,4.93,4.0,86,10.0,9.8,6.3,6.4,10.0,6.6,8.18,5.3,34,5.6,9.6,7.7,0,1,5.1,2.9,54,30.8,35,55,30.2,18.5,13.8,12.7,17.7,2.3,0.8,4.0
SUJ-4631,Tecnología,Buenos Aires,Universitario,Empresa propia,Soltero,26,8,19,5774,20.97,52.6,64,5.2,7.5,5.9,6.1,6.5,2.6,5.63,7.2,26,7.7,9.0,9.2,1,0,5.4,0.6,7,41.7,64,60,25.4,12.6,17.9,5.9,22.3,9.8,4.6,1.5
SUJ-4632,Finanzas,Buenos Aires,Universitario,Startup escalada,Soltero,26,3,5,1256,1.96,62.8,66,6.9,6.2,6.5,2.7,6.6,5.9,5.8,8.8,32,7.2,9.9,9.8,1,0,5.6,1.5,21,32.4,52,58,35.7,16.7,19.1,12.6,6.7,5.1,2.4,1.7
SUJ-4633,Inmuebles,Santiago,Maestría,Startup escalada,Soltero,32,1,6,5530,1.0,44.5,78,6.9,7.6,7.9,6.3,9.1,7.8,7.6,7.3,22,5.9,8.1,10.0,2,1,5.9,2.2,8,27.3,47,54,21.2,18.3,18.7,22.2,10.2,6.8,1.7,0.9
SUJ-4634,Servicios,CDMX,Doctorado,Empresa propia,Soltero,28,10,15,11300,1.02,4.2,72,7.7,6.6,6.8,7.0,8.1,8.3,7.42,5.5,22,8.2,5.9,8.5,1,1,4.6,0.6,2,9.7,31,56,21.4,18.8,12.5,14.1,24.3,4.0,4.0,0.9
SUJ-4635,Tecnología,São Paulo,Maestría,Empresa familiar,Soltero,23,3,13,2826,11.7,39.6,88,9.1,4.7,8.0,6.2,10.0,10.0,8.0,8.8,31,7.8,7.3,6.6,0,2,7.1,0.0,40,34.1,52,61,21.0,25.5,20.3,11.3,6.7,10.1,3.7,1.4
SUJ-4636,Agroindustria,Bogotá,Universitario,Empresa propia,Soltero,18,2,7,8354,1.27,4.0,69,7.2,3.9,6.3,7.6,8.1,9.9,7.17,7.9,31,10.0,5.7,9.7,1,2,5.9,3.4,5,21.1,48,66,28.8,15.1,23.6,7.1,9.8,11.0,4.6,-0.0
SUJ-4637,Finanzas,Caracas,Doctorado,Empresa familiar,Soltero,31,8,12,1775,3.09,49.3,68,7.7,5.6,6.9,7.7,8.0,6.4,7.05,8.3,33,5.3,7.5,5.6,2,3,4.8,4.5,1,27.4,49,59,44.0,12.2,7.6,13.6,10.6,8.0,2.0,2.0
SUJ-4638,Manufactura,Santiago,Bachillerato,Empresa propia,Soltero,27,7,13,1166,2.15,37.8,62,7.0,8.0,9.6,6.8,8.0,5.7,7.52,8.4,24,6.3,6.9,6.9,1,4,5.3,0.9,16,25.2,39,49,29.7,15.8,7.3,19.0,15.0,8.0,2.2,3.0
SUJ-4639,Inmuebles,Medellín,Bachillerato,Empresa propia,Unión libre,31,9,12,3573,1.0,47.6,56,4.7,3.6,6.1,5.1,8.5,10.0,6.33,8.7,15,9.8,9.5,6.8,1,0,4.9,3.0,30,26.5,42,65,27.0,15.0,16.3,16.0,13.4,5.8,5.6,0.9
SUJ-4640,Inmuebles,Barranquilla,Maestría,Franquicia,Casado,28,8,14,3943,8.75,22.2,65,6.9,6.7,5.1,5.1,7.7,6.8,6.38,7.4,21,4.5,7.4,7.7,0,1,4.2,0.0,145,33.3,63,69,36.7,9.2,19.9,11.0,5.8,10.9,2.9,3.6
SUJ-4641,Agroindustria,Santiago,Universitario,Empresa propia,Casado,36,19,25,11450,1.57,20.8,78,7.7,5.0,9.0,5.5,9.5,6.5,7.2,7.9,30,5.4,8.0,9.4,1,2,5.3,2.2,32,24.3,50,80,34.1,6.9,13.3,21.0,10.8,12.1,0.0,1.8
SUJ-4642,Finanzas,Barranquilla,Bachillerato,E-commerce,Soltero,24,9,25,4930,17.89,37.7,90,9.1,8.7,6.1,6.8,9.6,7.8,8.02,8.1,31,5.6,9.5,7.6,2,1,4.9,4.9,232,43.9,27,73,25.0,23.5,16.0,9.7,10.3,6.4,7.0,2.1
SUJ-4643,Servicios,Cali,Universitario,Startup escalada,Soltero,26,9,13,677,5.01,22.4,84,10.0,7.8,8.5,7.8,8.3,7.5,8.32,8.0,18,6.5,5.4,6.6,0,2,5.4,1.3,95,26.8,36,71,33.5,16.3,14.7,12.7,10.4,7.2,4.3,0.9
SUJ-4644,Tecnología,Bogotá,Universitario,Startup escalada,Casado,30,3,9,8040,4.35,43.5,65,7.0,4.1,6.7,3.5,8.3,7.5,6.18,7.2,16,8.1,10.0,8.4,0,3,6.0,0.0,35,34.6,62,51,19.1,16.9,24.7,11.7,13.2,7.7,3.4,3.3
SUJ-4645,Inmuebles,CDMX,Maestría,Franquicia,Casado,31,13,20,5067,5.34,23.9,74,9.7,6.5,9.6,6.1,7.6,7.2,7.78,7.9,27,7.3,7.8,6.1,3,1,5.8,5.2,29,31.4,41,48,26.9,11.7,11.5,16.5,16.7,8.9,7.2,0.6
SUJ-4646,Inmuebles,Monterrey,Posgrado,Franquicia,Soltero,27,5,12,3223,4.05,13.2,73,5.2,7.2,7.6,6.7,6.9,7.0,6.77,5.2,7,3.7,7.4,8.0,0,1,4.1,0.6,3,19.6,57,60,26.2,13.9,16.9,12.4,11.5,12.1,3.7,3.3
SUJ-4647,Manufactura,Buenos Aires,Universitario,Empresa propia,Soltero,17,3,13,12964,1.79,4.0,88,8.0,7.7,10.0,5.6,9.0,9.8,8.35,8.4,12,6.9,7.0,8.8,1,2,5.1,1.4,8,19.5,45,67,26.4,15.2,19.1,15.1,9.8,9.8,3.6,1.0
SUJ-4648,Finanzas,Barranquilla,Posgrado,Empresa propia,Casado,17,6,19,1341,7.97,42.8,90,8.7,9.1,8.6,6.8,10.0,8.4,8.6,7.6,24,8.3,7.1,6.3,2,3,4.1,4.5,194,42.8,43,50,31.5,17.2,14.4,15.2,7.4,9.0,3.3,2.0
SUJ-4649,Servicios,Monterrey,Doctorado,Holding,Casado,23,8,11,19554,7.57,26.8,46,7.4,5.4,5.8,5.1,5.8,4.8,5.72,6.6,18,8.4,9.7,5.6,3,2,4.2,3.5,82,34.8,51,63,39.3,21.4,4.4,14.1,14.1,3.3,1.6,1.8
SUJ-4650,Tecnología,Monterrey,Maestría,Empresa propia,Soltero,26,5,13,3252,2.72,55.3,91,6.3,10.0,7.8,7.6,10.0,7.9,8.27,5.0,21,10.0,7.5,7.5,5,1,4.1,1.2,4,25.6,41,47,25.3,26.8,10.3,14.3,7.7,9.5,4.8,1.3
SUJ-4651,Tecnología,Barranquilla,Universitario,Holding,Casado,17,3,8,4943,2.03,31.4,51,6.9,6.8,5.1,3.7,7.4,6.9,6.13,7.6,15,8.2,7.7,6.3,2,2,4.3,3.5,19,22.0,62,73,30.5,9.9,19.9,12.1,17.8,6.0,1.0,2.8
SUJ-4652,Inmuebles,Monterrey,Doctorado,E-commerce,Casado,25,3,10,21186,2.03,4.0,76,8.4,7.2,8.4,4.7,10.0,8.8,7.92,5.7,22,2.9,7.1,6.2,1,3,4.3,0.3,28,23.6,44,52,22.4,19.2,17.0,19.5,6.0,8.3,5.3,2.3
SUJ-4653,Retail/Comercio,Buenos Aires,Maestría,Empresa propia,Unión libre,29,7,17,11458,1.67,27.3,44,5.8,5.4,6.8,2.4,5.6,5.4,5.23,5.8,23,6.1,8.1,6.7,2,1,3.2,0.0,2,19.6,69,53,19.5,24.2,14.6,14.6,15.4,6.3,2.9,2.5
SUJ-4654,Servicios,São Paulo,Bachillerato,E-commerce,Casado,25,9,21,617,1.0,5.9,86,8.2,6.9,5.8,6.5,10.0,8.3,7.62,4.2,27,5.3,7.0,8.9,1,1,5.1,4.1,65,17.9,54,51,15.2,13.4,23.9,25.0,7.7,1.5,9.5,3.8
SUJ-4655,Finanzas,Lima,Bachillerato,Empresa propia,Soltero,27,9,18,6907,4.62,41.8,68,7.4,6.5,9.8,6.0,9.5,8.4,7.93,9.4,17,5.4,6.9,7.0,2,3,4.5,2.9,24,26.6,43,68,21.3,23.1,21.6,7.5,10.2,11.4,2.1,2.8
SUJ-4656,Tecnología,Cali,Técnico,Franquicia,Casado,29,1,8,2972,5.61,36.0,81,8.2,7.7,8.5,6.2,7.3,6.2,7.35,5.3,36,5.8,8.0,5.4,0,3,4.5,6.5,12,27.6,49,59,15.8,8.7,27.1,8.0,18.7,14.8,4.4,2.5
SUJ-4657,Servicios,Barranquilla,Maestría,Startup escalada,Casado,17,4,14,5682,2.36,4.0,68,6.3,5.3,6.4,4.4,9.4,8.5,6.72,9.5,15,7.7,8.7,8.1,2,1,4.9,4.2,20,28.3,58,63,34.3,16.0,18.2,10.7,9.6,7.2,3.9,0.1
SUJ-4658,Retail/Comercio,Buenos Aires,Universitario,Franquicia,Casado,29,10,13,10868,7.03,44.8,85,9.7,9.1,8.8,7.2,7.5,8.9,8.53,9.5,18,5.0,5.0,8.4,2,1,5.4,0.0,10,30.8,28,55,27.1,23.0,15.0,9.8,12.4,4.1,5.7,2.9
SUJ-4659,Tecnología,Caracas,Posgrado,Empresa propia,Casado,21,5,8,5484,4.32,58.8,50,5.8,4.2,4.8,4.1,7.8,4.2,5.15,6.9,44,5.7,7.9,8.5,0,1,6.4,6.1,146,35.1,69,66,20.8,30.4,17.3,4.3,13.6,7.2,6.4,0.0
SUJ-4660,Inmuebles,Bogotá,Técnico,Holding,Unión libre,24,7,14,589,1.31,31.4,81,7.2,7.3,8.9,5.1,9.3,5.9,7.28,7.0,4,2.4,7.5,8.0,2,2,4.6,2.4,43,24.1,38,61,22.8,14.3,23.1,18.8,11.4,6.3,1.0,2.3
SUJ-4661,Retail/Comercio,Barranquilla,Doctorado,Empresa propia,Soltero,22,17,27,6039,62.74,40.8,78,8.9,6.4,8.6,4.6,8.5,7.0,7.33,7.6,29,2.3,8.0,6.6,1,2,4.7,2.2,27,46.1,52,60,21.1,17.2,21.9,12.0,17.6,8.8,0.0,1.4
SUJ-4662,Manufactura,São Paulo,Universitario,Holding,Soltero,32,1,6,500,2.51,25.0,77,7.6,8.5,7.8,5.6,7.4,7.6,7.42,6.3,23,7.3,9.3,9.3,4,1,4.2,0.8,30,24.3,47,58,33.8,6.4,15.1,16.2,10.6,10.1,5.7,2.1
SUJ-4663,Retail/Comercio,Buenos Aires,Maestría,Franquicia,Casado,18,6,11,3426,8.27,23.1,79,7.6,4.9,6.5,5.6,7.3,8.9,6.8,7.1,19,7.4,9.3,5.2,1,2,5.5,5.3,1,37.7,46,57,18.8,18.8,19.7,12.4,12.3,10.7,4.7,2.6
SUJ-4664,Servicios,Buenos Aires,Doctorado,Franquicia,Soltero,34,9,8,5201,5.59,45.3,88,6.8,5.7,8.4,6.2,9.1,9.5,7.62,6.2,41,6.2,9.8,5.6,3,2,6.5,0.4,8,32.7,46,61,25.2,19.1,13.6,19.0,13.3,5.1,4.8,-0.1
SUJ-4665,Servicios,Caracas,Bachillerato,Startup escalada,Soltero,40,3,17,8277,9.6,46.2,86,8.1,6.4,8.5,8.6,8.8,9.1,8.25,6.1,13,9.3,7.6,7.8,3,2,4.1,1.5,11,37.1,38,42,30.3,15.1,21.4,12.2,9.1,4.7,4.4,2.8
SUJ-4666,Inmuebles,Santiago,Universitario,Holding,Soltero,17,6,11,5645,4.37,17.6,53,5.3,4.4,7.0,5.0,5.7,6.8,5.7,10.0,35,6.8,7.2,8.1,1,3,5.7,2.4,1,15.9,46,74,26.8,24.0,8.0,11.6,16.1,6.9,6.0,0.6
SUJ-4667,Tecnología,Lima,Bachillerato,Empresa propia,Casado,22,2,2,1318,2.25,56.2,74,8.0,6.5,6.6,6.1,7.8,9.1,7.35,8.0,25,2.5,8.4,4.9,3,3,6.0,3.7,54,34.5,40,58,22.9,18.2,18.5,20.2,6.4,6.7,5.7,1.4
SUJ-4668,Servicios,São Paulo,Maestría,Empresa propia,Soltero,29,9,16,21531,1.24,24.1,77,7.3,4.9,7.1,5.3,9.4,10.0,7.33,8.3,24,7.9,8.5,5.6,2,3,5.6,2.4,42,26.6,37,68,24.9,11.5,16.4,32.0,4.2,1.5,7.9,1.6
SUJ-4669,Manufactura,Barranquilla,Posgrado,Startup escalada,Casado,20,4,12,8405,1.37,36.9,71,10.0,6.5,8.9,6.2,9.8,6.6,8.0,6.9,14,2.2,8.2,7.5,0,1,5.7,1.9,2,18.6,33,66,23.3,11.8,18.0,22.9,7.1,8.9,6.4,1.6
SUJ-4670,Manufactura,Caracas,Bachillerato,Empresa propia,Soltero,24,5,10,3049,2.6,10.0,74,5.8,4.7,9.7,5.2,7.9,7.4,6.78,6.4,17,10.0,4.8,7.7,1,3,4.5,5.7,2,16.5,46,66,33.9,17.2,8.2,11.8,15.0,6.5,5.6,1.8
SUJ-4671,Finanzas,CDMX,Técnico,E-commerce,Soltero,27,10,13,27036,20.79,66.0,79,6.8,6.9,7.8,8.6,8.8,6.5,7.57,5.8,10,9.2,6.9,9.6,0,2,4.4,1.2,12,39.8,48,53,46.4,6.6,16.9,6.8,2.6,11.2,7.5,2.0
SUJ-4672,Servicios,Buenos Aires,Universitario,Holding,Soltero,21,9,18,17135,4.65,9.2,83,7.8,8.6,9.8,8.4,7.9,8.2,8.45,8.1,30,10.0,9.0,5.1,3,1,6.9,7.0,2,24.3,29,71,24.2,17.2,13.0,15.4,14.6,6.4,7.0,2.2
SUJ-4673,Inmuebles,Cali,Doctorado,E-commerce,Soltero,26,10,19,1239,1.58,29.8,80,8.5,7.9,7.8,4.5,8.4,6.9,7.33,6.5,37,8.7,9.2,6.1,0,1,4.8,1.3,13,24.2,33,53,25.9,12.6,12.7,16.0,18.2,9.6,4.5,0.5
SUJ-4674,Tecnología,Santiago,Posgrado,Startup escalada,Casado,31,13,21,8523,6.23,36.5,84,8.1,6.6,6.5,5.3,8.4,10.0,7.48,8.5,20,8.1,8.5,5.4,0,3,5.0,4.9,11,32.4,32,62,27.5,14.5,15.8,18.1,8.4,9.0,3.8,2.9
SUJ-4675,Retail/Comercio,Buenos Aires,Maestría,Holding,Unión libre,25,7,10,6569,4.62,20.9,99,8.9,7.3,8.3,9.5,10.0,9.5,8.92,6.6,25,9.1,8.0,4.2,0,2,5.5,4.1,10,24.5,26,55,21.5,20.0,18.7,10.2,13.9,8.5,4.9,2.3
SUJ-4676,Servicios,Barranquilla,Universitario,Holding,Casado,19,15,19,1713,3.6,7.6,70,5.9,9.4,6.1,5.3,7.0,5.7,6.57,8.5,33,6.6,6.7,6.6,0,2,5.4,5.7,7,24.0,43,56,5.0,28.0,22.6,11.4,21.4,4.3,5.9,1.4
SUJ-4677,Tecnología,Medellín,Bachillerato,Startup escalada,Soltero,32,7,12,2127,1.0,39.0,70,7.7,7.0,6.5,6.1,8.4,6.4,7.02,8.3,15,3.7,8.1,8.1,4,5,6.1,2.6,13,18.7,39,63,24.6,20.6,18.5,2.7,13.5,11.3,6.0,2.8
SUJ-4678,Salud/Farma,Buenos Aires,Doctorado,Holding,Casado,34,12,17,6636,13.4,37.5,82,10.0,7.8,7.5,5.8,7.9,7.6,7.77,10.0,21,7.9,8.6,6.7,5,5,3.5,4.7,39,39.2,39,67,31.3,24.8,5.0,11.7,13.8,4.2,5.4,3.8
SUJ-4679,Manufactura,Bucaramanga,Bachillerato,Franquicia,Soltero,28,7,15,3100,1.63,24.2,72,6.1,7.6,10.0,2.1,10.0,5.6,6.9,6.5,31,9.0,9.8,7.9,1,1,3.6,1.0,2,18.6,44,57,18.7,21.8,14.3,14.7,16.4,7.8,3.5,2.8
SUJ-4680,Manufactura,Medellín,Doctorado,Franquicia,Soltero,20,10,15,14406,11.67,52.7,68,8.0,6.7,5.9,3.9,8.6,7.0,6.68,6.8,32,9.6,6.3,7.3,2,1,4.5,2.7,5,35.9,52,52,14.5,25.7,14.2,20.3,14.4,9.3,0.9,0.7
SUJ-4681,Finanzas,Buenos Aires,Universitario,Holding,Soltero,20,5,8,822,7.25,45.0,66,9.0,6.6,5.3,5.7,7.7,8.3,7.1,7.3,30,3.7,9.0,5.7,2,1,4.7,2.7,10,31.9,35,56,28.1,24.7,11.5,3.4,14.2,13.4,0.5,4.2
SUJ-4682,Finanzas,Monterrey,Bachillerato,Startup escalada,Casado,17,12,19,19630,8.39,37.1,81,8.5,7.3,9.6,6.2,10.0,6.1,7.95,9.1,13,0.2,9.7,6.3,0,1,4.8,1.6,33,38.3,36,77,29.6,12.0,18.7,16.7,14.7,2.9,2.0,3.4
SUJ-4683,Agroindustria,São Paulo,Posgrado,Empresa propia,Soltero,22,11,25,14688,6.59,12.0,78,8.4,7.1,5.4,5.7,9.6,8.3,7.42,7.5,29,7.7,6.9,9.1,0,2,5.1,0.8,6,26.5,41,53,18.2,25.5,23.0,2.2,18.7,10.1,1.9,0.4
SUJ-4684,Finanzas,Buenos Aires,Doctorado,Empresa propia,Soltero,32,6,9,10734,3.97,45.9,97,9.4,7.6,9.5,7.3,10.0,6.5,8.38,5.6,11,8.1,8.4,8.8,2,1,4.2,3.0,232,36.5,30,47,30.2,15.9,22.4,11.2,7.8,7.4,5.0,0.1
SUJ-4685,Inmuebles,Bogotá,Doctorado,Empresa familiar,Unión libre,21,7,11,2436,1.0,36.1,58,8.4,5.2,6.1,3.2,5.7,7.1,5.95,9.5,38,3.1,5.1,8.6,3,2,5.9,5.5,25,14.7,41,60,23.9,25.4,14.1,9.0,10.7,8.4,5.9,2.6
SUJ-4686,Finanzas,Monterrey,Técnico,E-commerce,Soltero,20,3,9,10040,3.52,42.5,59,7.4,7.3,5.7,3.1,8.3,5.0,6.13,5.7,6,5.2,8.4,7.1,0,2,6.2,4.8,25,32.1,64,54,36.5,16.9,5.7,8.0,16.7,10.7,5.2,0.3
SUJ-4687,Tecnología,Barranquilla,Universitario,Empresa propia,Unión libre,32,10,19,4620,7.5,34.4,73,9.0,7.4,6.1,3.2,9.4,9.1,7.37,7.4,27,6.4,8.4,6.3,2,5,5.7,1.5,65,33.2,51,60,20.0,21.1,11.7,17.0,10.7,6.5,9.2,3.8
SUJ-4688,Tecnología,Cali,Posgrado,Holding,Unión libre,32,10,18,8035,74.53,65.5,62,7.0,4.5,5.0,5.1,6.8,7.7,6.02,6.3,18,5.6,6.8,8.2,1,1,4.6,2.4,20,46.0,33,54,40.1,10.7,17.1,10.2,6.1,9.4,3.3,3.1
SUJ-4689,Retail/Comercio,Medellín,Posgrado,Empresa familiar,Casado,22,2,8,2998,4.35,45.5,48,6.4,5.8,6.3,5.4,6.8,5.9,6.1,6.3,24,3.7,7.4,7.0,1,1,6.3,1.5,45,31.3,51,53,19.6,25.8,14.7,16.7,12.9,6.4,0.5,3.4
SUJ-4690,Salud/Farma,CDMX,Maestría,Startup escalada,Soltero,29,15,19,14456,1.04,20.7,67,6.9,5.8,8.4,6.5,5.4,6.7,6.62,5.9,8,8.3,9.4,6.8,0,1,5.0,2.6,2,20.8,48,55,16.0,29.1,19.2,16.0,5.6,7.2,5.7,1.2
SUJ-4691,Finanzas,Santiago,Universitario,Holding,Casado,20,8,21,500,30.78,68.9,102,10.0,7.4,8.5,9.0,8.7,8.6,8.7,8.7,12,6.4,6.9,7.8,1,1,5.6,1.5,14,43.1,37,79,27.9,23.6,14.0,10.7,2.8,13.2,2.9,4.9
SUJ-4692,Finanzas,Caracas,Doctorado,Empresa propia,Soltero,23,6,16,9407,4.68,41.0,106,9.8,9.2,9.5,5.3,10.0,10.0,8.97,7.3,28,7.0,8.6,5.7,3,0,4.3,2.8,30,33.2,50,60,28.0,10.2,9.0,19.1,12.2,12.1,7.0,2.4
SUJ-4693,Finanzas,Cali,Posgrado,Startup escalada,Soltero,17,11,23,14111,980.0,62.7,80,10.0,5.7,6.2,5.6,9.9,8.0,7.57,6.8,25,7.7,4.4,9.5,3,3,3.9,0.6,23,63.8,36,48,34.7,21.3,14.3,8.0,12.5,5.3,2.5,1.4
SUJ-4694,Retail/Comercio,Monterrey,Maestría,E-commerce,Casado,28,5,13,8317,8.68,15.1,57,7.1,4.0,6.2,5.3,7.3,6.6,6.08,9.1,31,10.0,6.8,8.0,0,7,5.3,3.5,59,32.4,59,65,34.8,16.8,13.8,15.9,13.1,5.1,0.0,0.5
SUJ-4695,Retail/Comercio,Santiago,Posgrado,Startup escalada,Soltero,25,12,18,1705,11.53,61.6,62,6.3,7.2,5.6,5.1,7.3,5.4,6.15,9.0,22,5.3,9.5,9.1,2,0,6.8,5.1,289,51.0,49,63,19.3,16.3,16.8,19.6,14.9,5.2,6.1,1.8
SUJ-4696,Servicios,Medellín,Universitario,Empresa propia,Soltero,21,2,9,2683,1.08,4.0,74,8.6,4.8,7.6,5.3,8.5,9.2,7.33,7.3,0,9.0,8.4,7.0,2,1,5.5,3.6,151,27.9,44,63,26.2,10.0,26.5,15.2,11.4,7.1,2.9,0.7
SUJ-4697,Retail/Comercio,CDMX,Doctorado,Empresa propia,Casado,25,6,18,5787,1.0,13.0,65,6.4,6.0,6.5,6.3,7.7,8.7,6.93,6.6,30,7.5,9.3,7.0,2,4,6.3,2.4,26,18.4,41,62,29.2,12.9,19.7,12.1,11.3,5.1,9.0,0.7
SUJ-4698,Retail/Comercio,Bucaramanga,Posgrado,Franquicia,Casado,24,6,14,3197,2.31,59.2,75,6.2,7.6,5.7,8.3,7.6,7.1,7.08,6.2,30,4.5,7.6,6.9,1,1,5.7,6.2,40,28.0,57,64,19.2,35.3,15.3,9.3,11.2,5.4,2.7,1.6
SUJ-4699,Tecnología,Bucaramanga,Maestría,Empresa propia,Soltero,21,5,5,500,1.0,28.4,73,7.1,5.3,7.4,3.6,9.0,7.4,6.63,7.8,40,6.2,6.6,6.0,0,2,4.4,2.8,2,15.4,56,50,25.6,19.6,16.5,14.7,11.0,5.6,4.7,2.3
SUJ-4700,Salud/Farma,São Paulo,Doctorado,Holding,Soltero,28,4,15,500,2.57,23.2,56,5.8,6.6,5.9,6.6,7.5,6.1,6.42,5.2,22,8.4,9.1,6.3,1,2,5.0,2.7,5,27.1,68,53,21.1,19.7,12.8,13.7,11.6,12.1,6.0,3.0
SUJ-4701,Finanzas,CDMX,Posgrado,Empresa familiar,Soltero,24,5,16,11680,3.34,40.7,72,6.1,7.1,6.3,5.2,10.0,7.5,7.03,7.0,4,6.3,9.5,6.6,2,0,6.0,3.4,21,32.1,58,62,31.6,14.3,13.2,14.3,12.9,7.0,3.3,3.4
SUJ-4702,Tecnología,Santiago,Posgrado,Holding,Soltero,25,5,15,699,6.13,52.8,79,8.7,10.0,8.9,6.3,9.5,6.9,8.38,5.1,15,7.8,8.0,9.4,2,1,6.3,1.8,30,38.0,42,52,13.9,27.5,20.4,12.0,13.6,8.5,3.7,0.4
SUJ-4703,Manufactura,Barranquilla,Bachillerato,Startup escalada,Casado,17,5,6,21051,2.82,28.4,67,7.6,6.1,6.7,5.1,10.0,7.6,7.18,6.6,31,5.3,8.8,7.7,1,1,5.1,4.4,9,23.8,50,61,29.8,24.9,13.1,6.8,10.6,6.9,4.0,3.9
SUJ-4704,Manufactura,Santiago,Bachillerato,Franquicia,Casado,25,12,19,4677,6.19,21.5,85,8.6,9.6,8.7,5.0,8.7,7.0,7.93,10.0,24,3.0,8.6,6.0,5,2,3.2,4.1,29,29.4,34,70,17.6,28.2,13.2,13.8,6.0,11.0,7.7,2.5
SUJ-4705,Retail/Comercio,São Paulo,Universitario,Startup escalada,Casado,24,8,18,11356,5.82,38.8,73,8.6,4.8,9.8,6.0,9.5,7.7,7.73,7.2,36,3.4,9.0,7.8,0,5,5.8,0.5,23,28.3,34,64,30.7,18.2,15.4,8.2,14.1,9.0,1.2,3.2
SUJ-4706,Retail/Comercio,Buenos Aires,Universitario,Startup escalada,Soltero,21,6,12,1072,2.84,48.2,71,6.9,5.2,9.8,6.3,10.0,4.7,7.15,9.3,35,5.4,6.8,7.3,2,0,5.9,0.9,24,30.2,39,57,33.3,1.9,15.8,22.0,13.1,8.5,3.8,1.6
SUJ-4707,Inmuebles,Santiago,Universitario,Holding,Soltero,29,10,17,20884,3.0,23.6,73,5.8,7.8,5.5,5.0,6.8,8.2,6.52,7.0,11,8.0,8.5,7.5,2,1,5.7,4.1,12,29.9,60,63,27.3,27.5,19.6,9.1,4.8,2.1,6.3,3.3
SUJ-4708,Tecnología,Barranquilla,Universitario,E-commerce,Soltero,17,6,14,500,12.97,27.4,65,6.3,5.1,7.7,2.5,6.3,7.0,5.82,8.8,14,7.2,7.7,4.3,0,3,3.0,0.8,311,40.1,43,84,34.0,1.8,23.4,16.8,14.9,4.8,3.7,0.6
SUJ-4709,Servicios,Cali,Universitario,E-commerce,Soltero,23,4,7,500,4.78,12.7,78,7.0,6.1,7.4,6.3,8.9,7.0,7.12,5.4,12,7.5,9.1,7.2,1,1,4.9,1.2,13,25.2,49,58,27.3,17.6,13.8,11.5,13.2,8.8,6.4,1.4
SUJ-4710,Manufactura,Medellín,Universitario,Holding,Soltero,27,1,9,500,2.72,29.0,61,6.1,8.0,6.8,6.5,7.8,6.9,7.02,6.3,26,4.5,7.7,9.1,2,2,3.5,2.1,49,32.1,46,65,31.4,16.7,13.5,12.7,12.5,6.8,3.1,3.3
SUJ-4711,Retail/Comercio,Santiago,Técnico,Empresa propia,Soltero,38,10,13,873,2.83,30.7,105,10.0,9.5,10.0,7.7,10.0,10.0,9.53,9.3,6,5.2,8.5,8.2,1,1,4.9,1.0,19,31.0,24,57,31.9,19.6,16.0,13.3,10.8,3.0,4.1,1.3
SUJ-4712,Retail/Comercio,Caracas,Bachillerato,Startup escalada,Soltero,17,1,7,5337,1.0,40.7,100,10.0,8.9,10.0,6.8,9.9,10.0,9.27,7.2,19,4.1,8.1,6.7,5,2,6.0,3.7,92,30.7,38,68,31.5,24.7,17.8,8.7,11.8,3.6,2.0,-0.1
SUJ-4713,Finanzas,Medellín,Posgrado,Empresa familiar,Casado,26,1,5,12419,4.18,74.2,71,5.6,6.6,7.0,6.7,5.8,8.0,6.62,6.2,25,4.7,5.7,10.0,0,0,6.0,3.3,27,29.5,59,60,39.7,12.2,11.0,13.7,13.0,4.1,3.5,2.8
SUJ-4714,Inmuebles,Monterrey,Posgrado,Franquicia,Casado,29,9,18,2683,12.77,34.7,80,9.4,7.3,9.2,5.9,9.1,8.6,8.25,8.2,40,9.4,8.3,7.1,3,4,5.3,3.5,75,39.3,39,57,18.6,10.9,27.5,16.4,11.1,7.3,4.8,3.4
SUJ-4715,Retail/Comercio,Bucaramanga,Universitario,Holding,Casado,26,7,15,10956,1.0,22.7,80,6.8,4.6,7.1,5.7,8.9,9.4,7.08,7.3,23,7.2,6.0,8.0,0,3,6.5,1.2,16,21.5,50,57,32.5,18.5,18.7,10.0,4.9,9.4,4.6,1.4
SUJ-4716,Finanzas,Bucaramanga,Posgrado,Holding,Soltero,18,12,20,11899,10.4,37.9,80,8.8,7.1,8.1,6.0,9.3,9.1,8.07,8.6,13,5.2,8.9,6.9,0,1,5.6,5.1,17,31.8,29,54,27.6,21.3,18.0,13.6,8.3,7.0,3.5,0.7
SUJ-4717,Manufactura,Barranquilla,Maestría,Holding,Unión libre,23,4,11,19111,2.36,22.2,82,7.5,6.1,9.0,5.8,8.0,7.0,7.23,5.5,6,4.2,8.9,5.4,1,1,6.6,4.6,5,21.7,44,54,25.3,10.9,25.4,9.2,7.8,12.1,6.6,2.7
SUJ-4718,Salud/Farma,Monterrey,Universitario,E-commerce,Unión libre,17,10,18,1294,6.16,38.6,83,8.7,8.4,9.1,6.2,7.1,8.7,8.03,7.1,30,4.2,6.8,8.4,0,2,5.9,5.3,56,35.2,53,54,21.1,19.9,21.1,13.4,7.7,13.2,3.7,-0.1
SUJ-4719,Retail/Comercio,Bucaramanga,Posgrado,Startup escalada,Soltero,26,6,19,1165,1.0,19.9,82,10.0,6.1,5.6,6.7,10.0,7.8,7.7,7.4,30,5.4,6.2,9.4,2,2,5.5,2.0,5,18.9,58,52,23.4,18.1,18.6,17.0,9.3,6.9,4.6,2.1
SUJ-4720,Agroindustria,São Paulo,Doctorado,Franquicia,Casado,17,9,20,1041,1.0,27.7,62,4.8,4.9,5.3,6.6,8.0,8.8,6.4,9.4,18,7.9,7.4,7.3,0,1,4.4,2.4,2,17.0,58,64,19.0,22.2,19.4,7.9,16.4,6.3,5.4,3.4
SUJ-4721,Finanzas,Barranquilla,Maestría,Empresa propia,Casado,28,7,10,3561,1.0,32.9,78,8.2,4.9,6.6,3.2,10.0,8.7,6.93,8.3,15,3.5,7.8,5.8,0,2,3.8,1.6,24,19.4,50,63,38.7,15.5,14.2,11.6,12.6,7.1,0.3,0.0
SUJ-4722,Tecnología,Santiago,Universitario,Startup escalada,Casado,22,9,13,5377,1.79,52.1,62,7.0,6.4,6.1,4.4,5.9,6.2,6.0,5.9,14,9.1,8.0,7.8,2,1,4.9,1.0,8,24.4,63,53,41.7,16.4,17.2,7.1,8.1,5.6,3.2,0.7
SUJ-4723,Tecnología,Monterrey,Posgrado,Holding,Soltero,21,8,13,4953,3.85,30.7,79,9.3,8.6,8.7,7.9,8.9,7.7,8.52,8.2,28,9.5,4.8,6.8,5,0,5.0,5.1,15,19.8,23,56,32.8,14.0,17.0,12.6,12.1,6.5,4.1,0.9
SUJ-4724,Retail/Comercio,São Paulo,Técnico,Startup escalada,Soltero,26,8,13,2376,1.0,20.5,85,8.5,6.0,8.5,6.0,10.0,6.5,7.58,3.2,21,6.6,7.3,8.2,0,2,5.0,4.0,21,22.2,51,49,32.5,7.1,21.5,13.4,11.3,8.9,4.5,0.8
SUJ-4725,Tecnología,Buenos Aires,Posgrado,Empresa propia,Soltero,27,3,6,7782,3.13,73.1,77,10.0,5.8,8.8,7.4,9.7,7.9,8.27,5.7,25,6.6,8.6,6.4,1,1,5.8,5.2,18,36.4,32,52,31.2,18.0,15.8,11.7,9.5,9.2,3.3,1.3
SUJ-4726,Tecnología,Buenos Aires,Doctorado,Empresa propia,Soltero,31,7,15,3303,8.68,56.0,82,9.8,8.3,10.0,6.6,10.0,7.4,8.68,8.4,26,7.5,5.5,7.1,1,2,6.4,1.4,10,32.5,22,72,31.9,20.0,16.9,11.1,13.7,2.3,2.0,2.1
SUJ-4727,Agroindustria,Buenos Aires,Posgrado,Empresa familiar,Unión libre,24,9,15,3646,1.0,17.4,75,8.4,6.4,7.5,7.7,7.4,7.8,7.53,8.3,23,3.0,7.8,9.3,0,1,6.6,5.4,5,18.8,33,65,32.2,23.1,15.5,15.2,3.3,4.0,5.0,1.7
SUJ-4728,Servicios,Cali,Doctorado,Empresa propia,Casado,25,7,14,892,1.0,25.9,97,9.8,8.3,9.4,7.7,10.0,10.0,9.2,6.3,36,2.6,8.4,7.1,2,1,3.9,3.6,68,23.6,44,53,27.1,16.8,10.5,11.5,18.2,9.5,3.0,3.4
SUJ-4729,Inmuebles,Buenos Aires,Universitario,Startup escalada,Soltero,17,6,6,7176,13.82,38.9,78,8.9,7.4,9.5,7.6,9.5,7.8,8.45,5.6,35,6.6,7.1,7.9,2,1,5.5,4.1,17,32.3,50,51,22.3,14.4,15.2,10.0,14.7,14.7,8.2,0.5
SUJ-4730,Tecnología,Monterrey,Doctorado,Startup escalada,Casado,34,1,2,8520,3.38,56.9,60,6.7,5.1,4.9,5.3,7.3,4.6,5.65,8.6,24,3.5,7.9,7.8,1,0,5.5,5.0,66,35.3,51,64,33.3,18.5,17.8,8.9,13.7,2.2,5.5,0.1
SUJ-4731,Tecnología,Bogotá,Posgrado,Holding,Casado,20,13,17,11348,21.3,55.6,66,7.4,5.4,7.4,6.7,5.3,6.3,6.42,8.5,35,4.6,7.0,10.0,1,1,4.2,1.7,13,42.6,49,66,33.7,10.8,14.2,10.2,12.6,8.3,6.8,3.4
SUJ-4732,Tecnología,Bucaramanga,Bachillerato,Empresa propia,Soltero,30,2,10,18748,1.58,38.4,78,6.1,5.5,7.7,8.3,9.3,7.8,7.45,7.9,25,6.2,8.4,8.4,2,1,3.8,6.0,8,26.9,20,64,29.2,21.3,12.0,13.4,12.8,7.0,3.0,1.3
SUJ-4733,Inmuebles,Buenos Aires,Posgrado,Holding,Soltero,30,4,12,11619,12.64,11.0,90,9.8,6.2,6.5,7.7,10.0,8.4,8.1,7.4,40,2.5,8.5,6.8,1,0,3.9,0.3,1,24.8,41,52,39.5,10.9,19.7,7.5,4.8,10.7,5.5,1.4
SUJ-4734,Agroindustria,Monterrey,Universitario,Startup escalada,Unión libre,28,4,14,2150,1.0,29.5,78,8.5,4.2,9.0,7.3,8.1,8.1,7.53,6.3,27,7.4,7.6,7.8,4,4,3.7,3.2,3,20.7,50,52,15.0,21.5,12.9,15.2,11.5,14.2,5.8,3.9
SUJ-4735,Retail/Comercio,São Paulo,Bachillerato,Franquicia,Casado,24,8,12,2149,4.2,10.1,75,8.2,6.7,9.2,5.1,8.6,7.5,7.55,8.1,2,6.5,5.2,6.6,1,1,4.6,4.5,12,25.6,30,58,14.9,21.8,11.0,18.8,14.7,10.2,6.6,2.0
SUJ-4736,Tecnología,Lima,Maestría,Franquicia,Soltero,23,8,16,19729,29.12,57.5,57,7.0,5.4,7.4,4.7,4.6,6.6,5.95,6.0,30,9.2,6.5,10.0,2,0,5.7,0.0,65,49.8,59,59,36.6,4.0,18.0,10.8,15.1,7.5,7.9,0.1
SUJ-4737,Retail/Comercio,São Paulo,Universitario,Franquicia,Soltero,25,9,20,12490,16.41,42.5,98,10.0,8.7,8.1,5.7,10.0,9.8,8.72,6.1,25,2.6,9.8,6.0,2,4,4.9,2.3,8,34.5,20,49,14.5,24.1,11.6,23.2,10.9,7.3,3.9,4.5
SUJ-4738,Finanzas,Santiago,Maestría,Empresa propia,Soltero,17,9,18,12195,8.65,33.7,54,6.7,6.1,8.9,5.2,6.7,7.8,6.9,6.1,24,5.9,4.5,6.9,2,3,4.1,0.0,2,28.6,40,57,26.4,19.2,22.7,6.8,13.5,7.7,1.4,2.3
SUJ-4739,Finanzas,São Paulo,Universitario,Startup escalada,Casado,25,13,14,10175,1.1,38.9,51,5.8,5.1,7.0,5.4,5.5,6.5,5.88,8.7,10,4.3,9.4,7.6,2,1,3.8,6.5,7,31.4,63,64,31.8,20.7,14.2,4.9,11.8,12.6,2.5,1.5
SUJ-4740,Manufactura,Cali,Universitario,Startup escalada,Soltero,34,6,16,2487,1.17,22.6,66,7.3,4.0,7.7,3.8,9.6,8.2,6.77,8.2,25,8.4,7.3,5.9,4,3,4.9,4.6,13,18.9,42,67,23.4,19.4,20.1,12.3,12.9,9.7,1.8,0.4
SUJ-4741,Inmuebles,Medellín,Doctorado,Empresa familiar,Casado,24,4,11,15040,2.11,19.3,80,9.5,5.9,9.1,8.5,7.0,7.1,7.85,5.7,39,7.6,8.4,8.4,2,0,5.1,2.6,16,24.5,51,55,26.0,17.9,19.7,18.6,11.2,3.4,0.0,3.2
SUJ-4742,Tecnología,Barranquilla,Universitario,E-commerce,Soltero,25,6,14,1233,3.08,39.8,67,8.8,4.6,7.6,4.9,7.1,7.7,6.78,5.8,23,8.0,7.9,6.5,1,0,4.2,1.4,23,27.3,49,60,27.2,13.9,14.7,7.8,12.5,15.6,5.9,2.4
SUJ-4743,Tecnología,Lima,Posgrado,Startup escalada,Soltero,19,3,18,3446,2.82,44.9,64,5.6,4.4,6.2,6.4,8.8,7.5,6.48,10.0,19,6.8,8.1,6.4,0,0,4.7,0.9,14,22.7,49,74,26.2,21.3,18.5,9.6,11.7,5.0,5.8,1.9
SUJ-4744,Salud/Farma,São Paulo,Posgrado,Empresa propia,Casado,27,5,12,3402,1.61,15.9,61,6.1,6.2,7.0,4.6,6.1,5.1,5.85,9.6,8,5.5,8.3,9.1,0,0,5.0,4.0,3,16.2,60,69,28.7,19.9,18.0,2.1,15.1,8.5,6.2,1.5
SUJ-4745,Finanzas,Lima,Posgrado,Holding,Soltero,21,1,9,6570,1.6,54.9,96,10.0,8.0,9.9,6.9,9.5,8.6,8.82,5.6,16,7.0,7.9,6.6,1,2,6.2,3.1,1,18.0,40,47,18.2,27.8,18.3,16.1,11.2,2.7,4.9,0.8
SUJ-4746,Tecnología,Cali,Maestría,Holding,Unión libre,31,4,10,4980,1.0,53.5,77,8.4,5.4,7.7,2.4,8.6,8.0,6.75,8.4,24,5.0,7.7,7.9,1,3,5.0,3.5,46,30.2,54,64,32.2,14.6,16.6,16.1,7.4,7.3,3.4,2.4
SUJ-4747,Tecnología,Barranquilla,Posgrado,Startup escalada,Soltero,32,1,6,4926,1.34,32.1,84,7.6,8.0,7.1,6.5,9.8,8.6,7.93,3.6,29,8.6,10.0,8.0,3,1,4.3,2.8,89,31.9,37,44,21.0,24.6,18.7,9.6,12.2,6.8,4.1,3.0
SUJ-4748,Tecnología,Cali,Universitario,Startup escalada,Casado,34,11,18,6451,188.13,76.6,100,10.0,7.9,9.6,6.1,10.0,10.0,8.93,6.3,13,4.0,7.6,8.8,1,3,7.8,1.4,5,51.5,44,50,26.6,22.7,12.4,17.7,9.4,5.0,4.3,1.9
SUJ-4749,Finanzas,Buenos Aires,Maestría,Empresa familiar,Soltero,17,7,11,4294,1.2,43.9,100,10.0,7.2,10.0,8.5,10.0,9.6,9.22,4.8,16,6.4,8.2,8.8,2,1,4.1,4.3,3,20.3,31,60,23.1,22.5,17.0,21.5,4.0,5.2,4.8,1.9
SUJ-4750,Inmuebles,Medellín,Universitario,Startup escalada,Soltero,30,14,21,2301,3.28,30.7,60,8.8,5.9,6.3,3.9,7.2,6.7,6.47,6.0,19,6.5,8.3,4.3,2,1,5.8,4.1,69,29.2,58,47,34.7,5.8,9.5,23.5,9.7,14.7,0.6,1.5
SUJ-4751,Finanzas,Barranquilla,Posgrado,Startup escalada,Casado,29,11,16,8728,3.14,40.8,76,10.0,8.3,9.1,5.1,8.4,7.4,8.05,7.6,14,5.7,7.6,6.6,0,2,4.4,3.3,4,26.7,31,65,26.3,23.0,16.0,11.5,11.3,7.6,3.1,1.2
SUJ-4752,Retail/Comercio,Monterrey,Doctorado,Empresa propia,Soltero,23,11,10,12509,1.0,28.2,83,6.1,6.2,7.6,6.4,8.9,8.2,7.23,8.1,29,6.1,7.0,7.2,2,1,4.2,1.0,20,18.5,40,53,25.3,23.7,17.1,17.5,2.7,10.1,1.5,2.1
SUJ-4753,Manufactura,São Paulo,Posgrado,Startup escalada,Casado,33,6,10,5215,1.04,12.1,74,8.5,5.2,7.3,7.0,8.2,8.5,7.45,6.2,25,6.9,7.7,9.4,2,2,3.3,1.7,10,28.2,44,57,24.0,25.8,15.2,15.1,10.4,5.3,1.9,2.3
SUJ-4754,Retail/Comercio,São Paulo,Maestría,E-commerce,Soltero,28,9,18,8386,1.95,9.5,63,6.0,6.2,4.1,5.3,7.1,6.1,5.8,9.1,14,5.1,8.1,6.0,0,2,5.8,2.6,1,14.3,52,72,23.8,23.3,10.2,11.0,9.4,13.4,6.3,2.6
SUJ-4755,Servicios,Bucaramanga,Posgrado,Franquicia,Casado,34,3,11,6131,1.09,17.4,40,6.2,4.2,5.4,3.1,3.2,5.7,4.63,7.2,22,7.4,8.7,6.9,1,3,4.3,3.7,8,17.6,73,49,30.0,21.7,18.1,9.8,7.5,6.4,6.4,0.1
SUJ-4756,Servicios,Cali,Maestría,Empresa propia,Casado,18,5,10,500,2.95,42.2,90,7.3,6.9,5.7,7.6,10.0,9.3,7.8,9.0,31,4.3,9.0,7.6,3,2,6.0,2.5,8,28.7,46,57,19.0,16.7,21.5,14.3,10.5,9.6,5.4,3.0
SUJ-4757,Tecnología,Medellín,Doctorado,Holding,Casado,21,7,13,4400,10.96,60.3,97,8.8,7.2,9.2,7.8,8.9,10.0,8.65,5.9,26,3.6,5.7,7.1,1,3,5.1,5.5,6,39.3,31,48,19.3,22.1,14.8,13.2,13.7,11.1,3.9,1.9
SUJ-4758,Inmuebles,Santiago,Universitario,Empresa propia,Casado,26,1,4,500,1.0,48.8,82,8.0,7.1,8.4,5.8,8.3,8.5,7.68,4.2,8,2.8,7.5,8.7,0,1,5.2,0.0,38,25.3,29,46,29.0,25.2,14.8,12.0,2.1,10.6,5.0,1.3
SUJ-4759,Retail/Comercio,Bogotá,Técnico,Franquicia,Casado,33,5,9,8674,3.83,20.3,72,8.3,4.7,7.2,2.8,9.4,8.2,6.77,8.5,28,3.6,6.3,7.0,0,2,6.3,3.7,9,22.2,43,62,23.9,16.4,13.1,15.8,13.8,7.0,7.2,2.8
SUJ-4760,Salud/Farma,Santiago,Universitario,Holding,Unión libre,28,10,16,5676,1.0,15.3,65,6.4,5.2,4.8,7.0,9.6,2.3,5.88,5.2,24,6.9,6.3,6.3,1,2,6.4,5.5,53,19.4,43,48,14.7,26.5,22.6,14.9,7.8,4.8,7.4,1.3
SUJ-4761,Retail/Comercio,Bogotá,Maestría,Startup escalada,Soltero,20,5,10,1085,1.0,21.2,74,6.7,5.5,8.5,5.0,9.5,6.2,6.9,10.0,21,5.9,5.8,7.3,0,1,5.7,3.1,8,21.3,36,68,38.1,11.4,22.3,9.3,10.7,3.1,4.4,0.7
SUJ-4762,Salud/Farma,CDMX,Universitario,Startup escalada,Casado,36,4,7,6250,1.0,33.9,90,6.8,6.3,10.0,7.8,10.0,9.1,8.33,4.3,24,6.6,9.7,10.0,1,3,6.0,1.2,13,21.7,21,54,35.8,21.0,13.3,12.6,3.4,8.8,3.2,1.9
SUJ-4763,Inmuebles,Monterrey,Bachillerato,Franquicia,Soltero,24,5,11,18295,3.14,46.0,80,7.3,7.1,10.0,6.9,9.2,9.1,8.27,9.4,28,5.8,7.2,7.7,1,1,5.3,1.2,5,22.7,35,57,29.7,18.7,14.6,10.2,9.2,11.4,4.5,1.7
SUJ-4764,Finanzas,CDMX,Universitario,Franquicia,Soltero,20,10,12,3330,1.0,44.2,43,5.9,6.6,5.1,2.1,5.3,5.4,5.07,9.8,26,2.6,8.8,10.0,0,3,4.0,3.3,43,30.7,67,64,29.9,20.9,17.0,13.3,10.9,4.7,2.0,1.3
SUJ-4765,Retail/Comercio,Cali,Doctorado,Empresa propia,Soltero,21,8,20,32304,4.01,8.7,94,10.0,5.8,8.5,6.4,10.0,8.6,8.22,8.6,32,7.0,9.3,8.3,2,2,6.2,1.7,4,27.3,46,60,28.5,20.2,10.5,13.1,11.2,9.1,5.6,1.8
SUJ-4766,Salud/Farma,Cali,Posgrado,Empresa propia,Casado,18,6,15,25627,4.21,40.3,81,7.0,8.0,6.2,4.1,10.0,6.8,7.02,8.1,26,4.8,5.3,7.4,3,0,5.4,4.8,13,29.8,51,61,24.5,18.0,13.9,17.8,6.5,7.9,6.8,4.6
SUJ-4767,Servicios,São Paulo,Universitario,Empresa propia,Soltero,17,7,5,12308,2.11,37.6,58,5.2,5.4,6.8,2.9,8.1,5.9,5.72,6.5,47,5.9,8.1,9.3,2,0,5.6,2.1,15,22.7,55,62,30.8,22.2,13.6,11.6,6.3,7.7,6.7,1.1
SUJ-4768,Tecnología,Bogotá,Universitario,Empresa familiar,Casado,25,10,19,13447,100.27,59.6,80,7.7,1.7,9.9,5.9,10.0,8.6,7.3,8.2,27,10.0,4.7,8.8,2,4,5.2,3.6,121,50.0,36,67,35.1,12.8,15.7,10.3,6.5,11.1,4.9,3.6
SUJ-4769,Inmuebles,Barranquilla,Universitario,E-commerce,Soltero,17,12,17,4228,5.86,51.7,75,7.6,6.0,7.3,6.5,7.8,7.9,7.18,7.4,20,3.5,10.0,8.2,1,2,5.7,2.9,14,32.3,52,53,30.0,21.3,22.7,11.8,2.2,7.7,3.6,0.7
SUJ-4770,Finanzas,Caracas,Técnico,Empresa propia,Soltero,27,5,9,4120,2.62,21.3,75,7.9,10.0,8.7,7.6,8.4,8.6,8.53,5.0,14,6.7,8.0,8.1,1,0,5.0,4.7,10,24.5,38,43,13.7,38.1,17.9,1.9,13.5,8.7,2.7,3.5
SUJ-4771,Tecnología,Medellín,Técnico,Empresa propia,Unión libre,31,6,15,24702,4.55,39.5,59,6.1,2.7,2.5,4.7,5.0,6.1,4.52,5.4,31,9.1,8.7,8.6,0,3,6.1,1.8,408,39.1,69,68,23.7,21.9,18.2,9.5,10.3,9.7,3.7,3.0
SUJ-4772,Retail/Comercio,Buenos Aires,Maestría,E-commerce,Soltero,28,11,16,3648,1.0,28.7,69,5.2,7.6,5.6,3.9,9.3,7.2,6.47,6.6,20,6.9,7.7,7.6,1,2,6.0,3.9,55,20.1,54,48,22.2,24.2,12.6,10.1,19.9,4.4,4.7,1.9
SUJ-4773,Finanzas,Lima,Doctorado,E-commerce,Soltero,26,9,14,815,5.16,33.3,51,3.4,5.3,6.4,4.4,6.3,3.7,4.92,8.1,25,5.7,7.4,9.1,1,0,4.6,4.1,23,35.7,64,58,33.3,12.7,21.1,13.2,14.4,1.3,2.5,1.5
SUJ-4774,Inmuebles,Cali,Técnico,Empresa propia,Soltero,17,1,2,1325,1.22,44.5,89,8.1,6.3,6.4,6.7,7.6,7.8,7.15,10.0,21,8.4,6.9,6.5,1,3,5.0,2.4,84,26.7,47,69,21.0,17.7,20.5,15.5,14.6,5.3,3.8,1.6
SUJ-4775,Finanzas,CDMX,Bachillerato,Empresa familiar,Casado,31,3,12,9914,5.31,31.6,61,7.3,6.1,5.3,4.9,7.5,7.9,6.5,6.8,21,7.8,8.6,7.1,2,2,5.6,2.5,25,31.8,42,50,20.7,23.4,10.4,13.8,11.1,12.5,6.3,1.8
SUJ-4776,Servicios,CDMX,Universitario,Empresa propia,Soltero,37,3,13,3862,1.07,40.9,87,8.6,7.8,7.3,6.9,10.0,9.3,8.32,6.2,5,10.0,9.9,6.1,2,4,3.5,1.2,4,25.4,34,57,24.0,18.2,12.7,13.7,14.0,7.2,7.0,3.2
SUJ-4777,Tecnología,Caracas,Universitario,Empresa propia,Soltero,34,5,12,1778,1.42,40.5,81,10.0,6.8,8.6,9.0,8.8,9.2,8.73,7.7,27,1.1,8.1,10.0,1,2,4.6,1.3,29,24.2,35,61,27.6,16.3,15.6,17.9,15.2,2.1,3.0,2.3
SUJ-4778,Finanzas,Santiago,Universitario,Empresa propia,Casado,18,8,10,13446,2.69,67.7,67,5.2,5.5,7.0,6.1,8.2,6.3,6.38,8.0,24,7.8,7.5,4.5,0,0,5.1,1.3,9,27.4,58,66,29.1,14.2,17.1,12.5,11.3,11.9,3.9,0.0
SUJ-4779,Finanzas,Monterrey,Universitario,E-commerce,Soltero,25,14,21,5365,5.81,36.6,62,6.9,5.0,5.7,3.1,6.7,8.4,5.97,7.3,11,4.7,9.1,7.3,3,0,4.7,3.8,3,28.4,54,62,20.4,15.0,11.0,22.6,19.8,9.1,1.7,0.4
SUJ-4780,Finanzas,Bogotá,Universitario,Empresa propia,Casado,24,6,14,6707,1.49,15.0,75,9.3,6.8,6.7,6.0,7.4,7.9,7.35,8.3,32,8.6,10.0,6.5,4,2,5.4,0.0,10,25.0,57,53,33.8,12.2,14.2,16.4,10.3,8.2,4.0,0.9
SUJ-4781,Tecnología,Lima,Maestría,Empresa propia,Soltero,23,9,15,1337,1.0,54.4,87,8.2,8.0,6.9,4.6,9.9,7.7,7.55,9.0,6,3.7,8.5,7.0,3,2,4.2,0.9,143,28.3,49,53,17.8,20.3,15.2,14.5,17.3,10.1,1.5,3.3
SUJ-4782,Tecnología,Bogotá,Maestría,Empresa propia,Soltero,26,11,20,1713,28.1,61.9,83,7.1,8.3,8.1,7.1,8.1,8.7,7.9,5.5,26,10.0,5.1,4.5,1,1,5.1,0.3,27,41.2,39,67,16.7,18.6,17.9,11.2,17.3,12.7,4.0,1.6
SUJ-4783,Retail/Comercio,Cali,Posgrado,E-commerce,Casado,38,12,19,1076,1.0,13.9,80,4.8,6.6,8.5,6.2,8.9,8.9,7.32,7.2,27,3.4,6.4,6.5,2,0,3.6,0.0,6,12.7,49,62,29.6,19.2,14.3,14.1,10.6,9.0,2.8,0.4
SUJ-4784,Finanzas,São Paulo,Universitario,Empresa propia,Casado,26,11,18,5781,89.36,70.3,70,7.4,6.6,8.2,3.9,6.6,7.8,6.75,9.2,23,3.0,5.6,8.3,0,2,4.7,2.2,30,45.0,46,68,21.4,12.9,14.5,14.5,17.8,10.9,7.5,0.5
SUJ-4785,Retail/Comercio,Bucaramanga,Maestría,Empresa propia,Casado,23,4,15,11956,6.15,47.6,83,7.8,5.3,10.0,6.0,8.9,7.4,7.57,5.5,50,1.8,7.9,5.9,2,0,5.1,3.9,9,34.2,43,52,26.5,24.1,23.1,4.6,7.4,7.0,4.8,2.5
SUJ-4786,Finanzas,Lima,Doctorado,Franquicia,Casado,27,1,5,10542,3.58,45.6,51,5.0,2.5,6.4,4.2,7.2,5.6,5.15,7.0,50,3.0,5.3,9.8,1,0,4.3,3.9,37,26.0,56,63,25.7,21.1,16.8,11.0,15.2,6.3,1.5,2.4
SUJ-4787,Servicios,Santiago,Técnico,Empresa propia,Soltero,18,4,5,2422,5.17,26.6,76,8.2,6.0,6.1,8.3,7.0,8.9,7.42,6.1,13,7.3,7.7,6.3,2,0,5.5,4.6,12,26.4,36,37,15.8,19.4,14.6,15.3,18.2,8.8,5.6,2.3
SUJ-4788,Servicios,CDMX,Universitario,E-commerce,Soltero,21,7,12,15260,1.0,22.3,72,9.5,4.7,8.0,3.6,7.7,6.8,6.72,9.3,15,9.9,9.8,5.0,1,1,5.5,0.0,4,19.9,53,67,36.3,13.5,18.6,9.4,12.0,3.1,5.7,1.4
SUJ-4789,Retail/Comercio,Santiago,Posgrado,Empresa propia,Soltero,31,4,8,893,1.25,37.6,56,4.5,5.1,4.0,4.8,5.9,6.1,5.07,5.4,25,3.3,7.4,10.0,0,1,5.8,3.2,14,22.8,55,51,24.0,14.2,25.9,10.9,10.7,10.3,4.0,0.0
SUJ-4790,Finanzas,São Paulo,Técnico,Empresa propia,Unión libre,27,1,2,968,1.0,60.0,68,5.9,6.5,6.7,5.7,8.9,5.7,6.57,8.4,14,6.2,5.9,8.4,3,3,3.3,2.4,17,28.9,53,58,20.2,23.5,17.0,12.6,8.2,11.5,6.5,0.5
SUJ-4791,Tecnología,Cali,Universitario,E-commerce,Casado,38,2,10,15139,1.0,29.2,95,9.0,8.0,9.1,6.8,10.0,10.0,8.82,8.7,28,2.5,7.7,8.6,2,2,5.9,3.3,112,25.2,30,55,43.1,10.9,17.0,8.1,10.7,3.7,2.2,4.3
SUJ-4792,Agroindustria,Bucaramanga,Posgrado,Empresa propia,Unión libre,27,18,24,2242,11.71,42.8,80,9.1,6.1,8.9,5.8,8.7,7.3,7.65,9.0,50,0.0,7.3,10.0,3,4,6.0,5.4,11,35.6,40,65,28.2,20.7,20.4,13.8,8.0,5.2,1.3,2.4
SUJ-4793,Tecnología,Buenos Aires,Posgrado,Empresa propia,Soltero,18,6,6,9851,2.18,69.0,85,8.0,6.0,9.2,5.2,9.0,10.0,7.9,7.1,24,4.9,5.8,5.2,0,1,5.9,0.1,42,36.8,44,60,32.9,33.6,8.3,3.4,10.5,5.0,2.3,4.0
SUJ-4794,Finanzas,Lima,Universitario,Franquicia,Casado,17,14,25,500,2.48,33.5,66,7.7,6.7,6.5,5.8,6.9,7.8,6.9,6.8,28,10.0,6.6,9.6,2,2,4.7,0.6,8,26.0,50,63,24.6,21.2,14.3,16.1,11.3,7.0,2.7,2.8
SUJ-4795,Finanzas,Caracas,Posgrado,Startup escalada,Casado,32,6,9,786,1.0,68.4,50,3.9,6.1,5.6,3.7,4.5,5.4,4.87,7.7,9,0.6,8.1,4.6,2,0,4.8,3.1,19,22.5,49,73,19.6,22.5,17.4,12.4,12.4,9.5,5.0,1.2
SUJ-4796,Finanzas,Bogotá,Doctorado,Holding,Casado,19,10,14,7518,19.76,74.9,93,9.5,7.7,10.0,6.3,9.6,6.7,8.3,9.8,14,7.2,8.4,5.6,0,3,4.8,2.0,28,43.7,40,77,17.7,21.0,13.9,17.2,13.3,8.1,5.7,3.1
SUJ-4797,Tecnología,Lima,Universitario,Startup escalada,Casado,19,6,15,1611,1.0,28.4,62,6.5,4.5,4.9,6.1,8.3,6.4,6.12,7.0,2,3.0,7.7,9.1,0,3,5.4,3.4,3,15.3,45,53,37.9,13.6,17.5,8.3,9.4,10.0,1.8,1.5
SUJ-4798,Inmuebles,CDMX,Posgrado,Startup escalada,Casado,22,7,14,500,1.12,41.3,68,8.9,6.9,8.5,6.4,7.2,4.2,7.02,6.2,19,3.6,9.0,7.9,1,0,4.5,4.3,86,30.4,43,56,18.0,21.3,16.9,15.2,10.1,12.0,6.2,0.3
SUJ-4799,Tecnología,Bogotá,Bachillerato,Empresa familiar,Soltero,31,10,20,5033,119.83,65.3,54,7.9,3.4,6.5,6.1,7.2,5.2,6.05,9.0,35,5.3,8.7,3.7,1,3,4.2,3.6,59,56.6,54,56,24.6,19.2,11.8,9.1,17.7,8.1,7.4,2.1
SUJ-4800,Manufactura,Buenos Aires,Bachillerato,Startup escalada,Soltero,23,5,3,3210,3.59,29.9,91,9.1,6.2,6.0,6.2,8.1,10.0,7.6,5.9,11,6.6,7.8,6.5,3,1,4.6,2.6,9,24.9,33,63,22.2,25.0,12.5,5.9,12.0,13.5,5.9,3.0
SUJ-4801,Tecnología,Caracas,Posgrado,E-commerce,Soltero,20,2,7,12966,1.75,68.8,77,6.7,7.4,8.0,8.1,10.0,7.5,7.95,8.8,28,2.7,7.1,6.0,3,2,6.0,1.0,24,29.1,25,60,15.8,24.1,28.5,8.9,5.3,9.0,7.7,0.7
SUJ-4802,Tecnología,Buenos Aires,Técnico,Empresa propia,Soltero,33,4,10,13666,5.76,55.2,71,4.7,4.1,8.7,4.3,9.9,6.5,6.37,7.9,20,6.7,7.7,8.6,1,5,3.9,7.0,12,32.3,60,72,18.7,18.8,14.9,23.3,11.6,5.9,5.1,1.7
SUJ-4803,Servicios,Caracas,Bachillerato,Empresa propia,Soltero,32,4,15,7624,1.97,29.0,81,7.1,5.2,10.0,5.6,9.5,7.6,7.5,8.6,24,7.0,6.2,8.0,0,1,6.0,5.3,50,26.4,57,70,34.6,19.4,14.2,9.1,10.2,6.6,3.2,2.7
SUJ-4804,Tecnología,Monterrey,Técnico,Holding,Soltero,36,7,10,2774,2.24,25.8,67,9.7,7.5,6.1,2.9,7.8,7.4,6.9,4.9,43,3.9,8.6,8.3,0,3,4.2,0.0,7,25.1,33,56,19.0,25.5,16.6,16.7,11.0,5.9,1.0,4.3
SUJ-4805,Servicios,Bogotá,Posgrado,Empresa familiar,Soltero,34,1,6,4953,1.0,12.9,64,4.5,3.6,7.4,3.4,6.5,6.8,5.37,6.2,34,4.2,6.9,5.8,4,1,6.9,0.2,6,20.1,65,53,22.5,17.7,17.0,16.5,10.9,7.0,6.3,2.1
SUJ-4806,Retail/Comercio,Medellín,Maestría,Franquicia,Casado,32,8,14,9692,2.75,46.1,56,5.1,4.7,6.8,6.3,4.5,8.5,5.98,6.5,20,3.7,7.2,6.6,3,0,6.5,1.8,126,24.1,57,55,31.8,26.1,13.1,16.0,3.3,7.5,0.2,2.0
SUJ-4807,Tecnología,Bucaramanga,Universitario,Holding,Unión libre,21,12,21,574,4.91,42.7,55,6.3,7.3,6.8,3.4,7.2,6.5,6.25,7.1,18,9.0,6.8,8.2,4,1,6.8,2.0,13,24.5,38,66,13.3,37.2,24.3,6.0,9.0,7.8,0.0,2.4
SUJ-4808,Agroindustria,Medellín,Posgrado,E-commerce,Casado,29,5,7,3233,11.33,18.5,87,10.0,8.1,8.1,7.2,10.0,8.8,8.7,7.3,15,7.1,7.4,7.8,1,3,4.3,2.9,7,27.3,28,58,30.4,12.7,19.5,11.9,6.9,13.3,3.9,1.4
SUJ-4809,Finanzas,Buenos Aires,Universitario,Franquicia,Soltero,33,4,13,13824,4.18,32.3,89,7.3,6.1,8.4,4.5,9.4,8.6,7.38,7.0,41,5.1,5.7,9.1,1,0,5.5,4.7,10,23.1,43,68,23.8,24.7,19.0,7.5,6.7,11.0,5.2,2.1
SUJ-4810,Servicios,Bogotá,Posgrado,Franquicia,Soltero,37,14,18,4167,1.0,12.8,49,6.1,5.1,5.0,4.0,6.4,5.3,5.32,6.9,30,5.9,6.4,5.8,2,1,4.5,3.1,4,16.7,63,59,23.7,21.1,17.1,12.9,12.3,12.1,0.0,0.8
SUJ-4811,Tecnología,Monterrey,Universitario,E-commerce,Soltero,27,12,19,7839,42.3,57.1,72,6.9,6.8,7.6,1.8,7.0,9.3,6.57,4.7,32,9.0,8.7,5.4,4,3,4.4,2.1,24,44.8,45,54,6.6,20.1,18.4,18.9,14.3,10.3,8.9,2.5
SUJ-4812,Servicios,Lima,Posgrado,Empresa propia,Unión libre,23,8,13,810,1.78,20.2,74,6.1,4.9,8.1,4.8,8.7,8.3,6.82,8.3,16,8.5,9.8,7.9,2,6,5.7,1.1,23,25.1,51,65,35.9,19.3,6.3,13.9,11.5,5.6,6.2,1.3
SUJ-4813,Tecnología,Lima,Doctorado,Holding,Casado,20,4,11,12006,4.12,26.9,64,6.2,6.4,5.5,5.8,8.6,5.1,6.27,5.8,24,9.3,7.7,9.9,4,0,4.9,1.3,3,27.8,43,69,14.3,36.8,11.3,7.6,11.6,12.0,4.1,2.3
SUJ-4814,Retail/Comercio,Lima,Doctorado,Startup escalada,Soltero,31,9,16,847,1.0,17.8,61,6.4,7.2,7.1,6.1,7.8,7.3,6.98,8.4,22,6.9,10.0,4.9,0,1,5.4,4.1,68,28.2,47,62,29.3,15.0,17.0,17.4,8.4,4.5,5.9,2.5
SUJ-4815,Inmuebles,São Paulo,Bachillerato,Startup escalada,Casado,21,3,13,15816,7.58,51.2,74,6.2,8.4,8.0,6.5,7.3,8.7,7.52,4.8,10,6.3,7.2,5.7,1,2,5.1,1.3,39,40.0,34,52,31.4,13.0,17.0,16.9,8.1,7.9,4.9,0.8
SUJ-4816,Agroindustria,Monterrey,Maestría,Empresa propia,Soltero,26,2,7,901,2.44,34.3,63,8.1,6.2,6.6,7.6,6.8,9.0,7.38,7.9,11,2.8,9.1,6.7,0,2,3.9,1.7,16,25.7,41,51,27.9,22.4,12.0,13.0,11.5,7.7,3.4,2.1
SUJ-4817,Servicios,São Paulo,Bachillerato,Startup escalada,Unión libre,20,8,13,17723,4.72,22.5,73,9.3,7.4,6.4,5.4,9.0,7.5,7.5,7.5,9,7.8,6.6,7.3,2,0,5.9,2.9,10,26.2,45,71,22.9,12.9,18.0,25.9,11.5,3.6,5.4,-0.2
SUJ-4818,Inmuebles,Cali,Doctorado,Empresa propia,Soltero,25,5,15,3617,2.83,36.4,58,5.5,4.1,4.6,5.2,6.3,5.8,5.25,7.4,21,9.8,7.5,9.0,2,5,6.6,3.6,17,21.5,78,69,17.7,28.9,8.3,19.1,13.4,7.1,1.5,4.0
SUJ-4819,Servicios,Bogotá,Universitario,Empresa propia,Soltero,28,1,12,7836,2.8,13.0,64,7.8,7.9,4.4,5.2,9.4,8.0,7.12,5.8,8,5.0,7.8,5.7,1,3,6.8,4.7,146,35.9,41,52,23.7,15.7,14.8,17.4,14.4,7.2,5.0,1.8
SUJ-4820,Tecnología,Medellín,Universitario,Holding,Soltero,27,9,14,14995,30.12,71.8,69,5.7,4.9,5.2,7.0,10.0,6.9,6.62,9.4,40,9.2,5.4,7.0,0,2,4.4,3.7,5,40.1,60,59,27.0,23.0,23.6,12.3,5.0,6.5,2.1,0.5
SUJ-4821,Finanzas,Bucaramanga,Técnico,Empresa propia,Unión libre,30,12,20,500,4.6,44.4,68,7.0,5.1,5.1,6.0,7.5,7.7,6.4,7.4,38,5.2,9.4,6.4,1,2,4.0,1.1,101,36.0,55,58,34.1,23.6,10.1,8.6,11.7,7.2,3.5,1.2
SUJ-4822,Finanzas,Buenos Aires,Técnico,Empresa propia,Unión libre,17,9,12,2470,5.64,30.9,88,9.8,6.8,9.3,6.9,10.0,10.0,8.8,5.5,14,7.8,8.2,8.5,2,3,4.1,0.2,31,34.0,26,38,21.2,20.7,10.0,17.0,15.6,9.4,4.5,1.6
SUJ-4823,Finanzas,Bucaramanga,Maestría,Empresa propia,Casado,25,5,13,19117,6.47,24.3,65,7.9,5.1,3.1,7.6,7.6,7.1,6.4,8.9,9,7.0,7.6,8.1,2,1,5.1,0.5,107,32.5,59,83,6.1,21.2,33.0,2.5,21.7,9.2,5.4,0.9
SUJ-4824,Finanzas,Buenos Aires,Doctorado,Holding,Soltero,23,1,10,3930,1.0,23.7,85,8.6,5.6,8.4,5.5,10.0,9.2,7.88,5.9,24,5.0,6.4,9.2,2,4,7.4,0.0,65,24.5,41,46,26.6,13.8,16.1,14.4,14.5,8.5,4.8,1.3
SUJ-4825,Retail/Comercio,Bogotá,Posgrado,Empresa propia,Soltero,20,7,12,9803,3.01,17.3,40,6.3,3.6,3.0,4.6,5.7,4.4,4.6,7.0,24,5.3,7.3,8.6,0,3,5.0,4.1,2,18.2,65,66,39.0,16.7,4.4,20.9,10.6,3.2,2.2,3.0
SUJ-4826,Tecnología,Bogotá,Maestría,E-commerce,Unión libre,21,4,14,1206,16.85,75.5,72,6.8,8.2,8.2,5.7,8.2,5.3,7.07,9.0,19,4.7,8.5,9.3,2,1,6.0,0.9,19,48.9,52,67,29.6,24.8,14.9,7.9,6.6,7.3,6.1,2.8
SUJ-4827,Manufactura,Santiago,Maestría,Holding,Casado,20,3,8,9074,3.09,62.2,44,5.3,3.5,7.4,1.7,4.3,6.2,4.73,7.5,30,3.8,8.0,6.9,2,1,4.9,5.5,18,36.6,56,65,25.5,17.0,12.8,16.8,13.3,9.1,3.5,2.0
SUJ-4828,Tecnología,Medellín,Universitario,Holding,Casado,28,1,7,607,1.0,67.4,89,8.8,6.7,9.0,6.7,9.4,9.3,8.32,5.2,13,6.7,5.9,10.0,1,2,4.9,1.8,76,32.5,38,46,24.2,28.6,18.2,14.2,2.0,8.4,3.1,1.3
SUJ-4829,Finanzas,CDMX,Bachillerato,Startup escalada,Soltero,28,14,21,10107,7.18,23.7,100,10.0,10.0,10.0,8.6,10.0,10.0,9.77,5.3,23,4.7,8.2,4.8,0,2,4.0,3.2,33,31.3,37,56,19.7,18.0,16.1,26.6,7.5,8.4,0.8,2.9
SUJ-4830,Retail/Comercio,Buenos Aires,Bachillerato,Franquicia,Casado,31,3,6,3130,1.0,12.8,72,8.1,3.7,7.9,5.6,8.7,6.2,6.7,6.1,13,6.9,8.6,9.8,2,2,5.7,1.7,2,18.6,33,52,23.8,22.6,16.7,14.7,11.6,5.0,5.4,0.2
SUJ-4831,Inmuebles,Barranquilla,Universitario,Empresa propia,Soltero,27,1,2,5016,1.0,16.2,96,7.7,9.0,7.1,5.7,10.0,8.3,7.97,7.6,13,8.9,6.9,6.1,1,2,4.7,2.4,7,20.7,35,51,44.7,11.0,12.4,10.5,10.7,5.1,3.6,2.0
SUJ-4832,Inmuebles,CDMX,Universitario,Empresa propia,Casado,26,13,20,1454,1.88,27.7,62,7.4,5.3,7.5,5.0,7.2,7.0,6.57,7.6,28,6.3,8.8,9.4,3,0,5.2,2.6,63,26.7,50,65,32.8,16.2,20.8,9.6,8.4,7.4,4.9,-0.1
SUJ-4833,Manufactura,Lima,Bachillerato,Franquicia,Casado,26,7,10,7907,1.0,13.0,86,7.0,7.9,8.9,3.7,10.0,8.5,7.67,10.0,23,5.1,8.5,9.2,3,1,6.3,3.0,141,25.8,45,69,29.9,20.8,12.8,5.9,18.2,8.5,1.8,2.1
SUJ-4834,Tecnología,Bucaramanga,Técnico,Holding,Soltero,30,6,8,3294,1.0,61.1,84,9.4,7.5,8.8,7.5,9.2,6.8,8.2,5.3,37,8.2,4.5,6.8,2,3,3.8,1.6,44,26.8,38,47,26.4,23.0,16.7,8.2,7.3,8.8,7.7,1.9
SUJ-4835,Retail/Comercio,Caracas,Técnico,Empresa propia,Soltero,17,8,17,3867,2.03,24.4,70,9.4,7.9,7.2,3.9,8.5,5.9,7.13,8.9,7,4.7,9.7,7.0,1,3,4.9,0.0,34,25.6,49,54,29.4,18.3,14.6,14.3,11.5,6.0,5.4,0.5
SUJ-4836,Tecnología,Caracas,Maestría,Empresa propia,Soltero,25,8,19,8448,112.22,64.6,72,7.4,4.8,6.4,6.6,8.0,7.0,6.7,9.0,9,6.7,6.8,5.7,1,2,5.5,2.1,19,47.8,36,73,25.9,21.2,18.3,12.3,10.4,6.5,3.5,1.9
SUJ-4837,Finanzas,Bogotá,Técnico,Startup escalada,Soltero,27,8,17,1576,10.23,56.4,77,6.9,4.8,8.0,6.3,8.3,7.1,6.9,9.2,35,0.0,9.2,5.9,2,2,5.2,1.7,136,46.5,57,63,26.6,19.6,13.3,10.4,11.7,12.4,4.5,1.5
SUJ-4838,Retail/Comercio,Barranquilla,Posgrado,Holding,Unión libre,36,1,3,15284,3.71,46.8,75,9.7,6.9,9.0,3.2,7.3,6.2,7.05,5.5,16,8.0,5.6,7.9,2,4,4.0,5.2,151,33.2,52,59,20.5,7.5,21.3,13.1,18.5,13.9,4.4,0.8
SUJ-4839,Tecnología,Buenos Aires,Posgrado,Holding,Soltero,19,1,8,10754,5.73,42.2,77,7.9,5.1,6.5,5.7,10.0,6.7,6.98,6.9,23,7.7,8.6,5.1,1,1,4.9,4.0,5,30.6,46,57,23.3,20.1,22.4,2.3,11.3,13.1,4.2,3.3
SUJ-4840,Finanzas,Cali,Posgrado,Startup escalada,Casado,19,4,9,6896,2.1,61.4,101,8.1,9.3,9.2,7.1,9.5,9.6,8.8,7.5,25,1.0,9.7,9.8,2,2,6.6,5.8,32,36.8,24,55,24.6,35.4,10.6,7.1,7.6,7.5,4.2,3.0
SUJ-4841,Agroindustria,Buenos Aires,Técnico,Startup escalada,Casado,17,5,8,1098,1.15,8.7,99,8.4,8.7,8.8,6.3,10.0,9.6,8.63,6.8,18,4.1,5.4,8.3,2,1,5.3,1.9,103,23.0,41,69,33.3,13.0,10.1,15.2,14.8,9.7,2.3,1.6
SUJ-4842,Agroindustria,Caracas,Universitario,Holding,Casado,17,5,11,9295,2.76,18.5,84,7.4,7.5,8.3,7.5,8.6,6.9,7.7,7.8,19,3.6,9.6,7.7,3,6,4.6,4.9,4,25.3,40,56,32.5,12.8,18.6,10.0,17.8,5.6,1.2,1.5
SUJ-4843,Finanzas,Bucaramanga,Bachillerato,Franquicia,Unión libre,25,8,14,500,3.61,36.4,100,10.0,7.3,10.0,4.8,9.9,10.0,8.67,7.3,23,5.6,4.9,6.8,2,4,4.7,0.5,26,28.2,40,56,23.9,19.1,17.9,15.5,12.9,5.0,3.7,2.0
SUJ-4844,Tecnología,Buenos Aires,Universitario,Empresa familiar,Casado,21,6,11,13053,4.44,57.4,58,5.2,5.2,6.4,3.2,6.5,6.7,5.53,9.3,14,2.9,8.4,9.8,3,2,5.6,5.3,2,30.5,63,59,28.0,19.0,23.3,8.2,9.1,8.1,1.7,2.6
SUJ-4845,Tecnología,Buenos Aires,Universitario,E-commerce,Unión libre,21,4,13,2896,4.02,71.0,83,5.6,6.7,10.0,6.2,8.4,8.4,7.55,8.7,20,6.3,7.0,8.6,2,0,6.4,0.0,177,36.7,40,68,33.5,17.5,15.4,7.1,5.8,12.8,4.6,3.3
SUJ-4846,Finanzas,Monterrey,Posgrado,Empresa propia,Soltero,26,8,19,997,14.14,64.5,84,8.6,9.3,7.5,8.7,9.5,9.6,8.87,5.2,31,10.0,6.0,6.4,0,1,6.5,4.3,50,41.9,34,55,27.9,21.0,14.2,12.8,15.0,2.1,6.4,0.6
SUJ-4847,Agroindustria,Medellín,Posgrado,Empresa propia,Casado,29,9,14,1437,1.81,24.3,67,7.4,5.5,7.8,6.8,8.6,7.6,7.28,7.6,20,6.0,6.3,7.0,0,2,4.5,0.0,2,24.0,53,59,29.5,28.5,12.1,18.0,4.9,5.2,1.7,0.1
SUJ-4848,Tecnología,CDMX,Posgrado,Holding,Casado,26,4,9,26403,1.08,50.4,101,10.0,7.4,8.8,6.9,10.0,7.7,8.47,5.5,10,8.7,7.4,9.0,3,1,6.7,0.1,13,26.5,43,49,23.9,17.9,15.8,11.1,17.1,8.5,3.0,2.7
SUJ-4849,Inmuebles,Cali,Universitario,Startup escalada,Soltero,26,2,7,11891,6.44,31.4,94,6.1,9.1,7.4,6.2,8.0,7.4,7.37,5.0,28,6.2,10.0,7.9,1,4,5.1,2.7,18,37.8,55,60,26.1,17.7,15.7,20.2,4.7,8.5,6.1,1.0
SUJ-4850,Tecnología,Bogotá,Universitario,Empresa propia,Casado,28,7,15,2173,10.81,73.8,80,8.0,5.6,9.9,7.9,9.9,9.0,8.38,7.3,29,2.9,7.5,6.6,0,2,6.0,2.4,21,42.2,29,55,33.3,21.3,12.4,12.8,2.0,8.8,5.5,3.9
SUJ-4851,Salud/Farma,Buenos Aires,Maestría,Empresa propia,Casado,17,5,12,26476,4.31,14.9,63,6.3,8.0,6.2,6.3,8.1,5.4,6.72,5.6,18,5.8,7.9,8.7,3,0,5.8,3.8,10,24.1,35,63,33.3,16.5,12.5,1.8,17.3,16.8,0.2,1.6
SUJ-4852,Finanzas,Cali,Universitario,Startup escalada,Casado,26,10,14,1207,1.1,54.6,52,6.3,2.8,4.6,4.1,5.8,6.3,4.98,9.4,0,1.0,6.5,8.5,1,2,6.3,5.0,4,22.5,77,66,19.0,25.2,19.0,13.4,10.3,10.5,0.0,2.6
SUJ-4853,Inmuebles,Santiago,Maestría,Startup escalada,Soltero,25,3,9,10579,2.79,47.4,58,4.0,7.6,5.5,5.9,7.7,6.6,6.22,6.9,24,6.5,5.7,7.8,1,1,6.8,2.7,248,36.9,42,64,21.0,23.8,21.5,17.7,2.4,9.5,2.5,1.6
SUJ-4854,Finanzas,Buenos Aires,Maestría,Empresa propia,Casado,25,2,3,8554,7.84,48.0,94,9.5,7.8,10.0,8.5,10.0,8.9,9.12,9.6,45,5.5,7.1,5.2,2,0,6.3,2.8,10,35.7,24,59,23.7,19.0,15.3,12.9,14.5,9.7,3.0,1.9
SUJ-4855,Manufactura,São Paulo,Universitario,Empresa propia,Soltero,22,4,4,13784,1.0,37.8,69,7.3,5.5,8.7,4.7,7.5,5.6,6.55,8.0,30,10.0,9.9,6.0,2,1,5.6,5.0,45,24.3,55,55,25.0,10.5,18.2,16.8,18.6,3.7,6.0,1.2
SUJ-4856,Tecnología,São Paulo,Universitario,Holding,Casado,24,9,11,3846,4.31,83.4,88,10.0,9.6,10.0,7.1,8.7,8.7,9.02,7.1,15,7.5,6.1,8.0,0,2,6.3,0.9,3,29.7,22,49,21.0,22.9,19.1,9.4,11.8,9.5,6.3,0.0
SUJ-4857,Tecnología,Monterrey,Universitario,Empresa propia,Soltero,28,5,10,4111,1.73,51.1,77,8.2,6.3,7.0,3.7,10.0,6.3,6.92,6.9,3,5.7,10.0,4.7,3,2,4.3,0.0,6,25.1,31,57,27.4,16.1,14.7,16.8,13.9,8.8,0.7,1.6
SUJ-4858,Agroindustria,São Paulo,Técnico,Startup escalada,Casado,35,6,14,7837,1.51,15.7,45,6.1,3.0,5.0,4.6,7.8,5.9,5.4,5.4,14,4.7,7.1,6.6,0,1,3.6,0.2,5,16.5,61,56,27.5,25.7,16.0,13.0,6.8,9.3,0.7,1.0
SUJ-4859,Agroindustria,Monterrey,Bachillerato,Empresa propia,Soltero,17,5,8,4062,2.77,22.4,69,5.7,6.0,7.3,5.8,8.8,8.8,7.07,4.6,28,7.1,10.0,7.2,3,3,4.5,1.6,204,30.4,49,53,17.9,17.9,13.4,21.5,11.6,9.1,6.2,2.4
SUJ-4860,Servicios,Barranquilla,Técnico,Empresa propia,Soltero,29,11,17,500,1.54,29.0,59,6.2,6.2,4.6,4.3,8.4,5.8,5.92,6.9,18,0.0,8.9,7.8,1,1,4.3,2.6,11,25.5,44,69,22.8,21.5,14.5,12.4,9.9,12.3,6.0,0.6
SUJ-4861,Manufactura,Lima,Universitario,Empresa propia,Soltero,33,9,16,10466,6.75,43.5,84,10.0,7.0,8.5,5.0,9.3,8.6,8.07,7.8,33,6.3,8.1,6.7,3,1,5.1,1.2,31,33.1,39,47,16.9,15.0,19.0,18.5,9.8,13.1,5.4,2.3
SUJ-4862,Inmuebles,Bucaramanga,Posgrado,Empresa propia,Soltero,18,1,12,8194,2.99,49.3,84,7.8,6.7,7.9,5.0,10.0,9.6,7.83,8.6,11,5.3,8.6,7.1,1,1,5.6,1.7,7,27.8,52,65,20.7,20.5,17.2,17.2,11.4,11.9,1.0,0.1
SUJ-4863,Tecnología,CDMX,Maestría,Empresa propia,Casado,24,10,16,4409,6.52,57.0,70,8.3,5.7,9.4,7.4,5.6,6.8,7.2,9.0,12,5.5,7.6,5.4,2,1,4.9,1.2,18,40.4,54,60,31.5,11.2,20.2,16.3,11.2,6.8,0.3,2.5
SUJ-4864,Finanzas,Santiago,Universitario,Empresa propia,Casado,27,9,15,2885,8.95,20.6,93,8.1,8.5,8.2,8.6,10.0,8.3,8.62,5.2,14,4.5,6.1,7.3,0,3,5.3,1.1,144,38.8,42,54,30.6,14.2,16.7,14.8,16.4,3.4,1.4,2.5
SUJ-4865,Finanzas,Bucaramanga,Doctorado,Startup escalada,Soltero,38,11,15,3093,1.0,27.8,87,8.3,5.8,8.3,10.0,10.0,9.3,8.62,8.0,28,9.8,7.3,8.1,2,3,6.2,0.0,152,27.4,36,62,23.1,18.5,20.1,9.5,11.8,12.4,2.7,1.9
SUJ-4866,Manufactura,São Paulo,Doctorado,Empresa propia,Soltero,39,5,17,10808,5.19,38.4,67,5.2,6.5,9.3,3.8,8.5,5.1,6.4,6.8,21,6.2,7.4,6.4,1,1,5.0,4.0,59,35.3,53,66,32.2,18.4,14.7,12.6,10.5,4.2,6.0,1.4
SUJ-4867,Finanzas,Bucaramanga,Doctorado,Startup escalada,Soltero,18,3,12,10449,1.0,39.3,80,7.9,8.8,6.8,6.4,9.3,6.0,7.53,10.0,17,8.5,6.9,7.0,3,2,5.3,2.5,21,21.0,34,65,22.1,17.9,19.4,21.0,6.8,6.2,4.1,2.5
SUJ-4868,Tecnología,Barranquilla,Maestría,Empresa propia,Casado,24,6,8,13670,8.35,67.0,62,5.8,7.4,6.7,4.3,7.8,4.5,6.08,10.0,30,5.1,8.5,8.3,1,3,5.9,3.8,8,33.1,52,70,26.9,18.5,17.7,11.3,8.3,13.1,3.8,0.4
SUJ-4869,Manufactura,Monterrey,Universitario,Holding,Soltero,27,7,18,11489,10.92,36.3,68,8.7,7.9,7.9,3.8,7.2,6.7,7.03,9.2,35,5.0,8.0,8.2,1,4,4.7,3.8,14,30.2,45,57,21.2,14.4,18.3,19.7,14.3,7.7,2.2,2.2
SUJ-4870,Inmuebles,Medellín,Bachillerato,Empresa propia,Soltero,29,11,20,11348,3.24,29.1,81,10.0,5.7,7.2,6.8,10.0,8.1,7.97,6.5,6,9.2,9.9,6.3,1,0,5.2,2.0,9,30.0,39,55,22.5,19.9,12.5,13.2,12.1,11.4,5.1,3.3
SUJ-4871,Finanzas,Cali,Posgrado,Empresa propia,Soltero,27,9,16,2320,1.0,36.6,73,5.4,8.5,8.5,7.9,10.0,6.6,7.82,4.6,32,7.8,9.2,8.4,1,2,3.3,3.5,9,20.8,47,43,27.3,21.8,9.9,17.6,13.3,2.9,6.2,1.0
SUJ-4872,Tecnología,Bogotá,Posgrado,E-commerce,Soltero,20,7,15,857,4.78,50.0,53,4.5,4.7,5.5,4.6,9.1,4.4,5.47,5.9,20,4.9,7.5,7.2,0,0,3.7,4.4,11,27.9,59,64,27.5,12.5,24.6,12.2,6.1,8.4,6.1,2.6
SUJ-4873,Tecnología,Medellín,Maestría,E-commerce,Soltero,20,6,16,11475,13.91,55.2,78,9.2,7.2,7.6,6.9,8.0,8.2,7.85,7.3,33,8.3,7.6,8.3,0,2,6.4,1.4,9,39.2,50,53,32.1,23.4,15.6,10.0,10.4,4.2,2.7,1.6
SUJ-4874,Finanzas,Medellín,Doctorado,Startup escalada,Soltero,17,7,10,830,3.63,28.7,68,6.2,6.0,4.4,7.4,8.6,6.0,6.43,8.2,23,3.6,8.1,4.2,1,4,6.7,1.6,4,22.9,58,58,25.5,14.7,20.6,7.9,14.6,11.1,3.2,2.4
SUJ-4875,Finanzas,Lima,Posgrado,Startup escalada,Casado,17,5,10,32188,11.19,61.1,62,6.7,4.7,6.7,4.5,8.2,7.1,6.32,6.8,30,8.5,8.4,8.5,1,1,3.8,5.4,6,36.7,52,65,5.0,23.9,20.8,14.0,15.5,13.8,4.4,2.6
SUJ-4876,Manufactura,Lima,Universitario,Holding,Casado,17,9,15,16641,4.11,34.6,58,8.2,5.5,5.1,3.8,4.7,7.7,5.83,7.9,11,7.5,9.6,8.3,2,0,4.6,2.0,4,29.6,55,59,16.7,22.7,19.7,13.8,16.0,5.5,2.8,2.8
SUJ-4877,Manufactura,Medellín,Universitario,Franquicia,Soltero,32,1,3,6099,5.94,27.4,70,9.2,7.1,5.8,7.3,7.9,8.7,7.67,8.7,13,5.9,5.6,8.0,2,2,6.6,3.6,2,20.5,41,68,33.2,17.2,20.0,9.7,10.8,4.7,2.6,1.8
SUJ-4878,Manufactura,Monterrey,Bachillerato,Startup escalada,Casado,30,7,16,3473,1.0,27.5,76,6.1,7.3,8.6,5.4,8.8,8.1,7.38,9.2,20,6.8,7.8,7.0,2,1,5.4,3.7,11,23.1,57,63,11.2,32.8,22.1,8.2,11.7,7.4,4.4,2.2
SUJ-4879,Finanzas,Bucaramanga,Posgrado,E-commerce,Soltero,29,11,16,5986,31.34,68.0,69,9.9,6.6,7.6,7.7,8.3,7.3,7.9,5.7,7,3.8,8.2,8.4,1,3,5.1,1.5,3,40.4,37,52,24.8,20.5,12.4,10.1,18.0,7.4,4.9,1.9
SUJ-4880,Servicios,Cali,Posgrado,Empresa familiar,Unión libre,24,2,7,10603,1.0,11.8,76,8.5,5.5,6.0,6.4,7.6,7.2,6.87,7.5,11,5.3,8.1,8.1,1,1,6.0,1.4,31,22.8,66,68,37.8,7.2,13.7,18.4,12.8,5.9,3.1,1.1
SUJ-4881,Tecnología,Bucaramanga,Maestría,Startup escalada,Soltero,25,14,18,11295,12.95,47.4,69,8.6,5.8,5.1,5.7,9.0,7.4,6.93,7.9,33,9.1,6.5,6.8,1,0,6.8,5.7,6,30.2,52,52,25.9,8.4,18.7,3.3,25.5,5.3,7.7,5.2
SUJ-4882,Retail/Comercio,Bucaramanga,Posgrado,Empresa propia,Casado,24,3,9,612,6.36,29.3,80,7.4,7.1,5.1,7.1,9.2,8.9,7.47,6.3,7,8.7,9.1,8.2,0,2,5.4,0.3,6,31.3,45,47,7.6,21.6,17.0,18.4,16.3,5.4,7.1,6.6
SUJ-4883,Inmuebles,Bucaramanga,Maestría,Empresa propia,Casado,17,5,12,13072,2.59,23.6,70,6.4,4.0,8.8,4.8,7.5,8.4,6.65,7.7,13,3.9,7.7,6.5,2,1,4.1,4.5,21,22.3,36,63,14.0,22.8,25.9,8.5,17.0,9.4,1.9,0.5
SUJ-4884,Tecnología,Cali,Posgrado,E-commerce,Soltero,29,11,20,8206,34.37,50.6,50,3.9,5.5,1.2,3.7,7.0,7.2,4.75,9.1,20,6.9,6.7,4.8,0,1,5.3,0.8,31,45.6,53,62,29.3,16.5,13.6,12.0,17.2,1.8,7.8,1.8
SUJ-4885,Tecnología,Cali,Maestría,Holding,Unión libre,31,12,22,500,5.03,30.3,56,4.8,5.7,6.5,3.4,5.7,5.5,5.27,9.5,22,2.6,6.6,6.7,1,2,6.2,2.3,75,30.3,69,70,33.9,16.8,23.1,10.9,6.1,4.7,4.4,0.1
SUJ-4886,Servicios,Barranquilla,Técnico,E-commerce,Soltero,19,8,10,3005,3.14,16.8,65,7.7,7.6,4.8,4.0,8.0,8.2,6.72,3.2,7,9.3,6.0,8.4,2,2,6.4,2.9,5,15.5,45,47,28.8,15.7,15.4,10.6,15.1,9.9,2.9,1.6
SUJ-4887,Finanzas,CDMX,Maestría,Startup escalada,Casado,19,8,16,5717,3.17,46.4,89,9.4,6.9,9.9,5.6,9.5,8.2,8.25,7.9,16,6.8,6.3,7.4,3,0,3.0,0.9,26,34.3,39,56,34.1,16.2,8.8,18.1,10.2,7.6,3.0,2.0
SUJ-4888,Manufactura,Caracas,Posgrado,Empresa propia,Soltero,28,13,23,1670,3.57,14.3,59,7.4,5.2,7.5,5.4,7.1,7.0,6.6,7.8,22,5.1,6.9,7.8,0,1,5.7,1.6,27,25.4,48,68,30.1,13.1,18.5,13.3,14.8,3.6,3.1,3.5
SUJ-4889,Tecnología,Caracas,Técnico,Empresa propia,Soltero,28,2,7,1349,1.0,70.5,78,8.1,6.7,6.5,6.0,7.9,7.7,7.15,8.6,27,1.1,7.6,5.2,4,4,5.8,1.3,56,30.0,55,52,24.2,16.4,13.7,15.8,13.3,10.8,4.1,1.7
SUJ-4890,Manufactura,Caracas,Universitario,Empresa propia,Casado,30,1,6,500,1.0,30.9,78,7.8,7.5,6.8,6.1,7.4,6.7,7.05,8.5,12,5.8,5.9,7.5,0,2,4.8,3.6,17,25.2,42,63,35.2,4.2,13.2,17.1,13.0,13.9,3.5,-0.1
SUJ-4891,Finanzas,Medellín,Doctorado,E-commerce,Soltero,34,1,6,19402,3.28,46.6,56,5.3,4.5,5.8,3.4,5.5,8.1,5.43,7.0,8,10.0,8.9,7.7,2,3,6.7,3.2,4,26.7,71,84,26.3,20.5,18.3,17.0,7.3,6.6,2.7,1.3
SUJ-4892,Tecnología,Buenos Aires,Bachillerato,Holding,Soltero,19,3,11,500,7.18,44.0,69,7.0,7.7,6.1,7.2,6.5,8.5,7.17,7.1,10,5.4,5.3,8.7,1,2,5.5,2.9,135,34.3,53,58,29.2,17.9,26.9,2.4,6.7,9.3,7.2,0.4
SUJ-4893,Manufactura,Barranquilla,Universitario,Empresa propia,Soltero,25,4,11,3645,4.44,4.0,74,8.7,6.1,8.7,7.9,8.4,5.8,7.6,8.0,21,6.7,7.1,9.3,0,0,5.6,1.6,88,28.7,40,58,26.4,19.5,9.5,16.4,11.6,9.8,5.4,1.4
SUJ-4894,Finanzas,Barranquilla,Universitario,E-commerce,Casado,19,8,17,1843,1.68,38.5,69,8.1,6.3,7.0,5.3,8.3,7.4,7.07,5.9,17,5.5,7.7,7.9,2,5,5.2,2.8,7,24.6,47,53,22.4,19.1,16.7,17.5,12.4,5.0,6.2,0.7
SUJ-4895,Finanzas,Bogotá,Posgrado,Empresa propia,Soltero,20,11,17,10808,14.71,49.0,80,8.6,5.9,9.1,6.3,9.2,7.6,7.78,7.1,21,4.9,7.6,8.5,3,1,4.9,4.0,10,38.5,52,58,23.1,15.3,19.1,14.1,17.4,6.7,2.6,1.7
SUJ-4896,Tecnología,Buenos Aires,Maestría,Empresa propia,Soltero,23,10,20,9825,49.54,51.4,79,7.3,5.2,7.4,7.6,8.0,8.4,7.32,7.3,20,7.0,10.0,5.2,2,0,5.3,3.8,33,50.5,42,63,31.0,16.3,17.1,16.0,3.8,8.8,6.0,1.0
SUJ-4897,Tecnología,Lima,Universitario,Holding,Casado,34,10,18,13128,8.35,41.9,75,7.3,6.3,9.5,7.5,7.1,8.2,7.65,6.6,19,9.4,8.4,8.3,2,1,6.6,4.0,31,40.9,44,57,24.6,13.1,19.5,11.3,17.4,5.2,6.4,2.5
SUJ-4898,Finanzas,Bogotá,Universitario,Empresa propia,Soltero,32,3,13,7673,9.14,71.5,85,7.0,6.0,6.0,7.6,9.7,9.4,7.62,5.5,19,7.1,5.9,7.9,1,3,4.9,1.4,59,38.8,49,47,21.4,14.6,19.4,17.0,12.3,8.7,6.6,-0.0
SUJ-4899,Tecnología,Lima,Doctorado,Holding,Soltero,25,8,12,7165,4.21,67.7,72,7.1,4.9,6.6,7.0,8.6,6.1,6.72,7.6,26,6.2,8.1,8.6,0,3,5.5,4.0,6,33.6,46,54,19.5,18.7,19.7,10.0,14.2,12.3,1.9,3.7
SUJ-4900,Agroindustria,CDMX,Maestría,Startup escalada,Soltero,17,4,15,4181,1.56,13.2,74,5.6,6.3,8.3,4.5,9.5,5.2,6.57,8.3,32,5.1,5.9,6.6,0,1,5.6,3.5,28,22.7,59,75,22.3,17.9,18.3,12.5,12.7,12.0,1.7,2.6
SUJ-4901,Tecnología,Santiago,Maestría,Startup escalada,Soltero,28,9,13,8092,3.99,60.6,76,7.4,4.8,6.4,5.0,7.2,8.6,6.57,8.6,23,6.4,9.5,8.0,1,3,4.1,1.8,69,36.9,57,68,34.0,14.7,22.2,4.2,10.8,5.1,6.1,2.9
SUJ-4902,Retail/Comercio,Lima,Universitario,Empresa propia,Soltero,28,7,11,979,2.07,46.6,57,5.4,4.8,4.5,7.3,6.7,4.8,5.58,7.9,27,5.0,4.4,5.5,1,0,5.7,3.6,12,21.7,65,69,22.0,20.5,27.0,3.9,9.8,11.0,5.9,-0.1
SUJ-4903,Tecnología,Bucaramanga,Universitario,E-commerce,Unión libre,20,10,15,9229,12.2,57.3,80,8.3,6.8,5.4,6.3,9.3,7.5,7.27,7.1,11,5.5,7.0,6.6,0,1,5.0,2.1,91,38.7,50,57,18.2,14.3,26.8,13.3,9.8,11.7,1.8,4.1
SUJ-4904,Finanzas,Lima,Universitario,Holding,Soltero,30,16,20,877,3.92,45.8,64,5.9,7.1,7.0,5.1,5.8,6.6,6.25,7.7,36,8.1,7.9,6.1,2,2,4.6,1.1,15,33.7,63,50,27.4,23.6,12.5,8.7,15.3,7.7,3.9,0.9
SUJ-4905,Agroindustria,São Paulo,Maestría,Startup escalada,Soltero,20,7,20,15828,10.56,4.0,69,8.3,5.9,8.3,7.3,7.7,6.8,7.38,6.1,27,6.9,5.8,4.4,2,1,7.0,4.4,93,32.1,43,65,28.3,17.4,16.9,8.8,16.4,8.8,2.3,1.1
SUJ-4906,Tecnología,Buenos Aires,Técnico,Startup escalada,Soltero,30,3,11,5636,2.4,51.5,80,6.1,7.3,7.3,5.4,6.9,8.9,6.98,8.4,37,6.0,9.1,8.2,1,1,6.2,5.2,13,25.8,48,65,23.1,17.7,18.4,14.3,11.4,9.6,2.6,2.9
SUJ-4907,Salud/Farma,Caracas,Universitario,Empresa propia,Soltero,27,1,9,6046,1.0,16.1,78,5.9,5.0,8.5,6.7,8.1,6.0,6.7,3.9,20,2.2,9.4,6.9,1,1,5.9,3.1,31,24.7,56,45,30.4,10.9,11.0,20.3,15.7,8.4,3.3,-0.0
SUJ-4908,Tecnología,Caracas,Bachillerato,Empresa propia,Casado,17,3,2,7033,1.92,44.1,53,5.6,3.3,8.5,7.0,8.0,4.5,6.15,6.6,20,5.3,6.8,8.3,2,1,3.2,0.7,486,31.6,49,43,19.2,23.7,16.3,12.9,9.5,13.4,4.4,0.6
SUJ-4909,Inmuebles,Cali,Universitario,E-commerce,Soltero,23,11,21,11970,9.84,27.2,53,6.4,6.0,7.1,3.7,8.7,5.1,6.17,7.9,9,10.0,7.1,7.0,6,3,4.4,3.0,15,26.4,43,63,31.6,25.9,12.1,11.3,10.9,3.1,5.1,0.0
SUJ-4910,Retail/Comercio,Buenos Aires,Maestría,Holding,Soltero,26,9,11,5207,1.0,25.3,59,5.8,4.4,7.4,3.0,7.2,5.9,5.62,6.3,30,8.1,6.4,6.5,1,1,5.4,0.0,24,22.8,62,68,23.7,17.9,18.6,17.6,14.2,2.3,5.2,0.5
SUJ-4911,Servicios,CDMX,Bachillerato,Empresa propia,Soltero,27,8,14,4463,1.0,16.8,75,7.2,5.2,6.8,4.6,8.8,5.8,6.4,7.1,8,8.4,8.4,6.8,0,1,5.3,4.4,22,18.3,39,57,28.4,21.3,15.1,5.5,17.1,8.0,2.7,1.9
SUJ-4912,Retail/Comercio,Caracas,Posgrado,Empresa propia,Casado,32,8,12,2721,3.78,9.7,90,9.0,6.2,8.0,6.3,9.7,9.5,8.12,7.3,24,4.3,7.4,8.5,0,4,5.0,2.7,356,32.5,38,67,30.7,15.2,8.1,17.8,12.1,9.6,5.1,1.4
SUJ-4913,Retail/Comercio,Barranquilla,Doctorado,Holding,Soltero,32,9,16,1096,1.05,4.0,66,7.5,5.4,7.3,4.3,8.6,5.2,6.38,6.2,33,9.7,5.9,8.9,4,3,4.5,2.3,6,14.0,50,60,21.2,15.2,23.4,11.7,13.5,9.2,4.0,1.8
SUJ-4914,Tecnología,Bucaramanga,Universitario,Empresa propia,Soltero,24,1,12,1689,4.98,63.9,60,6.1,6.2,6.3,5.4,8.0,4.9,6.15,6.1,20,4.3,10.0,6.2,3,1,4.4,5.2,46,40.1,48,57,30.9,19.6,16.5,10.9,5.6,8.3,4.3,3.9
SUJ-4915,Tecnología,Santiago,Posgrado,Empresa propia,Casado,29,10,13,500,2.42,76.2,60,6.7,2.6,7.0,5.0,5.4,7.3,5.67,8.3,21,6.4,10.0,8.0,3,5,4.7,0.0,14,28.0,72,66,29.7,18.2,20.3,14.4,7.9,8.1,0.3,1.1
SUJ-4916,Agroindustria,CDMX,Doctorado,Empresa propia,Soltero,35,8,11,16286,4.9,20.8,78,9.2,10.0,4.0,8.4,9.3,7.4,8.05,8.5,42,4.2,10.0,9.8,1,1,4.6,0.1,2,23.1,50,66,27.4,19.3,17.9,13.5,9.2,5.0,4.6,3.1
SUJ-4917,Finanzas,Barranquilla,Doctorado,Empresa propia,Casado,19,1,7,11583,2.49,32.8,87,7.0,7.4,7.5,6.6,8.1,9.8,7.73,6.8,0,9.4,5.4,7.9,4,1,4.9,2.4,33,28.8,35,64,18.5,25.3,10.2,16.4,10.1,9.6,8.0,1.9
SUJ-4918,Finanzas,Monterrey,Universitario,E-commerce,Casado,22,8,19,1974,19.14,62.0,86,10.0,6.1,9.8,7.1,10.0,4.7,7.95,6.3,20,7.6,9.2,7.2,2,1,4.3,4.7,38,44.1,41,49,29.7,21.4,10.2,12.7,7.7,9.7,5.3,3.3
SUJ-4919,Inmuebles,Buenos Aires,Técnico,Empresa propia,Soltero,17,2,7,500,1.48,60.7,63,8.1,5.4,3.9,5.2,8.6,5.7,6.15,7.4,11,8.8,8.2,8.7,1,1,3.7,5.3,14,30.1,57,53,10.6,23.0,21.5,16.3,16.8,5.5,4.4,1.9
SUJ-4920,Finanzas,São Paulo,Técnico,Empresa propia,Soltero,22,9,12,5420,3.44,65.1,52,4.9,3.6,4.6,5.3,4.7,6.9,5.0,5.6,27,0.4,8.3,7.8,0,2,6.0,4.5,33,31.5,64,54,28.6,16.0,21.1,11.2,7.3,8.7,4.8,2.3
SUJ-4921,Agroindustria,CDMX,Maestría,Empresa propia,Unión libre,27,7,14,4256,5.37,38.1,73,8.2,6.5,6.9,4.8,9.3,6.6,7.05,5.7,35,6.6,5.8,6.9,1,3,5.6,1.6,56,31.6,36,56,35.4,13.8,15.3,13.8,10.1,2.9,6.1,2.6
SUJ-4922,Inmuebles,Buenos Aires,Maestría,Empresa propia,Casado,17,3,9,11969,2.98,15.4,92,7.2,6.6,6.1,6.5,8.6,9.6,7.43,6.2,11,3.8,6.3,7.0,0,2,3.4,5.7,11,27.0,43,64,29.7,13.5,13.3,16.9,13.4,6.8,6.1,0.3
SUJ-4923,Manufactura,Santiago,Posgrado,Holding,Unión libre,28,8,10,4125,4.53,16.9,78,8.4,6.8,8.5,7.8,8.4,6.9,7.8,9.3,28,6.1,6.8,6.6,2,2,4.4,4.3,176,36.6,36,62,14.7,24.4,11.4,18.2,13.5,13.2,3.0,1.6
SUJ-4924,Servicios,Barranquilla,Universitario,Empresa propia,Soltero,23,10,15,15967,3.63,39.0,54,7.7,4.3,6.4,5.5,5.2,6.4,5.92,6.3,25,1.6,7.7,6.7,0,4,5.8,0.5,38,34.6,57,58,19.5,24.4,19.5,7.9,12.6,7.3,7.5,1.3
SUJ-4925,Tecnología,Buenos Aires,Técnico,E-commerce,Soltero,25,5,4,805,3.53,35.5,71,6.2,6.9,4.3,7.0,8.6,6.8,6.63,8.2,30,4.0,7.2,8.4,1,1,5.5,0.5,13,28.1,46,59,36.9,18.4,10.7,10.5,10.4,6.6,4.4,2.1
SUJ-4926,Finanzas,Cali,Posgrado,Empresa propia,Unión libre,18,10,16,3643,1.02,40.3,59,5.4,7.6,5.8,4.4,8.7,8.6,6.75,5.5,18,3.9,7.7,9.4,1,4,6.3,5.1,123,27.3,39,62,38.3,25.1,16.3,6.0,9.2,4.1,0.0,1.0
SUJ-4927,Retail/Comercio,Lima,Universitario,Empresa propia,Soltero,25,6,8,21737,1.0,31.0,77,8.2,5.7,7.2,8.0,8.3,7.9,7.55,6.9,33,2.5,7.1,7.5,2,2,5.6,0.6,142,21.2,34,55,17.2,30.3,10.2,18.8,11.2,5.5,5.5,1.3
SUJ-4928,Finanzas,Bogotá,Maestría,Empresa propia,Unión libre,36,10,25,500,32.58,55.6,72,7.4,6.2,8.1,4.9,7.5,6.5,6.77,8.5,29,5.0,6.5,8.9,1,4,5.5,1.4,7,37.5,58,72,24.7,22.7,22.1,9.2,7.4,7.2,4.7,2.0
SUJ-4929,Inmuebles,Santiago,Universitario,Empresa propia,Soltero,23,6,14,3964,4.58,27.8,69,7.5,6.9,8.0,4.8,7.8,5.9,6.82,7.6,22,8.4,8.1,8.4,1,2,6.4,4.5,36,33.2,53,59,15.3,20.9,14.7,19.1,8.4,12.2,6.9,2.5
SUJ-4930,Agroindustria,Bogotá,Universitario,Holding,Unión libre,17,11,18,2405,2.35,19.4,64,9.7,7.3,7.7,5.1,9.0,7.4,7.7,6.7,20,6.6,7.9,7.2,0,1,6.2,3.3,6,17.9,38,52,22.8,20.5,12.7,16.9,16.2,8.5,0.2,2.2
SUJ-4931,Retail/Comercio,Medellín,Universitario,Franquicia,Soltero,33,3,11,6071,1.69,30.7,78,7.4,7.1,9.1,7.9,9.7,9.1,8.38,7.1,29,3.9,7.8,5.9,1,3,5.4,4.8,55,24.9,33,49,32.9,11.6,13.9,19.1,10.9,5.5,3.0,3.1
SUJ-4932,Finanzas,Lima,Universitario,Startup escalada,Soltero,29,3,7,2614,6.84,44.9,88,7.0,6.4,8.7,5.9,10.0,7.6,7.6,10.0,27,5.8,8.9,8.2,1,1,6.3,2.7,206,35.1,48,76,37.6,13.1,14.1,17.8,5.2,6.6,3.0,2.6
SUJ-4933,Salud/Farma,Santiago,Universitario,Empresa propia,Unión libre,26,4,10,16316,2.16,19.7,94,8.4,6.2,10.0,5.5,10.0,10.0,8.35,9.8,18,6.2,7.5,8.7,0,0,6.8,4.7,22,24.0,39,57,22.9,22.7,15.1,17.1,10.5,3.9,5.4,2.4
SUJ-4934,Retail/Comercio,CDMX,Técnico,Empresa propia,Soltero,29,7,15,22134,3.62,26.7,78,8.2,7.0,8.5,7.8,6.3,8.7,7.75,6.7,3,8.4,7.9,5.0,2,1,4.9,0.0,22,25.8,39,59,25.4,12.6,16.3,18.3,9.2,11.2,2.5,4.5
SUJ-4935,Retail/Comercio,Cali,Universitario,Empresa propia,Soltero,26,6,9,15130,12.85,20.8,89,7.5,8.3,8.4,5.9,7.6,8.8,7.75,6.9,3,8.7,7.9,6.8,3,2,4.6,2.3,3,27.4,40,67,21.4,30.5,18.1,8.8,5.9,9.5,5.7,0.1
SUJ-4936,Finanzas,CDMX,Bachillerato,Startup escalada,Soltero,35,8,16,4067,10.18,60.6,59,5.8,6.0,8.7,6.3,6.8,6.1,6.62,8.1,34,6.3,4.9,7.6,1,3,3.1,3.6,4,35.1,45,57,20.2,13.9,19.3,15.8,12.6,10.0,5.9,2.3
SUJ-4937,Servicios,Monterrey,Universitario,Empresa propia,Casado,30,2,15,36788,5.83,26.4,68,8.6,6.8,5.8,4.6,6.2,8.8,6.8,9.0,14,6.4,8.9,8.8,1,3,6.0,4.6,30,30.9,50,68,28.9,23.3,11.9,14.6,8.0,9.4,3.1,0.8
SUJ-4938,Manufactura,Medellín,Maestría,Franquicia,Unión libre,23,4,5,10625,1.63,23.8,59,8.3,3.7,6.4,4.6,7.8,6.7,6.25,10.0,11,9.3,6.9,9.2,3,3,4.9,0.9,2,21.3,75,66,10.2,24.3,20.4,9.2,15.3,15.2,4.1,1.3
SUJ-4939,Inmuebles,Cali,Universitario,Empresa propia,Soltero,34,12,20,3515,1.0,28.4,66,6.4,5.1,7.0,7.4,7.4,7.0,6.72,4.9,21,2.8,8.5,7.2,1,0,6.4,3.4,6,21.3,43,56,31.7,18.6,13.7,15.0,9.9,5.8,3.0,2.3
SUJ-4940,Inmuebles,São Paulo,Posgrado,Empresa propia,Soltero,36,8,11,787,5.45,46.3,58,6.0,5.1,6.9,6.6,4.9,5.3,5.8,7.5,24,5.2,8.0,5.4,1,3,4.9,2.9,2,28.3,54,68,22.1,28.4,9.2,16.2,14.7,4.5,4.9,0.0
SUJ-4941,Finanzas,Caracas,Maestría,Empresa familiar,Soltero,31,9,17,8798,12.52,43.0,94,7.9,8.1,8.2,9.1,10.0,9.0,8.72,6.1,15,2.9,6.6,4.7,2,2,5.3,1.5,4,30.1,21,62,24.8,20.0,16.5,14.8,9.2,6.8,3.6,4.3
SUJ-4942,Retail/Comercio,Buenos Aires,Posgrado,E-commerce,Casado,28,6,13,10432,2.44,38.6,67,7.3,6.2,6.0,4.8,6.9,9.3,6.75,8.6,1,4.3,8.5,10.0,1,2,6.1,4.4,7,26.7,51,72,34.5,26.0,3.8,16.1,11.4,8.1,0.0,0.1
SUJ-4943,Servicios,Buenos Aires,Doctorado,Startup escalada,Soltero,20,8,21,1045,3.11,38.7,70,10.0,6.5,8.7,6.0,7.7,7.0,7.65,7.5,18,9.0,6.1,7.8,1,3,3.4,3.3,13,26.3,33,62,20.5,13.7,25.8,17.8,3.6,10.4,4.3,3.9
SUJ-4944,Finanzas,Caracas,Bachillerato,Holding,Soltero,30,5,17,6383,12.64,55.0,51,5.5,2.2,4.0,5.0,7.5,7.4,5.27,8.4,11,8.2,7.9,7.5,2,0,5.8,2.9,55,41.4,50,69,29.4,21.1,15.1,13.0,13.6,6.6,1.1,0.1
SUJ-4945,Inmuebles,Bucaramanga,Maestría,E-commerce,Soltero,28,1,2,34796,17.38,9.1,45,5.1,2.6,6.9,4.9,7.2,2.4,4.85,8.5,9,5.2,7.2,6.3,0,5,5.1,0.8,264,37.0,50,72,15.4,26.2,19.9,16.8,13.8,5.0,3.0,-0.1
SUJ-4946,Agroindustria,Buenos Aires,Doctorado,Empresa propia,Casado,25,11,20,3159,7.05,13.4,95,10.0,7.9,8.8,7.3,10.0,8.6,8.77,8.7,30,4.5,9.0,9.1,3,0,5.3,4.8,13,24.8,41,52,15.4,24.8,18.0,19.9,5.1,11.3,4.8,0.7
SUJ-4947,Manufactura,Barranquilla,Maestría,Holding,Unión libre,30,7,16,2875,1.0,12.8,69,6.6,6.2,7.3,7.5,8.6,8.0,7.37,7.5,8,6.5,9.3,6.2,2,4,3.7,3.2,6,20.8,40,51,24.3,19.4,25.1,12.6,5.5,6.4,4.6,2.1
SUJ-4948,Inmuebles,Medellín,Técnico,Empresa propia,Soltero,26,4,14,18689,4.66,15.0,103,9.5,8.2,8.8,6.2,10.0,10.0,8.78,8.2,29,7.4,7.6,9.3,0,2,5.1,0.1,27,28.6,22,65,35.2,11.9,16.0,8.8,12.2,11.0,2.4,2.5
SUJ-4949,Inmuebles,Barranquilla,Universitario,Franquicia,Soltero,29,7,15,999,3.08,47.0,70,9.0,6.6,6.8,7.1,7.6,6.0,7.18,5.4,27,5.7,7.4,9.3,2,3,4.6,6.2,1,20.3,45,44,37.4,16.0,17.3,11.4,12.1,5.1,0.0,0.7
SUJ-4950,Servicios,Caracas,Técnico,E-commerce,Casado,32,5,13,21687,1.0,27.4,56,4.5,6.0,7.4,5.0,6.6,7.8,6.22,5.3,21,6.3,5.4,7.9,0,1,5.7,0.0,174,24.1,48,56,21.4,17.8,21.4,12.4,11.3,5.4,7.8,2.5
SUJ-4951,Finanzas,Lima,Posgrado,Startup escalada,Casado,18,12,14,12094,1.83,12.2,73,6.2,4.9,6.6,9.6,7.5,10.0,7.47,8.8,34,7.4,7.0,8.6,0,1,4.9,2.5,37,24.5,42,53,29.0,11.8,17.3,23.4,11.6,2.8,2.0,2.1
SUJ-4952,Tecnología,Bucaramanga,Maestría,Holding,Soltero,19,9,16,3965,3.77,52.2,73,8.3,4.1,4.8,5.7,8.3,9.7,6.82,7.3,32,5.9,7.3,6.2,0,3,4.9,0.6,142,34.3,55,59,26.7,17.9,16.3,9.5,12.2,8.4,4.8,4.2
SUJ-4953,Retail/Comercio,Bucaramanga,Universitario,Holding,Soltero,20,2,7,697,6.19,19.1,74,7.5,5.9,7.4,4.3,8.3,9.1,7.08,7.2,6,7.5,6.9,7.6,2,2,5.0,1.4,22,29.0,55,58,17.6,32.2,12.7,6.8,16.3,10.2,2.9,1.3
SUJ-4954,Manufactura,Caracas,Posgrado,Empresa propia,Soltero,37,2,10,500,1.0,37.8,71,6.0,7.0,6.1,5.4,8.2,5.9,6.43,6.7,23,7.6,8.4,5.4,1,1,6.1,0.0,1,24.0,50,59,18.9,22.9,10.0,18.1,14.7,8.1,4.9,2.4
SUJ-4955,Retail/Comercio,Caracas,Posgrado,Empresa propia,Casado,29,8,14,3770,6.24,19.1,52,6.3,5.2,4.4,3.1,6.4,6.4,5.3,6.9,21,5.8,7.6,6.7,1,2,4.9,5.2,38,30.7,59,68,22.8,16.5,15.4,20.5,12.7,4.4,5.9,1.8
SUJ-4956,Inmuebles,Buenos Aires,Universitario,Empresa propia,Casado,30,7,15,9775,9.48,36.1,52,5.6,4.5,4.8,6.1,7.5,5.8,5.72,7.2,34,6.5,8.4,4.8,0,0,7.0,4.1,4,38.5,57,50,24.0,22.8,16.1,10.7,11.9,7.9,5.4,1.2
SUJ-4957,Finanzas,Cali,Maestría,Holding,Casado,32,9,17,5348,7.13,52.4,88,9.1,9.0,10.0,6.3,9.6,9.4,8.9,6.0,3,6.0,5.7,4.4,1,3,3.3,4.3,221,36.5,32,58,30.1,28.4,8.5,11.6,15.9,4.4,0.0,1.1
SUJ-4958,Manufactura,Lima,Maestría,Empresa familiar,Soltero,19,6,14,10735,3.88,13.3,99,9.3,10.0,9.0,7.3,10.0,8.0,8.93,8.0,22,6.7,8.0,6.3,1,3,5.2,2.3,16,29.1,33,54,25.8,13.6,28.0,11.8,7.9,4.4,7.8,0.7
SUJ-4959,Tecnología,Monterrey,Bachillerato,Empresa propia,Soltero,17,4,7,8883,2.47,38.3,68,5.4,6.9,6.2,5.5,8.2,7.6,6.63,7.2,23,5.0,7.1,5.8,1,0,5.7,4.0,15,24.6,47,51,34.3,14.8,9.4,9.6,19.6,7.3,4.9,0.1
SUJ-4960,Inmuebles,Medellín,Posgrado,Empresa propia,Unión libre,25,9,23,6806,351.15,60.1,48,7.5,6.6,6.6,3.1,4.7,4.9,5.57,7.7,33,8.0,8.7,7.6,2,1,5.2,1.5,307,62.5,59,62,21.6,14.5,11.2,18.9,12.7,12.6,4.5,4.0
SUJ-4961,Retail/Comercio,Medellín,Universitario,Franquicia,Soltero,31,9,16,27411,7.73,33.9,89,10.0,5.5,9.2,5.9,8.2,8.3,7.85,8.0,24,4.9,8.5,8.2,2,1,3.7,5.6,40,28.4,33,60,17.7,21.9,27.9,8.9,9.8,8.7,4.0,1.1
SUJ-4962,Tecnología,Santiago,Posgrado,Startup escalada,Unión libre,24,11,19,10426,37.65,53.1,61,5.8,5.6,8.0,3.2,6.9,6.4,5.98,4.5,26,6.5,7.8,8.3,1,2,5.5,4.4,46,46.6,51,67,26.3,23.8,14.0,10.5,10.0,8.3,6.0,1.1
SUJ-4963,Finanzas,CDMX,Doctorado,E-commerce,Casado,17,9,15,19684,43.8,65.0,77,10.0,5.9,9.6,3.4,9.2,5.9,7.33,8.9,38,1.6,8.4,7.1,0,1,4.3,5.3,88,54.3,47,42,7.5,24.4,21.9,16.9,9.9,13.3,6.2,-0.1
SUJ-4964,Inmuebles,Buenos Aires,Maestría,Empresa propia,Soltero,20,4,6,2218,1.0,56.3,65,6.7,6.7,10.0,5.1,7.6,8.2,7.38,6.0,19,6.4,3.1,9.6,1,3,4.7,6.6,1,18.7,51,47,13.2,20.3,15.7,18.8,15.7,5.9,8.4,2.0
SUJ-4965,Retail/Comercio,Santiago,Universitario,Empresa familiar,Soltero,18,8,17,10004,10.62,49.4,66,3.5,4.2,5.7,4.6,7.3,7.6,5.48,5.8,23,7.8,9.1,8.2,4,1,4.9,1.2,38,36.6,70,57,21.2,19.2,15.2,21.3,18.0,1.3,2.7,1.1
SUJ-4966,Tecnología,Monterrey,Universitario,Startup escalada,Unión libre,22,6,13,7286,5.86,33.2,61,7.2,5.4,7.7,3.7,7.4,6.4,6.3,10.0,27,4.0,9.0,7.4,1,1,5.2,1.1,31,31.2,63,76,25.6,21.4,15.3,12.9,6.5,14.6,2.3,1.4
SUJ-4967,Salud/Farma,Bucaramanga,Universitario,Empresa propia,Soltero,19,3,12,20647,1.0,27.2,91,6.2,6.8,7.6,7.6,10.0,7.2,7.57,8.0,12,2.0,9.6,9.1,1,2,5.8,1.0,94,30.1,56,62,30.6,20.9,16.3,11.0,3.6,9.0,4.5,4.1
SUJ-4968,Inmuebles,Caracas,Posgrado,Startup escalada,Unión libre,26,1,5,5714,8.24,27.8,78,7.5,7.7,7.4,7.2,7.4,6.3,7.25,8.4,7,4.8,5.9,7.9,3,0,6.1,3.5,16,28.2,54,67,16.6,2.4,25.0,14.5,17.1,12.6,6.7,5.1
SUJ-4969,Agroindustria,Bogotá,Técnico,Franquicia,Soltero,22,15,20,2624,9.05,45.8,77,8.9,5.9,8.3,6.5,8.7,8.9,7.87,6.6,25,2.0,6.5,8.1,3,2,4.0,1.7,10,31.0,52,53,25.5,11.6,22.6,7.1,13.1,10.0,6.7,3.4
SUJ-4970,Retail/Comercio,Caracas,Posgrado,Empresa propia,Casado,29,5,12,3886,1.93,38.4,73,8.1,4.3,7.4,5.9,7.0,6.6,6.55,6.6,23,4.9,6.1,4.9,3,1,4.7,1.3,3,22.3,57,67,26.1,8.7,21.6,15.3,10.0,9.3,8.9,0.1
SUJ-4971,Retail/Comercio,Monterrey,Bachillerato,Franquicia,Casado,20,6,12,1975,1.25,10.3,77,6.9,7.2,8.1,8.4,7.6,6.6,7.47,6.2,40,3.5,9.1,6.5,1,2,3.3,3.2,13,16.8,58,51,23.2,23.8,17.9,9.9,9.9,9.8,3.6,1.9
SUJ-4972,Servicios,Monterrey,Universitario,Startup escalada,Unión libre,27,8,13,1987,1.0,4.0,56,6.8,6.2,5.7,4.1,6.9,4.2,5.65,7.6,20,5.5,7.3,8.1,0,3,5.2,0.8,17,18.1,59,53,10.3,25.7,24.4,11.8,14.7,13.1,0.0,0.0
SUJ-4973,Retail/Comercio,Cali,Universitario,Holding,Soltero,25,7,14,5085,1.94,51.1,79,9.1,5.6,6.5,7.5,9.6,7.9,7.7,4.3,26,5.8,8.0,7.4,2,4,4.7,5.0,16,29.2,53,45,16.0,24.1,19.3,20.1,11.2,5.5,1.2,2.6
SUJ-4974,Inmuebles,Cali,Doctorado,Empresa propia,Casado,28,1,12,17847,2.13,31.5,89,8.1,8.3,9.6,10.0,9.8,7.7,8.92,7.0,10,7.8,8.3,9.2,1,1,6.3,0.0,19,25.3,37,57,25.1,24.4,13.7,19.8,8.4,4.2,2.1,2.3
SUJ-4975,Finanzas,Cali,Maestría,Empresa familiar,Soltero,29,6,14,1704,5.95,47.6,75,7.4,6.6,5.8,7.3,9.1,6.8,7.17,7.9,17,10.0,8.6,8.5,3,3,5.9,1.2,53,34.0,47,64,36.4,20.5,12.2,11.8,6.9,9.4,2.2,0.6
SUJ-4976,Retail/Comercio,Cali,Universitario,Empresa propia,Soltero,29,13,23,2715,2.63,23.6,84,8.7,7.2,10.0,5.3,9.4,9.4,8.33,9.0,38,5.5,6.5,8.5,2,2,6.5,2.0,99,23.2,41,65,6.9,19.0,27.5,15.8,14.1,9.0,5.3,2.4
SUJ-4977,Tecnología,CDMX,Técnico,Holding,Soltero,30,6,11,15337,2.46,40.8,67,5.7,3.1,6.8,4.2,9.2,6.9,5.98,5.3,9,5.6,6.9,6.0,2,1,6.1,4.2,95,28.7,68,40,15.2,12.2,19.0,19.5,16.8,10.2,5.7,1.4
SUJ-4978,Tecnología,Buenos Aires,Posgrado,Holding,Soltero,29,13,19,3315,11.73,52.9,78,7.1,8.2,9.1,4.8,9.3,6.0,7.42,9.1,28,5.5,7.2,10.0,5,2,5.3,2.1,10,31.5,41,69,31.0,8.2,20.2,8.6,17.3,7.2,3.9,3.6
SUJ-4979,Tecnología,São Paulo,Universitario,Empresa propia,Soltero,27,7,14,26248,26.56,63.7,67,8.6,6.3,9.5,6.1,7.6,6.3,7.4,7.7,35,5.9,9.1,9.8,3,2,5.7,7.0,114,50.2,53,57,21.7,18.9,15.3,12.4,14.5,11.4,3.6,2.2
SUJ-4980,Tecnología,Medellín,Posgrado,Empresa propia,Soltero,21,5,9,2505,13.95,52.0,50,8.7,5.1,5.8,3.1,7.3,5.8,5.97,5.2,20,3.5,7.8,8.0,1,2,5.4,4.0,12,36.2,54,59,39.2,18.1,7.0,15.8,11.9,3.4,4.5,0.1
SUJ-4981,Salud/Farma,Buenos Aires,Maestría,Startup escalada,Unión libre,31,7,14,4669,1.0,41.4,69,7.9,6.6,5.5,5.7,7.9,7.5,6.85,7.6,11,9.7,9.8,6.3,0,1,3.1,2.1,7,18.0,41,48,6.9,11.1,19.1,24.4,18.3,14.6,4.3,1.3
SUJ-4982,Finanzas,Buenos Aires,Posgrado,Franquicia,Casado,21,7,18,803,4.04,57.7,87,9.0,7.6,10.0,4.3,10.0,10.0,8.48,8.3,33,7.6,6.0,5.3,2,2,4.7,3.1,3,23.8,30,49,38.0,17.6,5.5,11.3,13.5,6.0,4.4,3.7
SUJ-4983,Manufactura,Medellín,Posgrado,Holding,Soltero,24,7,19,38804,20.64,37.4,54,8.5,6.9,5.5,7.0,7.6,6.6,7.02,8.8,32,8.6,8.7,6.6,1,1,4.3,2.1,29,40.9,50,61,23.7,17.7,12.9,17.6,12.4,10.6,4.1,1.0
SUJ-4984,Servicios,Cali,Posgrado,E-commerce,Unión libre,20,4,15,17668,2.69,24.7,94,8.1,9.2,7.2,6.8,10.0,9.3,8.43,7.2,22,7.8,8.4,6.7,2,2,7.0,2.3,17,30.9,42,61,35.6,16.4,4.3,17.2,12.4,5.2,7.5,1.4
SUJ-4985,Retail/Comercio,Buenos Aires,Doctorado,Holding,Soltero,20,2,9,13610,1.24,26.1,65,6.9,5.2,8.0,6.0,9.5,8.0,7.27,8.6,27,8.1,7.8,8.9,2,0,3.3,4.0,3,21.7,42,62,22.1,17.9,14.4,14.3,15.4,10.2,3.3,2.4
SUJ-4986,Tecnología,Caracas,Doctorado,Franquicia,Soltero,24,9,12,1369,14.83,36.3,80,9.3,10.0,8.7,5.6,10.0,8.9,8.75,6.4,16,7.0,7.0,9.5,0,0,4.8,4.9,7,32.4,25,50,20.8,20.6,17.1,12.4,9.6,13.6,4.4,1.5
SUJ-4987,Inmuebles,CDMX,Posgrado,Empresa propia,Casado,24,7,22,27883,109.64,45.5,93,8.6,8.7,9.0,6.0,10.0,5.5,7.97,8.2,16,9.0,7.4,5.8,2,2,5.9,0.1,118,51.1,42,47,24.7,33.3,5.4,10.5,14.1,7.2,1.3,3.5
SUJ-4988,Manufactura,Cali,Universitario,Empresa propia,Soltero,21,13,17,21177,2.53,28.4,97,7.5,10.0,7.9,8.9,10.0,8.5,8.8,7.6,22,6.3,8.6,6.8,1,3,6.5,0.7,6,21.6,36,57,35.9,10.6,21.1,15.4,9.4,3.9,1.9,1.8
SUJ-4989,Inmuebles,CDMX,Universitario,Startup escalada,Casado,26,7,18,4576,6.05,28.1,94,10.0,8.1,10.0,7.1,10.0,8.9,9.02,6.4,22,6.5,7.5,8.1,3,3,3.4,3.3,24,34.1,43,51,29.0,7.8,15.8,23.3,11.9,7.5,2.4,2.3
SUJ-4990,Inmuebles,Santiago,Universitario,Franquicia,Soltero,26,1,8,9156,1.0,15.8,62,7.7,5.7,7.9,3.7,6.6,4.6,6.03,6.8,9,4.8,6.9,7.4,2,2,7.0,3.1,12,22.8,49,60,21.4,16.8,22.2,11.4,12.2,12.5,3.1,0.4
SUJ-4991,Salud/Farma,São Paulo,Posgrado,Empresa propia,Soltero,22,8,10,39098,3.42,44.5,88,9.8,5.7,8.4,7.3,9.0,7.5,7.95,9.9,16,5.9,8.8,9.3,0,4,5.9,3.2,13,29.6,40,65,33.1,16.5,16.0,14.9,6.7,5.2,4.7,2.9
SUJ-4992,Manufactura,Buenos Aires,Posgrado,Empresa familiar,Soltero,39,7,8,4217,5.51,24.6,64,7.9,3.4,8.9,6.2,7.6,7.7,6.95,6.6,10,7.6,8.0,5.8,1,0,5.4,4.2,42,33.1,54,39,27.3,16.2,15.8,15.6,9.2,6.8,7.2,1.9
SUJ-4993,Finanzas,Caracas,Técnico,Startup escalada,Unión libre,27,5,16,959,19.43,74.5,60,6.9,5.4,7.7,4.8,7.8,5.8,6.4,8.3,30,5.4,10.0,9.3,3,1,4.5,4.0,104,46.1,65,55,39.7,6.9,15.3,15.9,11.8,7.6,0.8,2.0
SUJ-4994,Manufactura,São Paulo,Universitario,Empresa propia,Casado,26,9,13,16186,1.48,4.0,64,6.9,5.2,5.6,3.4,6.7,7.2,5.83,7.6,27,4.2,7.2,6.7,1,4,6.0,5.3,3,16.0,60,60,25.6,19.6,12.5,19.1,4.7,9.4,6.0,3.1
SUJ-4995,Tecnología,Barranquilla,Universitario,Empresa familiar,Casado,21,9,11,5177,1.18,56.8,89,9.0,8.0,7.8,8.7,10.0,9.0,8.75,7.9,26,8.6,9.2,10.0,2,2,4.8,4.8,21,28.9,28,65,42.4,12.7,14.5,2.0,11.3,10.6,3.5,3.0
SUJ-4996,Servicios,CDMX,Maestría,Holding,Casado,26,2,7,34723,2.56,4.0,66,8.3,4.9,7.2,6.5,6.0,8.1,6.83,9.4,0,6.3,8.0,8.9,1,1,5.4,3.0,4,19.2,33,62,39.7,16.8,10.8,10.3,7.1,11.3,1.2,2.8
SUJ-4997,Tecnología,Santiago,Posgrado,Empresa propia,Soltero,27,5,11,6403,8.95,42.1,62,7.1,6.5,6.2,4.0,7.0,6.1,6.15,9.0,10,6.2,8.9,8.9,1,2,5.3,3.5,28,36.3,43,71,23.7,23.6,18.2,11.5,10.9,9.5,2.2,0.4
SUJ-4998,Finanzas,Lima,Posgrado,Empresa propia,Casado,25,11,18,500,3.65,44.2,94,9.4,9.0,9.2,6.7,10.0,10.0,9.05,6.8,25,9.4,7.1,5.5,0,2,6.1,3.3,5,21.2,20,51,17.3,18.7,14.7,18.4,13.6,8.0,6.5,2.8
SUJ-4999,Inmuebles,Lima,Universitario,Holding,Soltero,34,3,10,5413,2.93,40.4,70,7.7,8.4,5.6,5.6,7.8,8.6,7.28,9.0,35,2.9,7.0,4.8,4,2,5.2,3.1,94,32.4,48,64,34.7,13.0,13.5,11.6,10.5,10.5,3.9,2.3
SUJ-5000,Manufactura,Santiago,Posgrado,Startup escalada,Soltero,17,6,9,10128,1.21,28.6,81,8.6,9.9,6.9,8.0,10.0,6.8,8.37,7.3,26,7.9,9.7,6.3,1,1,7.0,3.5,4,17.8,32,61,31.1,22.6,14.8,11.2,8.9,3.9,6.0,1.5
